"Timestamp","row_id","commodity","family","outcome","obs","kept","raw_file","reason"
"2026-06-12T01:50:44Z","CF-001","coffee arabica","worldbank","captured","797","","C:\Users\paspo\Documents\Skills\Food-Dashboard\commodity_dashboard\raw_archive\capture\20260612_015044\FAMILY_worldbank_CMO.xlsx",""
"2026-06-12T01:50:44Z","CF-002","coffee robusta","worldbank","captured","797","","C:\Users\paspo\Documents\Skills\Food-Dashboard\commodity_dashboard\raw_archive\capture\20260612_015044\FAMILY_worldbank_CMO.xlsx",""
"2026-06-12T01:50:44Z","CO-001","cocoa","worldbank","captured","797","","C:\Users\paspo\Documents\Skills\Food-Dashboard\commodity_dashboard\raw_archive\capture\20260612_015044\FAMILY_worldbank_CMO.xlsx",""
"2026-06-12T01:50:44Z","EN-001","natural gas TTF","worldbank","captured","797","","C:\Users\paspo\Documents\Skills\Food-Dashboard\commodity_dashboard\raw_archive\capture\20260612_015044\FAMILY_worldbank_CMO.xlsx",""
"2026-06-12T01:50:44Z","FE-001","urea","worldbank","captured","797","","C:\Users\paspo\Documents\Skills\Food-Dashboard\commodity_dashboard\raw_archive\capture\20260612_015044\FAMILY_worldbank_CMO.xlsx",""
"2026-06-12T01:50:44Z","FE-002","DAP","worldbank","captured","713","","C:\Users\paspo\Documents\Skills\Food-Dashboard\commodity_dashboard\raw_archive\capture\20260612_015044\FAMILY_worldbank_CMO.xlsx",""
"2026-06-12T01:50:44Z","FE-003","TSP","worldbank","captured","797","","C:\Users\paspo\Documents\Skills\Food-Dashboard\commodity_dashboard\raw_archive\capture\20260612_015044\FAMILY_worldbank_CMO.xlsx",""
"2026-06-12T01:50:44Z","FE-004","potash","worldbank","captured","797","","C:\Users\paspo\Documents\Skills\Food-Dashboard\commodity_dashboard\raw_archive\capture\20260612_015044\FAMILY_worldbank_CMO.xlsx",""
"2026-06-12T01:50:44Z","FE-005","phosphate rock","worldbank","captured","796","","C:\Users\paspo\Documents\Skills\Food-Dashboard\commodity_dashboard\raw_archive\capture\20260612_015044\FAMILY_worldbank_CMO.xlsx",""
"2026-06-12T01:50:44Z","MZ-001","maize","worldbank","captured","797","","C:\Users\paspo\Documents\Skills\Food-Dashboard\commodity_dashboard\raw_archive\capture\20260612_015044\FAMILY_worldbank_CMO.xlsx",""
"2026-06-12T01:50:44Z","PK-005","aluminium","worldbank","captured","797","","C:\Users\paspo\Documents\Skills\Food-Dashboard\commodity_dashboard\raw_archive\capture\20260612_015044\FAMILY_worldbank_CMO.xlsx",""
"2026-06-12T01:50:44Z","SG-001","raw sugar","worldbank","kept_prior","0","","C:\Users\paspo\Documents\Skills\Food-Dashboard\commodity_dashboard\raw_archive\capture\20260612_015044\FAMILY_worldbank_CMO.xlsx","non-castable value ""7.0000000000000007E-2"" at 1960M01"
"2026-06-12T01:50:44Z","SG-002","white sugar","worldbank","captured","797","","C:\Users\paspo\Documents\Skills\Food-Dashboard\commodity_dashboard\raw_archive\capture\20260612_015044\FAMILY_worldbank_CMO.xlsx",""
"2026-06-12T01:50:44Z","VO-001","soybean oil","worldbank","captured","797","","C:\Users\paspo\Documents\Skills\Food-Dashboard\commodity_dashboard\raw_archive\capture\20260612_015044\FAMILY_worldbank_CMO.xlsx",""
"2026-06-12T01:50:44Z","VO-002","palm oil","worldbank","captured","797","","C:\Users\paspo\Documents\Skills\Food-Dashboard\commodity_dashboard\raw_archive\capture\20260612_015044\FAMILY_worldbank_CMO.xlsx",""
"2026-06-12T01:50:44Z","VO-003","sunflower oil","worldbank","captured","287","","C:\Users\paspo\Documents\Skills\Food-Dashboard\commodity_dashboard\raw_archive\capture\20260612_015044\FAMILY_worldbank_CMO.xlsx",""
"2026-06-12T01:50:44Z","VO-004","rapeseed oil","worldbank","captured","292","","C:\Users\paspo\Documents\Skills\Food-Dashboard\commodity_dashboard\raw_archive\capture\20260612_015044\FAMILY_worldbank_CMO.xlsx",""
"2026-06-12T01:50:44Z","WH-001","wheat","worldbank","captured","797","","C:\Users\paspo\Documents\Skills\Food-Dashboard\commodity_dashboard\raw_archive\capture\20260612_015044\FAMILY_worldbank_CMO.xlsx",""
"2026-06-12T01:50:44Z","WH-002","wheat","worldbank","captured","562","","C:\Users\paspo\Documents\Skills\Food-Dashboard\commodity_dashboard\raw_archive\capture\20260612_015044\FAMILY_worldbank_CMO.xlsx",""
"2026-06-12T01:50:44Z","FE-006","fertilisers composite","eurostat","captured","136","","C:\Users\paspo\Documents\Skills\Food-Dashboard\commodity_dashboard\raw_archive\capture\20260612_015044\FE-006.json",""
"2026-06-12T01:50:44Z","FE-007","fertilisers composite","eurostat","captured","25","","C:\Users\paspo\Documents\Skills\Food-Dashboard\commodity_dashboard\raw_archive\capture\20260612_015044\FE-007.json",""
"2026-06-12T01:50:44Z","FE-009","agricultural lime","eurostat","captured","136","","C:\Users\paspo\Documents\Skills\Food-Dashboard\commodity_dashboard\raw_archive\capture\20260612_015044\FE-009.json",""
"2026-06-12T01:50:44Z","PK-002","pulp","eurostat","captured","136","","C:\Users\paspo\Documents\Skills\Food-Dashboard\commodity_dashboard\raw_archive\capture\20260612_015044\PK-002.json",""
"2026-06-12T01:50:44Z","PK-004","paper & containerboard","eurostat","captured","136","","C:\Users\paspo\Documents\Skills\Food-Dashboard\commodity_dashboard\raw_archive\capture\20260612_015044\PK-004.json",""
"2026-06-12T01:50:44Z","PK-007","glass","eurostat","captured","136","","C:\Users\paspo\Documents\Skills\Food-Dashboard\commodity_dashboard\raw_archive\capture\20260612_015044\PK-007.json",""
"2026-06-12T01:50:44Z","PK-009","PET/plastics","eurostat","captured","136","","C:\Users\paspo\Documents\Skills\Food-Dashboard\commodity_dashboard\raw_archive\capture\20260612_015044\PK-009.json",""
"2026-06-12T01:50:44Z","DY-001","butter","eu_agrifood","captured","335","","C:\Users\paspo\Documents\Skills\Food-Dashboard\commodity_dashboard\raw_archive\capture\20260612_015044\DY-001.json",""
"2026-06-12T01:50:44Z","DY-002","SMP","eu_agrifood","captured","335","","C:\Users\paspo\Documents\Skills\Food-Dashboard\commodity_dashboard\raw_archive\capture\20260612_015044\DY-002.json",""
"2026-06-12T01:50:44Z","EG-001","eggs","eu_agrifood","captured","231","","C:\Users\paspo\Documents\Skills\Food-Dashboard\commodity_dashboard\raw_archive\capture\20260612_015044\EG-001.json",""
"2026-06-12T01:50:44Z","FE-008","fertilisers composite","eu_agrifood","captured","89","","C:\Users\paspo\Documents\Skills\Food-Dashboard\commodity_dashboard\raw_archive\capture\20260612_015044\FE-008.json",""
"2026-06-12T01:50:44Z","FE-010","fertilisers composite","eu_agrifood","captured","89","","C:\Users\paspo\Documents\Skills\Food-Dashboard\commodity_dashboard\raw_archive\capture\20260612_015044\FE-010.json",""
"2026-06-12T01:50:44Z","FE-011","fertilisers composite","eu_agrifood","captured","89","","C:\Users\paspo\Documents\Skills\Food-Dashboard\commodity_dashboard\raw_archive\capture\20260612_015044\FE-011.json",""
"2026-06-12T01:50:44Z","MZ-002","maize","eu_agrifood","captured","314","","C:\Users\paspo\Documents\Skills\Food-Dashboard\commodity_dashboard\raw_archive\capture\20260612_015044\MZ-002.json",""
"2026-06-12T01:50:44Z","SG-003","white sugar","eu_agrifood","kept_prior","0","","C:\Users\paspo\Documents\Skills\Food-Dashboard\commodity_dashboard\raw_archive\capture\20260612_015044\SG-003.json","ambiguous pin: two values on 2025-12"
"2026-06-12T01:50:44Z","VO-005","rapeseed oil","eu_agrifood","captured","237","","C:\Users\paspo\Documents\Skills\Food-Dashboard\commodity_dashboard\raw_archive\capture\20260612_015044\VO-005.json",""
"2026-06-12T01:50:44Z","WH-003","wheat","eu_agrifood","captured","325","","C:\Users\paspo\Documents\Skills\Food-Dashboard\commodity_dashboard\raw_archive\capture\20260612_015044\WH-003.json",""
"2026-06-12T01:50:44Z","IX-001","food composite","fao","captured","437","","C:\Users\paspo\Documents\Skills\Food-Dashboard\commodity_dashboard\raw_archive\capture\20260612_015044\FAMILY_fao_fpi.csv",""
"2026-06-12T01:50:44Z","IX-002","cereals composite","fao","captured","437","","C:\Users\paspo\Documents\Skills\Food-Dashboard\commodity_dashboard\raw_archive\capture\20260612_015044\FAMILY_fao_fpi.csv",""
"2026-06-12T01:50:44Z","IX-003","vegetable oils composite","fao","captured","437","","C:\Users\paspo\Documents\Skills\Food-Dashboard\commodity_dashboard\raw_archive\capture\20260612_015044\FAMILY_fao_fpi.csv",""
"2026-06-12T01:50:44Z","IX-004","dairy composite","fao","captured","437","","C:\Users\paspo\Documents\Skills\Food-Dashboard\commodity_dashboard\raw_archive\capture\20260612_015044\FAMILY_fao_fpi.csv",""
"2026-06-12T01:50:44Z","IX-005","sugar composite","fao","captured","437","","C:\Users\paspo\Documents\Skills\Food-Dashboard\commodity_dashboard\raw_archive\capture\20260612_015044\FAMILY_fao_fpi.csv",""
"2026-06-12T01:50:44Z","EG-002","eggs","fred","not_captured","0","","","probe_status=pending (not proven; e.g. awaiting key)"
"2026-06-12T01:50:44Z","PK-001","pulp","fred","not_captured","0","","","probe_status=pending (not proven; e.g. awaiting key)"
"2026-06-12T01:50:44Z","PK-003","containerboard","fred","not_captured","0","","","probe_status=pending (not proven; e.g. awaiting key)"
"2026-06-12T01:50:44Z","PK-006","glass","fred","not_captured","0","","","probe_status=pending (not proven; e.g. awaiting key)"
"2026-06-12T01:50:44Z","PK-008","PET/plastics","fred","not_captured","0","","","probe_status=pending (not proven; e.g. awaiting key)"
"2026-06-12T01:50:44Z","FC-001","wheat","usda","not_captured","0","","","probe_status=pending (not proven; e.g. awaiting key)"
"2026-06-12T01:50:44Z","FC-002","maize","usda","not_captured","0","","","probe_status=pending (not proven; e.g. awaiting key)"
"2026-06-12T01:50:44Z","FC-003","raw sugar","usda","not_captured","0","","","probe_status=pending (not proven; e.g. awaiting key)"
"2026-06-12T01:50:44Z","CO-002","cocoa","icco","not_captured","0","","","on watchlist (gaps file)"
"2026-06-12T01:50:44Z","CF-003","coffee arabica","ico","not_captured","0","","","on watchlist (gaps file)"
"2026-06-12T01:50:44Z","VO-006","palm oil","mpob","not_captured","0","","","on watchlist (gaps file)"
"2026-06-12T01:50:44Z","CF-004","coffee arabica","licensed_upload","not_captured","0","","","licensed lane: fed by ingest_licensed_uploads.ps1 only"
"2026-06-12T01:50:44Z","CF-005","coffee robusta","licensed_upload","not_captured","0","","","licensed lane: fed by ingest_licensed_uploads.ps1 only"
"2026-06-12T01:50:44Z","CO-003","cocoa","licensed_upload","not_captured","0","","","licensed lane: fed by ingest_licensed_uploads.ps1 only"
"2026-06-12T01:50:44Z","CO-004","cocoa","licensed_upload","not_captured","0","","","licensed lane: fed by ingest_licensed_uploads.ps1 only"
"2026-06-12T01:50:44Z","EN-002","natural gas TTF","licensed_upload","not_captured","0","","","licensed lane: fed by ingest_licensed_uploads.ps1 only"
"2026-06-12T01:50:44Z","MZ-003","maize","licensed_upload","not_captured","0","","","licensed lane: fed by ingest_licensed_uploads.ps1 only"
"2026-06-12T01:50:44Z","MZ-004","maize","licensed_upload","not_captured","0","","","licensed lane: fed by ingest_licensed_uploads.ps1 only"
"2026-06-12T01:50:44Z","SG-004","white sugar","licensed_upload","not_captured","0","","","licensed lane: fed by ingest_licensed_uploads.ps1 only"
"2026-06-12T01:50:44Z","SG-005","raw sugar","licensed_upload","not_captured","0","","","licensed lane: fed by ingest_licensed_uploads.ps1 only"
"2026-06-12T01:50:44Z","WH-004","wheat","licensed_upload","not_captured","0","","","licensed lane: fed by ingest_licensed_uploads.ps1 only"
"2026-06-12T01:50:44Z","WH-005","wheat","licensed_upload","not_captured","0","","","licensed lane: fed by ingest_licensed_uploads.ps1 only"
"2026-06-12T01:52:49Z","CF-001","coffee arabica","worldbank","captured","797","","C:\Users\paspo\Documents\Skills\Food-Dashboard\commodity_dashboard\raw_archive\capture\20260612_015249\FAMILY_worldbank_CMO.xlsx",""
"2026-06-12T01:52:49Z","CF-002","coffee robusta","worldbank","captured","797","","C:\Users\paspo\Documents\Skills\Food-Dashboard\commodity_dashboard\raw_archive\capture\20260612_015249\FAMILY_worldbank_CMO.xlsx",""
"2026-06-12T01:52:49Z","CO-001","cocoa","worldbank","captured","797","","C:\Users\paspo\Documents\Skills\Food-Dashboard\commodity_dashboard\raw_archive\capture\20260612_015249\FAMILY_worldbank_CMO.xlsx",""
"2026-06-12T01:52:49Z","EN-001","natural gas TTF","worldbank","captured","797","","C:\Users\paspo\Documents\Skills\Food-Dashboard\commodity_dashboard\raw_archive\capture\20260612_015249\FAMILY_worldbank_CMO.xlsx",""
"2026-06-12T01:52:49Z","FE-001","urea","worldbank","captured","797","","C:\Users\paspo\Documents\Skills\Food-Dashboard\commodity_dashboard\raw_archive\capture\20260612_015249\FAMILY_worldbank_CMO.xlsx",""
"2026-06-12T01:52:49Z","FE-002","DAP","worldbank","captured","713","","C:\Users\paspo\Documents\Skills\Food-Dashboard\commodity_dashboard\raw_archive\capture\20260612_015249\FAMILY_worldbank_CMO.xlsx",""
"2026-06-12T01:52:49Z","FE-003","TSP","worldbank","captured","797","","C:\Users\paspo\Documents\Skills\Food-Dashboard\commodity_dashboard\raw_archive\capture\20260612_015249\FAMILY_worldbank_CMO.xlsx",""
"2026-06-12T01:52:49Z","FE-004","potash","worldbank","captured","797","","C:\Users\paspo\Documents\Skills\Food-Dashboard\commodity_dashboard\raw_archive\capture\20260612_015249\FAMILY_worldbank_CMO.xlsx",""
"2026-06-12T01:52:49Z","FE-005","phosphate rock","worldbank","captured","796","","C:\Users\paspo\Documents\Skills\Food-Dashboard\commodity_dashboard\raw_archive\capture\20260612_015249\FAMILY_worldbank_CMO.xlsx",""
"2026-06-12T01:52:49Z","MZ-001","maize","worldbank","captured","797","","C:\Users\paspo\Documents\Skills\Food-Dashboard\commodity_dashboard\raw_archive\capture\20260612_015249\FAMILY_worldbank_CMO.xlsx",""
"2026-06-12T01:52:49Z","PK-005","aluminium","worldbank","captured","797","","C:\Users\paspo\Documents\Skills\Food-Dashboard\commodity_dashboard\raw_archive\capture\20260612_015249\FAMILY_worldbank_CMO.xlsx",""
"2026-06-12T01:52:49Z","SG-001","raw sugar","worldbank","captured","797","","C:\Users\paspo\Documents\Skills\Food-Dashboard\commodity_dashboard\raw_archive\capture\20260612_015249\FAMILY_worldbank_CMO.xlsx",""
"2026-06-12T01:52:49Z","SG-002","white sugar","worldbank","captured","797","","C:\Users\paspo\Documents\Skills\Food-Dashboard\commodity_dashboard\raw_archive\capture\20260612_015249\FAMILY_worldbank_CMO.xlsx",""
"2026-06-12T01:52:49Z","VO-001","soybean oil","worldbank","captured","797","","C:\Users\paspo\Documents\Skills\Food-Dashboard\commodity_dashboard\raw_archive\capture\20260612_015249\FAMILY_worldbank_CMO.xlsx",""
"2026-06-12T01:52:49Z","VO-002","palm oil","worldbank","captured","797","","C:\Users\paspo\Documents\Skills\Food-Dashboard\commodity_dashboard\raw_archive\capture\20260612_015249\FAMILY_worldbank_CMO.xlsx",""
"2026-06-12T01:52:49Z","VO-003","sunflower oil","worldbank","captured","287","","C:\Users\paspo\Documents\Skills\Food-Dashboard\commodity_dashboard\raw_archive\capture\20260612_015249\FAMILY_worldbank_CMO.xlsx",""
"2026-06-12T01:52:49Z","VO-004","rapeseed oil","worldbank","captured","292","","C:\Users\paspo\Documents\Skills\Food-Dashboard\commodity_dashboard\raw_archive\capture\20260612_015249\FAMILY_worldbank_CMO.xlsx",""
"2026-06-12T01:52:49Z","WH-001","wheat","worldbank","captured","797","","C:\Users\paspo\Documents\Skills\Food-Dashboard\commodity_dashboard\raw_archive\capture\20260612_015249\FAMILY_worldbank_CMO.xlsx",""
"2026-06-12T01:52:49Z","WH-002","wheat","worldbank","captured","562","","C:\Users\paspo\Documents\Skills\Food-Dashboard\commodity_dashboard\raw_archive\capture\20260612_015249\FAMILY_worldbank_CMO.xlsx",""
"2026-06-12T01:52:49Z","FE-006","fertilisers composite","eurostat","captured","136","","C:\Users\paspo\Documents\Skills\Food-Dashboard\commodity_dashboard\raw_archive\capture\20260612_015249\FE-006.json",""
"2026-06-12T01:52:49Z","FE-007","fertilisers composite","eurostat","captured","25","","C:\Users\paspo\Documents\Skills\Food-Dashboard\commodity_dashboard\raw_archive\capture\20260612_015249\FE-007.json",""
"2026-06-12T01:52:49Z","FE-009","agricultural lime","eurostat","captured","136","","C:\Users\paspo\Documents\Skills\Food-Dashboard\commodity_dashboard\raw_archive\capture\20260612_015249\FE-009.json",""
"2026-06-12T01:52:49Z","PK-002","pulp","eurostat","captured","136","","C:\Users\paspo\Documents\Skills\Food-Dashboard\commodity_dashboard\raw_archive\capture\20260612_015249\PK-002.json",""
"2026-06-12T01:52:49Z","PK-004","paper & containerboard","eurostat","captured","136","","C:\Users\paspo\Documents\Skills\Food-Dashboard\commodity_dashboard\raw_archive\capture\20260612_015249\PK-004.json",""
"2026-06-12T01:52:49Z","PK-007","glass","eurostat","captured","136","","C:\Users\paspo\Documents\Skills\Food-Dashboard\commodity_dashboard\raw_archive\capture\20260612_015249\PK-007.json",""
"2026-06-12T01:52:49Z","PK-009","PET/plastics","eurostat","captured","136","","C:\Users\paspo\Documents\Skills\Food-Dashboard\commodity_dashboard\raw_archive\capture\20260612_015249\PK-009.json",""
"2026-06-12T01:52:49Z","DY-001","butter","eu_agrifood","captured","335","","C:\Users\paspo\Documents\Skills\Food-Dashboard\commodity_dashboard\raw_archive\capture\20260612_015249\DY-001.json",""
"2026-06-12T01:52:49Z","DY-002","SMP","eu_agrifood","captured","335","","C:\Users\paspo\Documents\Skills\Food-Dashboard\commodity_dashboard\raw_archive\capture\20260612_015249\DY-002.json",""
"2026-06-12T01:52:49Z","EG-001","eggs","eu_agrifood","captured","231","","C:\Users\paspo\Documents\Skills\Food-Dashboard\commodity_dashboard\raw_archive\capture\20260612_015249\EG-001.json",""
"2026-06-12T01:52:49Z","FE-008","fertilisers composite","eu_agrifood","captured","89","","C:\Users\paspo\Documents\Skills\Food-Dashboard\commodity_dashboard\raw_archive\capture\20260612_015249\FE-008.json",""
"2026-06-12T01:52:49Z","FE-010","fertilisers composite","eu_agrifood","captured","89","","C:\Users\paspo\Documents\Skills\Food-Dashboard\commodity_dashboard\raw_archive\capture\20260612_015249\FE-010.json",""
"2026-06-12T01:52:49Z","FE-011","fertilisers composite","eu_agrifood","captured","89","","C:\Users\paspo\Documents\Skills\Food-Dashboard\commodity_dashboard\raw_archive\capture\20260612_015249\FE-011.json",""
"2026-06-12T01:52:49Z","MZ-002","maize","eu_agrifood","captured","314","","C:\Users\paspo\Documents\Skills\Food-Dashboard\commodity_dashboard\raw_archive\capture\20260612_015249\MZ-002.json",""
"2026-06-12T01:52:49Z","SG-003","white sugar","eu_agrifood","captured","237","","C:\Users\paspo\Documents\Skills\Food-Dashboard\commodity_dashboard\raw_archive\capture\20260612_015249\SG-003.json",""
"2026-06-12T01:52:49Z","VO-005","rapeseed oil","eu_agrifood","captured","237","","C:\Users\paspo\Documents\Skills\Food-Dashboard\commodity_dashboard\raw_archive\capture\20260612_015249\VO-005.json",""
"2026-06-12T01:52:49Z","WH-003","wheat","eu_agrifood","captured","325","","C:\Users\paspo\Documents\Skills\Food-Dashboard\commodity_dashboard\raw_archive\capture\20260612_015249\WH-003.json",""
"2026-06-12T01:52:49Z","IX-001","food composite","fao","captured","437","","C:\Users\paspo\Documents\Skills\Food-Dashboard\commodity_dashboard\raw_archive\capture\20260612_015249\FAMILY_fao_fpi.csv",""
"2026-06-12T01:52:49Z","IX-002","cereals composite","fao","captured","437","","C:\Users\paspo\Documents\Skills\Food-Dashboard\commodity_dashboard\raw_archive\capture\20260612_015249\FAMILY_fao_fpi.csv",""
"2026-06-12T01:52:49Z","IX-003","vegetable oils composite","fao","captured","437","","C:\Users\paspo\Documents\Skills\Food-Dashboard\commodity_dashboard\raw_archive\capture\20260612_015249\FAMILY_fao_fpi.csv",""
"2026-06-12T01:52:49Z","IX-004","dairy composite","fao","captured","437","","C:\Users\paspo\Documents\Skills\Food-Dashboard\commodity_dashboard\raw_archive\capture\20260612_015249\FAMILY_fao_fpi.csv",""
"2026-06-12T01:52:49Z","IX-005","sugar composite","fao","captured","437","","C:\Users\paspo\Documents\Skills\Food-Dashboard\commodity_dashboard\raw_archive\capture\20260612_015249\FAMILY_fao_fpi.csv",""
"2026-06-12T01:52:49Z","EG-002","eggs","fred","not_captured","0","","","probe_status=pending (not proven; e.g. awaiting key)"
"2026-06-12T01:52:49Z","PK-001","pulp","fred","not_captured","0","","","probe_status=pending (not proven; e.g. awaiting key)"
"2026-06-12T01:52:49Z","PK-003","containerboard","fred","not_captured","0","","","probe_status=pending (not proven; e.g. awaiting key)"
"2026-06-12T01:52:49Z","PK-006","glass","fred","not_captured","0","","","probe_status=pending (not proven; e.g. awaiting key)"
"2026-06-12T01:52:49Z","PK-008","PET/plastics","fred","not_captured","0","","","probe_status=pending (not proven; e.g. awaiting key)"
"2026-06-12T01:52:49Z","FC-001","wheat","usda","not_captured","0","","","probe_status=pending (not proven; e.g. awaiting key)"
"2026-06-12T01:52:49Z","FC-002","maize","usda","not_captured","0","","","probe_status=pending (not proven; e.g. awaiting key)"
"2026-06-12T01:52:49Z","FC-003","raw sugar","usda","not_captured","0","","","probe_status=pending (not proven; e.g. awaiting key)"
"2026-06-12T01:52:49Z","CO-002","cocoa","icco","not_captured","0","","","on watchlist (gaps file)"
"2026-06-12T01:52:49Z","CF-003","coffee arabica","ico","not_captured","0","","","on watchlist (gaps file)"
"2026-06-12T01:52:49Z","VO-006","palm oil","mpob","not_captured","0","","","on watchlist (gaps file)"
"2026-06-12T01:52:49Z","CF-004","coffee arabica","licensed_upload","not_captured","0","","","licensed lane: fed by ingest_licensed_uploads.ps1 only"
"2026-06-12T01:52:49Z","CF-005","coffee robusta","licensed_upload","not_captured","0","","","licensed lane: fed by ingest_licensed_uploads.ps1 only"
"2026-06-12T01:52:49Z","CO-003","cocoa","licensed_upload","not_captured","0","","","licensed lane: fed by ingest_licensed_uploads.ps1 only"
"2026-06-12T01:52:49Z","CO-004","cocoa","licensed_upload","not_captured","0","","","licensed lane: fed by ingest_licensed_uploads.ps1 only"
"2026-06-12T01:52:49Z","EN-002","natural gas TTF","licensed_upload","not_captured","0","","","licensed lane: fed by ingest_licensed_uploads.ps1 only"
"2026-06-12T01:52:49Z","MZ-003","maize","licensed_upload","not_captured","0","","","licensed lane: fed by ingest_licensed_uploads.ps1 only"
"2026-06-12T01:52:49Z","MZ-004","maize","licensed_upload","not_captured","0","","","licensed lane: fed by ingest_licensed_uploads.ps1 only"
"2026-06-12T01:52:49Z","SG-004","white sugar","licensed_upload","not_captured","0","","","licensed lane: fed by ingest_licensed_uploads.ps1 only"
"2026-06-12T01:52:49Z","SG-005","raw sugar","licensed_upload","not_captured","0","","","licensed lane: fed by ingest_licensed_uploads.ps1 only"
"2026-06-12T01:52:49Z","WH-004","wheat","licensed_upload","not_captured","0","","","licensed lane: fed by ingest_licensed_uploads.ps1 only"
"2026-06-12T01:52:49Z","WH-005","wheat","licensed_upload","not_captured","0","","","licensed lane: fed by ingest_licensed_uploads.ps1 only"
"2026-06-12T01:54:20Z","CF-001","coffee arabica","worldbank","captured","797","","C:\Users\paspo\Documents\Skills\Food-Dashboard\commodity_dashboard\raw_archive\capture\20260612_015420\FAMILY_worldbank_CMO.xlsx",""
"2026-06-12T01:54:20Z","CF-002","coffee robusta","worldbank","captured","797","","C:\Users\paspo\Documents\Skills\Food-Dashboard\commodity_dashboard\raw_archive\capture\20260612_015420\FAMILY_worldbank_CMO.xlsx",""
"2026-06-12T01:54:20Z","CO-001","cocoa","worldbank","captured","797","","C:\Users\paspo\Documents\Skills\Food-Dashboard\commodity_dashboard\raw_archive\capture\20260612_015420\FAMILY_worldbank_CMO.xlsx",""
"2026-06-12T01:54:20Z","EN-001","natural gas TTF","worldbank","captured","797","","C:\Users\paspo\Documents\Skills\Food-Dashboard\commodity_dashboard\raw_archive\capture\20260612_015420\FAMILY_worldbank_CMO.xlsx",""
"2026-06-12T01:54:20Z","FE-001","urea","worldbank","captured","797","","C:\Users\paspo\Documents\Skills\Food-Dashboard\commodity_dashboard\raw_archive\capture\20260612_015420\FAMILY_worldbank_CMO.xlsx",""
"2026-06-12T01:54:20Z","FE-002","DAP","worldbank","captured","713","","C:\Users\paspo\Documents\Skills\Food-Dashboard\commodity_dashboard\raw_archive\capture\20260612_015420\FAMILY_worldbank_CMO.xlsx",""
"2026-06-12T01:54:20Z","FE-003","TSP","worldbank","captured","797","","C:\Users\paspo\Documents\Skills\Food-Dashboard\commodity_dashboard\raw_archive\capture\20260612_015420\FAMILY_worldbank_CMO.xlsx",""
"2026-06-12T01:54:20Z","FE-004","potash","worldbank","captured","797","","C:\Users\paspo\Documents\Skills\Food-Dashboard\commodity_dashboard\raw_archive\capture\20260612_015420\FAMILY_worldbank_CMO.xlsx",""
"2026-06-12T01:54:20Z","FE-005","phosphate rock","worldbank","captured","796","","C:\Users\paspo\Documents\Skills\Food-Dashboard\commodity_dashboard\raw_archive\capture\20260612_015420\FAMILY_worldbank_CMO.xlsx",""
"2026-06-12T01:54:20Z","MZ-001","maize","worldbank","captured","797","","C:\Users\paspo\Documents\Skills\Food-Dashboard\commodity_dashboard\raw_archive\capture\20260612_015420\FAMILY_worldbank_CMO.xlsx",""
"2026-06-12T01:54:20Z","PK-005","aluminium","worldbank","captured","797","","C:\Users\paspo\Documents\Skills\Food-Dashboard\commodity_dashboard\raw_archive\capture\20260612_015420\FAMILY_worldbank_CMO.xlsx",""
"2026-06-12T01:54:20Z","SG-001","raw sugar","worldbank","captured","797","","C:\Users\paspo\Documents\Skills\Food-Dashboard\commodity_dashboard\raw_archive\capture\20260612_015420\FAMILY_worldbank_CMO.xlsx",""
"2026-06-12T01:54:20Z","SG-002","white sugar","worldbank","captured","797","","C:\Users\paspo\Documents\Skills\Food-Dashboard\commodity_dashboard\raw_archive\capture\20260612_015420\FAMILY_worldbank_CMO.xlsx",""
"2026-06-12T01:54:20Z","VO-001","soybean oil","worldbank","captured","797","","C:\Users\paspo\Documents\Skills\Food-Dashboard\commodity_dashboard\raw_archive\capture\20260612_015420\FAMILY_worldbank_CMO.xlsx",""
"2026-06-12T01:54:20Z","VO-002","palm oil","worldbank","captured","797","","C:\Users\paspo\Documents\Skills\Food-Dashboard\commodity_dashboard\raw_archive\capture\20260612_015420\FAMILY_worldbank_CMO.xlsx",""
"2026-06-12T01:54:20Z","VO-003","sunflower oil","worldbank","captured","287","","C:\Users\paspo\Documents\Skills\Food-Dashboard\commodity_dashboard\raw_archive\capture\20260612_015420\FAMILY_worldbank_CMO.xlsx",""
"2026-06-12T01:54:20Z","VO-004","rapeseed oil","worldbank","captured","292","","C:\Users\paspo\Documents\Skills\Food-Dashboard\commodity_dashboard\raw_archive\capture\20260612_015420\FAMILY_worldbank_CMO.xlsx",""
"2026-06-12T01:54:20Z","WH-001","wheat","worldbank","captured","797","","C:\Users\paspo\Documents\Skills\Food-Dashboard\commodity_dashboard\raw_archive\capture\20260612_015420\FAMILY_worldbank_CMO.xlsx",""
"2026-06-12T01:54:20Z","WH-002","wheat","worldbank","captured","562","","C:\Users\paspo\Documents\Skills\Food-Dashboard\commodity_dashboard\raw_archive\capture\20260612_015420\FAMILY_worldbank_CMO.xlsx",""
"2026-06-12T01:54:20Z","FE-006","fertilisers composite","eurostat","captured","136","","C:\Users\paspo\Documents\Skills\Food-Dashboard\commodity_dashboard\raw_archive\capture\20260612_015420\FE-006.json",""
"2026-06-12T01:54:20Z","FE-007","fertilisers composite","eurostat","captured","25","","C:\Users\paspo\Documents\Skills\Food-Dashboard\commodity_dashboard\raw_archive\capture\20260612_015420\FE-007.json",""
"2026-06-12T01:54:20Z","FE-009","agricultural lime","eurostat","captured","136","","C:\Users\paspo\Documents\Skills\Food-Dashboard\commodity_dashboard\raw_archive\capture\20260612_015420\FE-009.json",""
"2026-06-12T01:54:20Z","PK-002","pulp","eurostat","captured","136","","C:\Users\paspo\Documents\Skills\Food-Dashboard\commodity_dashboard\raw_archive\capture\20260612_015420\PK-002.json",""
"2026-06-12T01:54:20Z","PK-004","paper & containerboard","eurostat","captured","136","","C:\Users\paspo\Documents\Skills\Food-Dashboard\commodity_dashboard\raw_archive\capture\20260612_015420\PK-004.json",""
"2026-06-12T01:54:20Z","PK-007","glass","eurostat","captured","136","","C:\Users\paspo\Documents\Skills\Food-Dashboard\commodity_dashboard\raw_archive\capture\20260612_015420\PK-007.json",""
"2026-06-12T01:54:20Z","PK-009","PET/plastics","eurostat","captured","136","","C:\Users\paspo\Documents\Skills\Food-Dashboard\commodity_dashboard\raw_archive\capture\20260612_015420\PK-009.json",""
"2026-06-12T01:54:20Z","DY-001","butter","eu_agrifood","captured","335","","C:\Users\paspo\Documents\Skills\Food-Dashboard\commodity_dashboard\raw_archive\capture\20260612_015420\DY-001.json",""
"2026-06-12T01:54:20Z","DY-002","SMP","eu_agrifood","captured","335","","C:\Users\paspo\Documents\Skills\Food-Dashboard\commodity_dashboard\raw_archive\capture\20260612_015420\DY-002.json",""
"2026-06-12T01:54:20Z","EG-001","eggs","eu_agrifood","captured","231","","C:\Users\paspo\Documents\Skills\Food-Dashboard\commodity_dashboard\raw_archive\capture\20260612_015420\EG-001.json",""
"2026-06-12T01:54:20Z","FE-008","fertilisers composite","eu_agrifood","captured","89","","C:\Users\paspo\Documents\Skills\Food-Dashboard\commodity_dashboard\raw_archive\capture\20260612_015420\FE-008.json",""
"2026-06-12T01:54:20Z","FE-010","fertilisers composite","eu_agrifood","captured","89","","C:\Users\paspo\Documents\Skills\Food-Dashboard\commodity_dashboard\raw_archive\capture\20260612_015420\FE-010.json",""
"2026-06-12T01:54:20Z","FE-011","fertilisers composite","eu_agrifood","captured","89","","C:\Users\paspo\Documents\Skills\Food-Dashboard\commodity_dashboard\raw_archive\capture\20260612_015420\FE-011.json",""
"2026-06-12T01:54:20Z","MZ-002","maize","eu_agrifood","captured","314","","C:\Users\paspo\Documents\Skills\Food-Dashboard\commodity_dashboard\raw_archive\capture\20260612_015420\MZ-002.json",""
"2026-06-12T01:54:20Z","SG-003","white sugar","eu_agrifood","captured","237","","C:\Users\paspo\Documents\Skills\Food-Dashboard\commodity_dashboard\raw_archive\capture\20260612_015420\SG-003.json",""
"2026-06-12T01:54:20Z","VO-005","rapeseed oil","eu_agrifood","captured","237","","C:\Users\paspo\Documents\Skills\Food-Dashboard\commodity_dashboard\raw_archive\capture\20260612_015420\VO-005.json",""
"2026-06-12T01:54:20Z","WH-003","wheat","eu_agrifood","captured","325","","C:\Users\paspo\Documents\Skills\Food-Dashboard\commodity_dashboard\raw_archive\capture\20260612_015420\WH-003.json",""
"2026-06-12T01:54:20Z","IX-001","food composite","fao","captured","437","","C:\Users\paspo\Documents\Skills\Food-Dashboard\commodity_dashboard\raw_archive\capture\20260612_015420\FAMILY_fao_fpi.csv",""
"2026-06-12T01:54:20Z","IX-002","cereals composite","fao","captured","437","","C:\Users\paspo\Documents\Skills\Food-Dashboard\commodity_dashboard\raw_archive\capture\20260612_015420\FAMILY_fao_fpi.csv",""
"2026-06-12T01:54:20Z","IX-003","vegetable oils composite","fao","captured","437","","C:\Users\paspo\Documents\Skills\Food-Dashboard\commodity_dashboard\raw_archive\capture\20260612_015420\FAMILY_fao_fpi.csv",""
"2026-06-12T01:54:20Z","IX-004","dairy composite","fao","captured","437","","C:\Users\paspo\Documents\Skills\Food-Dashboard\commodity_dashboard\raw_archive\capture\20260612_015420\FAMILY_fao_fpi.csv",""
"2026-06-12T01:54:20Z","IX-005","sugar composite","fao","captured","437","","C:\Users\paspo\Documents\Skills\Food-Dashboard\commodity_dashboard\raw_archive\capture\20260612_015420\FAMILY_fao_fpi.csv",""
"2026-06-12T01:54:20Z","EG-002","eggs","fred","not_captured","0","","","probe_status=pending (not proven; e.g. awaiting key)"
"2026-06-12T01:54:20Z","PK-001","pulp","fred","not_captured","0","","","probe_status=pending (not proven; e.g. awaiting key)"
"2026-06-12T01:54:20Z","PK-003","containerboard","fred","not_captured","0","","","probe_status=pending (not proven; e.g. awaiting key)"
"2026-06-12T01:54:20Z","PK-006","glass","fred","not_captured","0","","","probe_status=pending (not proven; e.g. awaiting key)"
"2026-06-12T01:54:20Z","PK-008","PET/plastics","fred","not_captured","0","","","probe_status=pending (not proven; e.g. awaiting key)"
"2026-06-12T01:54:20Z","FC-001","wheat","usda","not_captured","0","","","probe_status=pending (not proven; e.g. awaiting key)"
"2026-06-12T01:54:20Z","FC-002","maize","usda","not_captured","0","","","probe_status=pending (not proven; e.g. awaiting key)"
"2026-06-12T01:54:20Z","FC-003","raw sugar","usda","not_captured","0","","","probe_status=pending (not proven; e.g. awaiting key)"
"2026-06-12T01:54:20Z","CO-002","cocoa","icco","not_captured","0","","","on watchlist (gaps file)"
"2026-06-12T01:54:20Z","CF-003","coffee arabica","ico","not_captured","0","","","on watchlist (gaps file)"
"2026-06-12T01:54:20Z","VO-006","palm oil","mpob","not_captured","0","","","on watchlist (gaps file)"
"2026-06-12T01:54:20Z","CF-004","coffee arabica","licensed_upload","not_captured","0","","","licensed lane: fed by ingest_licensed_uploads.ps1 only"
"2026-06-12T01:54:20Z","CF-005","coffee robusta","licensed_upload","not_captured","0","","","licensed lane: fed by ingest_licensed_uploads.ps1 only"
"2026-06-12T01:54:20Z","CO-003","cocoa","licensed_upload","not_captured","0","","","licensed lane: fed by ingest_licensed_uploads.ps1 only"
"2026-06-12T01:54:20Z","CO-004","cocoa","licensed_upload","not_captured","0","","","licensed lane: fed by ingest_licensed_uploads.ps1 only"
"2026-06-12T01:54:20Z","EN-002","natural gas TTF","licensed_upload","not_captured","0","","","licensed lane: fed by ingest_licensed_uploads.ps1 only"
"2026-06-12T01:54:20Z","MZ-003","maize","licensed_upload","not_captured","0","","","licensed lane: fed by ingest_licensed_uploads.ps1 only"
"2026-06-12T01:54:20Z","MZ-004","maize","licensed_upload","not_captured","0","","","licensed lane: fed by ingest_licensed_uploads.ps1 only"
"2026-06-12T01:54:20Z","SG-004","white sugar","licensed_upload","not_captured","0","","","licensed lane: fed by ingest_licensed_uploads.ps1 only"
"2026-06-12T01:54:20Z","SG-005","raw sugar","licensed_upload","not_captured","0","","","licensed lane: fed by ingest_licensed_uploads.ps1 only"
"2026-06-12T01:54:20Z","WH-004","wheat","licensed_upload","not_captured","0","","","licensed lane: fed by ingest_licensed_uploads.ps1 only"
"2026-06-12T01:54:20Z","WH-005","wheat","licensed_upload","not_captured","0","","","licensed lane: fed by ingest_licensed_uploads.ps1 only"
"2026-06-12T02:07:27Z","CF-001","coffee arabica","worldbank","captured","797","","C:\Users\paspo\Documents\Skills\Food-Dashboard\commodity_dashboard\raw_archive\capture\20260612_020727\FAMILY_worldbank_CMO.xlsx",""
"2026-06-12T02:07:27Z","CF-002","coffee robusta","worldbank","captured","797","","C:\Users\paspo\Documents\Skills\Food-Dashboard\commodity_dashboard\raw_archive\capture\20260612_020727\FAMILY_worldbank_CMO.xlsx",""
"2026-06-12T02:07:27Z","CO-001","cocoa","worldbank","captured","797","","C:\Users\paspo\Documents\Skills\Food-Dashboard\commodity_dashboard\raw_archive\capture\20260612_020727\FAMILY_worldbank_CMO.xlsx",""
"2026-06-12T02:07:27Z","EN-001","natural gas TTF","worldbank","captured","797","","C:\Users\paspo\Documents\Skills\Food-Dashboard\commodity_dashboard\raw_archive\capture\20260612_020727\FAMILY_worldbank_CMO.xlsx",""
"2026-06-12T02:07:27Z","FE-001","urea","worldbank","captured","797","","C:\Users\paspo\Documents\Skills\Food-Dashboard\commodity_dashboard\raw_archive\capture\20260612_020727\FAMILY_worldbank_CMO.xlsx",""
"2026-06-12T02:07:27Z","FE-002","DAP","worldbank","captured","713","","C:\Users\paspo\Documents\Skills\Food-Dashboard\commodity_dashboard\raw_archive\capture\20260612_020727\FAMILY_worldbank_CMO.xlsx",""
"2026-06-12T02:07:27Z","FE-003","TSP","worldbank","captured","797","","C:\Users\paspo\Documents\Skills\Food-Dashboard\commodity_dashboard\raw_archive\capture\20260612_020727\FAMILY_worldbank_CMO.xlsx",""
"2026-06-12T02:07:27Z","FE-004","potash","worldbank","captured","797","","C:\Users\paspo\Documents\Skills\Food-Dashboard\commodity_dashboard\raw_archive\capture\20260612_020727\FAMILY_worldbank_CMO.xlsx",""
"2026-06-12T02:07:27Z","FE-005","phosphate rock","worldbank","captured","796","","C:\Users\paspo\Documents\Skills\Food-Dashboard\commodity_dashboard\raw_archive\capture\20260612_020727\FAMILY_worldbank_CMO.xlsx",""
"2026-06-12T02:07:27Z","MZ-001","maize","worldbank","captured","797","","C:\Users\paspo\Documents\Skills\Food-Dashboard\commodity_dashboard\raw_archive\capture\20260612_020727\FAMILY_worldbank_CMO.xlsx",""
"2026-06-12T02:07:27Z","PK-005","aluminium","worldbank","captured","797","","C:\Users\paspo\Documents\Skills\Food-Dashboard\commodity_dashboard\raw_archive\capture\20260612_020727\FAMILY_worldbank_CMO.xlsx",""
"2026-06-12T02:07:27Z","SG-001","raw sugar","worldbank","captured","797","","C:\Users\paspo\Documents\Skills\Food-Dashboard\commodity_dashboard\raw_archive\capture\20260612_020727\FAMILY_worldbank_CMO.xlsx",""
"2026-06-12T02:07:27Z","SG-002","white sugar","worldbank","captured","797","","C:\Users\paspo\Documents\Skills\Food-Dashboard\commodity_dashboard\raw_archive\capture\20260612_020727\FAMILY_worldbank_CMO.xlsx",""
"2026-06-12T02:07:27Z","VO-001","soybean oil","worldbank","captured","797","","C:\Users\paspo\Documents\Skills\Food-Dashboard\commodity_dashboard\raw_archive\capture\20260612_020727\FAMILY_worldbank_CMO.xlsx",""
"2026-06-12T02:07:27Z","VO-002","palm oil","worldbank","captured","797","","C:\Users\paspo\Documents\Skills\Food-Dashboard\commodity_dashboard\raw_archive\capture\20260612_020727\FAMILY_worldbank_CMO.xlsx",""
"2026-06-12T02:07:27Z","VO-003","sunflower oil","worldbank","captured","287","","C:\Users\paspo\Documents\Skills\Food-Dashboard\commodity_dashboard\raw_archive\capture\20260612_020727\FAMILY_worldbank_CMO.xlsx",""
"2026-06-12T02:07:27Z","VO-004","rapeseed oil","worldbank","captured","292","","C:\Users\paspo\Documents\Skills\Food-Dashboard\commodity_dashboard\raw_archive\capture\20260612_020727\FAMILY_worldbank_CMO.xlsx",""
"2026-06-12T02:07:27Z","WH-001","wheat","worldbank","captured","797","","C:\Users\paspo\Documents\Skills\Food-Dashboard\commodity_dashboard\raw_archive\capture\20260612_020727\FAMILY_worldbank_CMO.xlsx",""
"2026-06-12T02:07:27Z","WH-002","wheat","worldbank","captured","562","","C:\Users\paspo\Documents\Skills\Food-Dashboard\commodity_dashboard\raw_archive\capture\20260612_020727\FAMILY_worldbank_CMO.xlsx",""
"2026-06-12T02:07:27Z","FE-006","fertilisers composite","eurostat","captured","136","","C:\Users\paspo\Documents\Skills\Food-Dashboard\commodity_dashboard\raw_archive\capture\20260612_020727\FE-006.json",""
"2026-06-12T02:07:27Z","FE-007","fertilisers composite","eurostat","captured","25","","C:\Users\paspo\Documents\Skills\Food-Dashboard\commodity_dashboard\raw_archive\capture\20260612_020727\FE-007.json",""
"2026-06-12T02:07:27Z","FE-009","agricultural lime","eurostat","captured","136","","C:\Users\paspo\Documents\Skills\Food-Dashboard\commodity_dashboard\raw_archive\capture\20260612_020727\FE-009.json",""
"2026-06-12T02:07:27Z","PK-002","pulp","eurostat","captured","136","","C:\Users\paspo\Documents\Skills\Food-Dashboard\commodity_dashboard\raw_archive\capture\20260612_020727\PK-002.json",""
"2026-06-12T02:07:27Z","PK-004","paper & containerboard","eurostat","captured","136","","C:\Users\paspo\Documents\Skills\Food-Dashboard\commodity_dashboard\raw_archive\capture\20260612_020727\PK-004.json",""
"2026-06-12T02:07:27Z","PK-007","glass","eurostat","captured","136","","C:\Users\paspo\Documents\Skills\Food-Dashboard\commodity_dashboard\raw_archive\capture\20260612_020727\PK-007.json",""
"2026-06-12T02:07:27Z","PK-009","PET/plastics","eurostat","captured","136","","C:\Users\paspo\Documents\Skills\Food-Dashboard\commodity_dashboard\raw_archive\capture\20260612_020727\PK-009.json",""
"2026-06-12T02:07:27Z","DY-001","butter","eu_agrifood","captured","335","","C:\Users\paspo\Documents\Skills\Food-Dashboard\commodity_dashboard\raw_archive\capture\20260612_020727\DY-001.json",""
"2026-06-12T02:07:27Z","DY-002","SMP","eu_agrifood","captured","335","","C:\Users\paspo\Documents\Skills\Food-Dashboard\commodity_dashboard\raw_archive\capture\20260612_020727\DY-002.json",""
"2026-06-12T02:07:27Z","EG-001","eggs","eu_agrifood","captured","231","","C:\Users\paspo\Documents\Skills\Food-Dashboard\commodity_dashboard\raw_archive\capture\20260612_020727\EG-001.json",""
"2026-06-12T02:07:27Z","FE-008","fertilisers composite","eu_agrifood","captured","89","","C:\Users\paspo\Documents\Skills\Food-Dashboard\commodity_dashboard\raw_archive\capture\20260612_020727\FE-008.json",""
"2026-06-12T02:07:27Z","FE-010","fertilisers composite","eu_agrifood","captured","89","","C:\Users\paspo\Documents\Skills\Food-Dashboard\commodity_dashboard\raw_archive\capture\20260612_020727\FE-010.json",""
"2026-06-12T02:07:27Z","FE-011","fertilisers composite","eu_agrifood","captured","89","","C:\Users\paspo\Documents\Skills\Food-Dashboard\commodity_dashboard\raw_archive\capture\20260612_020727\FE-011.json",""
"2026-06-12T02:07:27Z","MZ-002","maize","eu_agrifood","captured","314","","C:\Users\paspo\Documents\Skills\Food-Dashboard\commodity_dashboard\raw_archive\capture\20260612_020727\MZ-002.json",""
"2026-06-12T02:07:27Z","SG-003","white sugar","eu_agrifood","captured","237","","C:\Users\paspo\Documents\Skills\Food-Dashboard\commodity_dashboard\raw_archive\capture\20260612_020727\SG-003.json",""
"2026-06-12T02:07:27Z","VO-005","rapeseed oil","eu_agrifood","captured","237","","C:\Users\paspo\Documents\Skills\Food-Dashboard\commodity_dashboard\raw_archive\capture\20260612_020727\VO-005.json",""
"2026-06-12T02:07:27Z","WH-003","wheat","eu_agrifood","captured","325","","C:\Users\paspo\Documents\Skills\Food-Dashboard\commodity_dashboard\raw_archive\capture\20260612_020727\WH-003.json",""
"2026-06-12T02:07:27Z","IX-001","food composite","fao","captured","437","","C:\Users\paspo\Documents\Skills\Food-Dashboard\commodity_dashboard\raw_archive\capture\20260612_020727\FAMILY_fao_fpi.csv",""
"2026-06-12T02:07:27Z","IX-002","cereals composite","fao","captured","437","","C:\Users\paspo\Documents\Skills\Food-Dashboard\commodity_dashboard\raw_archive\capture\20260612_020727\FAMILY_fao_fpi.csv",""
"2026-06-12T02:07:27Z","IX-003","vegetable oils composite","fao","captured","437","","C:\Users\paspo\Documents\Skills\Food-Dashboard\commodity_dashboard\raw_archive\capture\20260612_020727\FAMILY_fao_fpi.csv",""
"2026-06-12T02:07:27Z","IX-004","dairy composite","fao","captured","437","","C:\Users\paspo\Documents\Skills\Food-Dashboard\commodity_dashboard\raw_archive\capture\20260612_020727\FAMILY_fao_fpi.csv",""
"2026-06-12T02:07:27Z","IX-005","sugar composite","fao","captured","437","","C:\Users\paspo\Documents\Skills\Food-Dashboard\commodity_dashboard\raw_archive\capture\20260612_020727\FAMILY_fao_fpi.csv",""
"2026-06-12T02:07:27Z","EG-002","eggs","fred","not_captured","0","","","probe_status=pending (not proven; e.g. awaiting key)"
"2026-06-12T02:07:27Z","PK-001","pulp","fred","not_captured","0","","","probe_status=pending (not proven; e.g. awaiting key)"
"2026-06-12T02:07:27Z","PK-003","containerboard","fred","not_captured","0","","","probe_status=pending (not proven; e.g. awaiting key)"
"2026-06-12T02:07:27Z","PK-006","glass","fred","not_captured","0","","","probe_status=pending (not proven; e.g. awaiting key)"
"2026-06-12T02:07:27Z","PK-008","PET/plastics","fred","not_captured","0","","","probe_status=pending (not proven; e.g. awaiting key)"
"2026-06-12T02:07:27Z","FC-001","wheat","usda","not_captured","0","","","probe_status=pending (not proven; e.g. awaiting key)"
"2026-06-12T02:07:27Z","FC-002","maize","usda","not_captured","0","","","probe_status=pending (not proven; e.g. awaiting key)"
"2026-06-12T02:07:27Z","FC-003","raw sugar","usda","not_captured","0","","","probe_status=pending (not proven; e.g. awaiting key)"
"2026-06-12T02:07:27Z","CO-002","cocoa","icco","not_captured","0","","","on watchlist (gaps file)"
"2026-06-12T02:07:27Z","CF-003","coffee arabica","ico","not_captured","0","","","on watchlist (gaps file)"
"2026-06-12T02:07:27Z","VO-006","palm oil","mpob","not_captured","0","","","on watchlist (gaps file)"
"2026-06-12T02:07:27Z","CF-004","coffee arabica","licensed_upload","not_captured","0","","","licensed lane: fed by ingest_licensed_uploads.ps1 only"
"2026-06-12T02:07:27Z","CF-005","coffee robusta","licensed_upload","not_captured","0","","","licensed lane: fed by ingest_licensed_uploads.ps1 only"
"2026-06-12T02:07:27Z","CO-003","cocoa","licensed_upload","not_captured","0","","","licensed lane: fed by ingest_licensed_uploads.ps1 only"
"2026-06-12T02:07:27Z","CO-004","cocoa","licensed_upload","not_captured","0","","","licensed lane: fed by ingest_licensed_uploads.ps1 only"
"2026-06-12T02:07:27Z","EN-002","natural gas TTF","licensed_upload","not_captured","0","","","licensed lane: fed by ingest_licensed_uploads.ps1 only"
"2026-06-12T02:07:27Z","MZ-003","maize","licensed_upload","not_captured","0","","","licensed lane: fed by ingest_licensed_uploads.ps1 only"
"2026-06-12T02:07:27Z","MZ-004","maize","licensed_upload","not_captured","0","","","licensed lane: fed by ingest_licensed_uploads.ps1 only"
"2026-06-12T02:07:27Z","SG-004","white sugar","licensed_upload","not_captured","0","","","licensed lane: fed by ingest_licensed_uploads.ps1 only"
"2026-06-12T02:07:27Z","SG-005","raw sugar","licensed_upload","not_captured","0","","","licensed lane: fed by ingest_licensed_uploads.ps1 only"
"2026-06-12T02:07:27Z","WH-004","wheat","licensed_upload","not_captured","0","","","licensed lane: fed by ingest_licensed_uploads.ps1 only"
"2026-06-12T02:07:27Z","WH-005","wheat","licensed_upload","not_captured","0","","","licensed lane: fed by ingest_licensed_uploads.ps1 only"
"2026-06-12T02:13:04Z","CF-001","coffee arabica","worldbank","captured","797","","C:\Users\paspo\Documents\Skills\Food-Dashboard\commodity_dashboard\raw_archive\capture\20260612_021304\FAMILY_worldbank_CMO.xlsx",""
"2026-06-12T02:13:04Z","CF-002","coffee robusta","worldbank","captured","797","","C:\Users\paspo\Documents\Skills\Food-Dashboard\commodity_dashboard\raw_archive\capture\20260612_021304\FAMILY_worldbank_CMO.xlsx",""
"2026-06-12T02:13:04Z","CO-001","cocoa","worldbank","captured","797","","C:\Users\paspo\Documents\Skills\Food-Dashboard\commodity_dashboard\raw_archive\capture\20260612_021304\FAMILY_worldbank_CMO.xlsx",""
"2026-06-12T02:13:04Z","EN-001","natural gas TTF","worldbank","captured","797","","C:\Users\paspo\Documents\Skills\Food-Dashboard\commodity_dashboard\raw_archive\capture\20260612_021304\FAMILY_worldbank_CMO.xlsx",""
"2026-06-12T02:13:04Z","FE-001","urea","worldbank","captured","797","","C:\Users\paspo\Documents\Skills\Food-Dashboard\commodity_dashboard\raw_archive\capture\20260612_021304\FAMILY_worldbank_CMO.xlsx",""
"2026-06-12T02:13:04Z","FE-002","DAP","worldbank","captured","713","","C:\Users\paspo\Documents\Skills\Food-Dashboard\commodity_dashboard\raw_archive\capture\20260612_021304\FAMILY_worldbank_CMO.xlsx",""
"2026-06-12T02:13:04Z","FE-003","TSP","worldbank","captured","797","","C:\Users\paspo\Documents\Skills\Food-Dashboard\commodity_dashboard\raw_archive\capture\20260612_021304\FAMILY_worldbank_CMO.xlsx",""
"2026-06-12T02:13:04Z","FE-004","potash","worldbank","captured","797","","C:\Users\paspo\Documents\Skills\Food-Dashboard\commodity_dashboard\raw_archive\capture\20260612_021304\FAMILY_worldbank_CMO.xlsx",""
"2026-06-12T02:13:04Z","FE-005","phosphate rock","worldbank","captured","796","","C:\Users\paspo\Documents\Skills\Food-Dashboard\commodity_dashboard\raw_archive\capture\20260612_021304\FAMILY_worldbank_CMO.xlsx",""
"2026-06-12T02:13:04Z","MZ-001","maize","worldbank","captured","797","","C:\Users\paspo\Documents\Skills\Food-Dashboard\commodity_dashboard\raw_archive\capture\20260612_021304\FAMILY_worldbank_CMO.xlsx",""
"2026-06-12T02:13:04Z","PK-005","aluminium","worldbank","captured","797","","C:\Users\paspo\Documents\Skills\Food-Dashboard\commodity_dashboard\raw_archive\capture\20260612_021304\FAMILY_worldbank_CMO.xlsx",""
"2026-06-12T02:13:04Z","SG-001","raw sugar","worldbank","captured","797","","C:\Users\paspo\Documents\Skills\Food-Dashboard\commodity_dashboard\raw_archive\capture\20260612_021304\FAMILY_worldbank_CMO.xlsx",""
"2026-06-12T02:13:04Z","SG-002","white sugar","worldbank","captured","797","","C:\Users\paspo\Documents\Skills\Food-Dashboard\commodity_dashboard\raw_archive\capture\20260612_021304\FAMILY_worldbank_CMO.xlsx",""
"2026-06-12T02:13:04Z","VO-001","soybean oil","worldbank","captured","797","","C:\Users\paspo\Documents\Skills\Food-Dashboard\commodity_dashboard\raw_archive\capture\20260612_021304\FAMILY_worldbank_CMO.xlsx",""
"2026-06-12T02:13:04Z","VO-002","palm oil","worldbank","captured","797","","C:\Users\paspo\Documents\Skills\Food-Dashboard\commodity_dashboard\raw_archive\capture\20260612_021304\FAMILY_worldbank_CMO.xlsx",""
"2026-06-12T02:13:04Z","VO-003","sunflower oil","worldbank","captured","287","","C:\Users\paspo\Documents\Skills\Food-Dashboard\commodity_dashboard\raw_archive\capture\20260612_021304\FAMILY_worldbank_CMO.xlsx",""
"2026-06-12T02:13:04Z","VO-004","rapeseed oil","worldbank","captured","292","","C:\Users\paspo\Documents\Skills\Food-Dashboard\commodity_dashboard\raw_archive\capture\20260612_021304\FAMILY_worldbank_CMO.xlsx",""
"2026-06-12T02:13:04Z","WH-001","wheat","worldbank","captured","797","","C:\Users\paspo\Documents\Skills\Food-Dashboard\commodity_dashboard\raw_archive\capture\20260612_021304\FAMILY_worldbank_CMO.xlsx",""
"2026-06-12T02:13:04Z","WH-002","wheat","worldbank","captured","562","","C:\Users\paspo\Documents\Skills\Food-Dashboard\commodity_dashboard\raw_archive\capture\20260612_021304\FAMILY_worldbank_CMO.xlsx",""
"2026-06-12T02:13:04Z","FE-006","fertilisers composite","eurostat","captured","136","","C:\Users\paspo\Documents\Skills\Food-Dashboard\commodity_dashboard\raw_archive\capture\20260612_021304\FE-006.json",""
"2026-06-12T02:13:04Z","FE-007","fertilisers composite","eurostat","captured","25","","C:\Users\paspo\Documents\Skills\Food-Dashboard\commodity_dashboard\raw_archive\capture\20260612_021304\FE-007.json",""
"2026-06-12T02:13:04Z","FE-009","agricultural lime","eurostat","captured","136","","C:\Users\paspo\Documents\Skills\Food-Dashboard\commodity_dashboard\raw_archive\capture\20260612_021304\FE-009.json",""
"2026-06-12T02:13:04Z","PK-002","pulp","eurostat","captured","136","","C:\Users\paspo\Documents\Skills\Food-Dashboard\commodity_dashboard\raw_archive\capture\20260612_021304\PK-002.json",""
"2026-06-12T02:13:04Z","PK-004","paper & containerboard","eurostat","captured","136","","C:\Users\paspo\Documents\Skills\Food-Dashboard\commodity_dashboard\raw_archive\capture\20260612_021304\PK-004.json",""
"2026-06-12T02:13:04Z","PK-007","glass","eurostat","captured","136","","C:\Users\paspo\Documents\Skills\Food-Dashboard\commodity_dashboard\raw_archive\capture\20260612_021304\PK-007.json",""
"2026-06-12T02:13:04Z","PK-009","PET/plastics","eurostat","captured","136","","C:\Users\paspo\Documents\Skills\Food-Dashboard\commodity_dashboard\raw_archive\capture\20260612_021304\PK-009.json",""
"2026-06-12T02:13:04Z","DY-001","butter","eu_agrifood","captured","335","","C:\Users\paspo\Documents\Skills\Food-Dashboard\commodity_dashboard\raw_archive\capture\20260612_021304\DY-001.json",""
"2026-06-12T02:13:04Z","DY-002","SMP","eu_agrifood","captured","335","","C:\Users\paspo\Documents\Skills\Food-Dashboard\commodity_dashboard\raw_archive\capture\20260612_021304\DY-002.json",""
"2026-06-12T02:13:04Z","EG-001","eggs","eu_agrifood","captured","231","","C:\Users\paspo\Documents\Skills\Food-Dashboard\commodity_dashboard\raw_archive\capture\20260612_021304\EG-001.json",""
"2026-06-12T02:13:04Z","FE-008","fertilisers composite","eu_agrifood","captured","89","","C:\Users\paspo\Documents\Skills\Food-Dashboard\commodity_dashboard\raw_archive\capture\20260612_021304\FE-008.json",""
"2026-06-12T02:13:04Z","FE-010","fertilisers composite","eu_agrifood","captured","89","","C:\Users\paspo\Documents\Skills\Food-Dashboard\commodity_dashboard\raw_archive\capture\20260612_021304\FE-010.json",""
"2026-06-12T02:13:04Z","FE-011","fertilisers composite","eu_agrifood","captured","89","","C:\Users\paspo\Documents\Skills\Food-Dashboard\commodity_dashboard\raw_archive\capture\20260612_021304\FE-011.json",""
"2026-06-12T02:13:04Z","MZ-002","maize","eu_agrifood","captured","314","","C:\Users\paspo\Documents\Skills\Food-Dashboard\commodity_dashboard\raw_archive\capture\20260612_021304\MZ-002.json",""
"2026-06-12T02:13:04Z","SG-003","white sugar","eu_agrifood","captured","237","","C:\Users\paspo\Documents\Skills\Food-Dashboard\commodity_dashboard\raw_archive\capture\20260612_021304\SG-003.json",""
"2026-06-12T02:13:04Z","VO-005","rapeseed oil","eu_agrifood","captured","237","","C:\Users\paspo\Documents\Skills\Food-Dashboard\commodity_dashboard\raw_archive\capture\20260612_021304\VO-005.json",""
"2026-06-12T02:13:04Z","WH-003","wheat","eu_agrifood","captured","325","","C:\Users\paspo\Documents\Skills\Food-Dashboard\commodity_dashboard\raw_archive\capture\20260612_021304\WH-003.json",""
"2026-06-12T02:13:04Z","IX-001","food composite","fao","captured","437","","C:\Users\paspo\Documents\Skills\Food-Dashboard\commodity_dashboard\raw_archive\capture\20260612_021304\FAMILY_fao_fpi.csv",""
"2026-06-12T02:13:04Z","IX-002","cereals composite","fao","captured","437","","C:\Users\paspo\Documents\Skills\Food-Dashboard\commodity_dashboard\raw_archive\capture\20260612_021304\FAMILY_fao_fpi.csv",""
"2026-06-12T02:13:04Z","IX-003","vegetable oils composite","fao","captured","437","","C:\Users\paspo\Documents\Skills\Food-Dashboard\commodity_dashboard\raw_archive\capture\20260612_021304\FAMILY_fao_fpi.csv",""
"2026-06-12T02:13:04Z","IX-004","dairy composite","fao","captured","437","","C:\Users\paspo\Documents\Skills\Food-Dashboard\commodity_dashboard\raw_archive\capture\20260612_021304\FAMILY_fao_fpi.csv",""
"2026-06-12T02:13:04Z","IX-005","sugar composite","fao","captured","437","","C:\Users\paspo\Documents\Skills\Food-Dashboard\commodity_dashboard\raw_archive\capture\20260612_021304\FAMILY_fao_fpi.csv",""
"2026-06-12T02:13:04Z","EG-002","eggs","fred","not_captured","0","","","probe_status=pending (not proven; e.g. awaiting key)"
"2026-06-12T02:13:04Z","PK-001","pulp","fred","not_captured","0","","","probe_status=pending (not proven; e.g. awaiting key)"
"2026-06-12T02:13:04Z","PK-003","containerboard","fred","not_captured","0","","","probe_status=pending (not proven; e.g. awaiting key)"
"2026-06-12T02:13:04Z","PK-006","glass","fred","not_captured","0","","","probe_status=pending (not proven; e.g. awaiting key)"
"2026-06-12T02:13:04Z","PK-008","PET/plastics","fred","not_captured","0","","","probe_status=pending (not proven; e.g. awaiting key)"
"2026-06-12T02:13:04Z","FC-001","wheat","usda","not_captured","0","","","probe_status=pending (not proven; e.g. awaiting key)"
"2026-06-12T02:13:04Z","FC-002","maize","usda","not_captured","0","","","probe_status=pending (not proven; e.g. awaiting key)"
"2026-06-12T02:13:04Z","FC-003","raw sugar","usda","not_captured","0","","","probe_status=pending (not proven; e.g. awaiting key)"
"2026-06-12T02:13:04Z","CO-002","cocoa","icco","not_captured","0","","","on watchlist (gaps file)"
"2026-06-12T02:13:04Z","CF-003","coffee arabica","ico","not_captured","0","","","on watchlist (gaps file)"
"2026-06-12T02:13:04Z","VO-006","palm oil","mpob","not_captured","0","","","on watchlist (gaps file)"
"2026-06-12T02:13:04Z","CF-004","coffee arabica","licensed_upload","not_captured","0","","","licensed lane: fed by ingest_licensed_uploads.ps1 only"
"2026-06-12T02:13:04Z","CF-005","coffee robusta","licensed_upload","not_captured","0","","","licensed lane: fed by ingest_licensed_uploads.ps1 only"
"2026-06-12T02:13:04Z","CO-003","cocoa","licensed_upload","not_captured","0","","","licensed lane: fed by ingest_licensed_uploads.ps1 only"
"2026-06-12T02:13:04Z","CO-004","cocoa","licensed_upload","not_captured","0","","","licensed lane: fed by ingest_licensed_uploads.ps1 only"
"2026-06-12T02:13:04Z","EN-002","natural gas TTF","licensed_upload","not_captured","0","","","licensed lane: fed by ingest_licensed_uploads.ps1 only"
"2026-06-12T02:13:04Z","MZ-003","maize","licensed_upload","not_captured","0","","","licensed lane: fed by ingest_licensed_uploads.ps1 only"
"2026-06-12T02:13:04Z","MZ-004","maize","licensed_upload","not_captured","0","","","licensed lane: fed by ingest_licensed_uploads.ps1 only"
"2026-06-12T02:13:04Z","SG-004","white sugar","licensed_upload","not_captured","0","","","licensed lane: fed by ingest_licensed_uploads.ps1 only"
"2026-06-12T02:13:04Z","SG-005","raw sugar","licensed_upload","not_captured","0","","","licensed lane: fed by ingest_licensed_uploads.ps1 only"
"2026-06-12T02:13:04Z","WH-004","wheat","licensed_upload","not_captured","0","","","licensed lane: fed by ingest_licensed_uploads.ps1 only"
"2026-06-12T02:13:04Z","WH-005","wheat","licensed_upload","not_captured","0","","","licensed lane: fed by ingest_licensed_uploads.ps1 only"
"2026-06-12T02:18:22Z","CF-001","coffee arabica","worldbank","captured","797","","C:\Users\paspo\Documents\Skills\Food-Dashboard\commodity_dashboard\raw_archive\capture\20260612_021822\FAMILY_worldbank_CMO.xlsx",""
"2026-06-12T02:18:22Z","CF-002","coffee robusta","worldbank","captured","797","","C:\Users\paspo\Documents\Skills\Food-Dashboard\commodity_dashboard\raw_archive\capture\20260612_021822\FAMILY_worldbank_CMO.xlsx",""
"2026-06-12T02:18:22Z","CO-001","cocoa","worldbank","captured","797","","C:\Users\paspo\Documents\Skills\Food-Dashboard\commodity_dashboard\raw_archive\capture\20260612_021822\FAMILY_worldbank_CMO.xlsx",""
"2026-06-12T02:18:22Z","EN-001","natural gas TTF","worldbank","captured","797","","C:\Users\paspo\Documents\Skills\Food-Dashboard\commodity_dashboard\raw_archive\capture\20260612_021822\FAMILY_worldbank_CMO.xlsx",""
"2026-06-12T02:18:22Z","FE-001","urea","worldbank","captured","797","","C:\Users\paspo\Documents\Skills\Food-Dashboard\commodity_dashboard\raw_archive\capture\20260612_021822\FAMILY_worldbank_CMO.xlsx",""
"2026-06-12T02:18:22Z","FE-002","DAP","worldbank","captured","713","","C:\Users\paspo\Documents\Skills\Food-Dashboard\commodity_dashboard\raw_archive\capture\20260612_021822\FAMILY_worldbank_CMO.xlsx",""
"2026-06-12T02:18:22Z","FE-003","TSP","worldbank","captured","797","","C:\Users\paspo\Documents\Skills\Food-Dashboard\commodity_dashboard\raw_archive\capture\20260612_021822\FAMILY_worldbank_CMO.xlsx",""
"2026-06-12T02:18:22Z","FE-004","potash","worldbank","captured","797","","C:\Users\paspo\Documents\Skills\Food-Dashboard\commodity_dashboard\raw_archive\capture\20260612_021822\FAMILY_worldbank_CMO.xlsx",""
"2026-06-12T02:18:22Z","FE-005","phosphate rock","worldbank","captured","796","","C:\Users\paspo\Documents\Skills\Food-Dashboard\commodity_dashboard\raw_archive\capture\20260612_021822\FAMILY_worldbank_CMO.xlsx",""
"2026-06-12T02:18:22Z","MZ-001","maize","worldbank","captured","797","","C:\Users\paspo\Documents\Skills\Food-Dashboard\commodity_dashboard\raw_archive\capture\20260612_021822\FAMILY_worldbank_CMO.xlsx",""
"2026-06-12T02:18:22Z","PK-005","aluminium","worldbank","captured","797","","C:\Users\paspo\Documents\Skills\Food-Dashboard\commodity_dashboard\raw_archive\capture\20260612_021822\FAMILY_worldbank_CMO.xlsx",""
"2026-06-12T02:18:22Z","SG-001","raw sugar","worldbank","captured","797","","C:\Users\paspo\Documents\Skills\Food-Dashboard\commodity_dashboard\raw_archive\capture\20260612_021822\FAMILY_worldbank_CMO.xlsx",""
"2026-06-12T02:18:22Z","SG-002","white sugar","worldbank","captured","797","","C:\Users\paspo\Documents\Skills\Food-Dashboard\commodity_dashboard\raw_archive\capture\20260612_021822\FAMILY_worldbank_CMO.xlsx",""
"2026-06-12T02:18:22Z","VO-001","soybean oil","worldbank","captured","797","","C:\Users\paspo\Documents\Skills\Food-Dashboard\commodity_dashboard\raw_archive\capture\20260612_021822\FAMILY_worldbank_CMO.xlsx",""
"2026-06-12T02:18:22Z","VO-002","palm oil","worldbank","captured","797","","C:\Users\paspo\Documents\Skills\Food-Dashboard\commodity_dashboard\raw_archive\capture\20260612_021822\FAMILY_worldbank_CMO.xlsx",""
"2026-06-12T02:18:22Z","VO-003","sunflower oil","worldbank","captured","287","","C:\Users\paspo\Documents\Skills\Food-Dashboard\commodity_dashboard\raw_archive\capture\20260612_021822\FAMILY_worldbank_CMO.xlsx",""
"2026-06-12T02:18:22Z","VO-004","rapeseed oil","worldbank","captured","292","","C:\Users\paspo\Documents\Skills\Food-Dashboard\commodity_dashboard\raw_archive\capture\20260612_021822\FAMILY_worldbank_CMO.xlsx",""
"2026-06-12T02:18:22Z","WH-001","wheat","worldbank","captured","797","","C:\Users\paspo\Documents\Skills\Food-Dashboard\commodity_dashboard\raw_archive\capture\20260612_021822\FAMILY_worldbank_CMO.xlsx",""
"2026-06-12T02:18:22Z","WH-002","wheat","worldbank","captured","562","","C:\Users\paspo\Documents\Skills\Food-Dashboard\commodity_dashboard\raw_archive\capture\20260612_021822\FAMILY_worldbank_CMO.xlsx",""
"2026-06-12T02:18:22Z","FE-006","fertilisers composite","eurostat","captured","136","","C:\Users\paspo\Documents\Skills\Food-Dashboard\commodity_dashboard\raw_archive\capture\20260612_021822\FE-006.json",""
"2026-06-12T02:18:22Z","FE-007","fertilisers composite","eurostat","captured","25","","C:\Users\paspo\Documents\Skills\Food-Dashboard\commodity_dashboard\raw_archive\capture\20260612_021822\FE-007.json",""
"2026-06-12T02:18:22Z","FE-009","agricultural lime","eurostat","captured","136","","C:\Users\paspo\Documents\Skills\Food-Dashboard\commodity_dashboard\raw_archive\capture\20260612_021822\FE-009.json",""
"2026-06-12T02:18:22Z","PK-002","pulp","eurostat","captured","136","","C:\Users\paspo\Documents\Skills\Food-Dashboard\commodity_dashboard\raw_archive\capture\20260612_021822\PK-002.json",""
"2026-06-12T02:18:22Z","PK-004","paper & containerboard","eurostat","captured","136","","C:\Users\paspo\Documents\Skills\Food-Dashboard\commodity_dashboard\raw_archive\capture\20260612_021822\PK-004.json",""
"2026-06-12T02:18:22Z","PK-007","glass","eurostat","captured","136","","C:\Users\paspo\Documents\Skills\Food-Dashboard\commodity_dashboard\raw_archive\capture\20260612_021822\PK-007.json",""
"2026-06-12T02:18:22Z","PK-009","PET/plastics","eurostat","captured","136","","C:\Users\paspo\Documents\Skills\Food-Dashboard\commodity_dashboard\raw_archive\capture\20260612_021822\PK-009.json",""
"2026-06-12T02:18:22Z","DY-001","butter","eu_agrifood","captured","335","","C:\Users\paspo\Documents\Skills\Food-Dashboard\commodity_dashboard\raw_archive\capture\20260612_021822\DY-001.json",""
"2026-06-12T02:18:22Z","DY-002","SMP","eu_agrifood","captured","335","","C:\Users\paspo\Documents\Skills\Food-Dashboard\commodity_dashboard\raw_archive\capture\20260612_021822\DY-002.json",""
"2026-06-12T02:18:22Z","EG-001","eggs","eu_agrifood","captured","231","","C:\Users\paspo\Documents\Skills\Food-Dashboard\commodity_dashboard\raw_archive\capture\20260612_021822\EG-001.json",""
"2026-06-12T02:18:22Z","FE-008","fertilisers composite","eu_agrifood","captured","89","","C:\Users\paspo\Documents\Skills\Food-Dashboard\commodity_dashboard\raw_archive\capture\20260612_021822\FE-008.json",""
"2026-06-12T02:18:22Z","FE-010","fertilisers composite","eu_agrifood","captured","89","","C:\Users\paspo\Documents\Skills\Food-Dashboard\commodity_dashboard\raw_archive\capture\20260612_021822\FE-010.json",""
"2026-06-12T02:18:22Z","FE-011","fertilisers composite","eu_agrifood","captured","89","","C:\Users\paspo\Documents\Skills\Food-Dashboard\commodity_dashboard\raw_archive\capture\20260612_021822\FE-011.json",""
"2026-06-12T02:18:22Z","MZ-002","maize","eu_agrifood","captured","314","","C:\Users\paspo\Documents\Skills\Food-Dashboard\commodity_dashboard\raw_archive\capture\20260612_021822\MZ-002.json",""
"2026-06-12T02:18:22Z","SG-003","white sugar","eu_agrifood","captured","237","","C:\Users\paspo\Documents\Skills\Food-Dashboard\commodity_dashboard\raw_archive\capture\20260612_021822\SG-003.json",""
"2026-06-12T02:18:22Z","VO-005","rapeseed oil","eu_agrifood","captured","237","","C:\Users\paspo\Documents\Skills\Food-Dashboard\commodity_dashboard\raw_archive\capture\20260612_021822\VO-005.json",""
"2026-06-12T02:18:22Z","WH-003","wheat","eu_agrifood","captured","325","","C:\Users\paspo\Documents\Skills\Food-Dashboard\commodity_dashboard\raw_archive\capture\20260612_021822\WH-003.json",""
"2026-06-12T02:18:22Z","IX-001","food composite","fao","captured","437","","C:\Users\paspo\Documents\Skills\Food-Dashboard\commodity_dashboard\raw_archive\capture\20260612_021822\FAMILY_fao_fpi.csv",""
"2026-06-12T02:18:22Z","IX-002","cereals composite","fao","captured","437","","C:\Users\paspo\Documents\Skills\Food-Dashboard\commodity_dashboard\raw_archive\capture\20260612_021822\FAMILY_fao_fpi.csv",""
"2026-06-12T02:18:22Z","IX-003","vegetable oils composite","fao","captured","437","","C:\Users\paspo\Documents\Skills\Food-Dashboard\commodity_dashboard\raw_archive\capture\20260612_021822\FAMILY_fao_fpi.csv",""
"2026-06-12T02:18:22Z","IX-004","dairy composite","fao","captured","437","","C:\Users\paspo\Documents\Skills\Food-Dashboard\commodity_dashboard\raw_archive\capture\20260612_021822\FAMILY_fao_fpi.csv",""
"2026-06-12T02:18:22Z","IX-005","sugar composite","fao","captured","437","","C:\Users\paspo\Documents\Skills\Food-Dashboard\commodity_dashboard\raw_archive\capture\20260612_021822\FAMILY_fao_fpi.csv",""
"2026-06-12T02:18:22Z","EG-002","eggs","fred","not_captured","0","","","probe_status=pending (not proven; e.g. awaiting key)"
"2026-06-12T02:18:22Z","PK-001","pulp","fred","not_captured","0","","","probe_status=pending (not proven; e.g. awaiting key)"
"2026-06-12T02:18:22Z","PK-003","containerboard","fred","not_captured","0","","","probe_status=pending (not proven; e.g. awaiting key)"
"2026-06-12T02:18:22Z","PK-006","glass","fred","not_captured","0","","","probe_status=pending (not proven; e.g. awaiting key)"
"2026-06-12T02:18:22Z","PK-008","PET/plastics","fred","not_captured","0","","","probe_status=pending (not proven; e.g. awaiting key)"
"2026-06-12T02:18:22Z","FC-001","wheat","usda","not_captured","0","","","probe_status=pending (not proven; e.g. awaiting key)"
"2026-06-12T02:18:22Z","FC-002","maize","usda","not_captured","0","","","probe_status=pending (not proven; e.g. awaiting key)"
"2026-06-12T02:18:22Z","FC-003","raw sugar","usda","not_captured","0","","","probe_status=pending (not proven; e.g. awaiting key)"
"2026-06-12T02:18:22Z","CO-002","cocoa","icco","not_captured","0","","","on watchlist (gaps file)"
"2026-06-12T02:18:22Z","CF-003","coffee arabica","ico","not_captured","0","","","on watchlist (gaps file)"
"2026-06-12T02:18:22Z","VO-006","palm oil","mpob","not_captured","0","","","on watchlist (gaps file)"
"2026-06-12T02:18:22Z","CF-004","coffee arabica","licensed_upload","not_captured","0","","","licensed lane: fed by ingest_licensed_uploads.ps1 only"
"2026-06-12T02:18:22Z","CF-005","coffee robusta","licensed_upload","not_captured","0","","","licensed lane: fed by ingest_licensed_uploads.ps1 only"
"2026-06-12T02:18:22Z","CO-003","cocoa","licensed_upload","not_captured","0","","","licensed lane: fed by ingest_licensed_uploads.ps1 only"
"2026-06-12T02:18:22Z","CO-004","cocoa","licensed_upload","not_captured","0","","","licensed lane: fed by ingest_licensed_uploads.ps1 only"
"2026-06-12T02:18:22Z","EN-002","natural gas TTF","licensed_upload","not_captured","0","","","licensed lane: fed by ingest_licensed_uploads.ps1 only"
"2026-06-12T02:18:22Z","MZ-003","maize","licensed_upload","not_captured","0","","","licensed lane: fed by ingest_licensed_uploads.ps1 only"
"2026-06-12T02:18:22Z","MZ-004","maize","licensed_upload","not_captured","0","","","licensed lane: fed by ingest_licensed_uploads.ps1 only"
"2026-06-12T02:18:22Z","SG-004","white sugar","licensed_upload","not_captured","0","","","licensed lane: fed by ingest_licensed_uploads.ps1 only"
"2026-06-12T02:18:22Z","SG-005","raw sugar","licensed_upload","not_captured","0","","","licensed lane: fed by ingest_licensed_uploads.ps1 only"
"2026-06-12T02:18:22Z","WH-004","wheat","licensed_upload","not_captured","0","","","licensed lane: fed by ingest_licensed_uploads.ps1 only"
"2026-06-12T02:18:22Z","WH-005","wheat","licensed_upload","not_captured","0","","","licensed lane: fed by ingest_licensed_uploads.ps1 only"
"2026-06-12T02:21:06Z","CF-001","coffee arabica","worldbank","captured","797","","C:\Users\paspo\Documents\Skills\Food-Dashboard\commodity_dashboard\raw_archive\capture\20260612_022106\FAMILY_worldbank_CMO.xlsx",""
"2026-06-12T02:21:06Z","CF-002","coffee robusta","worldbank","captured","797","","C:\Users\paspo\Documents\Skills\Food-Dashboard\commodity_dashboard\raw_archive\capture\20260612_022106\FAMILY_worldbank_CMO.xlsx",""
"2026-06-12T02:21:06Z","CO-001","cocoa","worldbank","captured","797","","C:\Users\paspo\Documents\Skills\Food-Dashboard\commodity_dashboard\raw_archive\capture\20260612_022106\FAMILY_worldbank_CMO.xlsx",""
"2026-06-12T02:21:06Z","EN-001","natural gas TTF","worldbank","captured","797","","C:\Users\paspo\Documents\Skills\Food-Dashboard\commodity_dashboard\raw_archive\capture\20260612_022106\FAMILY_worldbank_CMO.xlsx",""
"2026-06-12T02:21:06Z","FE-001","urea","worldbank","captured","797","","C:\Users\paspo\Documents\Skills\Food-Dashboard\commodity_dashboard\raw_archive\capture\20260612_022106\FAMILY_worldbank_CMO.xlsx",""
"2026-06-12T02:21:06Z","FE-002","DAP","worldbank","captured","713","","C:\Users\paspo\Documents\Skills\Food-Dashboard\commodity_dashboard\raw_archive\capture\20260612_022106\FAMILY_worldbank_CMO.xlsx",""
"2026-06-12T02:21:06Z","FE-003","TSP","worldbank","captured","797","","C:\Users\paspo\Documents\Skills\Food-Dashboard\commodity_dashboard\raw_archive\capture\20260612_022106\FAMILY_worldbank_CMO.xlsx",""
"2026-06-12T02:21:06Z","FE-004","potash","worldbank","captured","797","","C:\Users\paspo\Documents\Skills\Food-Dashboard\commodity_dashboard\raw_archive\capture\20260612_022106\FAMILY_worldbank_CMO.xlsx",""
"2026-06-12T02:21:06Z","FE-005","phosphate rock","worldbank","captured","796","","C:\Users\paspo\Documents\Skills\Food-Dashboard\commodity_dashboard\raw_archive\capture\20260612_022106\FAMILY_worldbank_CMO.xlsx",""
"2026-06-12T02:21:06Z","MZ-001","maize","worldbank","captured","797","","C:\Users\paspo\Documents\Skills\Food-Dashboard\commodity_dashboard\raw_archive\capture\20260612_022106\FAMILY_worldbank_CMO.xlsx",""
"2026-06-12T02:21:06Z","PK-005","aluminium","worldbank","captured","797","","C:\Users\paspo\Documents\Skills\Food-Dashboard\commodity_dashboard\raw_archive\capture\20260612_022106\FAMILY_worldbank_CMO.xlsx",""
"2026-06-12T02:21:06Z","SG-001","raw sugar","worldbank","captured","797","","C:\Users\paspo\Documents\Skills\Food-Dashboard\commodity_dashboard\raw_archive\capture\20260612_022106\FAMILY_worldbank_CMO.xlsx",""
"2026-06-12T02:21:06Z","SG-002","white sugar","worldbank","captured","797","","C:\Users\paspo\Documents\Skills\Food-Dashboard\commodity_dashboard\raw_archive\capture\20260612_022106\FAMILY_worldbank_CMO.xlsx",""
"2026-06-12T02:21:06Z","VO-001","soybean oil","worldbank","captured","797","","C:\Users\paspo\Documents\Skills\Food-Dashboard\commodity_dashboard\raw_archive\capture\20260612_022106\FAMILY_worldbank_CMO.xlsx",""
"2026-06-12T02:21:06Z","VO-002","palm oil","worldbank","captured","797","","C:\Users\paspo\Documents\Skills\Food-Dashboard\commodity_dashboard\raw_archive\capture\20260612_022106\FAMILY_worldbank_CMO.xlsx",""
"2026-06-12T02:21:06Z","VO-003","sunflower oil","worldbank","captured","287","","C:\Users\paspo\Documents\Skills\Food-Dashboard\commodity_dashboard\raw_archive\capture\20260612_022106\FAMILY_worldbank_CMO.xlsx",""
"2026-06-12T02:21:06Z","VO-004","rapeseed oil","worldbank","captured","292","","C:\Users\paspo\Documents\Skills\Food-Dashboard\commodity_dashboard\raw_archive\capture\20260612_022106\FAMILY_worldbank_CMO.xlsx",""
"2026-06-12T02:21:06Z","WH-001","wheat","worldbank","captured","797","","C:\Users\paspo\Documents\Skills\Food-Dashboard\commodity_dashboard\raw_archive\capture\20260612_022106\FAMILY_worldbank_CMO.xlsx",""
"2026-06-12T02:21:06Z","WH-002","wheat","worldbank","captured","562","","C:\Users\paspo\Documents\Skills\Food-Dashboard\commodity_dashboard\raw_archive\capture\20260612_022106\FAMILY_worldbank_CMO.xlsx",""
"2026-06-12T02:21:06Z","FE-006","fertilisers composite","eurostat","captured","136","","C:\Users\paspo\Documents\Skills\Food-Dashboard\commodity_dashboard\raw_archive\capture\20260612_022106\FE-006.json",""
"2026-06-12T02:21:06Z","FE-007","fertilisers composite","eurostat","captured","25","","C:\Users\paspo\Documents\Skills\Food-Dashboard\commodity_dashboard\raw_archive\capture\20260612_022106\FE-007.json",""
"2026-06-12T02:21:06Z","FE-009","agricultural lime","eurostat","captured","136","","C:\Users\paspo\Documents\Skills\Food-Dashboard\commodity_dashboard\raw_archive\capture\20260612_022106\FE-009.json",""
"2026-06-12T02:21:06Z","PK-002","pulp","eurostat","captured","136","","C:\Users\paspo\Documents\Skills\Food-Dashboard\commodity_dashboard\raw_archive\capture\20260612_022106\PK-002.json",""
"2026-06-12T02:21:06Z","PK-004","paper & containerboard","eurostat","captured","136","","C:\Users\paspo\Documents\Skills\Food-Dashboard\commodity_dashboard\raw_archive\capture\20260612_022106\PK-004.json",""
"2026-06-12T02:21:06Z","PK-007","glass","eurostat","captured","136","","C:\Users\paspo\Documents\Skills\Food-Dashboard\commodity_dashboard\raw_archive\capture\20260612_022106\PK-007.json",""
"2026-06-12T02:21:06Z","PK-009","PET/plastics","eurostat","captured","136","","C:\Users\paspo\Documents\Skills\Food-Dashboard\commodity_dashboard\raw_archive\capture\20260612_022106\PK-009.json",""
"2026-06-12T02:21:06Z","DY-001","butter","eu_agrifood","captured","335","","C:\Users\paspo\Documents\Skills\Food-Dashboard\commodity_dashboard\raw_archive\capture\20260612_022106\DY-001.json",""
"2026-06-12T02:21:06Z","DY-002","SMP","eu_agrifood","captured","335","","C:\Users\paspo\Documents\Skills\Food-Dashboard\commodity_dashboard\raw_archive\capture\20260612_022106\DY-002.json",""
"2026-06-12T02:21:06Z","EG-001","eggs","eu_agrifood","captured","231","","C:\Users\paspo\Documents\Skills\Food-Dashboard\commodity_dashboard\raw_archive\capture\20260612_022106\EG-001.json",""
"2026-06-12T02:21:06Z","FE-008","fertilisers composite","eu_agrifood","captured","89","","C:\Users\paspo\Documents\Skills\Food-Dashboard\commodity_dashboard\raw_archive\capture\20260612_022106\FE-008.json",""
"2026-06-12T02:21:06Z","FE-010","fertilisers composite","eu_agrifood","captured","89","","C:\Users\paspo\Documents\Skills\Food-Dashboard\commodity_dashboard\raw_archive\capture\20260612_022106\FE-010.json",""
"2026-06-12T02:21:06Z","FE-011","fertilisers composite","eu_agrifood","captured","89","","C:\Users\paspo\Documents\Skills\Food-Dashboard\commodity_dashboard\raw_archive\capture\20260612_022106\FE-011.json",""
"2026-06-12T02:21:06Z","MZ-002","maize","eu_agrifood","captured","314","","C:\Users\paspo\Documents\Skills\Food-Dashboard\commodity_dashboard\raw_archive\capture\20260612_022106\MZ-002.json",""
"2026-06-12T02:21:06Z","SG-003","white sugar","eu_agrifood","captured","237","","C:\Users\paspo\Documents\Skills\Food-Dashboard\commodity_dashboard\raw_archive\capture\20260612_022106\SG-003.json",""
"2026-06-12T02:21:06Z","VO-005","rapeseed oil","eu_agrifood","captured","237","","C:\Users\paspo\Documents\Skills\Food-Dashboard\commodity_dashboard\raw_archive\capture\20260612_022106\VO-005.json",""
"2026-06-12T02:21:06Z","WH-003","wheat","eu_agrifood","captured","325","","C:\Users\paspo\Documents\Skills\Food-Dashboard\commodity_dashboard\raw_archive\capture\20260612_022106\WH-003.json",""
"2026-06-12T02:21:06Z","IX-001","food composite","fao","captured","437","","C:\Users\paspo\Documents\Skills\Food-Dashboard\commodity_dashboard\raw_archive\capture\20260612_022106\FAMILY_fao_fpi.csv",""
"2026-06-12T02:21:06Z","IX-002","cereals composite","fao","captured","437","","C:\Users\paspo\Documents\Skills\Food-Dashboard\commodity_dashboard\raw_archive\capture\20260612_022106\FAMILY_fao_fpi.csv",""
"2026-06-12T02:21:06Z","IX-003","vegetable oils composite","fao","captured","437","","C:\Users\paspo\Documents\Skills\Food-Dashboard\commodity_dashboard\raw_archive\capture\20260612_022106\FAMILY_fao_fpi.csv",""
"2026-06-12T02:21:06Z","IX-004","dairy composite","fao","captured","437","","C:\Users\paspo\Documents\Skills\Food-Dashboard\commodity_dashboard\raw_archive\capture\20260612_022106\FAMILY_fao_fpi.csv",""
"2026-06-12T02:21:06Z","IX-005","sugar composite","fao","captured","437","","C:\Users\paspo\Documents\Skills\Food-Dashboard\commodity_dashboard\raw_archive\capture\20260612_022106\FAMILY_fao_fpi.csv",""
"2026-06-12T02:21:06Z","EG-002","eggs","fred","not_captured","0","","","probe_status=pending (not proven; e.g. awaiting key)"
"2026-06-12T02:21:06Z","PK-001","pulp","fred","not_captured","0","","","probe_status=pending (not proven; e.g. awaiting key)"
"2026-06-12T02:21:06Z","PK-003","containerboard","fred","not_captured","0","","","probe_status=pending (not proven; e.g. awaiting key)"
"2026-06-12T02:21:06Z","PK-006","glass","fred","not_captured","0","","","probe_status=pending (not proven; e.g. awaiting key)"
"2026-06-12T02:21:06Z","PK-008","PET/plastics","fred","not_captured","0","","","probe_status=pending (not proven; e.g. awaiting key)"
"2026-06-12T02:21:06Z","FC-001","wheat","usda","not_captured","0","","","probe_status=pending (not proven; e.g. awaiting key)"
"2026-06-12T02:21:06Z","FC-002","maize","usda","not_captured","0","","","probe_status=pending (not proven; e.g. awaiting key)"
"2026-06-12T02:21:06Z","FC-003","raw sugar","usda","not_captured","0","","","probe_status=pending (not proven; e.g. awaiting key)"
"2026-06-12T02:21:06Z","CO-002","cocoa","icco","not_captured","0","","","on watchlist (gaps file)"
"2026-06-12T02:21:06Z","CF-003","coffee arabica","ico","not_captured","0","","","on watchlist (gaps file)"
"2026-06-12T02:21:06Z","VO-006","palm oil","mpob","not_captured","0","","","on watchlist (gaps file)"
"2026-06-12T02:21:06Z","CF-004","coffee arabica","licensed_upload","not_captured","0","","","licensed lane: fed by ingest_licensed_uploads.ps1 only"
"2026-06-12T02:21:06Z","CF-005","coffee robusta","licensed_upload","not_captured","0","","","licensed lane: fed by ingest_licensed_uploads.ps1 only"
"2026-06-12T02:21:06Z","CO-003","cocoa","licensed_upload","not_captured","0","","","licensed lane: fed by ingest_licensed_uploads.ps1 only"
"2026-06-12T02:21:06Z","CO-004","cocoa","licensed_upload","not_captured","0","","","licensed lane: fed by ingest_licensed_uploads.ps1 only"
"2026-06-12T02:21:06Z","EN-002","natural gas TTF","licensed_upload","not_captured","0","","","licensed lane: fed by ingest_licensed_uploads.ps1 only"
"2026-06-12T02:21:06Z","MZ-003","maize","licensed_upload","not_captured","0","","","licensed lane: fed by ingest_licensed_uploads.ps1 only"
"2026-06-12T02:21:06Z","MZ-004","maize","licensed_upload","not_captured","0","","","licensed lane: fed by ingest_licensed_uploads.ps1 only"
"2026-06-12T02:21:06Z","SG-004","white sugar","licensed_upload","not_captured","0","","","licensed lane: fed by ingest_licensed_uploads.ps1 only"
"2026-06-12T02:21:06Z","SG-005","raw sugar","licensed_upload","not_captured","0","","","licensed lane: fed by ingest_licensed_uploads.ps1 only"
"2026-06-12T02:21:06Z","WH-004","wheat","licensed_upload","not_captured","0","","","licensed lane: fed by ingest_licensed_uploads.ps1 only"
"2026-06-12T02:21:06Z","WH-005","wheat","licensed_upload","not_captured","0","","","licensed lane: fed by ingest_licensed_uploads.ps1 only"
"2026-06-12T02:32:33Z","CF-001","coffee arabica","worldbank","captured","797","","C:\Users\paspo\Documents\Skills\Food-Dashboard\commodity_dashboard\raw_archive\capture\20260612_023233\FAMILY_worldbank_CMO.xlsx",""
"2026-06-12T02:32:33Z","CF-002","coffee robusta","worldbank","captured","797","","C:\Users\paspo\Documents\Skills\Food-Dashboard\commodity_dashboard\raw_archive\capture\20260612_023233\FAMILY_worldbank_CMO.xlsx",""
"2026-06-12T02:32:33Z","CO-001","cocoa","worldbank","captured","797","","C:\Users\paspo\Documents\Skills\Food-Dashboard\commodity_dashboard\raw_archive\capture\20260612_023233\FAMILY_worldbank_CMO.xlsx",""
"2026-06-12T02:32:33Z","EN-001","natural gas TTF","worldbank","captured","797","","C:\Users\paspo\Documents\Skills\Food-Dashboard\commodity_dashboard\raw_archive\capture\20260612_023233\FAMILY_worldbank_CMO.xlsx",""
"2026-06-12T02:32:33Z","FE-001","urea","worldbank","captured","797","","C:\Users\paspo\Documents\Skills\Food-Dashboard\commodity_dashboard\raw_archive\capture\20260612_023233\FAMILY_worldbank_CMO.xlsx",""
"2026-06-12T02:32:33Z","FE-002","DAP","worldbank","captured","713","","C:\Users\paspo\Documents\Skills\Food-Dashboard\commodity_dashboard\raw_archive\capture\20260612_023233\FAMILY_worldbank_CMO.xlsx",""
"2026-06-12T02:32:33Z","FE-003","TSP","worldbank","captured","797","","C:\Users\paspo\Documents\Skills\Food-Dashboard\commodity_dashboard\raw_archive\capture\20260612_023233\FAMILY_worldbank_CMO.xlsx",""
"2026-06-12T02:32:33Z","FE-004","potash","worldbank","captured","797","","C:\Users\paspo\Documents\Skills\Food-Dashboard\commodity_dashboard\raw_archive\capture\20260612_023233\FAMILY_worldbank_CMO.xlsx",""
"2026-06-12T02:32:33Z","FE-005","phosphate rock","worldbank","captured","796","","C:\Users\paspo\Documents\Skills\Food-Dashboard\commodity_dashboard\raw_archive\capture\20260612_023233\FAMILY_worldbank_CMO.xlsx",""
"2026-06-12T02:32:33Z","MZ-001","maize","worldbank","captured","797","","C:\Users\paspo\Documents\Skills\Food-Dashboard\commodity_dashboard\raw_archive\capture\20260612_023233\FAMILY_worldbank_CMO.xlsx",""
"2026-06-12T02:32:33Z","PK-005","aluminium","worldbank","captured","797","","C:\Users\paspo\Documents\Skills\Food-Dashboard\commodity_dashboard\raw_archive\capture\20260612_023233\FAMILY_worldbank_CMO.xlsx",""
"2026-06-12T02:32:33Z","SG-001","raw sugar","worldbank","captured","797","","C:\Users\paspo\Documents\Skills\Food-Dashboard\commodity_dashboard\raw_archive\capture\20260612_023233\FAMILY_worldbank_CMO.xlsx",""
"2026-06-12T02:32:33Z","SG-002","white sugar","worldbank","captured","797","","C:\Users\paspo\Documents\Skills\Food-Dashboard\commodity_dashboard\raw_archive\capture\20260612_023233\FAMILY_worldbank_CMO.xlsx",""
"2026-06-12T02:32:33Z","VO-001","soybean oil","worldbank","captured","797","","C:\Users\paspo\Documents\Skills\Food-Dashboard\commodity_dashboard\raw_archive\capture\20260612_023233\FAMILY_worldbank_CMO.xlsx",""
"2026-06-12T02:32:33Z","VO-002","palm oil","worldbank","captured","797","","C:\Users\paspo\Documents\Skills\Food-Dashboard\commodity_dashboard\raw_archive\capture\20260612_023233\FAMILY_worldbank_CMO.xlsx",""
"2026-06-12T02:32:33Z","VO-003","sunflower oil","worldbank","captured","287","","C:\Users\paspo\Documents\Skills\Food-Dashboard\commodity_dashboard\raw_archive\capture\20260612_023233\FAMILY_worldbank_CMO.xlsx",""
"2026-06-12T02:32:33Z","VO-004","rapeseed oil","worldbank","captured","292","","C:\Users\paspo\Documents\Skills\Food-Dashboard\commodity_dashboard\raw_archive\capture\20260612_023233\FAMILY_worldbank_CMO.xlsx",""
"2026-06-12T02:32:33Z","WH-001","wheat","worldbank","captured","797","","C:\Users\paspo\Documents\Skills\Food-Dashboard\commodity_dashboard\raw_archive\capture\20260612_023233\FAMILY_worldbank_CMO.xlsx",""
"2026-06-12T02:32:33Z","WH-002","wheat","worldbank","captured","562","","C:\Users\paspo\Documents\Skills\Food-Dashboard\commodity_dashboard\raw_archive\capture\20260612_023233\FAMILY_worldbank_CMO.xlsx",""
"2026-06-12T02:32:33Z","FE-006","fertilisers composite","eurostat","captured","136","","C:\Users\paspo\Documents\Skills\Food-Dashboard\commodity_dashboard\raw_archive\capture\20260612_023233\FE-006.json",""
"2026-06-12T02:32:33Z","FE-007","fertilisers composite","eurostat","captured","25","","C:\Users\paspo\Documents\Skills\Food-Dashboard\commodity_dashboard\raw_archive\capture\20260612_023233\FE-007.json",""
"2026-06-12T02:32:33Z","FE-009","agricultural lime","eurostat","captured","136","","C:\Users\paspo\Documents\Skills\Food-Dashboard\commodity_dashboard\raw_archive\capture\20260612_023233\FE-009.json",""
"2026-06-12T02:32:33Z","PK-002","pulp","eurostat","captured","136","","C:\Users\paspo\Documents\Skills\Food-Dashboard\commodity_dashboard\raw_archive\capture\20260612_023233\PK-002.json",""
"2026-06-12T02:32:33Z","PK-004","paper & containerboard","eurostat","captured","136","","C:\Users\paspo\Documents\Skills\Food-Dashboard\commodity_dashboard\raw_archive\capture\20260612_023233\PK-004.json",""
"2026-06-12T02:32:33Z","PK-007","glass","eurostat","captured","136","","C:\Users\paspo\Documents\Skills\Food-Dashboard\commodity_dashboard\raw_archive\capture\20260612_023233\PK-007.json",""
"2026-06-12T02:32:33Z","PK-009","PET/plastics","eurostat","captured","136","","C:\Users\paspo\Documents\Skills\Food-Dashboard\commodity_dashboard\raw_archive\capture\20260612_023233\PK-009.json",""
"2026-06-12T02:32:33Z","DY-001","butter","eu_agrifood","captured","335","","C:\Users\paspo\Documents\Skills\Food-Dashboard\commodity_dashboard\raw_archive\capture\20260612_023233\DY-001.json",""
"2026-06-12T02:32:33Z","DY-002","SMP","eu_agrifood","captured","335","","C:\Users\paspo\Documents\Skills\Food-Dashboard\commodity_dashboard\raw_archive\capture\20260612_023233\DY-002.json",""
"2026-06-12T02:32:33Z","EG-001","eggs","eu_agrifood","captured","231","","C:\Users\paspo\Documents\Skills\Food-Dashboard\commodity_dashboard\raw_archive\capture\20260612_023233\EG-001.json",""
"2026-06-12T02:32:33Z","FE-008","fertilisers composite","eu_agrifood","captured","89","","C:\Users\paspo\Documents\Skills\Food-Dashboard\commodity_dashboard\raw_archive\capture\20260612_023233\FE-008.json",""
"2026-06-12T02:32:33Z","FE-010","fertilisers composite","eu_agrifood","captured","89","","C:\Users\paspo\Documents\Skills\Food-Dashboard\commodity_dashboard\raw_archive\capture\20260612_023233\FE-010.json",""
"2026-06-12T02:32:33Z","FE-011","fertilisers composite","eu_agrifood","captured","89","","C:\Users\paspo\Documents\Skills\Food-Dashboard\commodity_dashboard\raw_archive\capture\20260612_023233\FE-011.json",""
"2026-06-12T02:32:33Z","MZ-002","maize","eu_agrifood","captured","314","","C:\Users\paspo\Documents\Skills\Food-Dashboard\commodity_dashboard\raw_archive\capture\20260612_023233\MZ-002.json",""
"2026-06-12T02:32:33Z","SG-003","white sugar","eu_agrifood","captured","237","","C:\Users\paspo\Documents\Skills\Food-Dashboard\commodity_dashboard\raw_archive\capture\20260612_023233\SG-003.json",""
"2026-06-12T02:32:33Z","VO-005","rapeseed oil","eu_agrifood","captured","237","","C:\Users\paspo\Documents\Skills\Food-Dashboard\commodity_dashboard\raw_archive\capture\20260612_023233\VO-005.json",""
"2026-06-12T02:32:33Z","WH-003","wheat","eu_agrifood","captured","325","","C:\Users\paspo\Documents\Skills\Food-Dashboard\commodity_dashboard\raw_archive\capture\20260612_023233\WH-003.json",""
"2026-06-12T02:32:33Z","IX-001","food composite","fao","captured","437","","C:\Users\paspo\Documents\Skills\Food-Dashboard\commodity_dashboard\raw_archive\capture\20260612_023233\FAMILY_fao_fpi.csv",""
"2026-06-12T02:32:33Z","IX-002","cereals composite","fao","captured","437","","C:\Users\paspo\Documents\Skills\Food-Dashboard\commodity_dashboard\raw_archive\capture\20260612_023233\FAMILY_fao_fpi.csv",""
"2026-06-12T02:32:33Z","IX-003","vegetable oils composite","fao","captured","437","","C:\Users\paspo\Documents\Skills\Food-Dashboard\commodity_dashboard\raw_archive\capture\20260612_023233\FAMILY_fao_fpi.csv",""
"2026-06-12T02:32:33Z","IX-004","dairy composite","fao","captured","437","","C:\Users\paspo\Documents\Skills\Food-Dashboard\commodity_dashboard\raw_archive\capture\20260612_023233\FAMILY_fao_fpi.csv",""
"2026-06-12T02:32:33Z","IX-005","sugar composite","fao","captured","437","","C:\Users\paspo\Documents\Skills\Food-Dashboard\commodity_dashboard\raw_archive\capture\20260612_023233\FAMILY_fao_fpi.csv",""
"2026-06-12T02:32:33Z","EG-002","eggs","fred","not_captured","0","","","probe_status=pending (not proven; e.g. awaiting key)"
"2026-06-12T02:32:33Z","PK-001","pulp","fred","not_captured","0","","","probe_status=pending (not proven; e.g. awaiting key)"
"2026-06-12T02:32:33Z","PK-003","containerboard","fred","not_captured","0","","","probe_status=pending (not proven; e.g. awaiting key)"
"2026-06-12T02:32:33Z","PK-006","glass","fred","not_captured","0","","","probe_status=pending (not proven; e.g. awaiting key)"
"2026-06-12T02:32:33Z","PK-008","PET/plastics","fred","not_captured","0","","","probe_status=pending (not proven; e.g. awaiting key)"
"2026-06-12T02:32:33Z","FC-001","wheat","usda","not_captured","0","","","probe_status=pending (not proven; e.g. awaiting key)"
"2026-06-12T02:32:33Z","FC-002","maize","usda","not_captured","0","","","probe_status=pending (not proven; e.g. awaiting key)"
"2026-06-12T02:32:33Z","FC-003","raw sugar","usda","not_captured","0","","","probe_status=pending (not proven; e.g. awaiting key)"
"2026-06-12T02:32:33Z","CO-002","cocoa","icco","not_captured","0","","","on watchlist (gaps file)"
"2026-06-12T02:32:33Z","CF-003","coffee arabica","ico","not_captured","0","","","on watchlist (gaps file)"
"2026-06-12T02:32:33Z","VO-006","palm oil","mpob","not_captured","0","","","on watchlist (gaps file)"
"2026-06-12T02:32:33Z","CF-004","coffee arabica","licensed_upload","not_captured","0","","","licensed lane: fed by ingest_licensed_uploads.ps1 only"
"2026-06-12T02:32:33Z","CF-005","coffee robusta","licensed_upload","not_captured","0","","","licensed lane: fed by ingest_licensed_uploads.ps1 only"
"2026-06-12T02:32:33Z","CO-003","cocoa","licensed_upload","not_captured","0","","","licensed lane: fed by ingest_licensed_uploads.ps1 only"
"2026-06-12T02:32:33Z","CO-004","cocoa","licensed_upload","not_captured","0","","","licensed lane: fed by ingest_licensed_uploads.ps1 only"
"2026-06-12T02:32:33Z","EN-002","natural gas TTF","licensed_upload","not_captured","0","","","licensed lane: fed by ingest_licensed_uploads.ps1 only"
"2026-06-12T02:32:33Z","MZ-003","maize","licensed_upload","not_captured","0","","","licensed lane: fed by ingest_licensed_uploads.ps1 only"
"2026-06-12T02:32:33Z","MZ-004","maize","licensed_upload","not_captured","0","","","licensed lane: fed by ingest_licensed_uploads.ps1 only"
"2026-06-12T02:32:33Z","SG-004","white sugar","licensed_upload","not_captured","0","","","licensed lane: fed by ingest_licensed_uploads.ps1 only"
"2026-06-12T02:32:33Z","SG-005","raw sugar","licensed_upload","not_captured","0","","","licensed lane: fed by ingest_licensed_uploads.ps1 only"
"2026-06-12T02:32:33Z","WH-004","wheat","licensed_upload","not_captured","0","","","licensed lane: fed by ingest_licensed_uploads.ps1 only"
"2026-06-12T02:32:33Z","WH-005","wheat","licensed_upload","not_captured","0","","","licensed lane: fed by ingest_licensed_uploads.ps1 only"
"2026-06-12T02:35:03Z","CF-001","coffee arabica","worldbank","captured","797","","C:\Users\paspo\Documents\Skills\Food-Dashboard\commodity_dashboard\raw_archive\capture\20260612_023503\FAMILY_worldbank_CMO.xlsx",""
"2026-06-12T02:35:03Z","CF-002","coffee robusta","worldbank","captured","797","","C:\Users\paspo\Documents\Skills\Food-Dashboard\commodity_dashboard\raw_archive\capture\20260612_023503\FAMILY_worldbank_CMO.xlsx",""
"2026-06-12T02:35:03Z","CO-001","cocoa","worldbank","captured","797","","C:\Users\paspo\Documents\Skills\Food-Dashboard\commodity_dashboard\raw_archive\capture\20260612_023503\FAMILY_worldbank_CMO.xlsx",""
"2026-06-12T02:35:03Z","EN-001","natural gas TTF","worldbank","captured","797","","C:\Users\paspo\Documents\Skills\Food-Dashboard\commodity_dashboard\raw_archive\capture\20260612_023503\FAMILY_worldbank_CMO.xlsx",""
"2026-06-12T02:35:03Z","FE-001","urea","worldbank","captured","797","","C:\Users\paspo\Documents\Skills\Food-Dashboard\commodity_dashboard\raw_archive\capture\20260612_023503\FAMILY_worldbank_CMO.xlsx",""
"2026-06-12T02:35:03Z","FE-002","DAP","worldbank","captured","713","","C:\Users\paspo\Documents\Skills\Food-Dashboard\commodity_dashboard\raw_archive\capture\20260612_023503\FAMILY_worldbank_CMO.xlsx",""
"2026-06-12T02:35:03Z","FE-003","TSP","worldbank","captured","797","","C:\Users\paspo\Documents\Skills\Food-Dashboard\commodity_dashboard\raw_archive\capture\20260612_023503\FAMILY_worldbank_CMO.xlsx",""
"2026-06-12T02:35:03Z","FE-004","potash","worldbank","captured","797","","C:\Users\paspo\Documents\Skills\Food-Dashboard\commodity_dashboard\raw_archive\capture\20260612_023503\FAMILY_worldbank_CMO.xlsx",""
"2026-06-12T02:35:03Z","FE-005","phosphate rock","worldbank","captured","796","","C:\Users\paspo\Documents\Skills\Food-Dashboard\commodity_dashboard\raw_archive\capture\20260612_023503\FAMILY_worldbank_CMO.xlsx",""
"2026-06-12T02:35:03Z","MZ-001","maize","worldbank","captured","797","","C:\Users\paspo\Documents\Skills\Food-Dashboard\commodity_dashboard\raw_archive\capture\20260612_023503\FAMILY_worldbank_CMO.xlsx",""
"2026-06-12T02:35:03Z","PK-005","aluminium","worldbank","captured","797","","C:\Users\paspo\Documents\Skills\Food-Dashboard\commodity_dashboard\raw_archive\capture\20260612_023503\FAMILY_worldbank_CMO.xlsx",""
"2026-06-12T02:35:03Z","SG-001","raw sugar","worldbank","captured","797","","C:\Users\paspo\Documents\Skills\Food-Dashboard\commodity_dashboard\raw_archive\capture\20260612_023503\FAMILY_worldbank_CMO.xlsx",""
"2026-06-12T02:35:03Z","SG-002","white sugar","worldbank","captured","797","","C:\Users\paspo\Documents\Skills\Food-Dashboard\commodity_dashboard\raw_archive\capture\20260612_023503\FAMILY_worldbank_CMO.xlsx",""
"2026-06-12T02:35:03Z","VO-001","soybean oil","worldbank","captured","797","","C:\Users\paspo\Documents\Skills\Food-Dashboard\commodity_dashboard\raw_archive\capture\20260612_023503\FAMILY_worldbank_CMO.xlsx",""
"2026-06-12T02:35:03Z","VO-002","palm oil","worldbank","captured","797","","C:\Users\paspo\Documents\Skills\Food-Dashboard\commodity_dashboard\raw_archive\capture\20260612_023503\FAMILY_worldbank_CMO.xlsx",""
"2026-06-12T02:35:03Z","VO-003","sunflower oil","worldbank","captured","287","","C:\Users\paspo\Documents\Skills\Food-Dashboard\commodity_dashboard\raw_archive\capture\20260612_023503\FAMILY_worldbank_CMO.xlsx",""
"2026-06-12T02:35:03Z","VO-004","rapeseed oil","worldbank","captured","292","","C:\Users\paspo\Documents\Skills\Food-Dashboard\commodity_dashboard\raw_archive\capture\20260612_023503\FAMILY_worldbank_CMO.xlsx",""
"2026-06-12T02:35:03Z","WH-001","wheat","worldbank","captured","797","","C:\Users\paspo\Documents\Skills\Food-Dashboard\commodity_dashboard\raw_archive\capture\20260612_023503\FAMILY_worldbank_CMO.xlsx",""
"2026-06-12T02:35:03Z","WH-002","wheat","worldbank","captured","562","","C:\Users\paspo\Documents\Skills\Food-Dashboard\commodity_dashboard\raw_archive\capture\20260612_023503\FAMILY_worldbank_CMO.xlsx",""
"2026-06-12T02:35:03Z","FE-006","fertilisers composite","eurostat","captured","136","","C:\Users\paspo\Documents\Skills\Food-Dashboard\commodity_dashboard\raw_archive\capture\20260612_023503\FE-006.json",""
"2026-06-12T02:35:03Z","FE-007","fertilisers composite","eurostat","captured","25","","C:\Users\paspo\Documents\Skills\Food-Dashboard\commodity_dashboard\raw_archive\capture\20260612_023503\FE-007.json",""
"2026-06-12T02:35:03Z","FE-009","agricultural lime","eurostat","captured","136","","C:\Users\paspo\Documents\Skills\Food-Dashboard\commodity_dashboard\raw_archive\capture\20260612_023503\FE-009.json",""
"2026-06-12T02:35:03Z","PK-002","pulp","eurostat","captured","136","","C:\Users\paspo\Documents\Skills\Food-Dashboard\commodity_dashboard\raw_archive\capture\20260612_023503\PK-002.json",""
"2026-06-12T02:35:03Z","PK-004","paper & containerboard","eurostat","captured","136","","C:\Users\paspo\Documents\Skills\Food-Dashboard\commodity_dashboard\raw_archive\capture\20260612_023503\PK-004.json",""
"2026-06-12T02:35:03Z","PK-007","glass","eurostat","captured","136","","C:\Users\paspo\Documents\Skills\Food-Dashboard\commodity_dashboard\raw_archive\capture\20260612_023503\PK-007.json",""
"2026-06-12T02:35:03Z","PK-009","PET/plastics","eurostat","captured","136","","C:\Users\paspo\Documents\Skills\Food-Dashboard\commodity_dashboard\raw_archive\capture\20260612_023503\PK-009.json",""
"2026-06-12T02:35:03Z","DY-001","butter","eu_agrifood","captured","335","","C:\Users\paspo\Documents\Skills\Food-Dashboard\commodity_dashboard\raw_archive\capture\20260612_023503\DY-001.json",""
"2026-06-12T02:35:03Z","DY-002","SMP","eu_agrifood","captured","335","","C:\Users\paspo\Documents\Skills\Food-Dashboard\commodity_dashboard\raw_archive\capture\20260612_023503\DY-002.json",""
"2026-06-12T02:35:03Z","EG-001","eggs","eu_agrifood","captured","231","","C:\Users\paspo\Documents\Skills\Food-Dashboard\commodity_dashboard\raw_archive\capture\20260612_023503\EG-001.json",""
"2026-06-12T02:35:03Z","FE-008","fertilisers composite","eu_agrifood","captured","89","","C:\Users\paspo\Documents\Skills\Food-Dashboard\commodity_dashboard\raw_archive\capture\20260612_023503\FE-008.json",""
"2026-06-12T02:35:03Z","FE-010","fertilisers composite","eu_agrifood","captured","89","","C:\Users\paspo\Documents\Skills\Food-Dashboard\commodity_dashboard\raw_archive\capture\20260612_023503\FE-010.json",""
"2026-06-12T02:35:03Z","FE-011","fertilisers composite","eu_agrifood","captured","89","","C:\Users\paspo\Documents\Skills\Food-Dashboard\commodity_dashboard\raw_archive\capture\20260612_023503\FE-011.json",""
"2026-06-12T02:35:03Z","MZ-002","maize","eu_agrifood","captured","314","","C:\Users\paspo\Documents\Skills\Food-Dashboard\commodity_dashboard\raw_archive\capture\20260612_023503\MZ-002.json",""
"2026-06-12T02:35:03Z","SG-003","white sugar","eu_agrifood","captured","237","","C:\Users\paspo\Documents\Skills\Food-Dashboard\commodity_dashboard\raw_archive\capture\20260612_023503\SG-003.json",""
"2026-06-12T02:35:03Z","VO-005","rapeseed oil","eu_agrifood","captured","237","","C:\Users\paspo\Documents\Skills\Food-Dashboard\commodity_dashboard\raw_archive\capture\20260612_023503\VO-005.json",""
"2026-06-12T02:35:03Z","WH-003","wheat","eu_agrifood","captured","325","","C:\Users\paspo\Documents\Skills\Food-Dashboard\commodity_dashboard\raw_archive\capture\20260612_023503\WH-003.json",""
"2026-06-12T02:35:03Z","IX-001","food composite","fao","captured","437","","C:\Users\paspo\Documents\Skills\Food-Dashboard\commodity_dashboard\raw_archive\capture\20260612_023503\FAMILY_fao_fpi.csv",""
"2026-06-12T02:35:03Z","IX-002","cereals composite","fao","captured","437","","C:\Users\paspo\Documents\Skills\Food-Dashboard\commodity_dashboard\raw_archive\capture\20260612_023503\FAMILY_fao_fpi.csv",""
"2026-06-12T02:35:03Z","IX-003","vegetable oils composite","fao","captured","437","","C:\Users\paspo\Documents\Skills\Food-Dashboard\commodity_dashboard\raw_archive\capture\20260612_023503\FAMILY_fao_fpi.csv",""
"2026-06-12T02:35:03Z","IX-004","dairy composite","fao","captured","437","","C:\Users\paspo\Documents\Skills\Food-Dashboard\commodity_dashboard\raw_archive\capture\20260612_023503\FAMILY_fao_fpi.csv",""
"2026-06-12T02:35:03Z","IX-005","sugar composite","fao","captured","437","","C:\Users\paspo\Documents\Skills\Food-Dashboard\commodity_dashboard\raw_archive\capture\20260612_023503\FAMILY_fao_fpi.csv",""
"2026-06-12T02:35:03Z","EG-002","eggs","fred","not_captured","0","","","probe_status=pending (not proven; e.g. awaiting key)"
"2026-06-12T02:35:03Z","PK-001","pulp","fred","not_captured","0","","","probe_status=pending (not proven; e.g. awaiting key)"
"2026-06-12T02:35:03Z","PK-003","containerboard","fred","not_captured","0","","","probe_status=pending (not proven; e.g. awaiting key)"
"2026-06-12T02:35:03Z","PK-006","glass","fred","not_captured","0","","","probe_status=pending (not proven; e.g. awaiting key)"
"2026-06-12T02:35:03Z","PK-008","PET/plastics","fred","not_captured","0","","","probe_status=pending (not proven; e.g. awaiting key)"
"2026-06-12T02:35:03Z","FC-001","wheat","usda","not_captured","0","","","probe_status=pending (not proven; e.g. awaiting key)"
"2026-06-12T02:35:03Z","FC-002","maize","usda","not_captured","0","","","probe_status=pending (not proven; e.g. awaiting key)"
"2026-06-12T02:35:03Z","FC-003","raw sugar","usda","not_captured","0","","","probe_status=pending (not proven; e.g. awaiting key)"
"2026-06-12T02:35:03Z","CO-002","cocoa","icco","not_captured","0","","","on watchlist (gaps file)"
"2026-06-12T02:35:03Z","CF-003","coffee arabica","ico","not_captured","0","","","on watchlist (gaps file)"
"2026-06-12T02:35:03Z","VO-006","palm oil","mpob","not_captured","0","","","on watchlist (gaps file)"
"2026-06-12T02:35:03Z","CF-004","coffee arabica","licensed_upload","not_captured","0","","","licensed lane: fed by ingest_licensed_uploads.ps1 only"
"2026-06-12T02:35:03Z","CF-005","coffee robusta","licensed_upload","not_captured","0","","","licensed lane: fed by ingest_licensed_uploads.ps1 only"
"2026-06-12T02:35:03Z","CO-003","cocoa","licensed_upload","not_captured","0","","","licensed lane: fed by ingest_licensed_uploads.ps1 only"
"2026-06-12T02:35:03Z","CO-004","cocoa","licensed_upload","not_captured","0","","","licensed lane: fed by ingest_licensed_uploads.ps1 only"
"2026-06-12T02:35:03Z","EN-002","natural gas TTF","licensed_upload","not_captured","0","","","licensed lane: fed by ingest_licensed_uploads.ps1 only"
"2026-06-12T02:35:03Z","MZ-003","maize","licensed_upload","not_captured","0","","","licensed lane: fed by ingest_licensed_uploads.ps1 only"
"2026-06-12T02:35:03Z","MZ-004","maize","licensed_upload","not_captured","0","","","licensed lane: fed by ingest_licensed_uploads.ps1 only"
"2026-06-12T02:35:03Z","SG-004","white sugar","licensed_upload","not_captured","0","","","licensed lane: fed by ingest_licensed_uploads.ps1 only"
"2026-06-12T02:35:03Z","SG-005","raw sugar","licensed_upload","not_captured","0","","","licensed lane: fed by ingest_licensed_uploads.ps1 only"
"2026-06-12T02:35:03Z","WH-004","wheat","licensed_upload","not_captured","0","","","licensed lane: fed by ingest_licensed_uploads.ps1 only"
"2026-06-12T02:35:03Z","WH-005","wheat","licensed_upload","not_captured","0","","","licensed lane: fed by ingest_licensed_uploads.ps1 only"
"2026-06-28T11:01:04Z","CF-001","coffee arabica","worldbank","captured","797","","C:\Users\paspo\Documents\Skills\Food-Dashboard\commodity_dashboard\raw_archive\capture\20260628_110104\FAMILY_worldbank_CMO.xlsx",""
"2026-06-28T11:01:04Z","CF-002","coffee robusta","worldbank","captured","797","","C:\Users\paspo\Documents\Skills\Food-Dashboard\commodity_dashboard\raw_archive\capture\20260628_110104\FAMILY_worldbank_CMO.xlsx",""
"2026-06-28T11:01:04Z","CO-001","cocoa","worldbank","captured","797","","C:\Users\paspo\Documents\Skills\Food-Dashboard\commodity_dashboard\raw_archive\capture\20260628_110104\FAMILY_worldbank_CMO.xlsx",""
"2026-06-28T11:01:04Z","EN-001","natural gas TTF","worldbank","captured","797","","C:\Users\paspo\Documents\Skills\Food-Dashboard\commodity_dashboard\raw_archive\capture\20260628_110104\FAMILY_worldbank_CMO.xlsx",""
"2026-06-28T11:01:04Z","FE-001","urea","worldbank","captured","797","","C:\Users\paspo\Documents\Skills\Food-Dashboard\commodity_dashboard\raw_archive\capture\20260628_110104\FAMILY_worldbank_CMO.xlsx",""
"2026-06-28T11:01:04Z","FE-002","DAP","worldbank","captured","713","","C:\Users\paspo\Documents\Skills\Food-Dashboard\commodity_dashboard\raw_archive\capture\20260628_110104\FAMILY_worldbank_CMO.xlsx",""
"2026-06-28T11:01:04Z","FE-003","TSP","worldbank","captured","797","","C:\Users\paspo\Documents\Skills\Food-Dashboard\commodity_dashboard\raw_archive\capture\20260628_110104\FAMILY_worldbank_CMO.xlsx",""
"2026-06-28T11:01:04Z","FE-004","potash","worldbank","captured","797","","C:\Users\paspo\Documents\Skills\Food-Dashboard\commodity_dashboard\raw_archive\capture\20260628_110104\FAMILY_worldbank_CMO.xlsx",""
"2026-06-28T11:01:04Z","FE-005","phosphate rock","worldbank","captured","796","","C:\Users\paspo\Documents\Skills\Food-Dashboard\commodity_dashboard\raw_archive\capture\20260628_110104\FAMILY_worldbank_CMO.xlsx",""
"2026-06-28T11:01:04Z","MZ-001","maize","worldbank","captured","797","","C:\Users\paspo\Documents\Skills\Food-Dashboard\commodity_dashboard\raw_archive\capture\20260628_110104\FAMILY_worldbank_CMO.xlsx",""
"2026-06-28T11:01:04Z","PK-005","aluminium","worldbank","captured","797","","C:\Users\paspo\Documents\Skills\Food-Dashboard\commodity_dashboard\raw_archive\capture\20260628_110104\FAMILY_worldbank_CMO.xlsx",""
"2026-06-28T11:01:04Z","SG-001","raw sugar","worldbank","captured","797","","C:\Users\paspo\Documents\Skills\Food-Dashboard\commodity_dashboard\raw_archive\capture\20260628_110104\FAMILY_worldbank_CMO.xlsx",""
"2026-06-28T11:01:04Z","SG-002","white sugar","worldbank","captured","797","","C:\Users\paspo\Documents\Skills\Food-Dashboard\commodity_dashboard\raw_archive\capture\20260628_110104\FAMILY_worldbank_CMO.xlsx",""
"2026-06-28T11:01:04Z","VO-001","soybean oil","worldbank","captured","797","","C:\Users\paspo\Documents\Skills\Food-Dashboard\commodity_dashboard\raw_archive\capture\20260628_110104\FAMILY_worldbank_CMO.xlsx",""
"2026-06-28T11:01:04Z","VO-002","palm oil","worldbank","captured","797","","C:\Users\paspo\Documents\Skills\Food-Dashboard\commodity_dashboard\raw_archive\capture\20260628_110104\FAMILY_worldbank_CMO.xlsx",""
"2026-06-28T11:01:04Z","VO-003","sunflower oil","worldbank","captured","287","","C:\Users\paspo\Documents\Skills\Food-Dashboard\commodity_dashboard\raw_archive\capture\20260628_110104\FAMILY_worldbank_CMO.xlsx",""
"2026-06-28T11:01:04Z","VO-004","rapeseed oil","worldbank","captured","292","","C:\Users\paspo\Documents\Skills\Food-Dashboard\commodity_dashboard\raw_archive\capture\20260628_110104\FAMILY_worldbank_CMO.xlsx",""
"2026-06-28T11:01:04Z","WH-001","wheat","worldbank","captured","797","","C:\Users\paspo\Documents\Skills\Food-Dashboard\commodity_dashboard\raw_archive\capture\20260628_110104\FAMILY_worldbank_CMO.xlsx",""
"2026-06-28T11:01:04Z","WH-002","wheat","worldbank","captured","562","","C:\Users\paspo\Documents\Skills\Food-Dashboard\commodity_dashboard\raw_archive\capture\20260628_110104\FAMILY_worldbank_CMO.xlsx",""
"2026-06-28T11:01:04Z","FE-006","fertilisers composite","eurostat","captured","136","","C:\Users\paspo\Documents\Skills\Food-Dashboard\commodity_dashboard\raw_archive\capture\20260628_110104\FE-006.json",""
"2026-06-28T11:01:04Z","FE-007","fertilisers composite","eurostat","captured","25","","C:\Users\paspo\Documents\Skills\Food-Dashboard\commodity_dashboard\raw_archive\capture\20260628_110104\FE-007.json",""
"2026-06-28T11:01:04Z","FE-009","agricultural lime","eurostat","captured","136","","C:\Users\paspo\Documents\Skills\Food-Dashboard\commodity_dashboard\raw_archive\capture\20260628_110104\FE-009.json",""
"2026-06-28T11:01:04Z","PK-002","pulp","eurostat","captured","136","","C:\Users\paspo\Documents\Skills\Food-Dashboard\commodity_dashboard\raw_archive\capture\20260628_110104\PK-002.json",""
"2026-06-28T11:01:04Z","PK-004","paper & containerboard","eurostat","captured","136","","C:\Users\paspo\Documents\Skills\Food-Dashboard\commodity_dashboard\raw_archive\capture\20260628_110104\PK-004.json",""
"2026-06-28T11:01:04Z","PK-007","glass","eurostat","captured","136","","C:\Users\paspo\Documents\Skills\Food-Dashboard\commodity_dashboard\raw_archive\capture\20260628_110104\PK-007.json",""
"2026-06-28T11:01:04Z","PK-009","PET/plastics","eurostat","captured","136","","C:\Users\paspo\Documents\Skills\Food-Dashboard\commodity_dashboard\raw_archive\capture\20260628_110104\PK-009.json",""
"2026-06-28T11:01:04Z","DY-001","butter","eu_agrifood","captured","337","","C:\Users\paspo\Documents\Skills\Food-Dashboard\commodity_dashboard\raw_archive\capture\20260628_110104\DY-001.json",""
"2026-06-28T11:01:04Z","DY-002","SMP","eu_agrifood","captured","337","","C:\Users\paspo\Documents\Skills\Food-Dashboard\commodity_dashboard\raw_archive\capture\20260628_110104\DY-002.json",""
"2026-06-28T11:01:04Z","EG-001","eggs","eu_agrifood","captured","233","","C:\Users\paspo\Documents\Skills\Food-Dashboard\commodity_dashboard\raw_archive\capture\20260628_110104\EG-001.json",""
"2026-06-28T11:01:04Z","FE-008","fertilisers composite","eu_agrifood","captured","89","","C:\Users\paspo\Documents\Skills\Food-Dashboard\commodity_dashboard\raw_archive\capture\20260628_110104\FE-008.json",""
"2026-06-28T11:01:04Z","FE-010","fertilisers composite","eu_agrifood","captured","89","","C:\Users\paspo\Documents\Skills\Food-Dashboard\commodity_dashboard\raw_archive\capture\20260628_110104\FE-010.json",""
"2026-06-28T11:01:04Z","FE-011","fertilisers composite","eu_agrifood","captured","89","","C:\Users\paspo\Documents\Skills\Food-Dashboard\commodity_dashboard\raw_archive\capture\20260628_110104\FE-011.json",""
"2026-06-28T11:01:04Z","MZ-002","maize","eu_agrifood","captured","315","","C:\Users\paspo\Documents\Skills\Food-Dashboard\commodity_dashboard\raw_archive\capture\20260628_110104\MZ-002.json",""
"2026-06-28T11:01:04Z","SG-003","white sugar","eu_agrifood","captured","237","","C:\Users\paspo\Documents\Skills\Food-Dashboard\commodity_dashboard\raw_archive\capture\20260628_110104\SG-003.json",""
"2026-06-28T11:01:04Z","VO-005","rapeseed oil","eu_agrifood","captured","239","","C:\Users\paspo\Documents\Skills\Food-Dashboard\commodity_dashboard\raw_archive\capture\20260628_110104\VO-005.json",""
"2026-06-28T11:01:04Z","WH-003","wheat","eu_agrifood","captured","327","","C:\Users\paspo\Documents\Skills\Food-Dashboard\commodity_dashboard\raw_archive\capture\20260628_110104\WH-003.json",""
"2026-06-28T11:01:04Z","IX-001","food composite","fao","captured","437","","C:\Users\paspo\Documents\Skills\Food-Dashboard\commodity_dashboard\raw_archive\capture\20260628_110104\FAMILY_fao_fpi.csv",""
"2026-06-28T11:01:04Z","IX-002","cereals composite","fao","captured","437","","C:\Users\paspo\Documents\Skills\Food-Dashboard\commodity_dashboard\raw_archive\capture\20260628_110104\FAMILY_fao_fpi.csv",""
"2026-06-28T11:01:04Z","IX-003","vegetable oils composite","fao","captured","437","","C:\Users\paspo\Documents\Skills\Food-Dashboard\commodity_dashboard\raw_archive\capture\20260628_110104\FAMILY_fao_fpi.csv",""
"2026-06-28T11:01:04Z","IX-004","dairy composite","fao","captured","437","","C:\Users\paspo\Documents\Skills\Food-Dashboard\commodity_dashboard\raw_archive\capture\20260628_110104\FAMILY_fao_fpi.csv",""
"2026-06-28T11:01:04Z","IX-005","sugar composite","fao","captured","437","","C:\Users\paspo\Documents\Skills\Food-Dashboard\commodity_dashboard\raw_archive\capture\20260628_110104\FAMILY_fao_fpi.csv",""
"2026-06-28T11:01:04Z","EG-002","eggs","fred","not_captured","0","","","probe_status=pending (not proven; e.g. awaiting key)"
"2026-06-28T11:01:04Z","PK-001","pulp","fred","not_captured","0","","","probe_status=pending (not proven; e.g. awaiting key)"
"2026-06-28T11:01:04Z","PK-003","containerboard","fred","not_captured","0","","","probe_status=pending (not proven; e.g. awaiting key)"
"2026-06-28T11:01:04Z","PK-006","glass","fred","not_captured","0","","","probe_status=pending (not proven; e.g. awaiting key)"
"2026-06-28T11:01:04Z","PK-008","PET/plastics","fred","not_captured","0","","","probe_status=pending (not proven; e.g. awaiting key)"
"2026-06-28T11:01:04Z","FC-001","wheat","usda","not_captured","0","","","probe_status=pending (not proven; e.g. awaiting key)"
"2026-06-28T11:01:04Z","FC-002","maize","usda","not_captured","0","","","probe_status=pending (not proven; e.g. awaiting key)"
"2026-06-28T11:01:04Z","FC-003","raw sugar","usda","not_captured","0","","","probe_status=pending (not proven; e.g. awaiting key)"
"2026-06-28T11:01:04Z","CO-002","cocoa","icco","not_captured","0","","","on watchlist (gaps file)"
"2026-06-28T11:01:04Z","CF-003","coffee arabica","ico","not_captured","0","","","on watchlist (gaps file)"
"2026-06-28T11:01:04Z","VO-006","palm oil","mpob","not_captured","0","","","on watchlist (gaps file)"
"2026-06-28T11:01:04Z","CF-004","coffee arabica","licensed_upload","not_captured","0","","","licensed lane: fed by ingest_licensed_uploads.ps1 only"
"2026-06-28T11:01:04Z","CF-005","coffee robusta","licensed_upload","not_captured","0","","","licensed lane: fed by ingest_licensed_uploads.ps1 only"
"2026-06-28T11:01:04Z","CO-003","cocoa","licensed_upload","not_captured","0","","","licensed lane: fed by ingest_licensed_uploads.ps1 only"
"2026-06-28T11:01:04Z","CO-004","cocoa","licensed_upload","not_captured","0","","","licensed lane: fed by ingest_licensed_uploads.ps1 only"
"2026-06-28T11:01:04Z","EN-002","natural gas TTF","licensed_upload","not_captured","0","","","licensed lane: fed by ingest_licensed_uploads.ps1 only"
"2026-06-28T11:01:04Z","MZ-003","maize","licensed_upload","not_captured","0","","","licensed lane: fed by ingest_licensed_uploads.ps1 only"
"2026-06-28T11:01:04Z","MZ-004","maize","licensed_upload","not_captured","0","","","licensed lane: fed by ingest_licensed_uploads.ps1 only"
"2026-06-28T11:01:04Z","SG-004","white sugar","licensed_upload","not_captured","0","","","licensed lane: fed by ingest_licensed_uploads.ps1 only"
"2026-06-28T11:01:04Z","SG-005","raw sugar","licensed_upload","not_captured","0","","","licensed lane: fed by ingest_licensed_uploads.ps1 only"
"2026-06-28T11:01:04Z","WH-004","wheat","licensed_upload","not_captured","0","","","licensed lane: fed by ingest_licensed_uploads.ps1 only"
"2026-06-28T11:01:04Z","WH-005","wheat","licensed_upload","not_captured","0","","","licensed lane: fed by ingest_licensed_uploads.ps1 only"
"2026-06-28T13:00:01Z","EN-003","crude oil WTI","eia","captured","2112","","C:\Users\paspo\Documents\Skills\Food-Dashboard\commodity_dashboard\raw_archive\capture\20260628_130001\EN-003.json",""
"2026-06-28T13:00:01Z","EN-004","natural gas Henry Hub","eia","captured","1536","","C:\Users\paspo\Documents\Skills\Food-Dashboard\commodity_dashboard\raw_archive\capture\20260628_130001\EN-004.json",""
"2026-06-28T13:00:01Z","EN-005","diesel","eia","captured","1684","","C:\Users\paspo\Documents\Skills\Food-Dashboard\commodity_dashboard\raw_archive\capture\20260628_130001\EN-005.json",""
"2026-06-28T13:00:01Z","EN-006","gasoline","eia","captured","1734","","C:\Users\paspo\Documents\Skills\Food-Dashboard\commodity_dashboard\raw_archive\capture\20260628_130001\EN-006.json",""
"2026-06-28T13:00:01Z","EN-007","diesel","eu_oil_bulletin","captured","1072","","C:\Users\paspo\Documents\Skills\Food-Dashboard\commodity_dashboard\raw_archive\capture\20260628_130001\FAMILY_euoil.xlsx",""
"2026-06-28T13:00:01Z","EN-008","gasoline","eu_oil_bulletin","captured","1072","","C:\Users\paspo\Documents\Skills\Food-Dashboard\commodity_dashboard\raw_archive\capture\20260628_130001\FAMILY_euoil.xlsx",""
"2026-06-28T13:00:01Z","CF-001","coffee arabica","worldbank","captured","797","","C:\Users\paspo\Documents\Skills\Food-Dashboard\commodity_dashboard\raw_archive\capture\20260628_130001\FAMILY_worldbank_CMO.xlsx",""
"2026-06-28T13:00:01Z","CF-002","coffee robusta","worldbank","captured","797","","C:\Users\paspo\Documents\Skills\Food-Dashboard\commodity_dashboard\raw_archive\capture\20260628_130001\FAMILY_worldbank_CMO.xlsx",""
"2026-06-28T13:00:01Z","CO-001","cocoa","worldbank","captured","797","","C:\Users\paspo\Documents\Skills\Food-Dashboard\commodity_dashboard\raw_archive\capture\20260628_130001\FAMILY_worldbank_CMO.xlsx",""
"2026-06-28T13:00:01Z","EN-001","natural gas","worldbank","captured","797","","C:\Users\paspo\Documents\Skills\Food-Dashboard\commodity_dashboard\raw_archive\capture\20260628_130001\FAMILY_worldbank_CMO.xlsx",""
"2026-06-28T13:00:01Z","EN-009","crude oil Brent","worldbank","captured","797","","C:\Users\paspo\Documents\Skills\Food-Dashboard\commodity_dashboard\raw_archive\capture\20260628_130001\FAMILY_worldbank_CMO.xlsx",""
"2026-06-28T13:00:01Z","EN-010","coal","worldbank","captured","677","","C:\Users\paspo\Documents\Skills\Food-Dashboard\commodity_dashboard\raw_archive\capture\20260628_130001\FAMILY_worldbank_CMO.xlsx",""
"2026-06-28T13:00:01Z","FE-001","urea","worldbank","captured","797","","C:\Users\paspo\Documents\Skills\Food-Dashboard\commodity_dashboard\raw_archive\capture\20260628_130001\FAMILY_worldbank_CMO.xlsx",""
"2026-06-28T13:00:01Z","FE-002","DAP","worldbank","captured","713","","C:\Users\paspo\Documents\Skills\Food-Dashboard\commodity_dashboard\raw_archive\capture\20260628_130001\FAMILY_worldbank_CMO.xlsx",""
"2026-06-28T13:00:01Z","FE-003","TSP","worldbank","captured","797","","C:\Users\paspo\Documents\Skills\Food-Dashboard\commodity_dashboard\raw_archive\capture\20260628_130001\FAMILY_worldbank_CMO.xlsx",""
"2026-06-28T13:00:01Z","FE-004","potash","worldbank","captured","797","","C:\Users\paspo\Documents\Skills\Food-Dashboard\commodity_dashboard\raw_archive\capture\20260628_130001\FAMILY_worldbank_CMO.xlsx",""
"2026-06-28T13:00:01Z","FE-005","phosphate rock","worldbank","captured","796","","C:\Users\paspo\Documents\Skills\Food-Dashboard\commodity_dashboard\raw_archive\capture\20260628_130001\FAMILY_worldbank_CMO.xlsx",""
"2026-06-28T13:00:01Z","MZ-001","maize","worldbank","captured","797","","C:\Users\paspo\Documents\Skills\Food-Dashboard\commodity_dashboard\raw_archive\capture\20260628_130001\FAMILY_worldbank_CMO.xlsx",""
"2026-06-28T13:00:01Z","PK-005","aluminium","worldbank","captured","797","","C:\Users\paspo\Documents\Skills\Food-Dashboard\commodity_dashboard\raw_archive\capture\20260628_130001\FAMILY_worldbank_CMO.xlsx",""
"2026-06-28T13:00:01Z","SG-001","raw sugar","worldbank","captured","797","","C:\Users\paspo\Documents\Skills\Food-Dashboard\commodity_dashboard\raw_archive\capture\20260628_130001\FAMILY_worldbank_CMO.xlsx",""
"2026-06-28T13:00:01Z","SG-002","white sugar","worldbank","captured","797","","C:\Users\paspo\Documents\Skills\Food-Dashboard\commodity_dashboard\raw_archive\capture\20260628_130001\FAMILY_worldbank_CMO.xlsx",""
"2026-06-28T13:00:01Z","VO-001","soybean oil","worldbank","captured","797","","C:\Users\paspo\Documents\Skills\Food-Dashboard\commodity_dashboard\raw_archive\capture\20260628_130001\FAMILY_worldbank_CMO.xlsx",""
"2026-06-28T13:00:01Z","VO-002","palm oil","worldbank","captured","797","","C:\Users\paspo\Documents\Skills\Food-Dashboard\commodity_dashboard\raw_archive\capture\20260628_130001\FAMILY_worldbank_CMO.xlsx",""
"2026-06-28T13:00:01Z","VO-003","sunflower oil","worldbank","captured","287","","C:\Users\paspo\Documents\Skills\Food-Dashboard\commodity_dashboard\raw_archive\capture\20260628_130001\FAMILY_worldbank_CMO.xlsx",""
"2026-06-28T13:00:01Z","VO-004","rapeseed oil","worldbank","captured","292","","C:\Users\paspo\Documents\Skills\Food-Dashboard\commodity_dashboard\raw_archive\capture\20260628_130001\FAMILY_worldbank_CMO.xlsx",""
"2026-06-28T13:00:01Z","WH-001","wheat","worldbank","captured","797","","C:\Users\paspo\Documents\Skills\Food-Dashboard\commodity_dashboard\raw_archive\capture\20260628_130001\FAMILY_worldbank_CMO.xlsx",""
"2026-06-28T13:00:01Z","WH-002","wheat","worldbank","captured","562","","C:\Users\paspo\Documents\Skills\Food-Dashboard\commodity_dashboard\raw_archive\capture\20260628_130001\FAMILY_worldbank_CMO.xlsx",""
"2026-06-28T13:00:01Z","FE-006","fertilisers composite","eurostat","captured","136","","C:\Users\paspo\Documents\Skills\Food-Dashboard\commodity_dashboard\raw_archive\capture\20260628_130001\FE-006.json",""
"2026-06-28T13:00:01Z","FE-007","fertilisers composite","eurostat","captured","25","","C:\Users\paspo\Documents\Skills\Food-Dashboard\commodity_dashboard\raw_archive\capture\20260628_130001\FE-007.json",""
"2026-06-28T13:00:01Z","FE-009","agricultural lime","eurostat","captured","136","","C:\Users\paspo\Documents\Skills\Food-Dashboard\commodity_dashboard\raw_archive\capture\20260628_130001\FE-009.json",""
"2026-06-28T13:00:01Z","FR-005","land freight","eurostat","captured","20","","C:\Users\paspo\Documents\Skills\Food-Dashboard\commodity_dashboard\raw_archive\capture\20260628_130001\FR-005.json",""
"2026-06-28T13:00:01Z","PK-002","pulp","eurostat","captured","136","","C:\Users\paspo\Documents\Skills\Food-Dashboard\commodity_dashboard\raw_archive\capture\20260628_130001\PK-002.json",""
"2026-06-28T13:00:01Z","PK-004","paper & containerboard","eurostat","captured","136","","C:\Users\paspo\Documents\Skills\Food-Dashboard\commodity_dashboard\raw_archive\capture\20260628_130001\PK-004.json",""
"2026-06-28T13:00:01Z","PK-007","glass","eurostat","captured","136","","C:\Users\paspo\Documents\Skills\Food-Dashboard\commodity_dashboard\raw_archive\capture\20260628_130001\PK-007.json",""
"2026-06-28T13:00:01Z","PK-009","PET/plastics","eurostat","captured","136","","C:\Users\paspo\Documents\Skills\Food-Dashboard\commodity_dashboard\raw_archive\capture\20260628_130001\PK-009.json",""
"2026-06-28T13:00:01Z","DY-001","butter","eu_agrifood","captured","337","","C:\Users\paspo\Documents\Skills\Food-Dashboard\commodity_dashboard\raw_archive\capture\20260628_130001\DY-001.json",""
"2026-06-28T13:00:01Z","DY-002","SMP","eu_agrifood","captured","337","","C:\Users\paspo\Documents\Skills\Food-Dashboard\commodity_dashboard\raw_archive\capture\20260628_130001\DY-002.json",""
"2026-06-28T13:00:01Z","EG-001","eggs","eu_agrifood","captured","233","","C:\Users\paspo\Documents\Skills\Food-Dashboard\commodity_dashboard\raw_archive\capture\20260628_130001\EG-001.json",""
"2026-06-28T13:00:01Z","FE-008","fertilisers composite","eu_agrifood","captured","89","","C:\Users\paspo\Documents\Skills\Food-Dashboard\commodity_dashboard\raw_archive\capture\20260628_130001\FE-008.json",""
"2026-06-28T13:00:01Z","FE-010","fertilisers composite","eu_agrifood","captured","89","","C:\Users\paspo\Documents\Skills\Food-Dashboard\commodity_dashboard\raw_archive\capture\20260628_130001\FE-010.json",""
"2026-06-28T13:00:01Z","FE-011","fertilisers composite","eu_agrifood","captured","89","","C:\Users\paspo\Documents\Skills\Food-Dashboard\commodity_dashboard\raw_archive\capture\20260628_130001\FE-011.json",""
"2026-06-28T13:00:01Z","MZ-002","maize","eu_agrifood","captured","315","","C:\Users\paspo\Documents\Skills\Food-Dashboard\commodity_dashboard\raw_archive\capture\20260628_130001\MZ-002.json",""
"2026-06-28T13:00:01Z","SG-003","white sugar","eu_agrifood","captured","237","","C:\Users\paspo\Documents\Skills\Food-Dashboard\commodity_dashboard\raw_archive\capture\20260628_130001\SG-003.json",""
"2026-06-28T13:00:01Z","VO-005","rapeseed oil","eu_agrifood","captured","239","","C:\Users\paspo\Documents\Skills\Food-Dashboard\commodity_dashboard\raw_archive\capture\20260628_130001\VO-005.json",""
"2026-06-28T13:00:01Z","WH-003","wheat","eu_agrifood","captured","327","","C:\Users\paspo\Documents\Skills\Food-Dashboard\commodity_dashboard\raw_archive\capture\20260628_130001\WH-003.json",""
"2026-06-28T13:00:01Z","IX-001","food composite","fao","captured","437","","C:\Users\paspo\Documents\Skills\Food-Dashboard\commodity_dashboard\raw_archive\capture\20260628_130001\FAMILY_fao_fpi.csv",""
"2026-06-28T13:00:01Z","IX-002","cereals composite","fao","captured","437","","C:\Users\paspo\Documents\Skills\Food-Dashboard\commodity_dashboard\raw_archive\capture\20260628_130001\FAMILY_fao_fpi.csv",""
"2026-06-28T13:00:01Z","IX-003","vegetable oils composite","fao","captured","437","","C:\Users\paspo\Documents\Skills\Food-Dashboard\commodity_dashboard\raw_archive\capture\20260628_130001\FAMILY_fao_fpi.csv",""
"2026-06-28T13:00:01Z","IX-004","dairy composite","fao","captured","437","","C:\Users\paspo\Documents\Skills\Food-Dashboard\commodity_dashboard\raw_archive\capture\20260628_130001\FAMILY_fao_fpi.csv",""
"2026-06-28T13:00:01Z","IX-005","sugar composite","fao","captured","437","","C:\Users\paspo\Documents\Skills\Food-Dashboard\commodity_dashboard\raw_archive\capture\20260628_130001\FAMILY_fao_fpi.csv",""
"2026-06-28T13:00:01Z","EG-002","eggs","fred","captured","136","","C:\Users\paspo\Documents\Skills\Food-Dashboard\commodity_dashboard\raw_archive\capture\20260628_130001\EG-002.json",""
"2026-06-28T13:00:01Z","FR-001","trucking volume","fred","captured","135","","C:\Users\paspo\Documents\Skills\Food-Dashboard\commodity_dashboard\raw_archive\capture\20260628_130001\FR-001.json",""
"2026-06-28T13:00:01Z","FR-002","trucking rates","fred","captured","137","","C:\Users\paspo\Documents\Skills\Food-Dashboard\commodity_dashboard\raw_archive\capture\20260628_130001\FR-002.json",""
"2026-06-28T13:00:01Z","FR-003","rail freight","fred","captured","137","","C:\Users\paspo\Documents\Skills\Food-Dashboard\commodity_dashboard\raw_archive\capture\20260628_130001\FR-003.json",""
"2026-06-28T13:00:01Z","FR-004","ocean freight","fred","captured","137","","C:\Users\paspo\Documents\Skills\Food-Dashboard\commodity_dashboard\raw_archive\capture\20260628_130001\FR-004.json",""
"2026-06-28T13:00:01Z","PK-001","pulp","fred","captured","137","","C:\Users\paspo\Documents\Skills\Food-Dashboard\commodity_dashboard\raw_archive\capture\20260628_130001\PK-001.json",""
"2026-06-28T13:00:01Z","PK-003","containerboard","fred","captured","137","","C:\Users\paspo\Documents\Skills\Food-Dashboard\commodity_dashboard\raw_archive\capture\20260628_130001\PK-003.json",""
"2026-06-28T13:00:01Z","PK-006","glass","fred","captured","137","","C:\Users\paspo\Documents\Skills\Food-Dashboard\commodity_dashboard\raw_archive\capture\20260628_130001\PK-006.json",""
"2026-06-28T13:00:01Z","PK-008","PET/plastics","fred","captured","137","","C:\Users\paspo\Documents\Skills\Food-Dashboard\commodity_dashboard\raw_archive\capture\20260628_130001\PK-008.json",""
"2026-06-28T13:00:01Z","CO-002","cocoa","icco","not_captured","0","","","on watchlist (gaps file)"
"2026-06-28T13:00:01Z","CF-003","coffee arabica","ico","not_captured","0","","","on watchlist (gaps file)"
"2026-06-28T13:00:01Z","VO-006","palm oil","mpob","not_captured","0","","","on watchlist (gaps file)"
"2026-06-28T13:08:58Z","EN-003","crude oil WTI","eia","captured","2112","","C:\Users\paspo\Documents\Skills\Food-Dashboard\commodity_dashboard\raw_archive\capture\20260628_130858\EN-003.json",""
"2026-06-28T13:08:58Z","EN-004","natural gas Henry Hub","eia","captured","1536","","C:\Users\paspo\Documents\Skills\Food-Dashboard\commodity_dashboard\raw_archive\capture\20260628_130858\EN-004.json",""
"2026-06-28T13:08:58Z","EN-005","diesel","eia","captured","1684","","C:\Users\paspo\Documents\Skills\Food-Dashboard\commodity_dashboard\raw_archive\capture\20260628_130858\EN-005.json",""
"2026-06-28T13:08:58Z","EN-006","gasoline","eia","captured","1734","","C:\Users\paspo\Documents\Skills\Food-Dashboard\commodity_dashboard\raw_archive\capture\20260628_130858\EN-006.json",""
"2026-06-28T13:08:58Z","EN-007","diesel","eu_oil_bulletin","captured","1072","","C:\Users\paspo\Documents\Skills\Food-Dashboard\commodity_dashboard\raw_archive\capture\20260628_130858\FAMILY_euoil.xlsx",""
"2026-06-28T13:08:58Z","EN-008","gasoline","eu_oil_bulletin","captured","1072","","C:\Users\paspo\Documents\Skills\Food-Dashboard\commodity_dashboard\raw_archive\capture\20260628_130858\FAMILY_euoil.xlsx",""
"2026-06-28T13:08:58Z","CF-001","coffee arabica","worldbank","captured","797","","C:\Users\paspo\Documents\Skills\Food-Dashboard\commodity_dashboard\raw_archive\capture\20260628_130858\FAMILY_worldbank_CMO.xlsx",""
"2026-06-28T13:08:58Z","CF-002","coffee robusta","worldbank","captured","797","","C:\Users\paspo\Documents\Skills\Food-Dashboard\commodity_dashboard\raw_archive\capture\20260628_130858\FAMILY_worldbank_CMO.xlsx",""
"2026-06-28T13:08:58Z","CO-001","cocoa","worldbank","captured","797","","C:\Users\paspo\Documents\Skills\Food-Dashboard\commodity_dashboard\raw_archive\capture\20260628_130858\FAMILY_worldbank_CMO.xlsx",""
"2026-06-28T13:08:58Z","EN-001","natural gas","worldbank","captured","797","","C:\Users\paspo\Documents\Skills\Food-Dashboard\commodity_dashboard\raw_archive\capture\20260628_130858\FAMILY_worldbank_CMO.xlsx",""
"2026-06-28T13:08:58Z","EN-009","crude oil Brent","worldbank","captured","797","","C:\Users\paspo\Documents\Skills\Food-Dashboard\commodity_dashboard\raw_archive\capture\20260628_130858\FAMILY_worldbank_CMO.xlsx",""
"2026-06-28T13:08:58Z","EN-010","coal","worldbank","captured","677","","C:\Users\paspo\Documents\Skills\Food-Dashboard\commodity_dashboard\raw_archive\capture\20260628_130858\FAMILY_worldbank_CMO.xlsx",""
"2026-06-28T13:08:58Z","FE-001","urea","worldbank","captured","797","","C:\Users\paspo\Documents\Skills\Food-Dashboard\commodity_dashboard\raw_archive\capture\20260628_130858\FAMILY_worldbank_CMO.xlsx",""
"2026-06-28T13:08:58Z","FE-002","DAP","worldbank","captured","713","","C:\Users\paspo\Documents\Skills\Food-Dashboard\commodity_dashboard\raw_archive\capture\20260628_130858\FAMILY_worldbank_CMO.xlsx",""
"2026-06-28T13:08:58Z","FE-003","TSP","worldbank","captured","797","","C:\Users\paspo\Documents\Skills\Food-Dashboard\commodity_dashboard\raw_archive\capture\20260628_130858\FAMILY_worldbank_CMO.xlsx",""
"2026-06-28T13:08:58Z","FE-004","potash","worldbank","captured","797","","C:\Users\paspo\Documents\Skills\Food-Dashboard\commodity_dashboard\raw_archive\capture\20260628_130858\FAMILY_worldbank_CMO.xlsx",""
"2026-06-28T13:08:58Z","FE-005","phosphate rock","worldbank","captured","796","","C:\Users\paspo\Documents\Skills\Food-Dashboard\commodity_dashboard\raw_archive\capture\20260628_130858\FAMILY_worldbank_CMO.xlsx",""
"2026-06-28T13:08:58Z","MZ-001","maize","worldbank","captured","797","","C:\Users\paspo\Documents\Skills\Food-Dashboard\commodity_dashboard\raw_archive\capture\20260628_130858\FAMILY_worldbank_CMO.xlsx",""
"2026-06-28T13:08:58Z","PK-005","aluminium","worldbank","captured","797","","C:\Users\paspo\Documents\Skills\Food-Dashboard\commodity_dashboard\raw_archive\capture\20260628_130858\FAMILY_worldbank_CMO.xlsx",""
"2026-06-28T13:08:58Z","SG-001","raw sugar","worldbank","captured","797","","C:\Users\paspo\Documents\Skills\Food-Dashboard\commodity_dashboard\raw_archive\capture\20260628_130858\FAMILY_worldbank_CMO.xlsx",""
"2026-06-28T13:08:58Z","SG-002","white sugar","worldbank","captured","797","","C:\Users\paspo\Documents\Skills\Food-Dashboard\commodity_dashboard\raw_archive\capture\20260628_130858\FAMILY_worldbank_CMO.xlsx",""
"2026-06-28T13:08:58Z","VO-001","soybean oil","worldbank","captured","797","","C:\Users\paspo\Documents\Skills\Food-Dashboard\commodity_dashboard\raw_archive\capture\20260628_130858\FAMILY_worldbank_CMO.xlsx",""
"2026-06-28T13:08:58Z","VO-002","palm oil","worldbank","captured","797","","C:\Users\paspo\Documents\Skills\Food-Dashboard\commodity_dashboard\raw_archive\capture\20260628_130858\FAMILY_worldbank_CMO.xlsx",""
"2026-06-28T13:08:58Z","VO-003","sunflower oil","worldbank","captured","287","","C:\Users\paspo\Documents\Skills\Food-Dashboard\commodity_dashboard\raw_archive\capture\20260628_130858\FAMILY_worldbank_CMO.xlsx",""
"2026-06-28T13:08:58Z","VO-004","rapeseed oil","worldbank","captured","292","","C:\Users\paspo\Documents\Skills\Food-Dashboard\commodity_dashboard\raw_archive\capture\20260628_130858\FAMILY_worldbank_CMO.xlsx",""
"2026-06-28T13:08:58Z","WH-001","wheat","worldbank","captured","797","","C:\Users\paspo\Documents\Skills\Food-Dashboard\commodity_dashboard\raw_archive\capture\20260628_130858\FAMILY_worldbank_CMO.xlsx",""
"2026-06-28T13:08:58Z","WH-002","wheat","worldbank","captured","562","","C:\Users\paspo\Documents\Skills\Food-Dashboard\commodity_dashboard\raw_archive\capture\20260628_130858\FAMILY_worldbank_CMO.xlsx",""
"2026-06-28T13:08:58Z","FE-006","fertilisers composite","eurostat","captured","136","","C:\Users\paspo\Documents\Skills\Food-Dashboard\commodity_dashboard\raw_archive\capture\20260628_130858\FE-006.json",""
"2026-06-28T13:08:58Z","FE-007","fertilisers composite","eurostat","captured","25","","C:\Users\paspo\Documents\Skills\Food-Dashboard\commodity_dashboard\raw_archive\capture\20260628_130858\FE-007.json",""
"2026-06-28T13:08:58Z","FE-009","agricultural lime","eurostat","captured","136","","C:\Users\paspo\Documents\Skills\Food-Dashboard\commodity_dashboard\raw_archive\capture\20260628_130858\FE-009.json",""
"2026-06-28T13:08:58Z","FR-005","land freight","eurostat","captured","20","","C:\Users\paspo\Documents\Skills\Food-Dashboard\commodity_dashboard\raw_archive\capture\20260628_130858\FR-005.json",""
"2026-06-28T13:08:58Z","PK-002","pulp","eurostat","captured","136","","C:\Users\paspo\Documents\Skills\Food-Dashboard\commodity_dashboard\raw_archive\capture\20260628_130858\PK-002.json",""
"2026-06-28T13:08:58Z","PK-004","paper & containerboard","eurostat","captured","136","","C:\Users\paspo\Documents\Skills\Food-Dashboard\commodity_dashboard\raw_archive\capture\20260628_130858\PK-004.json",""
"2026-06-28T13:08:58Z","PK-007","glass","eurostat","captured","136","","C:\Users\paspo\Documents\Skills\Food-Dashboard\commodity_dashboard\raw_archive\capture\20260628_130858\PK-007.json",""
"2026-06-28T13:08:58Z","PK-009","PET/plastics","eurostat","captured","136","","C:\Users\paspo\Documents\Skills\Food-Dashboard\commodity_dashboard\raw_archive\capture\20260628_130858\PK-009.json",""
"2026-06-28T13:08:58Z","DY-001","butter","eu_agrifood","captured","337","","C:\Users\paspo\Documents\Skills\Food-Dashboard\commodity_dashboard\raw_archive\capture\20260628_130858\DY-001.json",""
"2026-06-28T13:08:58Z","DY-002","SMP","eu_agrifood","captured","337","","C:\Users\paspo\Documents\Skills\Food-Dashboard\commodity_dashboard\raw_archive\capture\20260628_130858\DY-002.json",""
"2026-06-28T13:08:58Z","EG-001","eggs","eu_agrifood","captured","233","","C:\Users\paspo\Documents\Skills\Food-Dashboard\commodity_dashboard\raw_archive\capture\20260628_130858\EG-001.json",""
"2026-06-28T13:08:58Z","FE-008","fertilisers composite","eu_agrifood","captured","89","","C:\Users\paspo\Documents\Skills\Food-Dashboard\commodity_dashboard\raw_archive\capture\20260628_130858\FE-008.json",""
"2026-06-28T13:08:58Z","FE-010","fertilisers composite","eu_agrifood","captured","89","","C:\Users\paspo\Documents\Skills\Food-Dashboard\commodity_dashboard\raw_archive\capture\20260628_130858\FE-010.json",""
"2026-06-28T13:08:58Z","FE-011","fertilisers composite","eu_agrifood","captured","89","","C:\Users\paspo\Documents\Skills\Food-Dashboard\commodity_dashboard\raw_archive\capture\20260628_130858\FE-011.json",""
"2026-06-28T13:08:58Z","MZ-002","maize","eu_agrifood","captured","315","","C:\Users\paspo\Documents\Skills\Food-Dashboard\commodity_dashboard\raw_archive\capture\20260628_130858\MZ-002.json",""
"2026-06-28T13:08:58Z","SG-003","white sugar","eu_agrifood","captured","237","","C:\Users\paspo\Documents\Skills\Food-Dashboard\commodity_dashboard\raw_archive\capture\20260628_130858\SG-003.json",""
"2026-06-28T13:08:58Z","VO-005","rapeseed oil","eu_agrifood","captured","239","","C:\Users\paspo\Documents\Skills\Food-Dashboard\commodity_dashboard\raw_archive\capture\20260628_130858\VO-005.json",""
"2026-06-28T13:08:58Z","WH-003","wheat","eu_agrifood","captured","327","","C:\Users\paspo\Documents\Skills\Food-Dashboard\commodity_dashboard\raw_archive\capture\20260628_130858\WH-003.json",""
"2026-06-28T13:08:58Z","IX-001","food composite","fao","captured","437","","C:\Users\paspo\Documents\Skills\Food-Dashboard\commodity_dashboard\raw_archive\capture\20260628_130858\FAMILY_fao_fpi.csv",""
"2026-06-28T13:08:58Z","IX-002","cereals composite","fao","captured","437","","C:\Users\paspo\Documents\Skills\Food-Dashboard\commodity_dashboard\raw_archive\capture\20260628_130858\FAMILY_fao_fpi.csv",""
"2026-06-28T13:08:58Z","IX-003","vegetable oils composite","fao","captured","437","","C:\Users\paspo\Documents\Skills\Food-Dashboard\commodity_dashboard\raw_archive\capture\20260628_130858\FAMILY_fao_fpi.csv",""
"2026-06-28T13:08:58Z","IX-004","dairy composite","fao","captured","437","","C:\Users\paspo\Documents\Skills\Food-Dashboard\commodity_dashboard\raw_archive\capture\20260628_130858\FAMILY_fao_fpi.csv",""
"2026-06-28T13:08:58Z","IX-005","sugar composite","fao","captured","437","","C:\Users\paspo\Documents\Skills\Food-Dashboard\commodity_dashboard\raw_archive\capture\20260628_130858\FAMILY_fao_fpi.csv",""
"2026-06-28T13:08:58Z","EG-002","eggs","fred","captured","136","","C:\Users\paspo\Documents\Skills\Food-Dashboard\commodity_dashboard\raw_archive\capture\20260628_130858\EG-002.json",""
"2026-06-28T13:08:58Z","FR-001","trucking volume","fred","captured","135","","C:\Users\paspo\Documents\Skills\Food-Dashboard\commodity_dashboard\raw_archive\capture\20260628_130858\FR-001.json",""
"2026-06-28T13:08:58Z","FR-002","trucking rates","fred","captured","137","","C:\Users\paspo\Documents\Skills\Food-Dashboard\commodity_dashboard\raw_archive\capture\20260628_130858\FR-002.json",""
"2026-06-28T13:08:58Z","FR-003","rail freight","fred","captured","137","","C:\Users\paspo\Documents\Skills\Food-Dashboard\commodity_dashboard\raw_archive\capture\20260628_130858\FR-003.json",""
"2026-06-28T13:08:58Z","FR-004","ocean freight","fred","captured","137","","C:\Users\paspo\Documents\Skills\Food-Dashboard\commodity_dashboard\raw_archive\capture\20260628_130858\FR-004.json",""
"2026-06-28T13:08:58Z","PK-001","pulp","fred","captured","137","","C:\Users\paspo\Documents\Skills\Food-Dashboard\commodity_dashboard\raw_archive\capture\20260628_130858\PK-001.json",""
"2026-06-28T13:08:58Z","PK-003","containerboard","fred","captured","137","","C:\Users\paspo\Documents\Skills\Food-Dashboard\commodity_dashboard\raw_archive\capture\20260628_130858\PK-003.json",""
"2026-06-28T13:08:58Z","PK-006","glass","fred","captured","137","","C:\Users\paspo\Documents\Skills\Food-Dashboard\commodity_dashboard\raw_archive\capture\20260628_130858\PK-006.json",""
"2026-06-28T13:08:58Z","PK-008","PET/plastics","fred","captured","137","","C:\Users\paspo\Documents\Skills\Food-Dashboard\commodity_dashboard\raw_archive\capture\20260628_130858\PK-008.json",""
"2026-06-28T13:08:58Z","CO-002","cocoa","icco","not_captured","0","","","on watchlist (gaps file)"
"2026-06-28T13:08:58Z","CF-003","coffee arabica","ico","not_captured","0","","","on watchlist (gaps file)"
"2026-06-28T13:08:58Z","VO-006","palm oil","mpob","not_captured","0","","","on watchlist (gaps file)"
"2026-06-28T14:12:03Z","EN-003","crude oil WTI","eia","captured","2112","","C:\Users\paspo\Documents\Skills\Food-Dashboard\commodity_dashboard\raw_archive\capture\20260628_141203\EN-003.json",""
"2026-06-28T14:12:03Z","EN-004","natural gas Henry Hub","eia","captured","1536","","C:\Users\paspo\Documents\Skills\Food-Dashboard\commodity_dashboard\raw_archive\capture\20260628_141203\EN-004.json",""
"2026-06-28T14:12:03Z","EN-005","diesel","eia","captured","1684","","C:\Users\paspo\Documents\Skills\Food-Dashboard\commodity_dashboard\raw_archive\capture\20260628_141203\EN-005.json",""
"2026-06-28T14:12:03Z","EN-006","gasoline","eia","captured","1734","","C:\Users\paspo\Documents\Skills\Food-Dashboard\commodity_dashboard\raw_archive\capture\20260628_141203\EN-006.json",""
"2026-06-28T14:12:03Z","EN-007","diesel","eu_oil_bulletin","captured","1072","","C:\Users\paspo\Documents\Skills\Food-Dashboard\commodity_dashboard\raw_archive\capture\20260628_141203\FAMILY_euoil.xlsx",""
"2026-06-28T14:12:03Z","EN-008","gasoline","eu_oil_bulletin","captured","1072","","C:\Users\paspo\Documents\Skills\Food-Dashboard\commodity_dashboard\raw_archive\capture\20260628_141203\FAMILY_euoil.xlsx",""
"2026-06-28T14:12:03Z","CF-001","coffee arabica","worldbank","captured","797","","C:\Users\paspo\Documents\Skills\Food-Dashboard\commodity_dashboard\raw_archive\capture\20260628_141203\FAMILY_worldbank_CMO.xlsx",""
"2026-06-28T14:12:03Z","CF-002","coffee robusta","worldbank","captured","797","","C:\Users\paspo\Documents\Skills\Food-Dashboard\commodity_dashboard\raw_archive\capture\20260628_141203\FAMILY_worldbank_CMO.xlsx",""
"2026-06-28T14:12:03Z","CO-001","cocoa","worldbank","captured","797","","C:\Users\paspo\Documents\Skills\Food-Dashboard\commodity_dashboard\raw_archive\capture\20260628_141203\FAMILY_worldbank_CMO.xlsx",""
"2026-06-28T14:12:03Z","EN-001","natural gas","worldbank","captured","797","","C:\Users\paspo\Documents\Skills\Food-Dashboard\commodity_dashboard\raw_archive\capture\20260628_141203\FAMILY_worldbank_CMO.xlsx",""
"2026-06-28T14:12:03Z","EN-009","crude oil Brent","worldbank","captured","797","","C:\Users\paspo\Documents\Skills\Food-Dashboard\commodity_dashboard\raw_archive\capture\20260628_141203\FAMILY_worldbank_CMO.xlsx",""
"2026-06-28T14:12:03Z","EN-010","coal","worldbank","captured","677","","C:\Users\paspo\Documents\Skills\Food-Dashboard\commodity_dashboard\raw_archive\capture\20260628_141203\FAMILY_worldbank_CMO.xlsx",""
"2026-06-28T14:12:03Z","FE-001","urea","worldbank","captured","797","","C:\Users\paspo\Documents\Skills\Food-Dashboard\commodity_dashboard\raw_archive\capture\20260628_141203\FAMILY_worldbank_CMO.xlsx",""
"2026-06-28T14:12:03Z","FE-002","DAP","worldbank","captured","713","","C:\Users\paspo\Documents\Skills\Food-Dashboard\commodity_dashboard\raw_archive\capture\20260628_141203\FAMILY_worldbank_CMO.xlsx",""
"2026-06-28T14:12:03Z","FE-003","TSP","worldbank","captured","797","","C:\Users\paspo\Documents\Skills\Food-Dashboard\commodity_dashboard\raw_archive\capture\20260628_141203\FAMILY_worldbank_CMO.xlsx",""
"2026-06-28T14:12:03Z","FE-004","potash","worldbank","captured","797","","C:\Users\paspo\Documents\Skills\Food-Dashboard\commodity_dashboard\raw_archive\capture\20260628_141203\FAMILY_worldbank_CMO.xlsx",""
"2026-06-28T14:12:03Z","FE-005","phosphate rock","worldbank","captured","796","","C:\Users\paspo\Documents\Skills\Food-Dashboard\commodity_dashboard\raw_archive\capture\20260628_141203\FAMILY_worldbank_CMO.xlsx",""
"2026-06-28T14:12:03Z","MZ-001","maize","worldbank","captured","797","","C:\Users\paspo\Documents\Skills\Food-Dashboard\commodity_dashboard\raw_archive\capture\20260628_141203\FAMILY_worldbank_CMO.xlsx",""
"2026-06-28T14:12:03Z","PK-005","aluminium","worldbank","captured","797","","C:\Users\paspo\Documents\Skills\Food-Dashboard\commodity_dashboard\raw_archive\capture\20260628_141203\FAMILY_worldbank_CMO.xlsx",""
"2026-06-28T14:12:03Z","SG-001","raw sugar","worldbank","captured","797","","C:\Users\paspo\Documents\Skills\Food-Dashboard\commodity_dashboard\raw_archive\capture\20260628_141203\FAMILY_worldbank_CMO.xlsx",""
"2026-06-28T14:12:03Z","SG-002","white sugar","worldbank","captured","797","","C:\Users\paspo\Documents\Skills\Food-Dashboard\commodity_dashboard\raw_archive\capture\20260628_141203\FAMILY_worldbank_CMO.xlsx",""
"2026-06-28T14:12:03Z","VO-001","soybean oil","worldbank","captured","797","","C:\Users\paspo\Documents\Skills\Food-Dashboard\commodity_dashboard\raw_archive\capture\20260628_141203\FAMILY_worldbank_CMO.xlsx",""
"2026-06-28T14:12:03Z","VO-002","palm oil","worldbank","captured","797","","C:\Users\paspo\Documents\Skills\Food-Dashboard\commodity_dashboard\raw_archive\capture\20260628_141203\FAMILY_worldbank_CMO.xlsx",""
"2026-06-28T14:12:03Z","VO-003","sunflower oil","worldbank","captured","287","","C:\Users\paspo\Documents\Skills\Food-Dashboard\commodity_dashboard\raw_archive\capture\20260628_141203\FAMILY_worldbank_CMO.xlsx",""
"2026-06-28T14:12:03Z","VO-004","rapeseed oil","worldbank","captured","292","","C:\Users\paspo\Documents\Skills\Food-Dashboard\commodity_dashboard\raw_archive\capture\20260628_141203\FAMILY_worldbank_CMO.xlsx",""
"2026-06-28T14:12:03Z","WH-001","wheat","worldbank","captured","797","","C:\Users\paspo\Documents\Skills\Food-Dashboard\commodity_dashboard\raw_archive\capture\20260628_141203\FAMILY_worldbank_CMO.xlsx",""
"2026-06-28T14:12:03Z","WH-002","wheat","worldbank","captured","562","","C:\Users\paspo\Documents\Skills\Food-Dashboard\commodity_dashboard\raw_archive\capture\20260628_141203\FAMILY_worldbank_CMO.xlsx",""
"2026-06-28T14:12:03Z","FE-006","fertilisers composite","eurostat","captured","136","","C:\Users\paspo\Documents\Skills\Food-Dashboard\commodity_dashboard\raw_archive\capture\20260628_141203\FE-006.json",""
"2026-06-28T14:12:03Z","FE-007","fertilisers composite","eurostat","captured","25","","C:\Users\paspo\Documents\Skills\Food-Dashboard\commodity_dashboard\raw_archive\capture\20260628_141203\FE-007.json",""
"2026-06-28T14:12:03Z","FE-009","agricultural lime","eurostat","captured","136","","C:\Users\paspo\Documents\Skills\Food-Dashboard\commodity_dashboard\raw_archive\capture\20260628_141203\FE-009.json",""
"2026-06-28T14:12:03Z","FR-005","land freight","eurostat","captured","20","","C:\Users\paspo\Documents\Skills\Food-Dashboard\commodity_dashboard\raw_archive\capture\20260628_141203\FR-005.json",""
"2026-06-28T14:12:03Z","PK-002","pulp","eurostat","captured","136","","C:\Users\paspo\Documents\Skills\Food-Dashboard\commodity_dashboard\raw_archive\capture\20260628_141203\PK-002.json",""
"2026-06-28T14:12:03Z","PK-004","paper & containerboard","eurostat","captured","136","","C:\Users\paspo\Documents\Skills\Food-Dashboard\commodity_dashboard\raw_archive\capture\20260628_141203\PK-004.json",""
"2026-06-28T14:12:03Z","PK-007","glass","eurostat","captured","136","","C:\Users\paspo\Documents\Skills\Food-Dashboard\commodity_dashboard\raw_archive\capture\20260628_141203\PK-007.json",""
"2026-06-28T14:12:03Z","PK-009","PET/plastics","eurostat","captured","136","","C:\Users\paspo\Documents\Skills\Food-Dashboard\commodity_dashboard\raw_archive\capture\20260628_141203\PK-009.json",""
"2026-06-28T14:12:03Z","DY-001","butter","eu_agrifood","captured","337","","C:\Users\paspo\Documents\Skills\Food-Dashboard\commodity_dashboard\raw_archive\capture\20260628_141203\DY-001.json",""
"2026-06-28T14:12:03Z","DY-002","SMP","eu_agrifood","captured","337","","C:\Users\paspo\Documents\Skills\Food-Dashboard\commodity_dashboard\raw_archive\capture\20260628_141203\DY-002.json",""
"2026-06-28T14:12:03Z","EG-001","eggs","eu_agrifood","captured","233","","C:\Users\paspo\Documents\Skills\Food-Dashboard\commodity_dashboard\raw_archive\capture\20260628_141203\EG-001.json",""
"2026-06-28T14:12:03Z","FE-008","fertilisers composite","eu_agrifood","captured","89","","C:\Users\paspo\Documents\Skills\Food-Dashboard\commodity_dashboard\raw_archive\capture\20260628_141203\FE-008.json",""
"2026-06-28T14:12:03Z","FE-010","fertilisers composite","eu_agrifood","captured","89","","C:\Users\paspo\Documents\Skills\Food-Dashboard\commodity_dashboard\raw_archive\capture\20260628_141203\FE-010.json",""
"2026-06-28T14:12:03Z","FE-011","fertilisers composite","eu_agrifood","captured","89","","C:\Users\paspo\Documents\Skills\Food-Dashboard\commodity_dashboard\raw_archive\capture\20260628_141203\FE-011.json",""
"2026-06-28T14:12:03Z","MZ-002","maize","eu_agrifood","captured","315","","C:\Users\paspo\Documents\Skills\Food-Dashboard\commodity_dashboard\raw_archive\capture\20260628_141203\MZ-002.json",""
"2026-06-28T14:12:03Z","SG-003","white sugar","eu_agrifood","captured","237","","C:\Users\paspo\Documents\Skills\Food-Dashboard\commodity_dashboard\raw_archive\capture\20260628_141203\SG-003.json",""
"2026-06-28T14:12:03Z","VO-005","rapeseed oil","eu_agrifood","captured","239","","C:\Users\paspo\Documents\Skills\Food-Dashboard\commodity_dashboard\raw_archive\capture\20260628_141203\VO-005.json",""
"2026-06-28T14:12:03Z","WH-003","wheat","eu_agrifood","captured","327","","C:\Users\paspo\Documents\Skills\Food-Dashboard\commodity_dashboard\raw_archive\capture\20260628_141203\WH-003.json",""
"2026-06-28T14:12:03Z","IX-001","food composite","fao","captured","437","","C:\Users\paspo\Documents\Skills\Food-Dashboard\commodity_dashboard\raw_archive\capture\20260628_141203\FAMILY_fao_fpi.csv",""
"2026-06-28T14:12:03Z","IX-002","cereals composite","fao","captured","437","","C:\Users\paspo\Documents\Skills\Food-Dashboard\commodity_dashboard\raw_archive\capture\20260628_141203\FAMILY_fao_fpi.csv",""
"2026-06-28T14:12:03Z","IX-003","vegetable oils composite","fao","captured","437","","C:\Users\paspo\Documents\Skills\Food-Dashboard\commodity_dashboard\raw_archive\capture\20260628_141203\FAMILY_fao_fpi.csv",""
"2026-06-28T14:12:03Z","IX-004","dairy composite","fao","captured","437","","C:\Users\paspo\Documents\Skills\Food-Dashboard\commodity_dashboard\raw_archive\capture\20260628_141203\FAMILY_fao_fpi.csv",""
"2026-06-28T14:12:03Z","IX-005","sugar composite","fao","captured","437","","C:\Users\paspo\Documents\Skills\Food-Dashboard\commodity_dashboard\raw_archive\capture\20260628_141203\FAMILY_fao_fpi.csv",""
"2026-06-28T14:12:03Z","EG-002","eggs","fred","captured","136","","C:\Users\paspo\Documents\Skills\Food-Dashboard\commodity_dashboard\raw_archive\capture\20260628_141203\EG-002.json",""
"2026-06-28T14:12:03Z","FR-001","trucking volume","fred","captured","135","","C:\Users\paspo\Documents\Skills\Food-Dashboard\commodity_dashboard\raw_archive\capture\20260628_141203\FR-001.json",""
"2026-06-28T14:12:03Z","FR-002","trucking rates","fred","captured","137","","C:\Users\paspo\Documents\Skills\Food-Dashboard\commodity_dashboard\raw_archive\capture\20260628_141203\FR-002.json",""
"2026-06-28T14:12:03Z","FR-003","rail freight","fred","captured","137","","C:\Users\paspo\Documents\Skills\Food-Dashboard\commodity_dashboard\raw_archive\capture\20260628_141203\FR-003.json",""
"2026-06-28T14:12:03Z","FR-004","ocean freight","fred","captured","137","","C:\Users\paspo\Documents\Skills\Food-Dashboard\commodity_dashboard\raw_archive\capture\20260628_141203\FR-004.json",""
"2026-06-28T14:12:03Z","PK-001","pulp","fred","captured","137","","C:\Users\paspo\Documents\Skills\Food-Dashboard\commodity_dashboard\raw_archive\capture\20260628_141203\PK-001.json",""
"2026-06-28T14:12:03Z","PK-003","containerboard","fred","captured","137","","C:\Users\paspo\Documents\Skills\Food-Dashboard\commodity_dashboard\raw_archive\capture\20260628_141203\PK-003.json",""
"2026-06-28T14:12:03Z","PK-006","glass","fred","captured","137","","C:\Users\paspo\Documents\Skills\Food-Dashboard\commodity_dashboard\raw_archive\capture\20260628_141203\PK-006.json",""
"2026-06-28T14:12:03Z","PK-008","PET/plastics","fred","captured","137","","C:\Users\paspo\Documents\Skills\Food-Dashboard\commodity_dashboard\raw_archive\capture\20260628_141203\PK-008.json",""
"2026-06-28T14:12:03Z","CO-002","cocoa","icco","not_captured","0","","","on watchlist (gaps file)"
"2026-06-28T14:12:03Z","CF-003","coffee arabica","ico","not_captured","0","","","on watchlist (gaps file)"
"2026-06-28T14:12:03Z","VO-006","palm oil","mpob","not_captured","0","","","on watchlist (gaps file)"
"2026-06-28T14:42:40Z","EN-003","crude oil WTI","eia","kept_prior","0","kept-prior","","EIA_API_KEY absent"
"2026-06-28T14:42:40Z","EN-004","natural gas Henry Hub","eia","kept_prior","0","kept-prior","","EIA_API_KEY absent"
"2026-06-28T14:42:40Z","EN-005","diesel","eia","kept_prior","0","kept-prior","","EIA_API_KEY absent"
"2026-06-28T14:42:40Z","EN-006","gasoline","eia","kept_prior","0","kept-prior","","EIA_API_KEY absent"
"2026-06-28T14:42:40Z","EN-007","diesel","eu_oil_bulletin","captured","1072","","D:\a\food-dashboard\food-dashboard\commodity_dashboard\raw_archive\capture\20260628_144240\FAMILY_euoil.xlsx",""
"2026-06-28T14:42:40Z","EN-008","gasoline","eu_oil_bulletin","captured","1072","","D:\a\food-dashboard\food-dashboard\commodity_dashboard\raw_archive\capture\20260628_144240\FAMILY_euoil.xlsx",""
"2026-06-28T14:42:40Z","CF-001","coffee arabica","worldbank","captured","797","","D:\a\food-dashboard\food-dashboard\commodity_dashboard\raw_archive\capture\20260628_144240\FAMILY_worldbank_CMO.xlsx",""
"2026-06-28T14:42:40Z","CF-002","coffee robusta","worldbank","captured","797","","D:\a\food-dashboard\food-dashboard\commodity_dashboard\raw_archive\capture\20260628_144240\FAMILY_worldbank_CMO.xlsx",""
"2026-06-28T14:42:40Z","CO-001","cocoa","worldbank","captured","797","","D:\a\food-dashboard\food-dashboard\commodity_dashboard\raw_archive\capture\20260628_144240\FAMILY_worldbank_CMO.xlsx",""
"2026-06-28T14:42:40Z","EN-001","natural gas","worldbank","captured","797","","D:\a\food-dashboard\food-dashboard\commodity_dashboard\raw_archive\capture\20260628_144240\FAMILY_worldbank_CMO.xlsx",""
"2026-06-28T14:42:40Z","EN-009","crude oil Brent","worldbank","captured","797","","D:\a\food-dashboard\food-dashboard\commodity_dashboard\raw_archive\capture\20260628_144240\FAMILY_worldbank_CMO.xlsx",""
"2026-06-28T14:42:40Z","EN-010","coal","worldbank","captured","677","","D:\a\food-dashboard\food-dashboard\commodity_dashboard\raw_archive\capture\20260628_144240\FAMILY_worldbank_CMO.xlsx",""
"2026-06-28T14:42:40Z","FE-001","urea","worldbank","captured","797","","D:\a\food-dashboard\food-dashboard\commodity_dashboard\raw_archive\capture\20260628_144240\FAMILY_worldbank_CMO.xlsx",""
"2026-06-28T14:42:40Z","FE-002","DAP","worldbank","captured","713","","D:\a\food-dashboard\food-dashboard\commodity_dashboard\raw_archive\capture\20260628_144240\FAMILY_worldbank_CMO.xlsx",""
"2026-06-28T14:42:40Z","FE-003","TSP","worldbank","captured","797","","D:\a\food-dashboard\food-dashboard\commodity_dashboard\raw_archive\capture\20260628_144240\FAMILY_worldbank_CMO.xlsx",""
"2026-06-28T14:42:40Z","FE-004","potash","worldbank","captured","797","","D:\a\food-dashboard\food-dashboard\commodity_dashboard\raw_archive\capture\20260628_144240\FAMILY_worldbank_CMO.xlsx",""
"2026-06-28T14:42:40Z","FE-005","phosphate rock","worldbank","captured","796","","D:\a\food-dashboard\food-dashboard\commodity_dashboard\raw_archive\capture\20260628_144240\FAMILY_worldbank_CMO.xlsx",""
"2026-06-28T14:42:40Z","MZ-001","maize","worldbank","captured","797","","D:\a\food-dashboard\food-dashboard\commodity_dashboard\raw_archive\capture\20260628_144240\FAMILY_worldbank_CMO.xlsx",""
"2026-06-28T14:42:40Z","PK-005","aluminium","worldbank","captured","797","","D:\a\food-dashboard\food-dashboard\commodity_dashboard\raw_archive\capture\20260628_144240\FAMILY_worldbank_CMO.xlsx",""
"2026-06-28T14:42:40Z","SG-001","raw sugar","worldbank","captured","797","","D:\a\food-dashboard\food-dashboard\commodity_dashboard\raw_archive\capture\20260628_144240\FAMILY_worldbank_CMO.xlsx",""
"2026-06-28T14:42:40Z","SG-002","white sugar","worldbank","captured","797","","D:\a\food-dashboard\food-dashboard\commodity_dashboard\raw_archive\capture\20260628_144240\FAMILY_worldbank_CMO.xlsx",""
"2026-06-28T14:42:40Z","VO-001","soybean oil","worldbank","captured","797","","D:\a\food-dashboard\food-dashboard\commodity_dashboard\raw_archive\capture\20260628_144240\FAMILY_worldbank_CMO.xlsx",""
"2026-06-28T14:42:40Z","VO-002","palm oil","worldbank","captured","797","","D:\a\food-dashboard\food-dashboard\commodity_dashboard\raw_archive\capture\20260628_144240\FAMILY_worldbank_CMO.xlsx",""
"2026-06-28T14:42:40Z","VO-003","sunflower oil","worldbank","captured","287","","D:\a\food-dashboard\food-dashboard\commodity_dashboard\raw_archive\capture\20260628_144240\FAMILY_worldbank_CMO.xlsx",""
"2026-06-28T14:42:40Z","VO-004","rapeseed oil","worldbank","captured","292","","D:\a\food-dashboard\food-dashboard\commodity_dashboard\raw_archive\capture\20260628_144240\FAMILY_worldbank_CMO.xlsx",""
"2026-06-28T14:42:40Z","WH-001","wheat","worldbank","captured","797","","D:\a\food-dashboard\food-dashboard\commodity_dashboard\raw_archive\capture\20260628_144240\FAMILY_worldbank_CMO.xlsx",""
"2026-06-28T14:42:40Z","WH-002","wheat","worldbank","captured","562","","D:\a\food-dashboard\food-dashboard\commodity_dashboard\raw_archive\capture\20260628_144240\FAMILY_worldbank_CMO.xlsx",""
"2026-06-28T14:42:40Z","FE-006","fertilisers composite","eurostat","captured","136","","D:\a\food-dashboard\food-dashboard\commodity_dashboard\raw_archive\capture\20260628_144240\FE-006.json",""
"2026-06-28T14:42:40Z","FE-007","fertilisers composite","eurostat","captured","25","","D:\a\food-dashboard\food-dashboard\commodity_dashboard\raw_archive\capture\20260628_144240\FE-007.json",""
"2026-06-28T14:42:40Z","FE-009","agricultural lime","eurostat","captured","136","","D:\a\food-dashboard\food-dashboard\commodity_dashboard\raw_archive\capture\20260628_144240\FE-009.json",""
"2026-06-28T14:42:40Z","FR-005","land freight","eurostat","captured","20","","D:\a\food-dashboard\food-dashboard\commodity_dashboard\raw_archive\capture\20260628_144240\FR-005.json",""
"2026-06-28T14:42:40Z","PK-002","pulp","eurostat","captured","136","","D:\a\food-dashboard\food-dashboard\commodity_dashboard\raw_archive\capture\20260628_144240\PK-002.json",""
"2026-06-28T14:42:40Z","PK-004","paper & containerboard","eurostat","captured","136","","D:\a\food-dashboard\food-dashboard\commodity_dashboard\raw_archive\capture\20260628_144240\PK-004.json",""
"2026-06-28T14:42:40Z","PK-007","glass","eurostat","captured","136","","D:\a\food-dashboard\food-dashboard\commodity_dashboard\raw_archive\capture\20260628_144240\PK-007.json",""
"2026-06-28T14:42:40Z","PK-009","PET/plastics","eurostat","captured","136","","D:\a\food-dashboard\food-dashboard\commodity_dashboard\raw_archive\capture\20260628_144240\PK-009.json",""
"2026-06-28T14:42:40Z","DY-001","butter","eu_agrifood","captured","337","","D:\a\food-dashboard\food-dashboard\commodity_dashboard\raw_archive\capture\20260628_144240\DY-001.json",""
"2026-06-28T14:42:40Z","DY-002","SMP","eu_agrifood","captured","337","","D:\a\food-dashboard\food-dashboard\commodity_dashboard\raw_archive\capture\20260628_144240\DY-002.json",""
"2026-06-28T14:42:40Z","EG-001","eggs","eu_agrifood","captured","233","","D:\a\food-dashboard\food-dashboard\commodity_dashboard\raw_archive\capture\20260628_144240\EG-001.json",""
"2026-06-28T14:42:40Z","FE-008","fertilisers composite","eu_agrifood","captured","89","","D:\a\food-dashboard\food-dashboard\commodity_dashboard\raw_archive\capture\20260628_144240\FE-008.json",""
"2026-06-28T14:42:40Z","FE-010","fertilisers composite","eu_agrifood","captured","89","","D:\a\food-dashboard\food-dashboard\commodity_dashboard\raw_archive\capture\20260628_144240\FE-010.json",""
"2026-06-28T14:42:40Z","FE-011","fertilisers composite","eu_agrifood","captured","89","","D:\a\food-dashboard\food-dashboard\commodity_dashboard\raw_archive\capture\20260628_144240\FE-011.json",""
"2026-06-28T14:42:40Z","MZ-002","maize","eu_agrifood","captured","315","","D:\a\food-dashboard\food-dashboard\commodity_dashboard\raw_archive\capture\20260628_144240\MZ-002.json",""
"2026-06-28T14:42:40Z","SG-003","white sugar","eu_agrifood","captured","237","","D:\a\food-dashboard\food-dashboard\commodity_dashboard\raw_archive\capture\20260628_144240\SG-003.json",""
"2026-06-28T14:42:40Z","VO-005","rapeseed oil","eu_agrifood","captured","239","","D:\a\food-dashboard\food-dashboard\commodity_dashboard\raw_archive\capture\20260628_144240\VO-005.json",""
"2026-06-28T14:42:40Z","WH-003","wheat","eu_agrifood","captured","327","","D:\a\food-dashboard\food-dashboard\commodity_dashboard\raw_archive\capture\20260628_144240\WH-003.json",""
"2026-06-28T14:42:40Z","IX-001","food composite","fao","captured","437","","D:\a\food-dashboard\food-dashboard\commodity_dashboard\raw_archive\capture\20260628_144240\FAMILY_fao_fpi.csv",""
"2026-06-28T14:42:40Z","IX-002","cereals composite","fao","captured","437","","D:\a\food-dashboard\food-dashboard\commodity_dashboard\raw_archive\capture\20260628_144240\FAMILY_fao_fpi.csv",""
"2026-06-28T14:42:40Z","IX-003","vegetable oils composite","fao","captured","437","","D:\a\food-dashboard\food-dashboard\commodity_dashboard\raw_archive\capture\20260628_144240\FAMILY_fao_fpi.csv",""
"2026-06-28T14:42:40Z","IX-004","dairy composite","fao","captured","437","","D:\a\food-dashboard\food-dashboard\commodity_dashboard\raw_archive\capture\20260628_144240\FAMILY_fao_fpi.csv",""
"2026-06-28T14:42:40Z","IX-005","sugar composite","fao","captured","437","","D:\a\food-dashboard\food-dashboard\commodity_dashboard\raw_archive\capture\20260628_144240\FAMILY_fao_fpi.csv",""
"2026-06-28T14:42:40Z","EG-002","eggs","fred","captured","136","","D:\a\food-dashboard\food-dashboard\commodity_dashboard\raw_archive\capture\20260628_144240\EG-002.json",""
"2026-06-28T14:42:40Z","FR-001","trucking volume","fred","captured","135","","D:\a\food-dashboard\food-dashboard\commodity_dashboard\raw_archive\capture\20260628_144240\FR-001.json",""
"2026-06-28T14:42:40Z","FR-002","trucking rates","fred","captured","137","","D:\a\food-dashboard\food-dashboard\commodity_dashboard\raw_archive\capture\20260628_144240\FR-002.json",""
"2026-06-28T14:42:40Z","FR-003","rail freight","fred","captured","137","","D:\a\food-dashboard\food-dashboard\commodity_dashboard\raw_archive\capture\20260628_144240\FR-003.json",""
"2026-06-28T14:42:40Z","FR-004","ocean freight","fred","captured","137","","D:\a\food-dashboard\food-dashboard\commodity_dashboard\raw_archive\capture\20260628_144240\FR-004.json",""
"2026-06-28T14:42:40Z","PK-001","pulp","fred","captured","137","","D:\a\food-dashboard\food-dashboard\commodity_dashboard\raw_archive\capture\20260628_144240\PK-001.json",""
"2026-06-28T14:42:40Z","PK-003","containerboard","fred","captured","137","","D:\a\food-dashboard\food-dashboard\commodity_dashboard\raw_archive\capture\20260628_144240\PK-003.json",""
"2026-06-28T14:42:40Z","PK-006","glass","fred","captured","137","","D:\a\food-dashboard\food-dashboard\commodity_dashboard\raw_archive\capture\20260628_144240\PK-006.json",""
"2026-06-28T14:42:40Z","PK-008","PET/plastics","fred","captured","137","","D:\a\food-dashboard\food-dashboard\commodity_dashboard\raw_archive\capture\20260628_144240\PK-008.json",""
"2026-06-28T14:42:40Z","CO-002","cocoa","icco","not_captured","0","","","on watchlist (gaps file)"
"2026-06-28T14:42:40Z","CF-003","coffee arabica","ico","not_captured","0","","","on watchlist (gaps file)"
"2026-06-28T14:42:40Z","VO-006","palm oil","mpob","not_captured","0","","","on watchlist (gaps file)"
"2026-06-28T15:18:17Z","EN-003","crude oil WTI","eia","kept_prior","0","kept-prior","","EIA_API_KEY absent"
"2026-06-28T15:18:17Z","EN-004","natural gas Henry Hub","eia","kept_prior","0","kept-prior","","EIA_API_KEY absent"
"2026-06-28T15:18:17Z","EN-005","diesel","eia","kept_prior","0","kept-prior","","EIA_API_KEY absent"
"2026-06-28T15:18:17Z","EN-006","gasoline","eia","kept_prior","0","kept-prior","","EIA_API_KEY absent"
"2026-06-28T15:18:17Z","EN-007","diesel","eu_oil_bulletin","captured","1072","","D:\a\food-dashboard\food-dashboard\commodity_dashboard\raw_archive\capture\20260628_151817\FAMILY_euoil.xlsx",""
"2026-06-28T15:18:17Z","EN-008","gasoline","eu_oil_bulletin","captured","1072","","D:\a\food-dashboard\food-dashboard\commodity_dashboard\raw_archive\capture\20260628_151817\FAMILY_euoil.xlsx",""
"2026-06-28T15:18:17Z","CF-001","coffee arabica","worldbank","captured","797","","D:\a\food-dashboard\food-dashboard\commodity_dashboard\raw_archive\capture\20260628_151817\FAMILY_worldbank_CMO.xlsx",""
"2026-06-28T15:18:17Z","CF-002","coffee robusta","worldbank","captured","797","","D:\a\food-dashboard\food-dashboard\commodity_dashboard\raw_archive\capture\20260628_151817\FAMILY_worldbank_CMO.xlsx",""
"2026-06-28T15:18:17Z","CO-001","cocoa","worldbank","captured","797","","D:\a\food-dashboard\food-dashboard\commodity_dashboard\raw_archive\capture\20260628_151817\FAMILY_worldbank_CMO.xlsx",""
"2026-06-28T15:18:17Z","EN-001","natural gas","worldbank","captured","797","","D:\a\food-dashboard\food-dashboard\commodity_dashboard\raw_archive\capture\20260628_151817\FAMILY_worldbank_CMO.xlsx",""
"2026-06-28T15:18:17Z","EN-009","crude oil Brent","worldbank","captured","797","","D:\a\food-dashboard\food-dashboard\commodity_dashboard\raw_archive\capture\20260628_151817\FAMILY_worldbank_CMO.xlsx",""
"2026-06-28T15:18:17Z","EN-010","coal","worldbank","captured","677","","D:\a\food-dashboard\food-dashboard\commodity_dashboard\raw_archive\capture\20260628_151817\FAMILY_worldbank_CMO.xlsx",""
"2026-06-28T15:18:17Z","FE-001","urea","worldbank","captured","797","","D:\a\food-dashboard\food-dashboard\commodity_dashboard\raw_archive\capture\20260628_151817\FAMILY_worldbank_CMO.xlsx",""
"2026-06-28T15:18:17Z","FE-002","DAP","worldbank","captured","713","","D:\a\food-dashboard\food-dashboard\commodity_dashboard\raw_archive\capture\20260628_151817\FAMILY_worldbank_CMO.xlsx",""
"2026-06-28T15:18:17Z","FE-003","TSP","worldbank","captured","797","","D:\a\food-dashboard\food-dashboard\commodity_dashboard\raw_archive\capture\20260628_151817\FAMILY_worldbank_CMO.xlsx",""
"2026-06-28T15:18:17Z","FE-004","potash","worldbank","captured","797","","D:\a\food-dashboard\food-dashboard\commodity_dashboard\raw_archive\capture\20260628_151817\FAMILY_worldbank_CMO.xlsx",""
"2026-06-28T15:18:17Z","FE-005","phosphate rock","worldbank","captured","796","","D:\a\food-dashboard\food-dashboard\commodity_dashboard\raw_archive\capture\20260628_151817\FAMILY_worldbank_CMO.xlsx",""
"2026-06-28T15:18:17Z","MZ-001","maize","worldbank","captured","797","","D:\a\food-dashboard\food-dashboard\commodity_dashboard\raw_archive\capture\20260628_151817\FAMILY_worldbank_CMO.xlsx",""
"2026-06-28T15:18:17Z","PK-005","aluminium","worldbank","captured","797","","D:\a\food-dashboard\food-dashboard\commodity_dashboard\raw_archive\capture\20260628_151817\FAMILY_worldbank_CMO.xlsx",""
"2026-06-28T15:18:17Z","SG-001","raw sugar","worldbank","captured","797","","D:\a\food-dashboard\food-dashboard\commodity_dashboard\raw_archive\capture\20260628_151817\FAMILY_worldbank_CMO.xlsx",""
"2026-06-28T15:18:17Z","SG-002","white sugar","worldbank","captured","797","","D:\a\food-dashboard\food-dashboard\commodity_dashboard\raw_archive\capture\20260628_151817\FAMILY_worldbank_CMO.xlsx",""
"2026-06-28T15:18:17Z","VO-001","soybean oil","worldbank","captured","797","","D:\a\food-dashboard\food-dashboard\commodity_dashboard\raw_archive\capture\20260628_151817\FAMILY_worldbank_CMO.xlsx",""
"2026-06-28T15:18:17Z","VO-002","palm oil","worldbank","captured","797","","D:\a\food-dashboard\food-dashboard\commodity_dashboard\raw_archive\capture\20260628_151817\FAMILY_worldbank_CMO.xlsx",""
"2026-06-28T15:18:17Z","VO-003","sunflower oil","worldbank","captured","287","","D:\a\food-dashboard\food-dashboard\commodity_dashboard\raw_archive\capture\20260628_151817\FAMILY_worldbank_CMO.xlsx",""
"2026-06-28T15:18:17Z","VO-004","rapeseed oil","worldbank","captured","292","","D:\a\food-dashboard\food-dashboard\commodity_dashboard\raw_archive\capture\20260628_151817\FAMILY_worldbank_CMO.xlsx",""
"2026-06-28T15:18:17Z","WH-001","wheat","worldbank","captured","797","","D:\a\food-dashboard\food-dashboard\commodity_dashboard\raw_archive\capture\20260628_151817\FAMILY_worldbank_CMO.xlsx",""
"2026-06-28T15:18:17Z","WH-002","wheat","worldbank","captured","562","","D:\a\food-dashboard\food-dashboard\commodity_dashboard\raw_archive\capture\20260628_151817\FAMILY_worldbank_CMO.xlsx",""
"2026-06-28T15:18:17Z","FE-006","fertilisers composite","eurostat","captured","136","","D:\a\food-dashboard\food-dashboard\commodity_dashboard\raw_archive\capture\20260628_151817\FE-006.json",""
"2026-06-28T15:18:17Z","FE-007","fertilisers composite","eurostat","captured","25","","D:\a\food-dashboard\food-dashboard\commodity_dashboard\raw_archive\capture\20260628_151817\FE-007.json",""
"2026-06-28T15:18:17Z","FE-009","agricultural lime","eurostat","captured","136","","D:\a\food-dashboard\food-dashboard\commodity_dashboard\raw_archive\capture\20260628_151817\FE-009.json",""
"2026-06-28T15:18:17Z","FR-005","land freight","eurostat","captured","20","","D:\a\food-dashboard\food-dashboard\commodity_dashboard\raw_archive\capture\20260628_151817\FR-005.json",""
"2026-06-28T15:18:17Z","PK-002","pulp","eurostat","captured","136","","D:\a\food-dashboard\food-dashboard\commodity_dashboard\raw_archive\capture\20260628_151817\PK-002.json",""
"2026-06-28T15:18:17Z","PK-004","paper & containerboard","eurostat","captured","136","","D:\a\food-dashboard\food-dashboard\commodity_dashboard\raw_archive\capture\20260628_151817\PK-004.json",""
"2026-06-28T15:18:17Z","PK-007","glass","eurostat","captured","136","","D:\a\food-dashboard\food-dashboard\commodity_dashboard\raw_archive\capture\20260628_151817\PK-007.json",""
"2026-06-28T15:18:17Z","PK-009","PET/plastics","eurostat","captured","136","","D:\a\food-dashboard\food-dashboard\commodity_dashboard\raw_archive\capture\20260628_151817\PK-009.json",""
"2026-06-28T15:18:17Z","DY-001","butter","eu_agrifood","captured","337","","D:\a\food-dashboard\food-dashboard\commodity_dashboard\raw_archive\capture\20260628_151817\DY-001.json",""
"2026-06-28T15:18:17Z","DY-002","SMP","eu_agrifood","captured","337","","D:\a\food-dashboard\food-dashboard\commodity_dashboard\raw_archive\capture\20260628_151817\DY-002.json",""
"2026-06-28T15:18:17Z","EG-001","eggs","eu_agrifood","captured","233","","D:\a\food-dashboard\food-dashboard\commodity_dashboard\raw_archive\capture\20260628_151817\EG-001.json",""
"2026-06-28T15:18:17Z","FE-008","fertilisers composite","eu_agrifood","captured","89","","D:\a\food-dashboard\food-dashboard\commodity_dashboard\raw_archive\capture\20260628_151817\FE-008.json",""
"2026-06-28T15:18:17Z","FE-010","fertilisers composite","eu_agrifood","captured","89","","D:\a\food-dashboard\food-dashboard\commodity_dashboard\raw_archive\capture\20260628_151817\FE-010.json",""
"2026-06-28T15:18:17Z","FE-011","fertilisers composite","eu_agrifood","captured","89","","D:\a\food-dashboard\food-dashboard\commodity_dashboard\raw_archive\capture\20260628_151817\FE-011.json",""
"2026-06-28T15:18:17Z","MZ-002","maize","eu_agrifood","captured","315","","D:\a\food-dashboard\food-dashboard\commodity_dashboard\raw_archive\capture\20260628_151817\MZ-002.json",""
"2026-06-28T15:18:17Z","SG-003","white sugar","eu_agrifood","captured","237","","D:\a\food-dashboard\food-dashboard\commodity_dashboard\raw_archive\capture\20260628_151817\SG-003.json",""
"2026-06-28T15:18:17Z","VO-005","rapeseed oil","eu_agrifood","captured","239","","D:\a\food-dashboard\food-dashboard\commodity_dashboard\raw_archive\capture\20260628_151817\VO-005.json",""
"2026-06-28T15:18:17Z","WH-003","wheat","eu_agrifood","captured","327","","D:\a\food-dashboard\food-dashboard\commodity_dashboard\raw_archive\capture\20260628_151817\WH-003.json",""
"2026-06-28T15:18:17Z","IX-001","food composite","fao","captured","437","","D:\a\food-dashboard\food-dashboard\commodity_dashboard\raw_archive\capture\20260628_151817\FAMILY_fao_fpi.csv",""
"2026-06-28T15:18:17Z","IX-002","cereals composite","fao","captured","437","","D:\a\food-dashboard\food-dashboard\commodity_dashboard\raw_archive\capture\20260628_151817\FAMILY_fao_fpi.csv",""
"2026-06-28T15:18:17Z","IX-003","vegetable oils composite","fao","captured","437","","D:\a\food-dashboard\food-dashboard\commodity_dashboard\raw_archive\capture\20260628_151817\FAMILY_fao_fpi.csv",""
"2026-06-28T15:18:17Z","IX-004","dairy composite","fao","captured","437","","D:\a\food-dashboard\food-dashboard\commodity_dashboard\raw_archive\capture\20260628_151817\FAMILY_fao_fpi.csv",""
"2026-06-28T15:18:17Z","IX-005","sugar composite","fao","captured","437","","D:\a\food-dashboard\food-dashboard\commodity_dashboard\raw_archive\capture\20260628_151817\FAMILY_fao_fpi.csv",""
"2026-06-28T15:18:17Z","EG-002","eggs","fred","captured","136","","D:\a\food-dashboard\food-dashboard\commodity_dashboard\raw_archive\capture\20260628_151817\EG-002.json",""
"2026-06-28T15:18:17Z","FR-001","trucking volume","fred","captured","135","","D:\a\food-dashboard\food-dashboard\commodity_dashboard\raw_archive\capture\20260628_151817\FR-001.json",""
"2026-06-28T15:18:17Z","FR-002","trucking rates","fred","captured","137","","D:\a\food-dashboard\food-dashboard\commodity_dashboard\raw_archive\capture\20260628_151817\FR-002.json",""
"2026-06-28T15:18:17Z","FR-003","rail freight","fred","captured","137","","D:\a\food-dashboard\food-dashboard\commodity_dashboard\raw_archive\capture\20260628_151817\FR-003.json",""
"2026-06-28T15:18:17Z","FR-004","ocean freight","fred","captured","137","","D:\a\food-dashboard\food-dashboard\commodity_dashboard\raw_archive\capture\20260628_151817\FR-004.json",""
"2026-06-28T15:18:17Z","PK-001","pulp","fred","captured","137","","D:\a\food-dashboard\food-dashboard\commodity_dashboard\raw_archive\capture\20260628_151817\PK-001.json",""
"2026-06-28T15:18:17Z","PK-003","containerboard","fred","captured","137","","D:\a\food-dashboard\food-dashboard\commodity_dashboard\raw_archive\capture\20260628_151817\PK-003.json",""
"2026-06-28T15:18:17Z","PK-006","glass","fred","captured","137","","D:\a\food-dashboard\food-dashboard\commodity_dashboard\raw_archive\capture\20260628_151817\PK-006.json",""
"2026-06-28T15:18:17Z","PK-008","PET/plastics","fred","captured","137","","D:\a\food-dashboard\food-dashboard\commodity_dashboard\raw_archive\capture\20260628_151817\PK-008.json",""
"2026-06-28T15:18:17Z","CO-002","cocoa","icco","not_captured","0","","","on watchlist (gaps file)"
"2026-06-28T15:18:17Z","CF-003","coffee arabica","ico","not_captured","0","","","on watchlist (gaps file)"
"2026-06-28T15:18:17Z","VO-006","palm oil","mpob","not_captured","0","","","on watchlist (gaps file)"
"2026-06-28T15:28:59Z","EN-003","crude oil WTI","eia","captured","2112","","D:\a\food-dashboard\food-dashboard\commodity_dashboard\raw_archive\capture\20260628_152859\EN-003.json",""
"2026-06-28T15:28:59Z","EN-004","natural gas Henry Hub","eia","captured","1536","","D:\a\food-dashboard\food-dashboard\commodity_dashboard\raw_archive\capture\20260628_152859\EN-004.json",""
"2026-06-28T15:28:59Z","EN-005","diesel","eia","captured","1684","","D:\a\food-dashboard\food-dashboard\commodity_dashboard\raw_archive\capture\20260628_152859\EN-005.json",""
"2026-06-28T15:28:59Z","EN-006","gasoline","eia","captured","1734","","D:\a\food-dashboard\food-dashboard\commodity_dashboard\raw_archive\capture\20260628_152859\EN-006.json",""
"2026-06-28T15:28:59Z","EN-007","diesel","eu_oil_bulletin","captured","1072","","D:\a\food-dashboard\food-dashboard\commodity_dashboard\raw_archive\capture\20260628_152859\FAMILY_euoil.xlsx",""
"2026-06-28T15:28:59Z","EN-008","gasoline","eu_oil_bulletin","captured","1072","","D:\a\food-dashboard\food-dashboard\commodity_dashboard\raw_archive\capture\20260628_152859\FAMILY_euoil.xlsx",""
"2026-06-28T15:28:59Z","CF-001","coffee arabica","worldbank","captured","797","","D:\a\food-dashboard\food-dashboard\commodity_dashboard\raw_archive\capture\20260628_152859\FAMILY_worldbank_CMO.xlsx",""
"2026-06-28T15:28:59Z","CF-002","coffee robusta","worldbank","captured","797","","D:\a\food-dashboard\food-dashboard\commodity_dashboard\raw_archive\capture\20260628_152859\FAMILY_worldbank_CMO.xlsx",""
"2026-06-28T15:28:59Z","CO-001","cocoa","worldbank","captured","797","","D:\a\food-dashboard\food-dashboard\commodity_dashboard\raw_archive\capture\20260628_152859\FAMILY_worldbank_CMO.xlsx",""
"2026-06-28T15:28:59Z","EN-001","natural gas","worldbank","captured","797","","D:\a\food-dashboard\food-dashboard\commodity_dashboard\raw_archive\capture\20260628_152859\FAMILY_worldbank_CMO.xlsx",""
"2026-06-28T15:28:59Z","EN-009","crude oil Brent","worldbank","captured","797","","D:\a\food-dashboard\food-dashboard\commodity_dashboard\raw_archive\capture\20260628_152859\FAMILY_worldbank_CMO.xlsx",""
"2026-06-28T15:28:59Z","EN-010","coal","worldbank","captured","677","","D:\a\food-dashboard\food-dashboard\commodity_dashboard\raw_archive\capture\20260628_152859\FAMILY_worldbank_CMO.xlsx",""
"2026-06-28T15:28:59Z","FE-001","urea","worldbank","captured","797","","D:\a\food-dashboard\food-dashboard\commodity_dashboard\raw_archive\capture\20260628_152859\FAMILY_worldbank_CMO.xlsx",""
"2026-06-28T15:28:59Z","FE-002","DAP","worldbank","captured","713","","D:\a\food-dashboard\food-dashboard\commodity_dashboard\raw_archive\capture\20260628_152859\FAMILY_worldbank_CMO.xlsx",""
"2026-06-28T15:28:59Z","FE-003","TSP","worldbank","captured","797","","D:\a\food-dashboard\food-dashboard\commodity_dashboard\raw_archive\capture\20260628_152859\FAMILY_worldbank_CMO.xlsx",""
"2026-06-28T15:28:59Z","FE-004","potash","worldbank","captured","797","","D:\a\food-dashboard\food-dashboard\commodity_dashboard\raw_archive\capture\20260628_152859\FAMILY_worldbank_CMO.xlsx",""
"2026-06-28T15:28:59Z","FE-005","phosphate rock","worldbank","captured","796","","D:\a\food-dashboard\food-dashboard\commodity_dashboard\raw_archive\capture\20260628_152859\FAMILY_worldbank_CMO.xlsx",""
"2026-06-28T15:28:59Z","MZ-001","maize","worldbank","captured","797","","D:\a\food-dashboard\food-dashboard\commodity_dashboard\raw_archive\capture\20260628_152859\FAMILY_worldbank_CMO.xlsx",""
"2026-06-28T15:28:59Z","PK-005","aluminium","worldbank","captured","797","","D:\a\food-dashboard\food-dashboard\commodity_dashboard\raw_archive\capture\20260628_152859\FAMILY_worldbank_CMO.xlsx",""
"2026-06-28T15:28:59Z","SG-001","raw sugar","worldbank","captured","797","","D:\a\food-dashboard\food-dashboard\commodity_dashboard\raw_archive\capture\20260628_152859\FAMILY_worldbank_CMO.xlsx",""
"2026-06-28T15:28:59Z","SG-002","white sugar","worldbank","captured","797","","D:\a\food-dashboard\food-dashboard\commodity_dashboard\raw_archive\capture\20260628_152859\FAMILY_worldbank_CMO.xlsx",""
"2026-06-28T15:28:59Z","VO-001","soybean oil","worldbank","captured","797","","D:\a\food-dashboard\food-dashboard\commodity_dashboard\raw_archive\capture\20260628_152859\FAMILY_worldbank_CMO.xlsx",""
"2026-06-28T15:28:59Z","VO-002","palm oil","worldbank","captured","797","","D:\a\food-dashboard\food-dashboard\commodity_dashboard\raw_archive\capture\20260628_152859\FAMILY_worldbank_CMO.xlsx",""
"2026-06-28T15:28:59Z","VO-003","sunflower oil","worldbank","captured","287","","D:\a\food-dashboard\food-dashboard\commodity_dashboard\raw_archive\capture\20260628_152859\FAMILY_worldbank_CMO.xlsx",""
"2026-06-28T15:28:59Z","VO-004","rapeseed oil","worldbank","captured","292","","D:\a\food-dashboard\food-dashboard\commodity_dashboard\raw_archive\capture\20260628_152859\FAMILY_worldbank_CMO.xlsx",""
"2026-06-28T15:28:59Z","WH-001","wheat","worldbank","captured","797","","D:\a\food-dashboard\food-dashboard\commodity_dashboard\raw_archive\capture\20260628_152859\FAMILY_worldbank_CMO.xlsx",""
"2026-06-28T15:28:59Z","WH-002","wheat","worldbank","captured","562","","D:\a\food-dashboard\food-dashboard\commodity_dashboard\raw_archive\capture\20260628_152859\FAMILY_worldbank_CMO.xlsx",""
"2026-06-28T15:28:59Z","FE-006","fertilisers composite","eurostat","captured","136","","D:\a\food-dashboard\food-dashboard\commodity_dashboard\raw_archive\capture\20260628_152859\FE-006.json",""
"2026-06-28T15:28:59Z","FE-007","fertilisers composite","eurostat","captured","25","","D:\a\food-dashboard\food-dashboard\commodity_dashboard\raw_archive\capture\20260628_152859\FE-007.json",""
"2026-06-28T15:28:59Z","FE-009","agricultural lime","eurostat","captured","136","","D:\a\food-dashboard\food-dashboard\commodity_dashboard\raw_archive\capture\20260628_152859\FE-009.json",""
"2026-06-28T15:28:59Z","FR-005","land freight","eurostat","captured","20","","D:\a\food-dashboard\food-dashboard\commodity_dashboard\raw_archive\capture\20260628_152859\FR-005.json",""
"2026-06-28T15:28:59Z","PK-002","pulp","eurostat","captured","136","","D:\a\food-dashboard\food-dashboard\commodity_dashboard\raw_archive\capture\20260628_152859\PK-002.json",""
"2026-06-28T15:28:59Z","PK-004","paper & containerboard","eurostat","captured","136","","D:\a\food-dashboard\food-dashboard\commodity_dashboard\raw_archive\capture\20260628_152859\PK-004.json",""
"2026-06-28T15:28:59Z","PK-007","glass","eurostat","captured","136","","D:\a\food-dashboard\food-dashboard\commodity_dashboard\raw_archive\capture\20260628_152859\PK-007.json",""
"2026-06-28T15:28:59Z","PK-009","PET/plastics","eurostat","captured","136","","D:\a\food-dashboard\food-dashboard\commodity_dashboard\raw_archive\capture\20260628_152859\PK-009.json",""
"2026-06-28T15:28:59Z","DY-001","butter","eu_agrifood","captured","337","","D:\a\food-dashboard\food-dashboard\commodity_dashboard\raw_archive\capture\20260628_152859\DY-001.json",""
"2026-06-28T15:28:59Z","DY-002","SMP","eu_agrifood","captured","337","","D:\a\food-dashboard\food-dashboard\commodity_dashboard\raw_archive\capture\20260628_152859\DY-002.json",""
"2026-06-28T15:28:59Z","EG-001","eggs","eu_agrifood","captured","233","","D:\a\food-dashboard\food-dashboard\commodity_dashboard\raw_archive\capture\20260628_152859\EG-001.json",""
"2026-06-28T15:28:59Z","FE-008","fertilisers composite","eu_agrifood","captured","89","","D:\a\food-dashboard\food-dashboard\commodity_dashboard\raw_archive\capture\20260628_152859\FE-008.json",""
"2026-06-28T15:28:59Z","FE-010","fertilisers composite","eu_agrifood","captured","89","","D:\a\food-dashboard\food-dashboard\commodity_dashboard\raw_archive\capture\20260628_152859\FE-010.json",""
"2026-06-28T15:28:59Z","FE-011","fertilisers composite","eu_agrifood","captured","89","","D:\a\food-dashboard\food-dashboard\commodity_dashboard\raw_archive\capture\20260628_152859\FE-011.json",""
"2026-06-28T15:28:59Z","MZ-002","maize","eu_agrifood","captured","315","","D:\a\food-dashboard\food-dashboard\commodity_dashboard\raw_archive\capture\20260628_152859\MZ-002.json",""
"2026-06-28T15:28:59Z","SG-003","white sugar","eu_agrifood","captured","237","","D:\a\food-dashboard\food-dashboard\commodity_dashboard\raw_archive\capture\20260628_152859\SG-003.json",""
"2026-06-28T15:28:59Z","VO-005","rapeseed oil","eu_agrifood","captured","239","","D:\a\food-dashboard\food-dashboard\commodity_dashboard\raw_archive\capture\20260628_152859\VO-005.json",""
"2026-06-28T15:28:59Z","WH-003","wheat","eu_agrifood","captured","327","","D:\a\food-dashboard\food-dashboard\commodity_dashboard\raw_archive\capture\20260628_152859\WH-003.json",""
"2026-06-28T15:28:59Z","IX-001","food composite","fao","captured","437","","D:\a\food-dashboard\food-dashboard\commodity_dashboard\raw_archive\capture\20260628_152859\FAMILY_fao_fpi.csv",""
"2026-06-28T15:28:59Z","IX-002","cereals composite","fao","captured","437","","D:\a\food-dashboard\food-dashboard\commodity_dashboard\raw_archive\capture\20260628_152859\FAMILY_fao_fpi.csv",""
"2026-06-28T15:28:59Z","IX-003","vegetable oils composite","fao","captured","437","","D:\a\food-dashboard\food-dashboard\commodity_dashboard\raw_archive\capture\20260628_152859\FAMILY_fao_fpi.csv",""
"2026-06-28T15:28:59Z","IX-004","dairy composite","fao","captured","437","","D:\a\food-dashboard\food-dashboard\commodity_dashboard\raw_archive\capture\20260628_152859\FAMILY_fao_fpi.csv",""
"2026-06-28T15:28:59Z","IX-005","sugar composite","fao","captured","437","","D:\a\food-dashboard\food-dashboard\commodity_dashboard\raw_archive\capture\20260628_152859\FAMILY_fao_fpi.csv",""
"2026-06-28T15:28:59Z","EG-002","eggs","fred","captured","136","","D:\a\food-dashboard\food-dashboard\commodity_dashboard\raw_archive\capture\20260628_152859\EG-002.json",""
"2026-06-28T15:28:59Z","FR-001","trucking volume","fred","captured","135","","D:\a\food-dashboard\food-dashboard\commodity_dashboard\raw_archive\capture\20260628_152859\FR-001.json",""
"2026-06-28T15:28:59Z","FR-002","trucking rates","fred","captured","137","","D:\a\food-dashboard\food-dashboard\commodity_dashboard\raw_archive\capture\20260628_152859\FR-002.json",""
"2026-06-28T15:28:59Z","FR-003","rail freight","fred","captured","137","","D:\a\food-dashboard\food-dashboard\commodity_dashboard\raw_archive\capture\20260628_152859\FR-003.json",""
"2026-06-28T15:28:59Z","FR-004","ocean freight","fred","captured","137","","D:\a\food-dashboard\food-dashboard\commodity_dashboard\raw_archive\capture\20260628_152859\FR-004.json",""
"2026-06-28T15:28:59Z","PK-001","pulp","fred","captured","137","","D:\a\food-dashboard\food-dashboard\commodity_dashboard\raw_archive\capture\20260628_152859\PK-001.json",""
"2026-06-28T15:28:59Z","PK-003","containerboard","fred","captured","137","","D:\a\food-dashboard\food-dashboard\commodity_dashboard\raw_archive\capture\20260628_152859\PK-003.json",""
"2026-06-28T15:28:59Z","PK-006","glass","fred","captured","137","","D:\a\food-dashboard\food-dashboard\commodity_dashboard\raw_archive\capture\20260628_152859\PK-006.json",""
"2026-06-28T15:28:59Z","PK-008","PET/plastics","fred","captured","137","","D:\a\food-dashboard\food-dashboard\commodity_dashboard\raw_archive\capture\20260628_152859\PK-008.json",""
"2026-06-28T15:28:59Z","CO-002","cocoa","icco","not_captured","0","","","on watchlist (gaps file)"
"2026-06-28T15:28:59Z","CF-003","coffee arabica","ico","not_captured","0","","","on watchlist (gaps file)"
"2026-06-28T15:28:59Z","VO-006","palm oil","mpob","not_captured","0","","","on watchlist (gaps file)"
"2026-06-28T15:55:15Z","EN-003","crude oil WTI","eia","captured","2112","","D:\a\food-dashboard\food-dashboard\commodity_dashboard\raw_archive\capture\20260628_155515\EN-003.json",""
"2026-06-28T15:55:15Z","EN-004","natural gas Henry Hub","eia","captured","1536","","D:\a\food-dashboard\food-dashboard\commodity_dashboard\raw_archive\capture\20260628_155515\EN-004.json",""
"2026-06-28T15:55:15Z","EN-005","diesel","eia","captured","1684","","D:\a\food-dashboard\food-dashboard\commodity_dashboard\raw_archive\capture\20260628_155515\EN-005.json",""
"2026-06-28T15:55:15Z","EN-006","gasoline","eia","captured","1734","","D:\a\food-dashboard\food-dashboard\commodity_dashboard\raw_archive\capture\20260628_155515\EN-006.json",""
"2026-06-28T15:55:15Z","EN-007","diesel","eu_oil_bulletin","captured","1072","","D:\a\food-dashboard\food-dashboard\commodity_dashboard\raw_archive\capture\20260628_155515\FAMILY_euoil.xlsx",""
"2026-06-28T15:55:15Z","EN-008","gasoline","eu_oil_bulletin","captured","1072","","D:\a\food-dashboard\food-dashboard\commodity_dashboard\raw_archive\capture\20260628_155515\FAMILY_euoil.xlsx",""
"2026-06-28T15:55:15Z","CF-001","coffee arabica","worldbank","captured","797","","D:\a\food-dashboard\food-dashboard\commodity_dashboard\raw_archive\capture\20260628_155515\FAMILY_worldbank_CMO.xlsx",""
"2026-06-28T15:55:15Z","CF-002","coffee robusta","worldbank","captured","797","","D:\a\food-dashboard\food-dashboard\commodity_dashboard\raw_archive\capture\20260628_155515\FAMILY_worldbank_CMO.xlsx",""
"2026-06-28T15:55:15Z","CO-001","cocoa","worldbank","captured","797","","D:\a\food-dashboard\food-dashboard\commodity_dashboard\raw_archive\capture\20260628_155515\FAMILY_worldbank_CMO.xlsx",""
"2026-06-28T15:55:15Z","EN-001","natural gas","worldbank","captured","797","","D:\a\food-dashboard\food-dashboard\commodity_dashboard\raw_archive\capture\20260628_155515\FAMILY_worldbank_CMO.xlsx",""
"2026-06-28T15:55:15Z","EN-009","crude oil Brent","worldbank","captured","797","","D:\a\food-dashboard\food-dashboard\commodity_dashboard\raw_archive\capture\20260628_155515\FAMILY_worldbank_CMO.xlsx",""
"2026-06-28T15:55:15Z","EN-010","coal","worldbank","captured","677","","D:\a\food-dashboard\food-dashboard\commodity_dashboard\raw_archive\capture\20260628_155515\FAMILY_worldbank_CMO.xlsx",""
"2026-06-28T15:55:15Z","FE-001","urea","worldbank","captured","797","","D:\a\food-dashboard\food-dashboard\commodity_dashboard\raw_archive\capture\20260628_155515\FAMILY_worldbank_CMO.xlsx",""
"2026-06-28T15:55:15Z","FE-002","DAP","worldbank","captured","713","","D:\a\food-dashboard\food-dashboard\commodity_dashboard\raw_archive\capture\20260628_155515\FAMILY_worldbank_CMO.xlsx",""
"2026-06-28T15:55:15Z","FE-003","TSP","worldbank","captured","797","","D:\a\food-dashboard\food-dashboard\commodity_dashboard\raw_archive\capture\20260628_155515\FAMILY_worldbank_CMO.xlsx",""
"2026-06-28T15:55:15Z","FE-004","potash","worldbank","captured","797","","D:\a\food-dashboard\food-dashboard\commodity_dashboard\raw_archive\capture\20260628_155515\FAMILY_worldbank_CMO.xlsx",""
"2026-06-28T15:55:15Z","FE-005","phosphate rock","worldbank","captured","796","","D:\a\food-dashboard\food-dashboard\commodity_dashboard\raw_archive\capture\20260628_155515\FAMILY_worldbank_CMO.xlsx",""
"2026-06-28T15:55:15Z","MZ-001","maize","worldbank","captured","797","","D:\a\food-dashboard\food-dashboard\commodity_dashboard\raw_archive\capture\20260628_155515\FAMILY_worldbank_CMO.xlsx",""
"2026-06-28T15:55:15Z","PK-005","aluminium","worldbank","captured","797","","D:\a\food-dashboard\food-dashboard\commodity_dashboard\raw_archive\capture\20260628_155515\FAMILY_worldbank_CMO.xlsx",""
"2026-06-28T15:55:15Z","SG-001","raw sugar","worldbank","captured","797","","D:\a\food-dashboard\food-dashboard\commodity_dashboard\raw_archive\capture\20260628_155515\FAMILY_worldbank_CMO.xlsx",""
"2026-06-28T15:55:15Z","SG-002","white sugar","worldbank","captured","797","","D:\a\food-dashboard\food-dashboard\commodity_dashboard\raw_archive\capture\20260628_155515\FAMILY_worldbank_CMO.xlsx",""
"2026-06-28T15:55:15Z","VO-001","soybean oil","worldbank","captured","797","","D:\a\food-dashboard\food-dashboard\commodity_dashboard\raw_archive\capture\20260628_155515\FAMILY_worldbank_CMO.xlsx",""
"2026-06-28T15:55:15Z","VO-002","palm oil","worldbank","captured","797","","D:\a\food-dashboard\food-dashboard\commodity_dashboard\raw_archive\capture\20260628_155515\FAMILY_worldbank_CMO.xlsx",""
"2026-06-28T15:55:15Z","VO-003","sunflower oil","worldbank","captured","287","","D:\a\food-dashboard\food-dashboard\commodity_dashboard\raw_archive\capture\20260628_155515\FAMILY_worldbank_CMO.xlsx",""
"2026-06-28T15:55:15Z","VO-004","rapeseed oil","worldbank","captured","292","","D:\a\food-dashboard\food-dashboard\commodity_dashboard\raw_archive\capture\20260628_155515\FAMILY_worldbank_CMO.xlsx",""
"2026-06-28T15:55:15Z","WH-001","wheat","worldbank","captured","797","","D:\a\food-dashboard\food-dashboard\commodity_dashboard\raw_archive\capture\20260628_155515\FAMILY_worldbank_CMO.xlsx",""
"2026-06-28T15:55:15Z","WH-002","wheat","worldbank","captured","562","","D:\a\food-dashboard\food-dashboard\commodity_dashboard\raw_archive\capture\20260628_155515\FAMILY_worldbank_CMO.xlsx",""
"2026-06-28T15:55:15Z","FE-006","fertilisers composite","eurostat","captured","136","","D:\a\food-dashboard\food-dashboard\commodity_dashboard\raw_archive\capture\20260628_155515\FE-006.json",""
"2026-06-28T15:55:15Z","FE-007","fertilisers composite","eurostat","captured","25","","D:\a\food-dashboard\food-dashboard\commodity_dashboard\raw_archive\capture\20260628_155515\FE-007.json",""
"2026-06-28T15:55:15Z","FE-009","agricultural lime","eurostat","captured","136","","D:\a\food-dashboard\food-dashboard\commodity_dashboard\raw_archive\capture\20260628_155515\FE-009.json",""
"2026-06-28T15:55:15Z","FR-005","land freight","eurostat","captured","20","","D:\a\food-dashboard\food-dashboard\commodity_dashboard\raw_archive\capture\20260628_155515\FR-005.json",""
"2026-06-28T15:55:15Z","PK-002","pulp","eurostat","captured","136","","D:\a\food-dashboard\food-dashboard\commodity_dashboard\raw_archive\capture\20260628_155515\PK-002.json",""
"2026-06-28T15:55:15Z","PK-004","paper & containerboard","eurostat","captured","136","","D:\a\food-dashboard\food-dashboard\commodity_dashboard\raw_archive\capture\20260628_155515\PK-004.json",""
"2026-06-28T15:55:15Z","PK-007","glass","eurostat","captured","136","","D:\a\food-dashboard\food-dashboard\commodity_dashboard\raw_archive\capture\20260628_155515\PK-007.json",""
"2026-06-28T15:55:15Z","PK-009","PET/plastics","eurostat","captured","136","","D:\a\food-dashboard\food-dashboard\commodity_dashboard\raw_archive\capture\20260628_155515\PK-009.json",""
"2026-06-28T15:55:15Z","DY-001","butter","eu_agrifood","captured","337","","D:\a\food-dashboard\food-dashboard\commodity_dashboard\raw_archive\capture\20260628_155515\DY-001.json",""
"2026-06-28T15:55:15Z","DY-002","SMP","eu_agrifood","captured","337","","D:\a\food-dashboard\food-dashboard\commodity_dashboard\raw_archive\capture\20260628_155515\DY-002.json",""
"2026-06-28T15:55:15Z","EG-001","eggs","eu_agrifood","captured","233","","D:\a\food-dashboard\food-dashboard\commodity_dashboard\raw_archive\capture\20260628_155515\EG-001.json",""
"2026-06-28T15:55:15Z","FE-008","fertilisers composite","eu_agrifood","captured","89","","D:\a\food-dashboard\food-dashboard\commodity_dashboard\raw_archive\capture\20260628_155515\FE-008.json",""
"2026-06-28T15:55:15Z","FE-010","fertilisers composite","eu_agrifood","captured","89","","D:\a\food-dashboard\food-dashboard\commodity_dashboard\raw_archive\capture\20260628_155515\FE-010.json",""
"2026-06-28T15:55:15Z","FE-011","fertilisers composite","eu_agrifood","captured","89","","D:\a\food-dashboard\food-dashboard\commodity_dashboard\raw_archive\capture\20260628_155515\FE-011.json",""
"2026-06-28T15:55:15Z","MZ-002","maize","eu_agrifood","captured","315","","D:\a\food-dashboard\food-dashboard\commodity_dashboard\raw_archive\capture\20260628_155515\MZ-002.json",""
"2026-06-28T15:55:15Z","SG-003","white sugar","eu_agrifood","captured","237","","D:\a\food-dashboard\food-dashboard\commodity_dashboard\raw_archive\capture\20260628_155515\SG-003.json",""
"2026-06-28T15:55:15Z","VO-005","rapeseed oil","eu_agrifood","captured","239","","D:\a\food-dashboard\food-dashboard\commodity_dashboard\raw_archive\capture\20260628_155515\VO-005.json",""
"2026-06-28T15:55:15Z","WH-003","wheat","eu_agrifood","captured","327","","D:\a\food-dashboard\food-dashboard\commodity_dashboard\raw_archive\capture\20260628_155515\WH-003.json",""
"2026-06-28T15:55:15Z","IX-001","food composite","fao","captured","437","","D:\a\food-dashboard\food-dashboard\commodity_dashboard\raw_archive\capture\20260628_155515\FAMILY_fao_fpi.csv",""
"2026-06-28T15:55:15Z","IX-002","cereals composite","fao","captured","437","","D:\a\food-dashboard\food-dashboard\commodity_dashboard\raw_archive\capture\20260628_155515\FAMILY_fao_fpi.csv",""
"2026-06-28T15:55:15Z","IX-003","vegetable oils composite","fao","captured","437","","D:\a\food-dashboard\food-dashboard\commodity_dashboard\raw_archive\capture\20260628_155515\FAMILY_fao_fpi.csv",""
"2026-06-28T15:55:15Z","IX-004","dairy composite","fao","captured","437","","D:\a\food-dashboard\food-dashboard\commodity_dashboard\raw_archive\capture\20260628_155515\FAMILY_fao_fpi.csv",""
"2026-06-28T15:55:15Z","IX-005","sugar composite","fao","captured","437","","D:\a\food-dashboard\food-dashboard\commodity_dashboard\raw_archive\capture\20260628_155515\FAMILY_fao_fpi.csv",""
"2026-06-28T15:55:15Z","EG-002","eggs","fred","captured","136","","D:\a\food-dashboard\food-dashboard\commodity_dashboard\raw_archive\capture\20260628_155515\EG-002.json",""
"2026-06-28T15:55:15Z","FR-001","trucking volume","fred","captured","135","","D:\a\food-dashboard\food-dashboard\commodity_dashboard\raw_archive\capture\20260628_155515\FR-001.json",""
"2026-06-28T15:55:15Z","FR-002","trucking rates","fred","captured","137","","D:\a\food-dashboard\food-dashboard\commodity_dashboard\raw_archive\capture\20260628_155515\FR-002.json",""
"2026-06-28T15:55:15Z","FR-003","rail freight","fred","captured","137","","D:\a\food-dashboard\food-dashboard\commodity_dashboard\raw_archive\capture\20260628_155515\FR-003.json",""
"2026-06-28T15:55:15Z","FR-004","ocean freight","fred","captured","137","","D:\a\food-dashboard\food-dashboard\commodity_dashboard\raw_archive\capture\20260628_155515\FR-004.json",""
"2026-06-28T15:55:15Z","PK-001","pulp","fred","captured","137","","D:\a\food-dashboard\food-dashboard\commodity_dashboard\raw_archive\capture\20260628_155515\PK-001.json",""
"2026-06-28T15:55:15Z","PK-003","containerboard","fred","captured","137","","D:\a\food-dashboard\food-dashboard\commodity_dashboard\raw_archive\capture\20260628_155515\PK-003.json",""
"2026-06-28T15:55:15Z","PK-006","glass","fred","captured","137","","D:\a\food-dashboard\food-dashboard\commodity_dashboard\raw_archive\capture\20260628_155515\PK-006.json",""
"2026-06-28T15:55:15Z","PK-008","PET/plastics","fred","captured","137","","D:\a\food-dashboard\food-dashboard\commodity_dashboard\raw_archive\capture\20260628_155515\PK-008.json",""
"2026-06-28T15:55:15Z","CO-002","cocoa","icco","not_captured","0","","","on watchlist (gaps file)"
"2026-06-28T15:55:15Z","CF-003","coffee arabica","ico","not_captured","0","","","on watchlist (gaps file)"
"2026-06-28T15:55:15Z","VO-006","palm oil","mpob","not_captured","0","","","on watchlist (gaps file)"
"2026-06-28T16:04:00Z","EN-003","crude oil WTI","eia","captured","2112","","D:\a\food-dashboard\food-dashboard\commodity_dashboard\raw_archive\capture\20260628_160400\EN-003.json",""
"2026-06-28T16:04:00Z","EN-004","natural gas Henry Hub","eia","captured","1536","","D:\a\food-dashboard\food-dashboard\commodity_dashboard\raw_archive\capture\20260628_160400\EN-004.json",""
"2026-06-28T16:04:00Z","EN-005","diesel","eia","captured","1684","","D:\a\food-dashboard\food-dashboard\commodity_dashboard\raw_archive\capture\20260628_160400\EN-005.json",""
"2026-06-28T16:04:00Z","EN-006","gasoline","eia","captured","1734","","D:\a\food-dashboard\food-dashboard\commodity_dashboard\raw_archive\capture\20260628_160400\EN-006.json",""
"2026-06-28T16:04:00Z","EN-007","diesel","eu_oil_bulletin","captured","1072","","D:\a\food-dashboard\food-dashboard\commodity_dashboard\raw_archive\capture\20260628_160400\FAMILY_euoil.xlsx",""
"2026-06-28T16:04:00Z","EN-008","gasoline","eu_oil_bulletin","captured","1072","","D:\a\food-dashboard\food-dashboard\commodity_dashboard\raw_archive\capture\20260628_160400\FAMILY_euoil.xlsx",""
"2026-06-28T16:04:00Z","CF-001","coffee arabica","worldbank","captured","797","","D:\a\food-dashboard\food-dashboard\commodity_dashboard\raw_archive\capture\20260628_160400\FAMILY_worldbank_CMO.xlsx",""
"2026-06-28T16:04:00Z","CF-002","coffee robusta","worldbank","captured","797","","D:\a\food-dashboard\food-dashboard\commodity_dashboard\raw_archive\capture\20260628_160400\FAMILY_worldbank_CMO.xlsx",""
"2026-06-28T16:04:00Z","CO-001","cocoa","worldbank","captured","797","","D:\a\food-dashboard\food-dashboard\commodity_dashboard\raw_archive\capture\20260628_160400\FAMILY_worldbank_CMO.xlsx",""
"2026-06-28T16:04:00Z","EN-001","natural gas","worldbank","captured","797","","D:\a\food-dashboard\food-dashboard\commodity_dashboard\raw_archive\capture\20260628_160400\FAMILY_worldbank_CMO.xlsx",""
"2026-06-28T16:04:00Z","EN-009","crude oil Brent","worldbank","captured","797","","D:\a\food-dashboard\food-dashboard\commodity_dashboard\raw_archive\capture\20260628_160400\FAMILY_worldbank_CMO.xlsx",""
"2026-06-28T16:04:00Z","EN-010","coal","worldbank","captured","677","","D:\a\food-dashboard\food-dashboard\commodity_dashboard\raw_archive\capture\20260628_160400\FAMILY_worldbank_CMO.xlsx",""
"2026-06-28T16:04:00Z","FE-001","urea","worldbank","captured","797","","D:\a\food-dashboard\food-dashboard\commodity_dashboard\raw_archive\capture\20260628_160400\FAMILY_worldbank_CMO.xlsx",""
"2026-06-28T16:04:00Z","FE-002","DAP","worldbank","captured","713","","D:\a\food-dashboard\food-dashboard\commodity_dashboard\raw_archive\capture\20260628_160400\FAMILY_worldbank_CMO.xlsx",""
"2026-06-28T16:04:00Z","FE-003","TSP","worldbank","captured","797","","D:\a\food-dashboard\food-dashboard\commodity_dashboard\raw_archive\capture\20260628_160400\FAMILY_worldbank_CMO.xlsx",""
"2026-06-28T16:04:00Z","FE-004","potash","worldbank","captured","797","","D:\a\food-dashboard\food-dashboard\commodity_dashboard\raw_archive\capture\20260628_160400\FAMILY_worldbank_CMO.xlsx",""
"2026-06-28T16:04:00Z","FE-005","phosphate rock","worldbank","captured","796","","D:\a\food-dashboard\food-dashboard\commodity_dashboard\raw_archive\capture\20260628_160400\FAMILY_worldbank_CMO.xlsx",""
"2026-06-28T16:04:00Z","MZ-001","maize","worldbank","captured","797","","D:\a\food-dashboard\food-dashboard\commodity_dashboard\raw_archive\capture\20260628_160400\FAMILY_worldbank_CMO.xlsx",""
"2026-06-28T16:04:00Z","PK-005","aluminium","worldbank","captured","797","","D:\a\food-dashboard\food-dashboard\commodity_dashboard\raw_archive\capture\20260628_160400\FAMILY_worldbank_CMO.xlsx",""
"2026-06-28T16:04:00Z","SG-001","raw sugar","worldbank","captured","797","","D:\a\food-dashboard\food-dashboard\commodity_dashboard\raw_archive\capture\20260628_160400\FAMILY_worldbank_CMO.xlsx",""
"2026-06-28T16:04:00Z","SG-002","white sugar","worldbank","captured","797","","D:\a\food-dashboard\food-dashboard\commodity_dashboard\raw_archive\capture\20260628_160400\FAMILY_worldbank_CMO.xlsx",""
"2026-06-28T16:04:00Z","VO-001","soybean oil","worldbank","captured","797","","D:\a\food-dashboard\food-dashboard\commodity_dashboard\raw_archive\capture\20260628_160400\FAMILY_worldbank_CMO.xlsx",""
"2026-06-28T16:04:00Z","VO-002","palm oil","worldbank","captured","797","","D:\a\food-dashboard\food-dashboard\commodity_dashboard\raw_archive\capture\20260628_160400\FAMILY_worldbank_CMO.xlsx",""
"2026-06-28T16:04:00Z","VO-003","sunflower oil","worldbank","captured","287","","D:\a\food-dashboard\food-dashboard\commodity_dashboard\raw_archive\capture\20260628_160400\FAMILY_worldbank_CMO.xlsx",""
"2026-06-28T16:04:00Z","VO-004","rapeseed oil","worldbank","captured","292","","D:\a\food-dashboard\food-dashboard\commodity_dashboard\raw_archive\capture\20260628_160400\FAMILY_worldbank_CMO.xlsx",""
"2026-06-28T16:04:00Z","WH-001","wheat","worldbank","captured","797","","D:\a\food-dashboard\food-dashboard\commodity_dashboard\raw_archive\capture\20260628_160400\FAMILY_worldbank_CMO.xlsx",""
"2026-06-28T16:04:00Z","WH-002","wheat","worldbank","captured","562","","D:\a\food-dashboard\food-dashboard\commodity_dashboard\raw_archive\capture\20260628_160400\FAMILY_worldbank_CMO.xlsx",""
"2026-06-28T16:04:00Z","FE-006","fertilisers composite","eurostat","captured","136","","D:\a\food-dashboard\food-dashboard\commodity_dashboard\raw_archive\capture\20260628_160400\FE-006.json",""
"2026-06-28T16:04:00Z","FE-007","fertilisers composite","eurostat","captured","25","","D:\a\food-dashboard\food-dashboard\commodity_dashboard\raw_archive\capture\20260628_160400\FE-007.json",""
"2026-06-28T16:04:00Z","FE-009","agricultural lime","eurostat","captured","136","","D:\a\food-dashboard\food-dashboard\commodity_dashboard\raw_archive\capture\20260628_160400\FE-009.json",""
"2026-06-28T16:04:00Z","FR-005","land freight","eurostat","captured","20","","D:\a\food-dashboard\food-dashboard\commodity_dashboard\raw_archive\capture\20260628_160400\FR-005.json",""
"2026-06-28T16:04:00Z","PK-002","pulp","eurostat","captured","136","","D:\a\food-dashboard\food-dashboard\commodity_dashboard\raw_archive\capture\20260628_160400\PK-002.json",""
"2026-06-28T16:04:00Z","PK-004","paper & containerboard","eurostat","captured","136","","D:\a\food-dashboard\food-dashboard\commodity_dashboard\raw_archive\capture\20260628_160400\PK-004.json",""
"2026-06-28T16:04:00Z","PK-007","glass","eurostat","captured","136","","D:\a\food-dashboard\food-dashboard\commodity_dashboard\raw_archive\capture\20260628_160400\PK-007.json",""
"2026-06-28T16:04:00Z","PK-009","PET/plastics","eurostat","captured","136","","D:\a\food-dashboard\food-dashboard\commodity_dashboard\raw_archive\capture\20260628_160400\PK-009.json",""
"2026-06-28T16:04:00Z","DY-001","butter","eu_agrifood","captured","337","","D:\a\food-dashboard\food-dashboard\commodity_dashboard\raw_archive\capture\20260628_160400\DY-001.json",""
"2026-06-28T16:04:00Z","DY-002","SMP","eu_agrifood","captured","337","","D:\a\food-dashboard\food-dashboard\commodity_dashboard\raw_archive\capture\20260628_160400\DY-002.json",""
"2026-06-28T16:04:00Z","EG-001","eggs","eu_agrifood","captured","233","","D:\a\food-dashboard\food-dashboard\commodity_dashboard\raw_archive\capture\20260628_160400\EG-001.json",""
"2026-06-28T16:04:00Z","FE-008","fertilisers composite","eu_agrifood","captured","89","","D:\a\food-dashboard\food-dashboard\commodity_dashboard\raw_archive\capture\20260628_160400\FE-008.json",""
"2026-06-28T16:04:00Z","FE-010","fertilisers composite","eu_agrifood","captured","89","","D:\a\food-dashboard\food-dashboard\commodity_dashboard\raw_archive\capture\20260628_160400\FE-010.json",""
"2026-06-28T16:04:00Z","FE-011","fertilisers composite","eu_agrifood","captured","89","","D:\a\food-dashboard\food-dashboard\commodity_dashboard\raw_archive\capture\20260628_160400\FE-011.json",""
"2026-06-28T16:04:00Z","MZ-002","maize","eu_agrifood","captured","315","","D:\a\food-dashboard\food-dashboard\commodity_dashboard\raw_archive\capture\20260628_160400\MZ-002.json",""
"2026-06-28T16:04:00Z","SG-003","white sugar","eu_agrifood","captured","237","","D:\a\food-dashboard\food-dashboard\commodity_dashboard\raw_archive\capture\20260628_160400\SG-003.json",""
"2026-06-28T16:04:00Z","VO-005","rapeseed oil","eu_agrifood","captured","239","","D:\a\food-dashboard\food-dashboard\commodity_dashboard\raw_archive\capture\20260628_160400\VO-005.json",""
"2026-06-28T16:04:00Z","WH-003","wheat","eu_agrifood","captured","327","","D:\a\food-dashboard\food-dashboard\commodity_dashboard\raw_archive\capture\20260628_160400\WH-003.json",""
"2026-06-28T16:04:00Z","IX-001","food composite","fao","captured","437","","D:\a\food-dashboard\food-dashboard\commodity_dashboard\raw_archive\capture\20260628_160400\FAMILY_fao_fpi.csv",""
"2026-06-28T16:04:00Z","IX-002","cereals composite","fao","captured","437","","D:\a\food-dashboard\food-dashboard\commodity_dashboard\raw_archive\capture\20260628_160400\FAMILY_fao_fpi.csv",""
"2026-06-28T16:04:00Z","IX-003","vegetable oils composite","fao","captured","437","","D:\a\food-dashboard\food-dashboard\commodity_dashboard\raw_archive\capture\20260628_160400\FAMILY_fao_fpi.csv",""
"2026-06-28T16:04:00Z","IX-004","dairy composite","fao","captured","437","","D:\a\food-dashboard\food-dashboard\commodity_dashboard\raw_archive\capture\20260628_160400\FAMILY_fao_fpi.csv",""
"2026-06-28T16:04:00Z","IX-005","sugar composite","fao","captured","437","","D:\a\food-dashboard\food-dashboard\commodity_dashboard\raw_archive\capture\20260628_160400\FAMILY_fao_fpi.csv",""
"2026-06-28T16:04:00Z","EG-002","eggs","fred","captured","136","","D:\a\food-dashboard\food-dashboard\commodity_dashboard\raw_archive\capture\20260628_160400\EG-002.json",""
"2026-06-28T16:04:00Z","FR-001","trucking volume","fred","captured","135","","D:\a\food-dashboard\food-dashboard\commodity_dashboard\raw_archive\capture\20260628_160400\FR-001.json",""
"2026-06-28T16:04:00Z","FR-002","trucking rates","fred","captured","137","","D:\a\food-dashboard\food-dashboard\commodity_dashboard\raw_archive\capture\20260628_160400\FR-002.json",""
"2026-06-28T16:04:00Z","FR-003","rail freight","fred","captured","137","","D:\a\food-dashboard\food-dashboard\commodity_dashboard\raw_archive\capture\20260628_160400\FR-003.json",""
"2026-06-28T16:04:00Z","FR-004","ocean freight","fred","captured","137","","D:\a\food-dashboard\food-dashboard\commodity_dashboard\raw_archive\capture\20260628_160400\FR-004.json",""
"2026-06-28T16:04:00Z","PK-001","pulp","fred","captured","137","","D:\a\food-dashboard\food-dashboard\commodity_dashboard\raw_archive\capture\20260628_160400\PK-001.json",""
"2026-06-28T16:04:00Z","PK-003","containerboard","fred","captured","137","","D:\a\food-dashboard\food-dashboard\commodity_dashboard\raw_archive\capture\20260628_160400\PK-003.json",""
"2026-06-28T16:04:00Z","PK-006","glass","fred","captured","137","","D:\a\food-dashboard\food-dashboard\commodity_dashboard\raw_archive\capture\20260628_160400\PK-006.json",""
"2026-06-28T16:04:00Z","PK-008","PET/plastics","fred","captured","137","","D:\a\food-dashboard\food-dashboard\commodity_dashboard\raw_archive\capture\20260628_160400\PK-008.json",""
"2026-06-28T16:04:00Z","CO-002","cocoa","icco","not_captured","0","","","on watchlist (gaps file)"
"2026-06-28T16:04:00Z","CF-003","coffee arabica","ico","not_captured","0","","","on watchlist (gaps file)"
"2026-06-28T16:04:00Z","VO-006","palm oil","mpob","not_captured","0","","","on watchlist (gaps file)"
"2026-06-28T19:10:54Z","EN-003","crude oil WTI","eia","captured","2112","","D:\a\food-dashboard\food-dashboard\commodity_dashboard\raw_archive\capture\20260628_191054\EN-003.json",""
"2026-06-28T19:10:54Z","EN-004","natural gas Henry Hub","eia","captured","1536","","D:\a\food-dashboard\food-dashboard\commodity_dashboard\raw_archive\capture\20260628_191054\EN-004.json",""
"2026-06-28T19:10:54Z","EN-005","diesel","eia","captured","1684","","D:\a\food-dashboard\food-dashboard\commodity_dashboard\raw_archive\capture\20260628_191054\EN-005.json",""
"2026-06-28T19:10:54Z","EN-006","gasoline","eia","captured","1734","","D:\a\food-dashboard\food-dashboard\commodity_dashboard\raw_archive\capture\20260628_191054\EN-006.json",""
"2026-06-28T19:10:54Z","EN-007","diesel","eu_oil_bulletin","captured","1072","","D:\a\food-dashboard\food-dashboard\commodity_dashboard\raw_archive\capture\20260628_191054\FAMILY_euoil.xlsx",""
"2026-06-28T19:10:54Z","EN-008","gasoline","eu_oil_bulletin","captured","1072","","D:\a\food-dashboard\food-dashboard\commodity_dashboard\raw_archive\capture\20260628_191054\FAMILY_euoil.xlsx",""
"2026-06-28T19:10:54Z","CF-001","coffee arabica","worldbank","captured","797","","D:\a\food-dashboard\food-dashboard\commodity_dashboard\raw_archive\capture\20260628_191054\FAMILY_worldbank_CMO.xlsx",""
"2026-06-28T19:10:54Z","CF-002","coffee robusta","worldbank","captured","797","","D:\a\food-dashboard\food-dashboard\commodity_dashboard\raw_archive\capture\20260628_191054\FAMILY_worldbank_CMO.xlsx",""
"2026-06-28T19:10:54Z","CO-001","cocoa","worldbank","captured","797","","D:\a\food-dashboard\food-dashboard\commodity_dashboard\raw_archive\capture\20260628_191054\FAMILY_worldbank_CMO.xlsx",""
"2026-06-28T19:10:54Z","EN-001","natural gas","worldbank","captured","797","","D:\a\food-dashboard\food-dashboard\commodity_dashboard\raw_archive\capture\20260628_191054\FAMILY_worldbank_CMO.xlsx",""
"2026-06-28T19:10:54Z","EN-009","crude oil Brent","worldbank","captured","797","","D:\a\food-dashboard\food-dashboard\commodity_dashboard\raw_archive\capture\20260628_191054\FAMILY_worldbank_CMO.xlsx",""
"2026-06-28T19:10:54Z","EN-010","coal","worldbank","captured","677","","D:\a\food-dashboard\food-dashboard\commodity_dashboard\raw_archive\capture\20260628_191054\FAMILY_worldbank_CMO.xlsx",""
"2026-06-28T19:10:54Z","FE-001","urea","worldbank","captured","797","","D:\a\food-dashboard\food-dashboard\commodity_dashboard\raw_archive\capture\20260628_191054\FAMILY_worldbank_CMO.xlsx",""
"2026-06-28T19:10:54Z","FE-002","DAP","worldbank","captured","713","","D:\a\food-dashboard\food-dashboard\commodity_dashboard\raw_archive\capture\20260628_191054\FAMILY_worldbank_CMO.xlsx",""
"2026-06-28T19:10:54Z","FE-003","TSP","worldbank","captured","797","","D:\a\food-dashboard\food-dashboard\commodity_dashboard\raw_archive\capture\20260628_191054\FAMILY_worldbank_CMO.xlsx",""
"2026-06-28T19:10:54Z","FE-004","potash","worldbank","captured","797","","D:\a\food-dashboard\food-dashboard\commodity_dashboard\raw_archive\capture\20260628_191054\FAMILY_worldbank_CMO.xlsx",""
"2026-06-28T19:10:54Z","FE-005","phosphate rock","worldbank","captured","796","","D:\a\food-dashboard\food-dashboard\commodity_dashboard\raw_archive\capture\20260628_191054\FAMILY_worldbank_CMO.xlsx",""
"2026-06-28T19:10:54Z","MZ-001","maize","worldbank","captured","797","","D:\a\food-dashboard\food-dashboard\commodity_dashboard\raw_archive\capture\20260628_191054\FAMILY_worldbank_CMO.xlsx",""
"2026-06-28T19:10:54Z","PK-005","aluminium","worldbank","captured","797","","D:\a\food-dashboard\food-dashboard\commodity_dashboard\raw_archive\capture\20260628_191054\FAMILY_worldbank_CMO.xlsx",""
"2026-06-28T19:10:54Z","SG-001","raw sugar","worldbank","captured","797","","D:\a\food-dashboard\food-dashboard\commodity_dashboard\raw_archive\capture\20260628_191054\FAMILY_worldbank_CMO.xlsx",""
"2026-06-28T19:10:54Z","SG-002","white sugar","worldbank","captured","797","","D:\a\food-dashboard\food-dashboard\commodity_dashboard\raw_archive\capture\20260628_191054\FAMILY_worldbank_CMO.xlsx",""
"2026-06-28T19:10:54Z","VO-001","soybean oil","worldbank","captured","797","","D:\a\food-dashboard\food-dashboard\commodity_dashboard\raw_archive\capture\20260628_191054\FAMILY_worldbank_CMO.xlsx",""
"2026-06-28T19:10:54Z","VO-002","palm oil","worldbank","captured","797","","D:\a\food-dashboard\food-dashboard\commodity_dashboard\raw_archive\capture\20260628_191054\FAMILY_worldbank_CMO.xlsx",""
"2026-06-28T19:10:54Z","VO-003","sunflower oil","worldbank","captured","287","","D:\a\food-dashboard\food-dashboard\commodity_dashboard\raw_archive\capture\20260628_191054\FAMILY_worldbank_CMO.xlsx",""
"2026-06-28T19:10:54Z","VO-004","rapeseed oil","worldbank","captured","292","","D:\a\food-dashboard\food-dashboard\commodity_dashboard\raw_archive\capture\20260628_191054\FAMILY_worldbank_CMO.xlsx",""
"2026-06-28T19:10:54Z","WH-001","wheat","worldbank","captured","797","","D:\a\food-dashboard\food-dashboard\commodity_dashboard\raw_archive\capture\20260628_191054\FAMILY_worldbank_CMO.xlsx",""
"2026-06-28T19:10:54Z","WH-002","wheat","worldbank","captured","562","","D:\a\food-dashboard\food-dashboard\commodity_dashboard\raw_archive\capture\20260628_191054\FAMILY_worldbank_CMO.xlsx",""
"2026-06-28T19:10:54Z","FE-006","fertilisers composite","eurostat","captured","136","","D:\a\food-dashboard\food-dashboard\commodity_dashboard\raw_archive\capture\20260628_191054\FE-006.json",""
"2026-06-28T19:10:54Z","FE-007","fertilisers composite","eurostat","captured","25","","D:\a\food-dashboard\food-dashboard\commodity_dashboard\raw_archive\capture\20260628_191054\FE-007.json",""
"2026-06-28T19:10:54Z","FE-009","agricultural lime","eurostat","captured","136","","D:\a\food-dashboard\food-dashboard\commodity_dashboard\raw_archive\capture\20260628_191054\FE-009.json",""
"2026-06-28T19:10:54Z","FR-005","land freight","eurostat","captured","20","","D:\a\food-dashboard\food-dashboard\commodity_dashboard\raw_archive\capture\20260628_191054\FR-005.json",""
"2026-06-28T19:10:54Z","PK-002","pulp","eurostat","captured","136","","D:\a\food-dashboard\food-dashboard\commodity_dashboard\raw_archive\capture\20260628_191054\PK-002.json",""
"2026-06-28T19:10:54Z","PK-004","paper & containerboard","eurostat","captured","136","","D:\a\food-dashboard\food-dashboard\commodity_dashboard\raw_archive\capture\20260628_191054\PK-004.json",""
"2026-06-28T19:10:54Z","PK-007","glass","eurostat","captured","136","","D:\a\food-dashboard\food-dashboard\commodity_dashboard\raw_archive\capture\20260628_191054\PK-007.json",""
"2026-06-28T19:10:54Z","PK-009","PET/plastics","eurostat","captured","136","","D:\a\food-dashboard\food-dashboard\commodity_dashboard\raw_archive\capture\20260628_191054\PK-009.json",""
"2026-06-28T19:10:54Z","DY-001","butter","eu_agrifood","captured","337","","D:\a\food-dashboard\food-dashboard\commodity_dashboard\raw_archive\capture\20260628_191054\DY-001.json",""
"2026-06-28T19:10:54Z","DY-002","SMP","eu_agrifood","captured","337","","D:\a\food-dashboard\food-dashboard\commodity_dashboard\raw_archive\capture\20260628_191054\DY-002.json",""
"2026-06-28T19:10:54Z","EG-001","eggs","eu_agrifood","captured","233","","D:\a\food-dashboard\food-dashboard\commodity_dashboard\raw_archive\capture\20260628_191054\EG-001.json",""
"2026-06-28T19:10:54Z","FE-008","fertilisers composite","eu_agrifood","captured","89","","D:\a\food-dashboard\food-dashboard\commodity_dashboard\raw_archive\capture\20260628_191054\FE-008.json",""
"2026-06-28T19:10:54Z","FE-010","fertilisers composite","eu_agrifood","captured","89","","D:\a\food-dashboard\food-dashboard\commodity_dashboard\raw_archive\capture\20260628_191054\FE-010.json",""
"2026-06-28T19:10:54Z","FE-011","fertilisers composite","eu_agrifood","captured","89","","D:\a\food-dashboard\food-dashboard\commodity_dashboard\raw_archive\capture\20260628_191054\FE-011.json",""
"2026-06-28T19:10:54Z","MZ-002","maize","eu_agrifood","captured","315","","D:\a\food-dashboard\food-dashboard\commodity_dashboard\raw_archive\capture\20260628_191054\MZ-002.json",""
"2026-06-28T19:10:54Z","SG-003","white sugar","eu_agrifood","captured","237","","D:\a\food-dashboard\food-dashboard\commodity_dashboard\raw_archive\capture\20260628_191054\SG-003.json",""
"2026-06-28T19:10:54Z","VO-005","rapeseed oil","eu_agrifood","captured","239","","D:\a\food-dashboard\food-dashboard\commodity_dashboard\raw_archive\capture\20260628_191054\VO-005.json",""
"2026-06-28T19:10:54Z","WH-003","wheat","eu_agrifood","captured","327","","D:\a\food-dashboard\food-dashboard\commodity_dashboard\raw_archive\capture\20260628_191054\WH-003.json",""
"2026-06-28T19:10:54Z","IX-001","food composite","fao","captured","437","","D:\a\food-dashboard\food-dashboard\commodity_dashboard\raw_archive\capture\20260628_191054\FAMILY_fao_fpi.csv",""
"2026-06-28T19:10:54Z","IX-002","cereals composite","fao","captured","437","","D:\a\food-dashboard\food-dashboard\commodity_dashboard\raw_archive\capture\20260628_191054\FAMILY_fao_fpi.csv",""
"2026-06-28T19:10:54Z","IX-003","vegetable oils composite","fao","captured","437","","D:\a\food-dashboard\food-dashboard\commodity_dashboard\raw_archive\capture\20260628_191054\FAMILY_fao_fpi.csv",""
"2026-06-28T19:10:54Z","IX-004","dairy composite","fao","captured","437","","D:\a\food-dashboard\food-dashboard\commodity_dashboard\raw_archive\capture\20260628_191054\FAMILY_fao_fpi.csv",""
"2026-06-28T19:10:54Z","IX-005","sugar composite","fao","captured","437","","D:\a\food-dashboard\food-dashboard\commodity_dashboard\raw_archive\capture\20260628_191054\FAMILY_fao_fpi.csv",""
"2026-06-28T19:10:54Z","EG-002","eggs","fred","captured","136","","D:\a\food-dashboard\food-dashboard\commodity_dashboard\raw_archive\capture\20260628_191054\EG-002.json",""
"2026-06-28T19:10:54Z","FR-001","trucking volume","fred","captured","135","","D:\a\food-dashboard\food-dashboard\commodity_dashboard\raw_archive\capture\20260628_191054\FR-001.json",""
"2026-06-28T19:10:54Z","FR-002","trucking rates","fred","captured","137","","D:\a\food-dashboard\food-dashboard\commodity_dashboard\raw_archive\capture\20260628_191054\FR-002.json",""
"2026-06-28T19:10:54Z","FR-003","rail freight","fred","captured","137","","D:\a\food-dashboard\food-dashboard\commodity_dashboard\raw_archive\capture\20260628_191054\FR-003.json",""
"2026-06-28T19:10:54Z","FR-004","ocean freight","fred","captured","137","","D:\a\food-dashboard\food-dashboard\commodity_dashboard\raw_archive\capture\20260628_191054\FR-004.json",""
"2026-06-28T19:10:54Z","PK-001","pulp","fred","captured","137","","D:\a\food-dashboard\food-dashboard\commodity_dashboard\raw_archive\capture\20260628_191054\PK-001.json",""
"2026-06-28T19:10:54Z","PK-003","containerboard","fred","captured","137","","D:\a\food-dashboard\food-dashboard\commodity_dashboard\raw_archive\capture\20260628_191054\PK-003.json",""
"2026-06-28T19:10:54Z","PK-006","glass","fred","captured","137","","D:\a\food-dashboard\food-dashboard\commodity_dashboard\raw_archive\capture\20260628_191054\PK-006.json",""
"2026-06-28T19:10:54Z","PK-008","PET/plastics","fred","captured","137","","D:\a\food-dashboard\food-dashboard\commodity_dashboard\raw_archive\capture\20260628_191054\PK-008.json",""
"2026-06-28T19:10:54Z","CO-002","cocoa","icco","not_captured","0","","","on watchlist (gaps file)"
"2026-06-28T19:10:54Z","CF-003","coffee arabica","ico","not_captured","0","","","on watchlist (gaps file)"
"2026-06-28T19:10:54Z","VO-006","palm oil","mpob","not_captured","0","","","on watchlist (gaps file)"
"2026-06-28T19:41:00Z","EN-003","crude oil WTI","eia","captured","2112","","D:\a\food-dashboard\food-dashboard\commodity_dashboard\raw_archive\capture\20260628_194100\EN-003.json",""
"2026-06-28T19:41:00Z","EN-004","natural gas Henry Hub","eia","captured","1536","","D:\a\food-dashboard\food-dashboard\commodity_dashboard\raw_archive\capture\20260628_194100\EN-004.json",""
"2026-06-28T19:41:00Z","EN-005","diesel","eia","captured","1684","","D:\a\food-dashboard\food-dashboard\commodity_dashboard\raw_archive\capture\20260628_194100\EN-005.json",""
"2026-06-28T19:41:00Z","EN-006","gasoline","eia","captured","1734","","D:\a\food-dashboard\food-dashboard\commodity_dashboard\raw_archive\capture\20260628_194100\EN-006.json",""
"2026-06-28T19:41:00Z","EN-007","diesel","eu_oil_bulletin","captured","1072","","D:\a\food-dashboard\food-dashboard\commodity_dashboard\raw_archive\capture\20260628_194100\FAMILY_euoil.xlsx",""
"2026-06-28T19:41:00Z","EN-008","gasoline","eu_oil_bulletin","captured","1072","","D:\a\food-dashboard\food-dashboard\commodity_dashboard\raw_archive\capture\20260628_194100\FAMILY_euoil.xlsx",""
"2026-06-28T19:41:00Z","CF-001","coffee arabica","worldbank","captured","797","","D:\a\food-dashboard\food-dashboard\commodity_dashboard\raw_archive\capture\20260628_194100\FAMILY_worldbank_CMO.xlsx",""
"2026-06-28T19:41:00Z","CF-002","coffee robusta","worldbank","captured","797","","D:\a\food-dashboard\food-dashboard\commodity_dashboard\raw_archive\capture\20260628_194100\FAMILY_worldbank_CMO.xlsx",""
"2026-06-28T19:41:00Z","CO-001","cocoa","worldbank","captured","797","","D:\a\food-dashboard\food-dashboard\commodity_dashboard\raw_archive\capture\20260628_194100\FAMILY_worldbank_CMO.xlsx",""
"2026-06-28T19:41:00Z","EN-001","natural gas","worldbank","captured","797","","D:\a\food-dashboard\food-dashboard\commodity_dashboard\raw_archive\capture\20260628_194100\FAMILY_worldbank_CMO.xlsx",""
"2026-06-28T19:41:00Z","EN-009","crude oil Brent","worldbank","captured","797","","D:\a\food-dashboard\food-dashboard\commodity_dashboard\raw_archive\capture\20260628_194100\FAMILY_worldbank_CMO.xlsx",""
"2026-06-28T19:41:00Z","EN-010","coal","worldbank","captured","677","","D:\a\food-dashboard\food-dashboard\commodity_dashboard\raw_archive\capture\20260628_194100\FAMILY_worldbank_CMO.xlsx",""
"2026-06-28T19:41:00Z","FE-001","urea","worldbank","captured","797","","D:\a\food-dashboard\food-dashboard\commodity_dashboard\raw_archive\capture\20260628_194100\FAMILY_worldbank_CMO.xlsx",""
"2026-06-28T19:41:00Z","FE-002","DAP","worldbank","captured","713","","D:\a\food-dashboard\food-dashboard\commodity_dashboard\raw_archive\capture\20260628_194100\FAMILY_worldbank_CMO.xlsx",""
"2026-06-28T19:41:00Z","FE-003","TSP","worldbank","captured","797","","D:\a\food-dashboard\food-dashboard\commodity_dashboard\raw_archive\capture\20260628_194100\FAMILY_worldbank_CMO.xlsx",""
"2026-06-28T19:41:00Z","FE-004","potash","worldbank","captured","797","","D:\a\food-dashboard\food-dashboard\commodity_dashboard\raw_archive\capture\20260628_194100\FAMILY_worldbank_CMO.xlsx",""
"2026-06-28T19:41:00Z","FE-005","phosphate rock","worldbank","captured","796","","D:\a\food-dashboard\food-dashboard\commodity_dashboard\raw_archive\capture\20260628_194100\FAMILY_worldbank_CMO.xlsx",""
"2026-06-28T19:41:00Z","MZ-001","maize","worldbank","captured","797","","D:\a\food-dashboard\food-dashboard\commodity_dashboard\raw_archive\capture\20260628_194100\FAMILY_worldbank_CMO.xlsx",""
"2026-06-28T19:41:00Z","PK-005","aluminium","worldbank","captured","797","","D:\a\food-dashboard\food-dashboard\commodity_dashboard\raw_archive\capture\20260628_194100\FAMILY_worldbank_CMO.xlsx",""
"2026-06-28T19:41:00Z","SG-001","raw sugar","worldbank","captured","797","","D:\a\food-dashboard\food-dashboard\commodity_dashboard\raw_archive\capture\20260628_194100\FAMILY_worldbank_CMO.xlsx",""
"2026-06-28T19:41:00Z","SG-002","white sugar","worldbank","captured","797","","D:\a\food-dashboard\food-dashboard\commodity_dashboard\raw_archive\capture\20260628_194100\FAMILY_worldbank_CMO.xlsx",""
"2026-06-28T19:41:00Z","VO-001","soybean oil","worldbank","captured","797","","D:\a\food-dashboard\food-dashboard\commodity_dashboard\raw_archive\capture\20260628_194100\FAMILY_worldbank_CMO.xlsx",""
"2026-06-28T19:41:00Z","VO-002","palm oil","worldbank","captured","797","","D:\a\food-dashboard\food-dashboard\commodity_dashboard\raw_archive\capture\20260628_194100\FAMILY_worldbank_CMO.xlsx",""
"2026-06-28T19:41:00Z","VO-003","sunflower oil","worldbank","captured","287","","D:\a\food-dashboard\food-dashboard\commodity_dashboard\raw_archive\capture\20260628_194100\FAMILY_worldbank_CMO.xlsx",""
"2026-06-28T19:41:00Z","VO-004","rapeseed oil","worldbank","captured","292","","D:\a\food-dashboard\food-dashboard\commodity_dashboard\raw_archive\capture\20260628_194100\FAMILY_worldbank_CMO.xlsx",""
"2026-06-28T19:41:00Z","WH-001","wheat","worldbank","captured","797","","D:\a\food-dashboard\food-dashboard\commodity_dashboard\raw_archive\capture\20260628_194100\FAMILY_worldbank_CMO.xlsx",""
"2026-06-28T19:41:00Z","WH-002","wheat","worldbank","captured","562","","D:\a\food-dashboard\food-dashboard\commodity_dashboard\raw_archive\capture\20260628_194100\FAMILY_worldbank_CMO.xlsx",""
"2026-06-28T19:41:00Z","FE-006","fertilisers composite","eurostat","captured","136","","D:\a\food-dashboard\food-dashboard\commodity_dashboard\raw_archive\capture\20260628_194100\FE-006.json",""
"2026-06-28T19:41:00Z","FE-007","fertilisers composite","eurostat","captured","25","","D:\a\food-dashboard\food-dashboard\commodity_dashboard\raw_archive\capture\20260628_194100\FE-007.json",""
"2026-06-28T19:41:00Z","FE-009","agricultural lime","eurostat","captured","136","","D:\a\food-dashboard\food-dashboard\commodity_dashboard\raw_archive\capture\20260628_194100\FE-009.json",""
"2026-06-28T19:41:00Z","FR-005","land freight","eurostat","captured","20","","D:\a\food-dashboard\food-dashboard\commodity_dashboard\raw_archive\capture\20260628_194100\FR-005.json",""
"2026-06-28T19:41:00Z","PK-002","pulp","eurostat","captured","136","","D:\a\food-dashboard\food-dashboard\commodity_dashboard\raw_archive\capture\20260628_194100\PK-002.json",""
"2026-06-28T19:41:00Z","PK-004","paper & containerboard","eurostat","captured","136","","D:\a\food-dashboard\food-dashboard\commodity_dashboard\raw_archive\capture\20260628_194100\PK-004.json",""
"2026-06-28T19:41:00Z","PK-007","glass","eurostat","captured","136","","D:\a\food-dashboard\food-dashboard\commodity_dashboard\raw_archive\capture\20260628_194100\PK-007.json",""
"2026-06-28T19:41:00Z","PK-009","PET/plastics","eurostat","captured","136","","D:\a\food-dashboard\food-dashboard\commodity_dashboard\raw_archive\capture\20260628_194100\PK-009.json",""
"2026-06-28T19:41:00Z","DY-001","butter","eu_agrifood","captured","337","","D:\a\food-dashboard\food-dashboard\commodity_dashboard\raw_archive\capture\20260628_194100\DY-001.json",""
"2026-06-28T19:41:00Z","DY-002","SMP","eu_agrifood","captured","337","","D:\a\food-dashboard\food-dashboard\commodity_dashboard\raw_archive\capture\20260628_194100\DY-002.json",""
"2026-06-28T19:41:00Z","EG-001","eggs","eu_agrifood","captured","233","","D:\a\food-dashboard\food-dashboard\commodity_dashboard\raw_archive\capture\20260628_194100\EG-001.json",""
"2026-06-28T19:41:00Z","FE-008","fertilisers composite","eu_agrifood","captured","89","","D:\a\food-dashboard\food-dashboard\commodity_dashboard\raw_archive\capture\20260628_194100\FE-008.json",""
"2026-06-28T19:41:00Z","FE-010","fertilisers composite","eu_agrifood","captured","89","","D:\a\food-dashboard\food-dashboard\commodity_dashboard\raw_archive\capture\20260628_194100\FE-010.json",""
"2026-06-28T19:41:00Z","FE-011","fertilisers composite","eu_agrifood","captured","89","","D:\a\food-dashboard\food-dashboard\commodity_dashboard\raw_archive\capture\20260628_194100\FE-011.json",""
"2026-06-28T19:41:00Z","MZ-002","maize","eu_agrifood","captured","315","","D:\a\food-dashboard\food-dashboard\commodity_dashboard\raw_archive\capture\20260628_194100\MZ-002.json",""
"2026-06-28T19:41:00Z","SG-003","white sugar","eu_agrifood","captured","237","","D:\a\food-dashboard\food-dashboard\commodity_dashboard\raw_archive\capture\20260628_194100\SG-003.json",""
"2026-06-28T19:41:00Z","VO-005","rapeseed oil","eu_agrifood","captured","239","","D:\a\food-dashboard\food-dashboard\commodity_dashboard\raw_archive\capture\20260628_194100\VO-005.json",""
"2026-06-28T19:41:00Z","WH-003","wheat","eu_agrifood","captured","327","","D:\a\food-dashboard\food-dashboard\commodity_dashboard\raw_archive\capture\20260628_194100\WH-003.json",""
"2026-06-28T19:41:00Z","IX-001","food composite","fao","captured","437","","D:\a\food-dashboard\food-dashboard\commodity_dashboard\raw_archive\capture\20260628_194100\FAMILY_fao_fpi.csv",""
"2026-06-28T19:41:00Z","IX-002","cereals composite","fao","captured","437","","D:\a\food-dashboard\food-dashboard\commodity_dashboard\raw_archive\capture\20260628_194100\FAMILY_fao_fpi.csv",""
"2026-06-28T19:41:00Z","IX-003","vegetable oils composite","fao","captured","437","","D:\a\food-dashboard\food-dashboard\commodity_dashboard\raw_archive\capture\20260628_194100\FAMILY_fao_fpi.csv",""
"2026-06-28T19:41:00Z","IX-004","dairy composite","fao","captured","437","","D:\a\food-dashboard\food-dashboard\commodity_dashboard\raw_archive\capture\20260628_194100\FAMILY_fao_fpi.csv",""
"2026-06-28T19:41:00Z","IX-005","sugar composite","fao","captured","437","","D:\a\food-dashboard\food-dashboard\commodity_dashboard\raw_archive\capture\20260628_194100\FAMILY_fao_fpi.csv",""
"2026-06-28T19:41:00Z","EG-002","eggs","fred","captured","136","","D:\a\food-dashboard\food-dashboard\commodity_dashboard\raw_archive\capture\20260628_194100\EG-002.json",""
"2026-06-28T19:41:00Z","FR-001","trucking volume","fred","captured","135","","D:\a\food-dashboard\food-dashboard\commodity_dashboard\raw_archive\capture\20260628_194100\FR-001.json",""
"2026-06-28T19:41:00Z","FR-002","trucking rates","fred","captured","137","","D:\a\food-dashboard\food-dashboard\commodity_dashboard\raw_archive\capture\20260628_194100\FR-002.json",""
"2026-06-28T19:41:00Z","FR-003","rail freight","fred","captured","137","","D:\a\food-dashboard\food-dashboard\commodity_dashboard\raw_archive\capture\20260628_194100\FR-003.json",""
"2026-06-28T19:41:00Z","FR-004","ocean freight","fred","captured","137","","D:\a\food-dashboard\food-dashboard\commodity_dashboard\raw_archive\capture\20260628_194100\FR-004.json",""
"2026-06-28T19:41:00Z","PK-001","pulp","fred","captured","137","","D:\a\food-dashboard\food-dashboard\commodity_dashboard\raw_archive\capture\20260628_194100\PK-001.json",""
"2026-06-28T19:41:00Z","PK-003","containerboard","fred","captured","137","","D:\a\food-dashboard\food-dashboard\commodity_dashboard\raw_archive\capture\20260628_194100\PK-003.json",""
"2026-06-28T19:41:00Z","PK-006","glass","fred","captured","137","","D:\a\food-dashboard\food-dashboard\commodity_dashboard\raw_archive\capture\20260628_194100\PK-006.json",""
"2026-06-28T19:41:00Z","PK-008","PET/plastics","fred","captured","137","","D:\a\food-dashboard\food-dashboard\commodity_dashboard\raw_archive\capture\20260628_194100\PK-008.json",""
"2026-06-28T19:41:00Z","CO-002","cocoa","icco","not_captured","0","","","on watchlist (gaps file)"
"2026-06-28T19:41:00Z","CF-003","coffee arabica","ico","not_captured","0","","","on watchlist (gaps file)"
"2026-06-28T19:41:00Z","VO-006","palm oil","mpob","not_captured","0","","","on watchlist (gaps file)"
"2026-06-28T20:43:00Z","EN-003","crude oil WTI","eia","captured","2112","","D:\a\food-dashboard\food-dashboard\commodity_dashboard\raw_archive\capture\20260628_204300\EN-003.json",""
"2026-06-28T20:43:00Z","EN-004","natural gas Henry Hub","eia","captured","1536","","D:\a\food-dashboard\food-dashboard\commodity_dashboard\raw_archive\capture\20260628_204300\EN-004.json",""
"2026-06-28T20:43:00Z","EN-005","diesel","eia","captured","1684","","D:\a\food-dashboard\food-dashboard\commodity_dashboard\raw_archive\capture\20260628_204300\EN-005.json",""
"2026-06-28T20:43:00Z","EN-006","gasoline","eia","captured","1734","","D:\a\food-dashboard\food-dashboard\commodity_dashboard\raw_archive\capture\20260628_204300\EN-006.json",""
"2026-06-28T20:43:00Z","EN-007","diesel","eu_oil_bulletin","captured","1072","","D:\a\food-dashboard\food-dashboard\commodity_dashboard\raw_archive\capture\20260628_204300\FAMILY_euoil.xlsx",""
"2026-06-28T20:43:00Z","EN-008","gasoline","eu_oil_bulletin","captured","1072","","D:\a\food-dashboard\food-dashboard\commodity_dashboard\raw_archive\capture\20260628_204300\FAMILY_euoil.xlsx",""
"2026-06-28T20:43:00Z","CF-001","coffee arabica","worldbank","captured","797","","D:\a\food-dashboard\food-dashboard\commodity_dashboard\raw_archive\capture\20260628_204300\FAMILY_worldbank_CMO.xlsx",""
"2026-06-28T20:43:00Z","CF-002","coffee robusta","worldbank","captured","797","","D:\a\food-dashboard\food-dashboard\commodity_dashboard\raw_archive\capture\20260628_204300\FAMILY_worldbank_CMO.xlsx",""
"2026-06-28T20:43:00Z","CO-001","cocoa","worldbank","captured","797","","D:\a\food-dashboard\food-dashboard\commodity_dashboard\raw_archive\capture\20260628_204300\FAMILY_worldbank_CMO.xlsx",""
"2026-06-28T20:43:00Z","EN-001","natural gas","worldbank","captured","797","","D:\a\food-dashboard\food-dashboard\commodity_dashboard\raw_archive\capture\20260628_204300\FAMILY_worldbank_CMO.xlsx",""
"2026-06-28T20:43:00Z","EN-009","crude oil Brent","worldbank","captured","797","","D:\a\food-dashboard\food-dashboard\commodity_dashboard\raw_archive\capture\20260628_204300\FAMILY_worldbank_CMO.xlsx",""
"2026-06-28T20:43:00Z","EN-010","coal","worldbank","captured","677","","D:\a\food-dashboard\food-dashboard\commodity_dashboard\raw_archive\capture\20260628_204300\FAMILY_worldbank_CMO.xlsx",""
"2026-06-28T20:43:00Z","FE-001","urea","worldbank","captured","797","","D:\a\food-dashboard\food-dashboard\commodity_dashboard\raw_archive\capture\20260628_204300\FAMILY_worldbank_CMO.xlsx",""
"2026-06-28T20:43:00Z","FE-002","DAP","worldbank","captured","713","","D:\a\food-dashboard\food-dashboard\commodity_dashboard\raw_archive\capture\20260628_204300\FAMILY_worldbank_CMO.xlsx",""
"2026-06-28T20:43:00Z","FE-003","TSP","worldbank","captured","797","","D:\a\food-dashboard\food-dashboard\commodity_dashboard\raw_archive\capture\20260628_204300\FAMILY_worldbank_CMO.xlsx",""
"2026-06-28T20:43:00Z","FE-004","potash","worldbank","captured","797","","D:\a\food-dashboard\food-dashboard\commodity_dashboard\raw_archive\capture\20260628_204300\FAMILY_worldbank_CMO.xlsx",""
"2026-06-28T20:43:00Z","FE-005","phosphate rock","worldbank","captured","796","","D:\a\food-dashboard\food-dashboard\commodity_dashboard\raw_archive\capture\20260628_204300\FAMILY_worldbank_CMO.xlsx",""
"2026-06-28T20:43:00Z","MZ-001","maize","worldbank","captured","797","","D:\a\food-dashboard\food-dashboard\commodity_dashboard\raw_archive\capture\20260628_204300\FAMILY_worldbank_CMO.xlsx",""
"2026-06-28T20:43:00Z","PK-005","aluminium","worldbank","captured","797","","D:\a\food-dashboard\food-dashboard\commodity_dashboard\raw_archive\capture\20260628_204300\FAMILY_worldbank_CMO.xlsx",""
"2026-06-28T20:43:00Z","SG-001","raw sugar","worldbank","captured","797","","D:\a\food-dashboard\food-dashboard\commodity_dashboard\raw_archive\capture\20260628_204300\FAMILY_worldbank_CMO.xlsx",""
"2026-06-28T20:43:00Z","SG-002","white sugar","worldbank","captured","797","","D:\a\food-dashboard\food-dashboard\commodity_dashboard\raw_archive\capture\20260628_204300\FAMILY_worldbank_CMO.xlsx",""
"2026-06-28T20:43:00Z","VO-001","soybean oil","worldbank","captured","797","","D:\a\food-dashboard\food-dashboard\commodity_dashboard\raw_archive\capture\20260628_204300\FAMILY_worldbank_CMO.xlsx",""
"2026-06-28T20:43:00Z","VO-002","palm oil","worldbank","captured","797","","D:\a\food-dashboard\food-dashboard\commodity_dashboard\raw_archive\capture\20260628_204300\FAMILY_worldbank_CMO.xlsx",""
"2026-06-28T20:43:00Z","VO-003","sunflower oil","worldbank","captured","287","","D:\a\food-dashboard\food-dashboard\commodity_dashboard\raw_archive\capture\20260628_204300\FAMILY_worldbank_CMO.xlsx",""
"2026-06-28T20:43:00Z","VO-004","rapeseed oil","worldbank","captured","292","","D:\a\food-dashboard\food-dashboard\commodity_dashboard\raw_archive\capture\20260628_204300\FAMILY_worldbank_CMO.xlsx",""
"2026-06-28T20:43:00Z","WH-001","wheat","worldbank","captured","797","","D:\a\food-dashboard\food-dashboard\commodity_dashboard\raw_archive\capture\20260628_204300\FAMILY_worldbank_CMO.xlsx",""
"2026-06-28T20:43:00Z","WH-002","wheat","worldbank","captured","562","","D:\a\food-dashboard\food-dashboard\commodity_dashboard\raw_archive\capture\20260628_204300\FAMILY_worldbank_CMO.xlsx",""
"2026-06-28T20:43:00Z","FE-006","fertilisers composite","eurostat","captured","136","","D:\a\food-dashboard\food-dashboard\commodity_dashboard\raw_archive\capture\20260628_204300\FE-006.json",""
"2026-06-28T20:43:00Z","FE-007","fertilisers composite","eurostat","captured","25","","D:\a\food-dashboard\food-dashboard\commodity_dashboard\raw_archive\capture\20260628_204300\FE-007.json",""
"2026-06-28T20:43:00Z","FE-009","agricultural lime","eurostat","captured","136","","D:\a\food-dashboard\food-dashboard\commodity_dashboard\raw_archive\capture\20260628_204300\FE-009.json",""
"2026-06-28T20:43:00Z","FR-005","land freight","eurostat","captured","20","","D:\a\food-dashboard\food-dashboard\commodity_dashboard\raw_archive\capture\20260628_204300\FR-005.json",""
"2026-06-28T20:43:00Z","PK-002","pulp","eurostat","captured","136","","D:\a\food-dashboard\food-dashboard\commodity_dashboard\raw_archive\capture\20260628_204300\PK-002.json",""
"2026-06-28T20:43:00Z","PK-004","paper & containerboard","eurostat","captured","136","","D:\a\food-dashboard\food-dashboard\commodity_dashboard\raw_archive\capture\20260628_204300\PK-004.json",""
"2026-06-28T20:43:00Z","PK-007","glass","eurostat","captured","136","","D:\a\food-dashboard\food-dashboard\commodity_dashboard\raw_archive\capture\20260628_204300\PK-007.json",""
"2026-06-28T20:43:00Z","PK-009","PET/plastics","eurostat","captured","136","","D:\a\food-dashboard\food-dashboard\commodity_dashboard\raw_archive\capture\20260628_204300\PK-009.json",""
"2026-06-28T20:43:00Z","DY-001","butter","eu_agrifood","captured","337","","D:\a\food-dashboard\food-dashboard\commodity_dashboard\raw_archive\capture\20260628_204300\DY-001.json",""
"2026-06-28T20:43:00Z","DY-002","SMP","eu_agrifood","captured","337","","D:\a\food-dashboard\food-dashboard\commodity_dashboard\raw_archive\capture\20260628_204300\DY-002.json",""
"2026-06-28T20:43:00Z","EG-001","eggs","eu_agrifood","captured","233","","D:\a\food-dashboard\food-dashboard\commodity_dashboard\raw_archive\capture\20260628_204300\EG-001.json",""
"2026-06-28T20:43:00Z","FE-008","fertilisers composite","eu_agrifood","captured","89","","D:\a\food-dashboard\food-dashboard\commodity_dashboard\raw_archive\capture\20260628_204300\FE-008.json",""
"2026-06-28T20:43:00Z","FE-010","fertilisers composite","eu_agrifood","captured","89","","D:\a\food-dashboard\food-dashboard\commodity_dashboard\raw_archive\capture\20260628_204300\FE-010.json",""
"2026-06-28T20:43:00Z","FE-011","fertilisers composite","eu_agrifood","captured","89","","D:\a\food-dashboard\food-dashboard\commodity_dashboard\raw_archive\capture\20260628_204300\FE-011.json",""
"2026-06-28T20:43:00Z","MZ-002","maize","eu_agrifood","captured","315","","D:\a\food-dashboard\food-dashboard\commodity_dashboard\raw_archive\capture\20260628_204300\MZ-002.json",""
"2026-06-28T20:43:00Z","SG-003","white sugar","eu_agrifood","captured","237","","D:\a\food-dashboard\food-dashboard\commodity_dashboard\raw_archive\capture\20260628_204300\SG-003.json",""
"2026-06-28T20:43:00Z","VO-005","rapeseed oil","eu_agrifood","captured","239","","D:\a\food-dashboard\food-dashboard\commodity_dashboard\raw_archive\capture\20260628_204300\VO-005.json",""
"2026-06-28T20:43:00Z","WH-003","wheat","eu_agrifood","captured","327","","D:\a\food-dashboard\food-dashboard\commodity_dashboard\raw_archive\capture\20260628_204300\WH-003.json",""
"2026-06-28T20:43:00Z","IX-001","food composite","fao","captured","437","","D:\a\food-dashboard\food-dashboard\commodity_dashboard\raw_archive\capture\20260628_204300\FAMILY_fao_fpi.csv",""
"2026-06-28T20:43:00Z","IX-002","cereals composite","fao","captured","437","","D:\a\food-dashboard\food-dashboard\commodity_dashboard\raw_archive\capture\20260628_204300\FAMILY_fao_fpi.csv",""
"2026-06-28T20:43:00Z","IX-003","vegetable oils composite","fao","captured","437","","D:\a\food-dashboard\food-dashboard\commodity_dashboard\raw_archive\capture\20260628_204300\FAMILY_fao_fpi.csv",""
"2026-06-28T20:43:00Z","IX-004","dairy composite","fao","captured","437","","D:\a\food-dashboard\food-dashboard\commodity_dashboard\raw_archive\capture\20260628_204300\FAMILY_fao_fpi.csv",""
"2026-06-28T20:43:00Z","IX-005","sugar composite","fao","captured","437","","D:\a\food-dashboard\food-dashboard\commodity_dashboard\raw_archive\capture\20260628_204300\FAMILY_fao_fpi.csv",""
"2026-06-28T20:43:00Z","EG-002","eggs","fred","captured","136","","D:\a\food-dashboard\food-dashboard\commodity_dashboard\raw_archive\capture\20260628_204300\EG-002.json",""
"2026-06-28T20:43:00Z","FR-001","trucking volume","fred","captured","135","","D:\a\food-dashboard\food-dashboard\commodity_dashboard\raw_archive\capture\20260628_204300\FR-001.json",""
"2026-06-28T20:43:00Z","FR-002","trucking rates","fred","captured","137","","D:\a\food-dashboard\food-dashboard\commodity_dashboard\raw_archive\capture\20260628_204300\FR-002.json",""
"2026-06-28T20:43:00Z","FR-003","rail freight","fred","captured","137","","D:\a\food-dashboard\food-dashboard\commodity_dashboard\raw_archive\capture\20260628_204300\FR-003.json",""
"2026-06-28T20:43:00Z","FR-004","ocean freight","fred","captured","137","","D:\a\food-dashboard\food-dashboard\commodity_dashboard\raw_archive\capture\20260628_204300\FR-004.json",""
"2026-06-28T20:43:00Z","PK-001","pulp","fred","captured","137","","D:\a\food-dashboard\food-dashboard\commodity_dashboard\raw_archive\capture\20260628_204300\PK-001.json",""
"2026-06-28T20:43:00Z","PK-003","containerboard","fred","captured","137","","D:\a\food-dashboard\food-dashboard\commodity_dashboard\raw_archive\capture\20260628_204300\PK-003.json",""
"2026-06-28T20:43:00Z","PK-006","glass","fred","captured","137","","D:\a\food-dashboard\food-dashboard\commodity_dashboard\raw_archive\capture\20260628_204300\PK-006.json",""
"2026-06-28T20:43:00Z","PK-008","PET/plastics","fred","captured","137","","D:\a\food-dashboard\food-dashboard\commodity_dashboard\raw_archive\capture\20260628_204300\PK-008.json",""
"2026-06-28T20:43:00Z","CO-002","cocoa","icco","not_captured","0","","","on watchlist (gaps file)"
"2026-06-28T20:43:00Z","CF-003","coffee arabica","ico","not_captured","0","","","on watchlist (gaps file)"
"2026-06-28T20:43:00Z","VO-006","palm oil","mpob","not_captured","0","","","on watchlist (gaps file)"
"2026-06-29T17:16:48Z","EN-003","crude oil WTI","eia","captured","2112","","D:\a\food-dashboard\food-dashboard\commodity_dashboard\raw_archive\capture\20260629_171648\EN-003.json",""
"2026-06-29T17:16:48Z","EN-004","natural gas Henry Hub","eia","captured","1536","","D:\a\food-dashboard\food-dashboard\commodity_dashboard\raw_archive\capture\20260629_171648\EN-004.json",""
"2026-06-29T17:16:48Z","EN-005","diesel","eia","captured","1684","","D:\a\food-dashboard\food-dashboard\commodity_dashboard\raw_archive\capture\20260629_171648\EN-005.json",""
"2026-06-29T17:16:48Z","EN-006","gasoline","eia","captured","1734","","D:\a\food-dashboard\food-dashboard\commodity_dashboard\raw_archive\capture\20260629_171648\EN-006.json",""
"2026-06-29T17:16:48Z","EN-007","diesel","eu_oil_bulletin","captured","1072","","D:\a\food-dashboard\food-dashboard\commodity_dashboard\raw_archive\capture\20260629_171648\FAMILY_euoil.xlsx",""
"2026-06-29T17:16:48Z","EN-008","gasoline","eu_oil_bulletin","captured","1072","","D:\a\food-dashboard\food-dashboard\commodity_dashboard\raw_archive\capture\20260629_171648\FAMILY_euoil.xlsx",""
"2026-06-29T17:16:48Z","CF-001","coffee arabica","worldbank","captured","797","","D:\a\food-dashboard\food-dashboard\commodity_dashboard\raw_archive\capture\20260629_171648\FAMILY_worldbank_CMO.xlsx",""
"2026-06-29T17:16:48Z","CF-002","coffee robusta","worldbank","captured","797","","D:\a\food-dashboard\food-dashboard\commodity_dashboard\raw_archive\capture\20260629_171648\FAMILY_worldbank_CMO.xlsx",""
"2026-06-29T17:16:48Z","CO-001","cocoa","worldbank","captured","797","","D:\a\food-dashboard\food-dashboard\commodity_dashboard\raw_archive\capture\20260629_171648\FAMILY_worldbank_CMO.xlsx",""
"2026-06-29T17:16:48Z","EN-001","natural gas","worldbank","captured","797","","D:\a\food-dashboard\food-dashboard\commodity_dashboard\raw_archive\capture\20260629_171648\FAMILY_worldbank_CMO.xlsx",""
"2026-06-29T17:16:48Z","EN-009","crude oil Brent","worldbank","captured","797","","D:\a\food-dashboard\food-dashboard\commodity_dashboard\raw_archive\capture\20260629_171648\FAMILY_worldbank_CMO.xlsx",""
"2026-06-29T17:16:48Z","EN-010","coal","worldbank","captured","677","","D:\a\food-dashboard\food-dashboard\commodity_dashboard\raw_archive\capture\20260629_171648\FAMILY_worldbank_CMO.xlsx",""
"2026-06-29T17:16:48Z","FE-001","urea","worldbank","captured","797","","D:\a\food-dashboard\food-dashboard\commodity_dashboard\raw_archive\capture\20260629_171648\FAMILY_worldbank_CMO.xlsx",""
"2026-06-29T17:16:48Z","FE-002","DAP","worldbank","captured","713","","D:\a\food-dashboard\food-dashboard\commodity_dashboard\raw_archive\capture\20260629_171648\FAMILY_worldbank_CMO.xlsx",""
"2026-06-29T17:16:48Z","FE-003","TSP","worldbank","captured","797","","D:\a\food-dashboard\food-dashboard\commodity_dashboard\raw_archive\capture\20260629_171648\FAMILY_worldbank_CMO.xlsx",""
"2026-06-29T17:16:48Z","FE-004","potash","worldbank","captured","797","","D:\a\food-dashboard\food-dashboard\commodity_dashboard\raw_archive\capture\20260629_171648\FAMILY_worldbank_CMO.xlsx",""
"2026-06-29T17:16:48Z","FE-005","phosphate rock","worldbank","captured","796","","D:\a\food-dashboard\food-dashboard\commodity_dashboard\raw_archive\capture\20260629_171648\FAMILY_worldbank_CMO.xlsx",""
"2026-06-29T17:16:48Z","MZ-001","maize","worldbank","captured","797","","D:\a\food-dashboard\food-dashboard\commodity_dashboard\raw_archive\capture\20260629_171648\FAMILY_worldbank_CMO.xlsx",""
"2026-06-29T17:16:48Z","PK-005","aluminium","worldbank","captured","797","","D:\a\food-dashboard\food-dashboard\commodity_dashboard\raw_archive\capture\20260629_171648\FAMILY_worldbank_CMO.xlsx",""
"2026-06-29T17:16:48Z","SG-001","raw sugar","worldbank","captured","797","","D:\a\food-dashboard\food-dashboard\commodity_dashboard\raw_archive\capture\20260629_171648\FAMILY_worldbank_CMO.xlsx",""
"2026-06-29T17:16:48Z","SG-002","white sugar","worldbank","captured","797","","D:\a\food-dashboard\food-dashboard\commodity_dashboard\raw_archive\capture\20260629_171648\FAMILY_worldbank_CMO.xlsx",""
"2026-06-29T17:16:48Z","VO-001","soybean oil","worldbank","captured","797","","D:\a\food-dashboard\food-dashboard\commodity_dashboard\raw_archive\capture\20260629_171648\FAMILY_worldbank_CMO.xlsx",""
"2026-06-29T17:16:48Z","VO-002","palm oil","worldbank","captured","797","","D:\a\food-dashboard\food-dashboard\commodity_dashboard\raw_archive\capture\20260629_171648\FAMILY_worldbank_CMO.xlsx",""
"2026-06-29T17:16:48Z","VO-003","sunflower oil","worldbank","captured","287","","D:\a\food-dashboard\food-dashboard\commodity_dashboard\raw_archive\capture\20260629_171648\FAMILY_worldbank_CMO.xlsx",""
"2026-06-29T17:16:48Z","VO-004","rapeseed oil","worldbank","captured","292","","D:\a\food-dashboard\food-dashboard\commodity_dashboard\raw_archive\capture\20260629_171648\FAMILY_worldbank_CMO.xlsx",""
"2026-06-29T17:16:48Z","WH-001","wheat","worldbank","captured","797","","D:\a\food-dashboard\food-dashboard\commodity_dashboard\raw_archive\capture\20260629_171648\FAMILY_worldbank_CMO.xlsx",""
"2026-06-29T17:16:48Z","WH-002","wheat","worldbank","captured","562","","D:\a\food-dashboard\food-dashboard\commodity_dashboard\raw_archive\capture\20260629_171648\FAMILY_worldbank_CMO.xlsx",""
"2026-06-29T17:16:48Z","FE-006","fertilisers composite","eurostat","captured","136","","D:\a\food-dashboard\food-dashboard\commodity_dashboard\raw_archive\capture\20260629_171648\FE-006.json",""
"2026-06-29T17:16:48Z","FE-007","fertilisers composite","eurostat","captured","25","","D:\a\food-dashboard\food-dashboard\commodity_dashboard\raw_archive\capture\20260629_171648\FE-007.json",""
"2026-06-29T17:16:48Z","FE-009","agricultural lime","eurostat","captured","136","","D:\a\food-dashboard\food-dashboard\commodity_dashboard\raw_archive\capture\20260629_171648\FE-009.json",""
"2026-06-29T17:16:48Z","FR-005","land freight","eurostat","captured","20","","D:\a\food-dashboard\food-dashboard\commodity_dashboard\raw_archive\capture\20260629_171648\FR-005.json",""
"2026-06-29T17:16:48Z","PK-002","pulp","eurostat","captured","136","","D:\a\food-dashboard\food-dashboard\commodity_dashboard\raw_archive\capture\20260629_171648\PK-002.json",""
"2026-06-29T17:16:48Z","PK-004","paper & containerboard","eurostat","captured","136","","D:\a\food-dashboard\food-dashboard\commodity_dashboard\raw_archive\capture\20260629_171648\PK-004.json",""
"2026-06-29T17:16:48Z","PK-007","glass","eurostat","captured","136","","D:\a\food-dashboard\food-dashboard\commodity_dashboard\raw_archive\capture\20260629_171648\PK-007.json",""
"2026-06-29T17:16:48Z","PK-009","PET/plastics","eurostat","captured","136","","D:\a\food-dashboard\food-dashboard\commodity_dashboard\raw_archive\capture\20260629_171648\PK-009.json",""
"2026-06-29T17:16:48Z","DY-001","butter","eu_agrifood","captured","337","","D:\a\food-dashboard\food-dashboard\commodity_dashboard\raw_archive\capture\20260629_171648\DY-001.json",""
"2026-06-29T17:16:48Z","DY-002","SMP","eu_agrifood","captured","337","","D:\a\food-dashboard\food-dashboard\commodity_dashboard\raw_archive\capture\20260629_171648\DY-002.json",""
"2026-06-29T17:16:48Z","EG-001","eggs","eu_agrifood","captured","233","","D:\a\food-dashboard\food-dashboard\commodity_dashboard\raw_archive\capture\20260629_171648\EG-001.json",""
"2026-06-29T17:16:48Z","FE-008","fertilisers composite","eu_agrifood","captured","89","","D:\a\food-dashboard\food-dashboard\commodity_dashboard\raw_archive\capture\20260629_171648\FE-008.json",""
"2026-06-29T17:16:48Z","FE-010","fertilisers composite","eu_agrifood","captured","89","","D:\a\food-dashboard\food-dashboard\commodity_dashboard\raw_archive\capture\20260629_171648\FE-010.json",""
"2026-06-29T17:16:48Z","FE-011","fertilisers composite","eu_agrifood","captured","89","","D:\a\food-dashboard\food-dashboard\commodity_dashboard\raw_archive\capture\20260629_171648\FE-011.json",""
"2026-06-29T17:16:48Z","MZ-002","maize","eu_agrifood","captured","315","","D:\a\food-dashboard\food-dashboard\commodity_dashboard\raw_archive\capture\20260629_171648\MZ-002.json",""
"2026-06-29T17:16:48Z","SG-003","white sugar","eu_agrifood","captured","237","","D:\a\food-dashboard\food-dashboard\commodity_dashboard\raw_archive\capture\20260629_171648\SG-003.json",""
"2026-06-29T17:16:48Z","VO-005","rapeseed oil","eu_agrifood","captured","239","","D:\a\food-dashboard\food-dashboard\commodity_dashboard\raw_archive\capture\20260629_171648\VO-005.json",""
"2026-06-29T17:16:48Z","WH-003","wheat","eu_agrifood","captured","327","","D:\a\food-dashboard\food-dashboard\commodity_dashboard\raw_archive\capture\20260629_171648\WH-003.json",""
"2026-06-29T17:16:48Z","IX-001","food composite","fao","captured","437","","D:\a\food-dashboard\food-dashboard\commodity_dashboard\raw_archive\capture\20260629_171648\FAMILY_fao_fpi.csv",""
"2026-06-29T17:16:48Z","IX-002","cereals composite","fao","captured","437","","D:\a\food-dashboard\food-dashboard\commodity_dashboard\raw_archive\capture\20260629_171648\FAMILY_fao_fpi.csv",""
"2026-06-29T17:16:48Z","IX-003","vegetable oils composite","fao","captured","437","","D:\a\food-dashboard\food-dashboard\commodity_dashboard\raw_archive\capture\20260629_171648\FAMILY_fao_fpi.csv",""
"2026-06-29T17:16:48Z","IX-004","dairy composite","fao","captured","437","","D:\a\food-dashboard\food-dashboard\commodity_dashboard\raw_archive\capture\20260629_171648\FAMILY_fao_fpi.csv",""
"2026-06-29T17:16:48Z","IX-005","sugar composite","fao","captured","437","","D:\a\food-dashboard\food-dashboard\commodity_dashboard\raw_archive\capture\20260629_171648\FAMILY_fao_fpi.csv",""
"2026-06-29T17:16:48Z","EG-002","eggs","fred","captured","136","","D:\a\food-dashboard\food-dashboard\commodity_dashboard\raw_archive\capture\20260629_171648\EG-002.json",""
"2026-06-29T17:16:48Z","FR-001","trucking volume","fred","captured","135","","D:\a\food-dashboard\food-dashboard\commodity_dashboard\raw_archive\capture\20260629_171648\FR-001.json",""
"2026-06-29T17:16:48Z","FR-002","trucking rates","fred","captured","137","","D:\a\food-dashboard\food-dashboard\commodity_dashboard\raw_archive\capture\20260629_171648\FR-002.json",""
"2026-06-29T17:16:48Z","FR-003","rail freight","fred","captured","137","","D:\a\food-dashboard\food-dashboard\commodity_dashboard\raw_archive\capture\20260629_171648\FR-003.json",""
"2026-06-29T17:16:48Z","FR-004","ocean freight","fred","captured","137","","D:\a\food-dashboard\food-dashboard\commodity_dashboard\raw_archive\capture\20260629_171648\FR-004.json",""
"2026-06-29T17:16:48Z","PK-001","pulp","fred","captured","137","","D:\a\food-dashboard\food-dashboard\commodity_dashboard\raw_archive\capture\20260629_171648\PK-001.json",""
"2026-06-29T17:16:48Z","PK-003","containerboard","fred","captured","137","","D:\a\food-dashboard\food-dashboard\commodity_dashboard\raw_archive\capture\20260629_171648\PK-003.json",""
"2026-06-29T17:16:48Z","PK-006","glass","fred","captured","137","","D:\a\food-dashboard\food-dashboard\commodity_dashboard\raw_archive\capture\20260629_171648\PK-006.json",""
"2026-06-29T17:16:48Z","PK-008","PET/plastics","fred","captured","137","","D:\a\food-dashboard\food-dashboard\commodity_dashboard\raw_archive\capture\20260629_171648\PK-008.json",""
"2026-06-29T17:16:48Z","CO-002","cocoa","icco","not_captured","0","","","on watchlist (gaps file)"
"2026-06-29T17:16:48Z","CF-003","coffee arabica","ico","not_captured","0","","","on watchlist (gaps file)"
"2026-06-29T17:16:48Z","VO-006","palm oil","mpob","not_captured","0","","","on watchlist (gaps file)"
"2026-07-06T17:22:17Z","EN-003","crude oil WTI","eia","captured","2113","","D:\a\food-dashboard\food-dashboard\commodity_dashboard\raw_archive\capture\20260706_172217\EN-003.json",""
"2026-07-06T17:22:17Z","EN-004","natural gas Henry Hub","eia","captured","1537","","D:\a\food-dashboard\food-dashboard\commodity_dashboard\raw_archive\capture\20260706_172217\EN-004.json",""
"2026-07-06T17:22:17Z","EN-005","diesel","eia","captured","1685","","D:\a\food-dashboard\food-dashboard\commodity_dashboard\raw_archive\capture\20260706_172217\EN-005.json",""
"2026-07-06T17:22:17Z","EN-006","gasoline","eia","captured","1735","","D:\a\food-dashboard\food-dashboard\commodity_dashboard\raw_archive\capture\20260706_172217\EN-006.json",""
"2026-07-06T17:22:17Z","EN-007","diesel","eu_oil_bulletin","captured","1073","","D:\a\food-dashboard\food-dashboard\commodity_dashboard\raw_archive\capture\20260706_172217\FAMILY_euoil.xlsx",""
"2026-07-06T17:22:17Z","EN-008","gasoline","eu_oil_bulletin","captured","1073","","D:\a\food-dashboard\food-dashboard\commodity_dashboard\raw_archive\capture\20260706_172217\FAMILY_euoil.xlsx",""
"2026-07-06T17:22:17Z","CF-001","coffee arabica","worldbank","captured","798","","D:\a\food-dashboard\food-dashboard\commodity_dashboard\raw_archive\capture\20260706_172217\FAMILY_worldbank_CMO.xlsx",""
"2026-07-06T17:22:17Z","CF-002","coffee robusta","worldbank","captured","798","","D:\a\food-dashboard\food-dashboard\commodity_dashboard\raw_archive\capture\20260706_172217\FAMILY_worldbank_CMO.xlsx",""
"2026-07-06T17:22:17Z","CO-001","cocoa","worldbank","captured","798","","D:\a\food-dashboard\food-dashboard\commodity_dashboard\raw_archive\capture\20260706_172217\FAMILY_worldbank_CMO.xlsx",""
"2026-07-06T17:22:17Z","EN-001","natural gas","worldbank","captured","798","","D:\a\food-dashboard\food-dashboard\commodity_dashboard\raw_archive\capture\20260706_172217\FAMILY_worldbank_CMO.xlsx",""
"2026-07-06T17:22:17Z","EN-009","crude oil Brent","worldbank","captured","798","","D:\a\food-dashboard\food-dashboard\commodity_dashboard\raw_archive\capture\20260706_172217\FAMILY_worldbank_CMO.xlsx",""
"2026-07-06T17:22:17Z","EN-010","coal","worldbank","captured","678","","D:\a\food-dashboard\food-dashboard\commodity_dashboard\raw_archive\capture\20260706_172217\FAMILY_worldbank_CMO.xlsx",""
"2026-07-06T17:22:17Z","FE-001","urea","worldbank","captured","798","","D:\a\food-dashboard\food-dashboard\commodity_dashboard\raw_archive\capture\20260706_172217\FAMILY_worldbank_CMO.xlsx",""
"2026-07-06T17:22:17Z","FE-002","DAP","worldbank","captured","714","","D:\a\food-dashboard\food-dashboard\commodity_dashboard\raw_archive\capture\20260706_172217\FAMILY_worldbank_CMO.xlsx",""
"2026-07-06T17:22:17Z","FE-003","TSP","worldbank","captured","798","","D:\a\food-dashboard\food-dashboard\commodity_dashboard\raw_archive\capture\20260706_172217\FAMILY_worldbank_CMO.xlsx",""
"2026-07-06T17:22:17Z","FE-004","potash","worldbank","captured","798","","D:\a\food-dashboard\food-dashboard\commodity_dashboard\raw_archive\capture\20260706_172217\FAMILY_worldbank_CMO.xlsx",""
"2026-07-06T17:22:17Z","FE-005","phosphate rock","worldbank","captured","797","","D:\a\food-dashboard\food-dashboard\commodity_dashboard\raw_archive\capture\20260706_172217\FAMILY_worldbank_CMO.xlsx",""
"2026-07-06T17:22:17Z","MZ-001","maize","worldbank","captured","798","","D:\a\food-dashboard\food-dashboard\commodity_dashboard\raw_archive\capture\20260706_172217\FAMILY_worldbank_CMO.xlsx",""
"2026-07-06T17:22:17Z","PK-005","aluminium","worldbank","captured","798","","D:\a\food-dashboard\food-dashboard\commodity_dashboard\raw_archive\capture\20260706_172217\FAMILY_worldbank_CMO.xlsx",""
"2026-07-06T17:22:17Z","SG-001","raw sugar","worldbank","captured","798","","D:\a\food-dashboard\food-dashboard\commodity_dashboard\raw_archive\capture\20260706_172217\FAMILY_worldbank_CMO.xlsx",""
"2026-07-06T17:22:17Z","SG-002","white sugar","worldbank","captured","798","","D:\a\food-dashboard\food-dashboard\commodity_dashboard\raw_archive\capture\20260706_172217\FAMILY_worldbank_CMO.xlsx",""
"2026-07-06T17:22:17Z","VO-001","soybean oil","worldbank","captured","798","","D:\a\food-dashboard\food-dashboard\commodity_dashboard\raw_archive\capture\20260706_172217\FAMILY_worldbank_CMO.xlsx",""
"2026-07-06T17:22:17Z","VO-002","palm oil","worldbank","captured","798","","D:\a\food-dashboard\food-dashboard\commodity_dashboard\raw_archive\capture\20260706_172217\FAMILY_worldbank_CMO.xlsx",""
"2026-07-06T17:22:17Z","VO-003","sunflower oil","worldbank","captured","288","","D:\a\food-dashboard\food-dashboard\commodity_dashboard\raw_archive\capture\20260706_172217\FAMILY_worldbank_CMO.xlsx",""
"2026-07-06T17:22:17Z","VO-004","rapeseed oil","worldbank","captured","293","","D:\a\food-dashboard\food-dashboard\commodity_dashboard\raw_archive\capture\20260706_172217\FAMILY_worldbank_CMO.xlsx",""
"2026-07-06T17:22:17Z","WH-001","wheat","worldbank","captured","798","","D:\a\food-dashboard\food-dashboard\commodity_dashboard\raw_archive\capture\20260706_172217\FAMILY_worldbank_CMO.xlsx",""
"2026-07-06T17:22:17Z","WH-002","wheat","worldbank","captured","563","","D:\a\food-dashboard\food-dashboard\commodity_dashboard\raw_archive\capture\20260706_172217\FAMILY_worldbank_CMO.xlsx",""
"2026-07-06T17:22:17Z","FE-006","fertilisers composite","eurostat","captured","137","","D:\a\food-dashboard\food-dashboard\commodity_dashboard\raw_archive\capture\20260706_172217\FE-006.json",""
"2026-07-06T17:22:17Z","FE-007","fertilisers composite","eurostat","captured","25","","D:\a\food-dashboard\food-dashboard\commodity_dashboard\raw_archive\capture\20260706_172217\FE-007.json",""
"2026-07-06T17:22:17Z","FE-009","agricultural lime","eurostat","captured","137","","D:\a\food-dashboard\food-dashboard\commodity_dashboard\raw_archive\capture\20260706_172217\FE-009.json",""
"2026-07-06T17:22:17Z","FR-005","land freight","eurostat","captured","21","","D:\a\food-dashboard\food-dashboard\commodity_dashboard\raw_archive\capture\20260706_172217\FR-005.json",""
"2026-07-06T17:22:17Z","PK-002","pulp","eurostat","captured","137","","D:\a\food-dashboard\food-dashboard\commodity_dashboard\raw_archive\capture\20260706_172217\PK-002.json",""
"2026-07-06T17:22:17Z","PK-004","paper & containerboard","eurostat","captured","137","","D:\a\food-dashboard\food-dashboard\commodity_dashboard\raw_archive\capture\20260706_172217\PK-004.json",""
"2026-07-06T17:22:17Z","PK-007","glass","eurostat","captured","137","","D:\a\food-dashboard\food-dashboard\commodity_dashboard\raw_archive\capture\20260706_172217\PK-007.json",""
"2026-07-06T17:22:17Z","PK-009","PET/plastics","eurostat","captured","137","","D:\a\food-dashboard\food-dashboard\commodity_dashboard\raw_archive\capture\20260706_172217\PK-009.json",""
"2026-07-06T17:22:17Z","DY-001","butter","eu_agrifood","captured","338","","D:\a\food-dashboard\food-dashboard\commodity_dashboard\raw_archive\capture\20260706_172217\DY-001.json",""
"2026-07-06T17:22:17Z","DY-002","SMP","eu_agrifood","captured","338","","D:\a\food-dashboard\food-dashboard\commodity_dashboard\raw_archive\capture\20260706_172217\DY-002.json",""
"2026-07-06T17:22:17Z","EG-001","eggs","eu_agrifood","captured","234","","D:\a\food-dashboard\food-dashboard\commodity_dashboard\raw_archive\capture\20260706_172217\EG-001.json",""
"2026-07-06T17:22:17Z","FE-008","fertilisers composite","eu_agrifood","captured","89","","D:\a\food-dashboard\food-dashboard\commodity_dashboard\raw_archive\capture\20260706_172217\FE-008.json",""
"2026-07-06T17:22:17Z","FE-010","fertilisers composite","eu_agrifood","captured","89","","D:\a\food-dashboard\food-dashboard\commodity_dashboard\raw_archive\capture\20260706_172217\FE-010.json",""
"2026-07-06T17:22:17Z","FE-011","fertilisers composite","eu_agrifood","captured","89","","D:\a\food-dashboard\food-dashboard\commodity_dashboard\raw_archive\capture\20260706_172217\FE-011.json",""
"2026-07-06T17:22:17Z","MZ-002","maize","eu_agrifood","captured","316","","D:\a\food-dashboard\food-dashboard\commodity_dashboard\raw_archive\capture\20260706_172217\MZ-002.json",""
"2026-07-06T17:22:17Z","SG-003","white sugar","eu_agrifood","captured","237","","D:\a\food-dashboard\food-dashboard\commodity_dashboard\raw_archive\capture\20260706_172217\SG-003.json",""
"2026-07-06T17:22:17Z","VO-005","rapeseed oil","eu_agrifood","captured","240","","D:\a\food-dashboard\food-dashboard\commodity_dashboard\raw_archive\capture\20260706_172217\VO-005.json",""
"2026-07-06T17:22:17Z","WH-003","wheat","eu_agrifood","captured","328","","D:\a\food-dashboard\food-dashboard\commodity_dashboard\raw_archive\capture\20260706_172217\WH-003.json",""
"2026-07-06T17:22:17Z","IX-001","food composite","fao","captured","438","","D:\a\food-dashboard\food-dashboard\commodity_dashboard\raw_archive\capture\20260706_172217\FAMILY_fao_fpi.csv",""
"2026-07-06T17:22:17Z","IX-002","cereals composite","fao","captured","438","","D:\a\food-dashboard\food-dashboard\commodity_dashboard\raw_archive\capture\20260706_172217\FAMILY_fao_fpi.csv",""
"2026-07-06T17:22:17Z","IX-003","vegetable oils composite","fao","captured","438","","D:\a\food-dashboard\food-dashboard\commodity_dashboard\raw_archive\capture\20260706_172217\FAMILY_fao_fpi.csv",""
"2026-07-06T17:22:17Z","IX-004","dairy composite","fao","captured","438","","D:\a\food-dashboard\food-dashboard\commodity_dashboard\raw_archive\capture\20260706_172217\FAMILY_fao_fpi.csv",""
"2026-07-06T17:22:17Z","IX-005","sugar composite","fao","captured","438","","D:\a\food-dashboard\food-dashboard\commodity_dashboard\raw_archive\capture\20260706_172217\FAMILY_fao_fpi.csv",""
"2026-07-06T17:22:17Z","EG-002","eggs","fred","captured","136","","D:\a\food-dashboard\food-dashboard\commodity_dashboard\raw_archive\capture\20260706_172217\EG-002.json",""
"2026-07-06T17:22:17Z","FR-001","trucking volume","fred","captured","136","","D:\a\food-dashboard\food-dashboard\commodity_dashboard\raw_archive\capture\20260706_172217\FR-001.json",""
"2026-07-06T17:22:17Z","FR-002","trucking rates","fred","captured","137","","D:\a\food-dashboard\food-dashboard\commodity_dashboard\raw_archive\capture\20260706_172217\FR-002.json",""
"2026-07-06T17:22:17Z","FR-003","rail freight","fred","captured","137","","D:\a\food-dashboard\food-dashboard\commodity_dashboard\raw_archive\capture\20260706_172217\FR-003.json",""
"2026-07-06T17:22:17Z","FR-004","ocean freight","fred","captured","137","","D:\a\food-dashboard\food-dashboard\commodity_dashboard\raw_archive\capture\20260706_172217\FR-004.json",""
"2026-07-06T17:22:17Z","PK-001","pulp","fred","captured","137","","D:\a\food-dashboard\food-dashboard\commodity_dashboard\raw_archive\capture\20260706_172217\PK-001.json",""
"2026-07-06T17:22:17Z","PK-003","containerboard","fred","captured","137","","D:\a\food-dashboard\food-dashboard\commodity_dashboard\raw_archive\capture\20260706_172217\PK-003.json",""
"2026-07-06T17:22:17Z","PK-006","glass","fred","captured","137","","D:\a\food-dashboard\food-dashboard\commodity_dashboard\raw_archive\capture\20260706_172217\PK-006.json",""
"2026-07-06T17:22:17Z","PK-008","PET/plastics","fred","captured","137","","D:\a\food-dashboard\food-dashboard\commodity_dashboard\raw_archive\capture\20260706_172217\PK-008.json",""
"2026-07-06T17:22:17Z","CO-002","cocoa","icco","not_captured","0","","","on watchlist (gaps file)"
"2026-07-06T17:22:17Z","CF-003","coffee arabica","ico","not_captured","0","","","on watchlist (gaps file)"
"2026-07-06T17:22:17Z","VO-006","palm oil","mpob","not_captured","0","","","on watchlist (gaps file)"
"2026-07-13T09:52:25Z","EN-003","crude oil WTI","eia","captured","2114","","D:\a\food-dashboard\food-dashboard\commodity_dashboard\raw_archive\capture\20260713_095225\EN-003.json",""
"2026-07-13T09:52:25Z","EN-004","natural gas Henry Hub","eia","captured","1538","","D:\a\food-dashboard\food-dashboard\commodity_dashboard\raw_archive\capture\20260713_095225\EN-004.json",""
"2026-07-13T09:52:25Z","EN-005","diesel","eia","captured","1686","","D:\a\food-dashboard\food-dashboard\commodity_dashboard\raw_archive\capture\20260713_095225\EN-005.json",""
"2026-07-13T09:52:25Z","EN-006","gasoline","eia","captured","1736","","D:\a\food-dashboard\food-dashboard\commodity_dashboard\raw_archive\capture\20260713_095225\EN-006.json",""
"2026-07-13T09:52:25Z","EN-007","diesel","eu_oil_bulletin","captured","1074","","D:\a\food-dashboard\food-dashboard\commodity_dashboard\raw_archive\capture\20260713_095225\FAMILY_euoil.xlsx",""
"2026-07-13T09:52:25Z","EN-008","gasoline","eu_oil_bulletin","captured","1074","","D:\a\food-dashboard\food-dashboard\commodity_dashboard\raw_archive\capture\20260713_095225\FAMILY_euoil.xlsx",""
"2026-07-13T09:52:25Z","CF-001","coffee arabica","worldbank","captured","798","","D:\a\food-dashboard\food-dashboard\commodity_dashboard\raw_archive\capture\20260713_095225\FAMILY_worldbank_CMO.xlsx",""
"2026-07-13T09:52:25Z","CF-002","coffee robusta","worldbank","captured","798","","D:\a\food-dashboard\food-dashboard\commodity_dashboard\raw_archive\capture\20260713_095225\FAMILY_worldbank_CMO.xlsx",""
"2026-07-13T09:52:25Z","CO-001","cocoa","worldbank","captured","798","","D:\a\food-dashboard\food-dashboard\commodity_dashboard\raw_archive\capture\20260713_095225\FAMILY_worldbank_CMO.xlsx",""
"2026-07-13T09:52:25Z","EN-001","natural gas","worldbank","captured","798","","D:\a\food-dashboard\food-dashboard\commodity_dashboard\raw_archive\capture\20260713_095225\FAMILY_worldbank_CMO.xlsx",""
"2026-07-13T09:52:25Z","EN-009","crude oil Brent","worldbank","captured","798","","D:\a\food-dashboard\food-dashboard\commodity_dashboard\raw_archive\capture\20260713_095225\FAMILY_worldbank_CMO.xlsx",""
"2026-07-13T09:52:25Z","EN-010","coal","worldbank","captured","678","","D:\a\food-dashboard\food-dashboard\commodity_dashboard\raw_archive\capture\20260713_095225\FAMILY_worldbank_CMO.xlsx",""
"2026-07-13T09:52:25Z","FE-001","urea","worldbank","captured","798","","D:\a\food-dashboard\food-dashboard\commodity_dashboard\raw_archive\capture\20260713_095225\FAMILY_worldbank_CMO.xlsx",""
"2026-07-13T09:52:25Z","FE-002","DAP","worldbank","captured","714","","D:\a\food-dashboard\food-dashboard\commodity_dashboard\raw_archive\capture\20260713_095225\FAMILY_worldbank_CMO.xlsx",""
"2026-07-13T09:52:25Z","FE-003","TSP","worldbank","captured","798","","D:\a\food-dashboard\food-dashboard\commodity_dashboard\raw_archive\capture\20260713_095225\FAMILY_worldbank_CMO.xlsx",""
"2026-07-13T09:52:25Z","FE-004","potash","worldbank","captured","798","","D:\a\food-dashboard\food-dashboard\commodity_dashboard\raw_archive\capture\20260713_095225\FAMILY_worldbank_CMO.xlsx",""
"2026-07-13T09:52:25Z","FE-005","phosphate rock","worldbank","captured","797","","D:\a\food-dashboard\food-dashboard\commodity_dashboard\raw_archive\capture\20260713_095225\FAMILY_worldbank_CMO.xlsx",""
"2026-07-13T09:52:25Z","MZ-001","maize","worldbank","captured","798","","D:\a\food-dashboard\food-dashboard\commodity_dashboard\raw_archive\capture\20260713_095225\FAMILY_worldbank_CMO.xlsx",""
"2026-07-13T09:52:25Z","PK-005","aluminium","worldbank","captured","798","","D:\a\food-dashboard\food-dashboard\commodity_dashboard\raw_archive\capture\20260713_095225\FAMILY_worldbank_CMO.xlsx",""
"2026-07-13T09:52:25Z","SG-001","raw sugar","worldbank","captured","798","","D:\a\food-dashboard\food-dashboard\commodity_dashboard\raw_archive\capture\20260713_095225\FAMILY_worldbank_CMO.xlsx",""
"2026-07-13T09:52:25Z","SG-002","white sugar","worldbank","captured","798","","D:\a\food-dashboard\food-dashboard\commodity_dashboard\raw_archive\capture\20260713_095225\FAMILY_worldbank_CMO.xlsx",""
"2026-07-13T09:52:25Z","VO-001","soybean oil","worldbank","captured","798","","D:\a\food-dashboard\food-dashboard\commodity_dashboard\raw_archive\capture\20260713_095225\FAMILY_worldbank_CMO.xlsx",""
"2026-07-13T09:52:25Z","VO-002","palm oil","worldbank","captured","798","","D:\a\food-dashboard\food-dashboard\commodity_dashboard\raw_archive\capture\20260713_095225\FAMILY_worldbank_CMO.xlsx",""
"2026-07-13T09:52:25Z","VO-003","sunflower oil","worldbank","captured","288","","D:\a\food-dashboard\food-dashboard\commodity_dashboard\raw_archive\capture\20260713_095225\FAMILY_worldbank_CMO.xlsx",""
"2026-07-13T09:52:25Z","VO-004","rapeseed oil","worldbank","captured","293","","D:\a\food-dashboard\food-dashboard\commodity_dashboard\raw_archive\capture\20260713_095225\FAMILY_worldbank_CMO.xlsx",""
"2026-07-13T09:52:25Z","WH-001","wheat","worldbank","captured","798","","D:\a\food-dashboard\food-dashboard\commodity_dashboard\raw_archive\capture\20260713_095225\FAMILY_worldbank_CMO.xlsx",""
"2026-07-13T09:52:25Z","WH-002","wheat","worldbank","captured","563","","D:\a\food-dashboard\food-dashboard\commodity_dashboard\raw_archive\capture\20260713_095225\FAMILY_worldbank_CMO.xlsx",""
"2026-07-13T09:52:25Z","FE-006","fertilisers composite","eurostat","captured","137","","D:\a\food-dashboard\food-dashboard\commodity_dashboard\raw_archive\capture\20260713_095225\FE-006.json",""
"2026-07-13T09:52:25Z","FE-007","fertilisers composite","eurostat","captured","25","","D:\a\food-dashboard\food-dashboard\commodity_dashboard\raw_archive\capture\20260713_095225\FE-007.json",""
"2026-07-13T09:52:25Z","FE-009","agricultural lime","eurostat","captured","137","","D:\a\food-dashboard\food-dashboard\commodity_dashboard\raw_archive\capture\20260713_095225\FE-009.json",""
"2026-07-13T09:52:25Z","FR-005","land freight","eurostat","captured","21","","D:\a\food-dashboard\food-dashboard\commodity_dashboard\raw_archive\capture\20260713_095225\FR-005.json",""
"2026-07-13T09:52:25Z","PK-002","pulp","eurostat","captured","137","","D:\a\food-dashboard\food-dashboard\commodity_dashboard\raw_archive\capture\20260713_095225\PK-002.json",""
"2026-07-13T09:52:25Z","PK-004","paper & containerboard","eurostat","captured","137","","D:\a\food-dashboard\food-dashboard\commodity_dashboard\raw_archive\capture\20260713_095225\PK-004.json",""
"2026-07-13T09:52:25Z","PK-007","glass","eurostat","captured","137","","D:\a\food-dashboard\food-dashboard\commodity_dashboard\raw_archive\capture\20260713_095225\PK-007.json",""
"2026-07-13T09:52:25Z","PK-009","PET/plastics","eurostat","captured","137","","D:\a\food-dashboard\food-dashboard\commodity_dashboard\raw_archive\capture\20260713_095225\PK-009.json",""
"2026-07-13T09:52:25Z","DY-001","butter","eu_agrifood","captured","339","","D:\a\food-dashboard\food-dashboard\commodity_dashboard\raw_archive\capture\20260713_095225\DY-001.json",""
"2026-07-13T09:52:25Z","DY-002","SMP","eu_agrifood","captured","339","","D:\a\food-dashboard\food-dashboard\commodity_dashboard\raw_archive\capture\20260713_095225\DY-002.json",""
"2026-07-13T09:52:25Z","EG-001","eggs","eu_agrifood","captured","235","","D:\a\food-dashboard\food-dashboard\commodity_dashboard\raw_archive\capture\20260713_095225\EG-001.json",""
"2026-07-13T09:52:25Z","FE-008","fertilisers composite","eu_agrifood","captured","90","","D:\a\food-dashboard\food-dashboard\commodity_dashboard\raw_archive\capture\20260713_095225\FE-008.json",""
"2026-07-13T09:52:25Z","FE-010","fertilisers composite","eu_agrifood","captured","90","","D:\a\food-dashboard\food-dashboard\commodity_dashboard\raw_archive\capture\20260713_095225\FE-010.json",""
"2026-07-13T09:52:25Z","FE-011","fertilisers composite","eu_agrifood","captured","90","","D:\a\food-dashboard\food-dashboard\commodity_dashboard\raw_archive\capture\20260713_095225\FE-011.json",""
"2026-07-13T09:52:25Z","MZ-002","maize","eu_agrifood","captured","316","","D:\a\food-dashboard\food-dashboard\commodity_dashboard\raw_archive\capture\20260713_095225\MZ-002.json",""
"2026-07-13T09:52:25Z","SG-003","white sugar","eu_agrifood","captured","239","","D:\a\food-dashboard\food-dashboard\commodity_dashboard\raw_archive\capture\20260713_095225\SG-003.json",""
"2026-07-13T09:52:25Z","VO-005","rapeseed oil","eu_agrifood","captured","241","","D:\a\food-dashboard\food-dashboard\commodity_dashboard\raw_archive\capture\20260713_095225\VO-005.json",""
"2026-07-13T09:52:25Z","WH-003","wheat","eu_agrifood","captured","328","","D:\a\food-dashboard\food-dashboard\commodity_dashboard\raw_archive\capture\20260713_095225\WH-003.json",""
"2026-07-13T09:52:25Z","IX-001","food composite","fao","captured","438","","D:\a\food-dashboard\food-dashboard\commodity_dashboard\raw_archive\capture\20260713_095225\FAMILY_fao_fpi.csv",""
"2026-07-13T09:52:25Z","IX-002","cereals composite","fao","captured","438","","D:\a\food-dashboard\food-dashboard\commodity_dashboard\raw_archive\capture\20260713_095225\FAMILY_fao_fpi.csv",""
"2026-07-13T09:52:25Z","IX-003","vegetable oils composite","fao","captured","438","","D:\a\food-dashboard\food-dashboard\commodity_dashboard\raw_archive\capture\20260713_095225\FAMILY_fao_fpi.csv",""
"2026-07-13T09:52:25Z","IX-004","dairy composite","fao","captured","438","","D:\a\food-dashboard\food-dashboard\commodity_dashboard\raw_archive\capture\20260713_095225\FAMILY_fao_fpi.csv",""
"2026-07-13T09:52:25Z","IX-005","sugar composite","fao","captured","438","","D:\a\food-dashboard\food-dashboard\commodity_dashboard\raw_archive\capture\20260713_095225\FAMILY_fao_fpi.csv",""
"2026-07-13T09:52:25Z","EG-002","eggs","fred","captured","136","","D:\a\food-dashboard\food-dashboard\commodity_dashboard\raw_archive\capture\20260713_095225\EG-002.json",""
"2026-07-13T09:52:25Z","FR-001","trucking volume","fred","captured","136","","D:\a\food-dashboard\food-dashboard\commodity_dashboard\raw_archive\capture\20260713_095225\FR-001.json",""
"2026-07-13T09:52:25Z","FR-002","trucking rates","fred","captured","137","","D:\a\food-dashboard\food-dashboard\commodity_dashboard\raw_archive\capture\20260713_095225\FR-002.json",""
"2026-07-13T09:52:25Z","FR-003","rail freight","fred","captured","137","","D:\a\food-dashboard\food-dashboard\commodity_dashboard\raw_archive\capture\20260713_095225\FR-003.json",""
"2026-07-13T09:52:25Z","FR-004","ocean freight","fred","captured","137","","D:\a\food-dashboard\food-dashboard\commodity_dashboard\raw_archive\capture\20260713_095225\FR-004.json",""
"2026-07-13T09:52:25Z","PK-001","pulp","fred","captured","137","","D:\a\food-dashboard\food-dashboard\commodity_dashboard\raw_archive\capture\20260713_095225\PK-001.json",""
"2026-07-13T09:52:25Z","PK-003","containerboard","fred","captured","137","","D:\a\food-dashboard\food-dashboard\commodity_dashboard\raw_archive\capture\20260713_095225\PK-003.json",""
"2026-07-13T09:52:25Z","PK-006","glass","fred","captured","137","","D:\a\food-dashboard\food-dashboard\commodity_dashboard\raw_archive\capture\20260713_095225\PK-006.json",""
"2026-07-13T09:52:25Z","PK-008","PET/plastics","fred","captured","137","","D:\a\food-dashboard\food-dashboard\commodity_dashboard\raw_archive\capture\20260713_095225\PK-008.json",""
"2026-07-13T09:52:25Z","CO-002","cocoa","icco","not_captured","0","","","on watchlist (gaps file)"
"2026-07-13T09:52:25Z","CF-003","coffee arabica","ico","not_captured","0","","","on watchlist (gaps file)"
"2026-07-13T09:52:25Z","VO-006","palm oil","mpob","not_captured","0","","","on watchlist (gaps file)"
"2026-07-20T09:40:31Z","EN-003","crude oil WTI","eia","captured","2115","","D:\a\food-dashboard\food-dashboard\commodity_dashboard\raw_archive\capture\20260720_094031\EN-003.json",""
"2026-07-20T09:40:31Z","EN-004","natural gas Henry Hub","eia","captured","1539","","D:\a\food-dashboard\food-dashboard\commodity_dashboard\raw_archive\capture\20260720_094031\EN-004.json",""
"2026-07-20T09:40:31Z","EN-005","diesel","eia","captured","1687","","D:\a\food-dashboard\food-dashboard\commodity_dashboard\raw_archive\capture\20260720_094031\EN-005.json",""
"2026-07-20T09:40:31Z","EN-006","gasoline","eia","captured","1737","","D:\a\food-dashboard\food-dashboard\commodity_dashboard\raw_archive\capture\20260720_094031\EN-006.json",""
"2026-07-20T09:40:31Z","EN-007","diesel","eu_oil_bulletin","captured","1075","","D:\a\food-dashboard\food-dashboard\commodity_dashboard\raw_archive\capture\20260720_094031\FAMILY_euoil.xlsx",""
"2026-07-20T09:40:31Z","EN-008","gasoline","eu_oil_bulletin","captured","1075","","D:\a\food-dashboard\food-dashboard\commodity_dashboard\raw_archive\capture\20260720_094031\FAMILY_euoil.xlsx",""
"2026-07-20T09:40:31Z","CF-001","coffee arabica","worldbank","captured","798","","D:\a\food-dashboard\food-dashboard\commodity_dashboard\raw_archive\capture\20260720_094031\FAMILY_worldbank_CMO.xlsx",""
"2026-07-20T09:40:31Z","CF-002","coffee robusta","worldbank","captured","798","","D:\a\food-dashboard\food-dashboard\commodity_dashboard\raw_archive\capture\20260720_094031\FAMILY_worldbank_CMO.xlsx",""
"2026-07-20T09:40:31Z","CO-001","cocoa","worldbank","captured","798","","D:\a\food-dashboard\food-dashboard\commodity_dashboard\raw_archive\capture\20260720_094031\FAMILY_worldbank_CMO.xlsx",""
"2026-07-20T09:40:31Z","EN-001","natural gas","worldbank","captured","798","","D:\a\food-dashboard\food-dashboard\commodity_dashboard\raw_archive\capture\20260720_094031\FAMILY_worldbank_CMO.xlsx",""
"2026-07-20T09:40:31Z","EN-009","crude oil Brent","worldbank","captured","798","","D:\a\food-dashboard\food-dashboard\commodity_dashboard\raw_archive\capture\20260720_094031\FAMILY_worldbank_CMO.xlsx",""
"2026-07-20T09:40:31Z","EN-010","coal","worldbank","captured","678","","D:\a\food-dashboard\food-dashboard\commodity_dashboard\raw_archive\capture\20260720_094031\FAMILY_worldbank_CMO.xlsx",""
"2026-07-20T09:40:31Z","FE-001","urea","worldbank","captured","798","","D:\a\food-dashboard\food-dashboard\commodity_dashboard\raw_archive\capture\20260720_094031\FAMILY_worldbank_CMO.xlsx",""
"2026-07-20T09:40:31Z","FE-002","DAP","worldbank","captured","714","","D:\a\food-dashboard\food-dashboard\commodity_dashboard\raw_archive\capture\20260720_094031\FAMILY_worldbank_CMO.xlsx",""
"2026-07-20T09:40:31Z","FE-003","TSP","worldbank","captured","798","","D:\a\food-dashboard\food-dashboard\commodity_dashboard\raw_archive\capture\20260720_094031\FAMILY_worldbank_CMO.xlsx",""
"2026-07-20T09:40:31Z","FE-004","potash","worldbank","captured","798","","D:\a\food-dashboard\food-dashboard\commodity_dashboard\raw_archive\capture\20260720_094031\FAMILY_worldbank_CMO.xlsx",""
"2026-07-20T09:40:31Z","FE-005","phosphate rock","worldbank","captured","797","","D:\a\food-dashboard\food-dashboard\commodity_dashboard\raw_archive\capture\20260720_094031\FAMILY_worldbank_CMO.xlsx",""
"2026-07-20T09:40:31Z","MZ-001","maize","worldbank","captured","798","","D:\a\food-dashboard\food-dashboard\commodity_dashboard\raw_archive\capture\20260720_094031\FAMILY_worldbank_CMO.xlsx",""
"2026-07-20T09:40:31Z","PK-005","aluminium","worldbank","captured","798","","D:\a\food-dashboard\food-dashboard\commodity_dashboard\raw_archive\capture\20260720_094031\FAMILY_worldbank_CMO.xlsx",""
"2026-07-20T09:40:31Z","SG-001","raw sugar","worldbank","captured","798","","D:\a\food-dashboard\food-dashboard\commodity_dashboard\raw_archive\capture\20260720_094031\FAMILY_worldbank_CMO.xlsx",""
"2026-07-20T09:40:31Z","SG-002","white sugar","worldbank","captured","798","","D:\a\food-dashboard\food-dashboard\commodity_dashboard\raw_archive\capture\20260720_094031\FAMILY_worldbank_CMO.xlsx",""
"2026-07-20T09:40:31Z","VO-001","soybean oil","worldbank","captured","798","","D:\a\food-dashboard\food-dashboard\commodity_dashboard\raw_archive\capture\20260720_094031\FAMILY_worldbank_CMO.xlsx",""
"2026-07-20T09:40:31Z","VO-002","palm oil","worldbank","captured","798","","D:\a\food-dashboard\food-dashboard\commodity_dashboard\raw_archive\capture\20260720_094031\FAMILY_worldbank_CMO.xlsx",""
"2026-07-20T09:40:31Z","VO-003","sunflower oil","worldbank","captured","288","","D:\a\food-dashboard\food-dashboard\commodity_dashboard\raw_archive\capture\20260720_094031\FAMILY_worldbank_CMO.xlsx",""
"2026-07-20T09:40:31Z","VO-004","rapeseed oil","worldbank","captured","293","","D:\a\food-dashboard\food-dashboard\commodity_dashboard\raw_archive\capture\20260720_094031\FAMILY_worldbank_CMO.xlsx",""
"2026-07-20T09:40:31Z","WH-001","wheat","worldbank","captured","798","","D:\a\food-dashboard\food-dashboard\commodity_dashboard\raw_archive\capture\20260720_094031\FAMILY_worldbank_CMO.xlsx",""
"2026-07-20T09:40:31Z","WH-002","wheat","worldbank","captured","563","","D:\a\food-dashboard\food-dashboard\commodity_dashboard\raw_archive\capture\20260720_094031\FAMILY_worldbank_CMO.xlsx",""
"2026-07-20T09:40:31Z","FE-006","fertilisers composite","eurostat","captured","137","","D:\a\food-dashboard\food-dashboard\commodity_dashboard\raw_archive\capture\20260720_094031\FE-006.json",""
"2026-07-20T09:40:31Z","FE-007","fertilisers composite","eurostat","kept_prior","0","kept-prior","","http-error: The remote server returned an error: (404) Not Found."
"2026-07-20T09:40:31Z","FE-009","agricultural lime","eurostat","captured","137","","D:\a\food-dashboard\food-dashboard\commodity_dashboard\raw_archive\capture\20260720_094031\FE-009.json",""
"2026-07-20T09:40:31Z","FR-005","land freight","eurostat","captured","21","","D:\a\food-dashboard\food-dashboard\commodity_dashboard\raw_archive\capture\20260720_094031\FR-005.json",""
"2026-07-20T09:40:31Z","PK-002","pulp","eurostat","captured","137","","D:\a\food-dashboard\food-dashboard\commodity_dashboard\raw_archive\capture\20260720_094031\PK-002.json",""
"2026-07-20T09:40:31Z","PK-004","paper & containerboard","eurostat","captured","137","","D:\a\food-dashboard\food-dashboard\commodity_dashboard\raw_archive\capture\20260720_094031\PK-004.json",""
"2026-07-20T09:40:31Z","PK-007","glass","eurostat","captured","137","","D:\a\food-dashboard\food-dashboard\commodity_dashboard\raw_archive\capture\20260720_094031\PK-007.json",""
"2026-07-20T09:40:31Z","PK-009","PET/plastics","eurostat","captured","137","","D:\a\food-dashboard\food-dashboard\commodity_dashboard\raw_archive\capture\20260720_094031\PK-009.json",""
"2026-07-20T09:40:31Z","DY-001","butter","eu_agrifood","captured","340","","D:\a\food-dashboard\food-dashboard\commodity_dashboard\raw_archive\capture\20260720_094031\DY-001.json",""
"2026-07-20T09:40:31Z","DY-002","SMP","eu_agrifood","captured","340","","D:\a\food-dashboard\food-dashboard\commodity_dashboard\raw_archive\capture\20260720_094031\DY-002.json",""
"2026-07-20T09:40:31Z","EG-001","eggs","eu_agrifood","captured","236","","D:\a\food-dashboard\food-dashboard\commodity_dashboard\raw_archive\capture\20260720_094031\EG-001.json",""
"2026-07-20T09:40:31Z","FE-008","fertilisers composite","eu_agrifood","captured","90","","D:\a\food-dashboard\food-dashboard\commodity_dashboard\raw_archive\capture\20260720_094031\FE-008.json",""
"2026-07-20T09:40:31Z","FE-010","fertilisers composite","eu_agrifood","captured","90","","D:\a\food-dashboard\food-dashboard\commodity_dashboard\raw_archive\capture\20260720_094031\FE-010.json",""
"2026-07-20T09:40:31Z","FE-011","fertilisers composite","eu_agrifood","captured","90","","D:\a\food-dashboard\food-dashboard\commodity_dashboard\raw_archive\capture\20260720_094031\FE-011.json",""
"2026-07-20T09:40:31Z","MZ-002","maize","eu_agrifood","captured","318","","D:\a\food-dashboard\food-dashboard\commodity_dashboard\raw_archive\capture\20260720_094031\MZ-002.json",""
"2026-07-20T09:40:31Z","SG-003","white sugar","eu_agrifood","captured","239","","D:\a\food-dashboard\food-dashboard\commodity_dashboard\raw_archive\capture\20260720_094031\SG-003.json",""
"2026-07-20T09:40:31Z","VO-005","rapeseed oil","eu_agrifood","captured","242","","D:\a\food-dashboard\food-dashboard\commodity_dashboard\raw_archive\capture\20260720_094031\VO-005.json",""
"2026-07-20T09:40:31Z","WH-003","wheat","eu_agrifood","captured","330","","D:\a\food-dashboard\food-dashboard\commodity_dashboard\raw_archive\capture\20260720_094031\WH-003.json",""
"2026-07-20T09:40:31Z","IX-001","food composite","fao","captured","438","","D:\a\food-dashboard\food-dashboard\commodity_dashboard\raw_archive\capture\20260720_094031\FAMILY_fao_fpi.csv",""
"2026-07-20T09:40:31Z","IX-002","cereals composite","fao","captured","438","","D:\a\food-dashboard\food-dashboard\commodity_dashboard\raw_archive\capture\20260720_094031\FAMILY_fao_fpi.csv",""
"2026-07-20T09:40:31Z","IX-003","vegetable oils composite","fao","captured","438","","D:\a\food-dashboard\food-dashboard\commodity_dashboard\raw_archive\capture\20260720_094031\FAMILY_fao_fpi.csv",""
"2026-07-20T09:40:31Z","IX-004","dairy composite","fao","captured","438","","D:\a\food-dashboard\food-dashboard\commodity_dashboard\raw_archive\capture\20260720_094031\FAMILY_fao_fpi.csv",""
"2026-07-20T09:40:31Z","IX-005","sugar composite","fao","captured","438","","D:\a\food-dashboard\food-dashboard\commodity_dashboard\raw_archive\capture\20260720_094031\FAMILY_fao_fpi.csv",""
"2026-07-20T09:40:31Z","EG-002","eggs","fred","captured","137","","D:\a\food-dashboard\food-dashboard\commodity_dashboard\raw_archive\capture\20260720_094031\EG-002.json",""
"2026-07-20T09:40:31Z","FR-001","trucking volume","fred","captured","136","","D:\a\food-dashboard\food-dashboard\commodity_dashboard\raw_archive\capture\20260720_094031\FR-001.json",""
"2026-07-20T09:40:31Z","FR-002","trucking rates","fred","captured","138","","D:\a\food-dashboard\food-dashboard\commodity_dashboard\raw_archive\capture\20260720_094031\FR-002.json",""
"2026-07-20T09:40:31Z","FR-003","rail freight","fred","captured","138","","D:\a\food-dashboard\food-dashboard\commodity_dashboard\raw_archive\capture\20260720_094031\FR-003.json",""
"2026-07-20T09:40:31Z","FR-004","ocean freight","fred","captured","138","","D:\a\food-dashboard\food-dashboard\commodity_dashboard\raw_archive\capture\20260720_094031\FR-004.json",""
"2026-07-20T09:40:31Z","PK-001","pulp","fred","captured","138","","D:\a\food-dashboard\food-dashboard\commodity_dashboard\raw_archive\capture\20260720_094031\PK-001.json",""
"2026-07-20T09:40:31Z","PK-003","containerboard","fred","captured","138","","D:\a\food-dashboard\food-dashboard\commodity_dashboard\raw_archive\capture\20260720_094031\PK-003.json",""
"2026-07-20T09:40:31Z","PK-006","glass","fred","captured","138","","D:\a\food-dashboard\food-dashboard\commodity_dashboard\raw_archive\capture\20260720_094031\PK-006.json",""
"2026-07-20T09:40:31Z","PK-008","PET/plastics","fred","captured","138","","D:\a\food-dashboard\food-dashboard\commodity_dashboard\raw_archive\capture\20260720_094031\PK-008.json",""
"2026-07-20T09:40:31Z","CO-002","cocoa","icco","not_captured","0","","","on watchlist (gaps file)"
"2026-07-20T09:40:31Z","CF-003","coffee arabica","ico","not_captured","0","","","on watchlist (gaps file)"
"2026-07-20T09:40:31Z","VO-006","palm oil","mpob","not_captured","0","","","on watchlist (gaps file)"
"2026-07-27T10:14:30Z","EN-003","crude oil WTI","eia","captured","2116","","D:\a\food-dashboard\food-dashboard\commodity_dashboard\raw_archive\capture\20260727_101430\EN-003.json",""
"2026-07-27T10:14:30Z","EN-004","natural gas Henry Hub","eia","captured","1540","","D:\a\food-dashboard\food-dashboard\commodity_dashboard\raw_archive\capture\20260727_101430\EN-004.json",""
"2026-07-27T10:14:30Z","EN-005","diesel","eia","captured","1688","","D:\a\food-dashboard\food-dashboard\commodity_dashboard\raw_archive\capture\20260727_101430\EN-005.json",""
"2026-07-27T10:14:30Z","EN-006","gasoline","eia","captured","1738","","D:\a\food-dashboard\food-dashboard\commodity_dashboard\raw_archive\capture\20260727_101430\EN-006.json",""
"2026-07-27T10:14:30Z","EN-007","diesel","eu_oil_bulletin","captured","1076","","D:\a\food-dashboard\food-dashboard\commodity_dashboard\raw_archive\capture\20260727_101430\FAMILY_euoil.xlsx",""
"2026-07-27T10:14:30Z","EN-008","gasoline","eu_oil_bulletin","captured","1076","","D:\a\food-dashboard\food-dashboard\commodity_dashboard\raw_archive\capture\20260727_101430\FAMILY_euoil.xlsx",""
"2026-07-27T10:14:30Z","CF-001","coffee arabica","worldbank","captured","798","","D:\a\food-dashboard\food-dashboard\commodity_dashboard\raw_archive\capture\20260727_101430\FAMILY_worldbank_CMO.xlsx",""
"2026-07-27T10:14:30Z","CF-002","coffee robusta","worldbank","captured","798","","D:\a\food-dashboard\food-dashboard\commodity_dashboard\raw_archive\capture\20260727_101430\FAMILY_worldbank_CMO.xlsx",""
"2026-07-27T10:14:30Z","CO-001","cocoa","worldbank","captured","798","","D:\a\food-dashboard\food-dashboard\commodity_dashboard\raw_archive\capture\20260727_101430\FAMILY_worldbank_CMO.xlsx",""
"2026-07-27T10:14:30Z","EN-001","natural gas","worldbank","captured","798","","D:\a\food-dashboard\food-dashboard\commodity_dashboard\raw_archive\capture\20260727_101430\FAMILY_worldbank_CMO.xlsx",""
"2026-07-27T10:14:30Z","EN-009","crude oil Brent","worldbank","captured","798","","D:\a\food-dashboard\food-dashboard\commodity_dashboard\raw_archive\capture\20260727_101430\FAMILY_worldbank_CMO.xlsx",""
"2026-07-27T10:14:30Z","EN-010","coal","worldbank","captured","678","","D:\a\food-dashboard\food-dashboard\commodity_dashboard\raw_archive\capture\20260727_101430\FAMILY_worldbank_CMO.xlsx",""
"2026-07-27T10:14:30Z","FE-001","urea","worldbank","captured","798","","D:\a\food-dashboard\food-dashboard\commodity_dashboard\raw_archive\capture\20260727_101430\FAMILY_worldbank_CMO.xlsx",""
"2026-07-27T10:14:30Z","FE-002","DAP","worldbank","captured","714","","D:\a\food-dashboard\food-dashboard\commodity_dashboard\raw_archive\capture\20260727_101430\FAMILY_worldbank_CMO.xlsx",""
"2026-07-27T10:14:30Z","FE-003","TSP","worldbank","captured","798","","D:\a\food-dashboard\food-dashboard\commodity_dashboard\raw_archive\capture\20260727_101430\FAMILY_worldbank_CMO.xlsx",""
"2026-07-27T10:14:30Z","FE-004","potash","worldbank","captured","798","","D:\a\food-dashboard\food-dashboard\commodity_dashboard\raw_archive\capture\20260727_101430\FAMILY_worldbank_CMO.xlsx",""
"2026-07-27T10:14:30Z","FE-005","phosphate rock","worldbank","captured","797","","D:\a\food-dashboard\food-dashboard\commodity_dashboard\raw_archive\capture\20260727_101430\FAMILY_worldbank_CMO.xlsx",""
"2026-07-27T10:14:30Z","MZ-001","maize","worldbank","captured","798","","D:\a\food-dashboard\food-dashboard\commodity_dashboard\raw_archive\capture\20260727_101430\FAMILY_worldbank_CMO.xlsx",""
"2026-07-27T10:14:30Z","PK-005","aluminium","worldbank","captured","798","","D:\a\food-dashboard\food-dashboard\commodity_dashboard\raw_archive\capture\20260727_101430\FAMILY_worldbank_CMO.xlsx",""
"2026-07-27T10:14:30Z","SG-001","raw sugar","worldbank","captured","798","","D:\a\food-dashboard\food-dashboard\commodity_dashboard\raw_archive\capture\20260727_101430\FAMILY_worldbank_CMO.xlsx",""
"2026-07-27T10:14:30Z","SG-002","white sugar","worldbank","captured","798","","D:\a\food-dashboard\food-dashboard\commodity_dashboard\raw_archive\capture\20260727_101430\FAMILY_worldbank_CMO.xlsx",""
"2026-07-27T10:14:30Z","VO-001","soybean oil","worldbank","captured","798","","D:\a\food-dashboard\food-dashboard\commodity_dashboard\raw_archive\capture\20260727_101430\FAMILY_worldbank_CMO.xlsx",""
"2026-07-27T10:14:30Z","VO-002","palm oil","worldbank","captured","798","","D:\a\food-dashboard\food-dashboard\commodity_dashboard\raw_archive\capture\20260727_101430\FAMILY_worldbank_CMO.xlsx",""
"2026-07-27T10:14:30Z","VO-003","sunflower oil","worldbank","captured","288","","D:\a\food-dashboard\food-dashboard\commodity_dashboard\raw_archive\capture\20260727_101430\FAMILY_worldbank_CMO.xlsx",""
"2026-07-27T10:14:30Z","VO-004","rapeseed oil","worldbank","captured","293","","D:\a\food-dashboard\food-dashboard\commodity_dashboard\raw_archive\capture\20260727_101430\FAMILY_worldbank_CMO.xlsx",""
"2026-07-27T10:14:30Z","WH-001","wheat","worldbank","captured","798","","D:\a\food-dashboard\food-dashboard\commodity_dashboard\raw_archive\capture\20260727_101430\FAMILY_worldbank_CMO.xlsx",""
"2026-07-27T10:14:30Z","WH-002","wheat","worldbank","captured","563","","D:\a\food-dashboard\food-dashboard\commodity_dashboard\raw_archive\capture\20260727_101430\FAMILY_worldbank_CMO.xlsx",""
"2026-07-27T10:14:30Z","FE-006","fertilisers composite","eurostat","captured","137","","D:\a\food-dashboard\food-dashboard\commodity_dashboard\raw_archive\capture\20260727_101430\FE-006.json",""
"2026-07-27T10:14:30Z","FE-007","fertilisers composite","eurostat","kept_prior","0","kept-prior","","http-error: The remote server returned an error: (404) Not Found."
"2026-07-27T10:14:30Z","FE-009","agricultural lime","eurostat","captured","137","","D:\a\food-dashboard\food-dashboard\commodity_dashboard\raw_archive\capture\20260727_101430\FE-009.json",""
"2026-07-27T10:14:30Z","FR-005","land freight","eurostat","captured","21","","D:\a\food-dashboard\food-dashboard\commodity_dashboard\raw_archive\capture\20260727_101430\FR-005.json",""
"2026-07-27T10:14:30Z","PK-002","pulp","eurostat","captured","137","","D:\a\food-dashboard\food-dashboard\commodity_dashboard\raw_archive\capture\20260727_101430\PK-002.json",""
"2026-07-27T10:14:30Z","PK-004","paper & containerboard","eurostat","captured","137","","D:\a\food-dashboard\food-dashboard\commodity_dashboard\raw_archive\capture\20260727_101430\PK-004.json",""
"2026-07-27T10:14:30Z","PK-007","glass","eurostat","captured","137","","D:\a\food-dashboard\food-dashboard\commodity_dashboard\raw_archive\capture\20260727_101430\PK-007.json",""
"2026-07-27T10:14:30Z","PK-009","PET/plastics","eurostat","captured","137","","D:\a\food-dashboard\food-dashboard\commodity_dashboard\raw_archive\capture\20260727_101430\PK-009.json",""
"2026-07-27T10:14:30Z","DY-001","butter","eu_agrifood","captured","341","","D:\a\food-dashboard\food-dashboard\commodity_dashboard\raw_archive\capture\20260727_101430\DY-001.json",""
"2026-07-27T10:14:30Z","DY-002","SMP","eu_agrifood","captured","341","","D:\a\food-dashboard\food-dashboard\commodity_dashboard\raw_archive\capture\20260727_101430\DY-002.json",""
"2026-07-27T10:14:30Z","EG-001","eggs","eu_agrifood","captured","237","","D:\a\food-dashboard\food-dashboard\commodity_dashboard\raw_archive\capture\20260727_101430\EG-001.json",""
"2026-07-27T10:14:30Z","FE-008","fertilisers composite","eu_agrifood","captured","90","","D:\a\food-dashboard\food-dashboard\commodity_dashboard\raw_archive\capture\20260727_101430\FE-008.json",""
"2026-07-27T10:14:30Z","FE-010","fertilisers composite","eu_agrifood","captured","90","","D:\a\food-dashboard\food-dashboard\commodity_dashboard\raw_archive\capture\20260727_101430\FE-010.json",""
"2026-07-27T10:14:30Z","FE-011","fertilisers composite","eu_agrifood","captured","90","","D:\a\food-dashboard\food-dashboard\commodity_dashboard\raw_archive\capture\20260727_101430\FE-011.json",""
"2026-07-27T10:14:30Z","MZ-002","maize","eu_agrifood","captured","319","","D:\a\food-dashboard\food-dashboard\commodity_dashboard\raw_archive\capture\20260727_101430\MZ-002.json",""
"2026-07-27T10:14:30Z","SG-003","white sugar","eu_agrifood","captured","239","","D:\a\food-dashboard\food-dashboard\commodity_dashboard\raw_archive\capture\20260727_101430\SG-003.json",""
"2026-07-27T10:14:30Z","VO-005","rapeseed oil","eu_agrifood","captured","243","","D:\a\food-dashboard\food-dashboard\commodity_dashboard\raw_archive\capture\20260727_101430\VO-005.json",""
"2026-07-27T10:14:30Z","WH-003","wheat","eu_agrifood","captured","331","","D:\a\food-dashboard\food-dashboard\commodity_dashboard\raw_archive\capture\20260727_101430\WH-003.json",""
"2026-07-27T10:14:30Z","IX-001","food composite","fao","captured","438","","D:\a\food-dashboard\food-dashboard\commodity_dashboard\raw_archive\capture\20260727_101430\FAMILY_fao_fpi.csv",""
"2026-07-27T10:14:30Z","IX-002","cereals composite","fao","captured","438","","D:\a\food-dashboard\food-dashboard\commodity_dashboard\raw_archive\capture\20260727_101430\FAMILY_fao_fpi.csv",""
"2026-07-27T10:14:30Z","IX-003","vegetable oils composite","fao","captured","438","","D:\a\food-dashboard\food-dashboard\commodity_dashboard\raw_archive\capture\20260727_101430\FAMILY_fao_fpi.csv",""
"2026-07-27T10:14:30Z","IX-004","dairy composite","fao","captured","438","","D:\a\food-dashboard\food-dashboard\commodity_dashboard\raw_archive\capture\20260727_101430\FAMILY_fao_fpi.csv",""
"2026-07-27T10:14:30Z","IX-005","sugar composite","fao","captured","438","","D:\a\food-dashboard\food-dashboard\commodity_dashboard\raw_archive\capture\20260727_101430\FAMILY_fao_fpi.csv",""
"2026-07-27T10:14:30Z","EG-002","eggs","fred","captured","137","","D:\a\food-dashboard\food-dashboard\commodity_dashboard\raw_archive\capture\20260727_101430\EG-002.json",""
"2026-07-27T10:14:30Z","FR-001","trucking volume","fred","captured","136","","D:\a\food-dashboard\food-dashboard\commodity_dashboard\raw_archive\capture\20260727_101430\FR-001.json",""
"2026-07-27T10:14:30Z","FR-002","trucking rates","fred","captured","138","","D:\a\food-dashboard\food-dashboard\commodity_dashboard\raw_archive\capture\20260727_101430\FR-002.json",""
"2026-07-27T10:14:30Z","FR-003","rail freight","fred","captured","138","","D:\a\food-dashboard\food-dashboard\commodity_dashboard\raw_archive\capture\20260727_101430\FR-003.json",""
"2026-07-27T10:14:30Z","FR-004","ocean freight","fred","captured","138","","D:\a\food-dashboard\food-dashboard\commodity_dashboard\raw_archive\capture\20260727_101430\FR-004.json",""
"2026-07-27T10:14:30Z","PK-001","pulp","fred","captured","138","","D:\a\food-dashboard\food-dashboard\commodity_dashboard\raw_archive\capture\20260727_101430\PK-001.json",""
"2026-07-27T10:14:30Z","PK-003","containerboard","fred","captured","138","","D:\a\food-dashboard\food-dashboard\commodity_dashboard\raw_archive\capture\20260727_101430\PK-003.json",""
"2026-07-27T10:14:30Z","PK-006","glass","fred","captured","138","","D:\a\food-dashboard\food-dashboard\commodity_dashboard\raw_archive\capture\20260727_101430\PK-006.json",""
"2026-07-27T10:14:30Z","PK-008","PET/plastics","fred","captured","138","","D:\a\food-dashboard\food-dashboard\commodity_dashboard\raw_archive\capture\20260727_101430\PK-008.json",""
"2026-07-27T10:14:30Z","CO-002","cocoa","icco","not_captured","0","","","on watchlist (gaps file)"
"2026-07-27T10:14:30Z","CF-003","coffee arabica","ico","not_captured","0","","","on watchlist (gaps file)"
"2026-07-27T10:14:30Z","VO-006","palm oil","mpob","not_captured","0","","","on watchlist (gaps file)"
"2026-08-03T10:11:25Z","EN-003","crude oil WTI","eia","captured","2117","","D:\a\food-dashboard\food-dashboard\commodity_dashboard\raw_archive\capture\20260803_101125\EN-003.json",""
"2026-08-03T10:11:25Z","EN-004","natural gas Henry Hub","eia","captured","1541","","D:\a\food-dashboard\food-dashboard\commodity_dashboard\raw_archive\capture\20260803_101125\EN-004.json",""
"2026-08-03T10:11:25Z","EN-005","diesel","eia","captured","1689","","D:\a\food-dashboard\food-dashboard\commodity_dashboard\raw_archive\capture\20260803_101125\EN-005.json",""
"2026-08-03T10:11:25Z","EN-006","gasoline","eia","captured","1739","","D:\a\food-dashboard\food-dashboard\commodity_dashboard\raw_archive\capture\20260803_101125\EN-006.json",""
"2026-08-03T10:11:25Z","EN-007","diesel","eu_oil_bulletin","captured","1077","","D:\a\food-dashboard\food-dashboard\commodity_dashboard\raw_archive\capture\20260803_101125\FAMILY_euoil.xlsx",""
"2026-08-03T10:11:25Z","EN-008","gasoline","eu_oil_bulletin","captured","1077","","D:\a\food-dashboard\food-dashboard\commodity_dashboard\raw_archive\capture\20260803_101125\FAMILY_euoil.xlsx",""
"2026-08-03T10:11:25Z","CF-001","coffee arabica","worldbank","captured","798","","D:\a\food-dashboard\food-dashboard\commodity_dashboard\raw_archive\capture\20260803_101125\FAMILY_worldbank_CMO.xlsx",""
"2026-08-03T10:11:25Z","CF-002","coffee robusta","worldbank","captured","798","","D:\a\food-dashboard\food-dashboard\commodity_dashboard\raw_archive\capture\20260803_101125\FAMILY_worldbank_CMO.xlsx",""
"2026-08-03T10:11:25Z","CO-001","cocoa","worldbank","captured","798","","D:\a\food-dashboard\food-dashboard\commodity_dashboard\raw_archive\capture\20260803_101125\FAMILY_worldbank_CMO.xlsx",""
"2026-08-03T10:11:25Z","EN-001","natural gas","worldbank","captured","798","","D:\a\food-dashboard\food-dashboard\commodity_dashboard\raw_archive\capture\20260803_101125\FAMILY_worldbank_CMO.xlsx",""
"2026-08-03T10:11:25Z","EN-009","crude oil Brent","worldbank","captured","798","","D:\a\food-dashboard\food-dashboard\commodity_dashboard\raw_archive\capture\20260803_101125\FAMILY_worldbank_CMO.xlsx",""
"2026-08-03T10:11:25Z","EN-010","coal","worldbank","captured","678","","D:\a\food-dashboard\food-dashboard\commodity_dashboard\raw_archive\capture\20260803_101125\FAMILY_worldbank_CMO.xlsx",""
"2026-08-03T10:11:25Z","FE-001","urea","worldbank","captured","798","","D:\a\food-dashboard\food-dashboard\commodity_dashboard\raw_archive\capture\20260803_101125\FAMILY_worldbank_CMO.xlsx",""
"2026-08-03T10:11:25Z","FE-002","DAP","worldbank","captured","714","","D:\a\food-dashboard\food-dashboard\commodity_dashboard\raw_archive\capture\20260803_101125\FAMILY_worldbank_CMO.xlsx",""
"2026-08-03T10:11:25Z","FE-003","TSP","worldbank","captured","798","","D:\a\food-dashboard\food-dashboard\commodity_dashboard\raw_archive\capture\20260803_101125\FAMILY_worldbank_CMO.xlsx",""
"2026-08-03T10:11:25Z","FE-004","potash","worldbank","captured","798","","D:\a\food-dashboard\food-dashboard\commodity_dashboard\raw_archive\capture\20260803_101125\FAMILY_worldbank_CMO.xlsx",""
"2026-08-03T10:11:25Z","FE-005","phosphate rock","worldbank","captured","797","","D:\a\food-dashboard\food-dashboard\commodity_dashboard\raw_archive\capture\20260803_101125\FAMILY_worldbank_CMO.xlsx",""
"2026-08-03T10:11:25Z","MZ-001","maize","worldbank","captured","798","","D:\a\food-dashboard\food-dashboard\commodity_dashboard\raw_archive\capture\20260803_101125\FAMILY_worldbank_CMO.xlsx",""
"2026-08-03T10:11:25Z","PK-005","aluminium","worldbank","captured","798","","D:\a\food-dashboard\food-dashboard\commodity_dashboard\raw_archive\capture\20260803_101125\FAMILY_worldbank_CMO.xlsx",""
"2026-08-03T10:11:25Z","SG-001","raw sugar","worldbank","captured","798","","D:\a\food-dashboard\food-dashboard\commodity_dashboard\raw_archive\capture\20260803_101125\FAMILY_worldbank_CMO.xlsx",""
"2026-08-03T10:11:25Z","SG-002","white sugar","worldbank","captured","798","","D:\a\food-dashboard\food-dashboard\commodity_dashboard\raw_archive\capture\20260803_101125\FAMILY_worldbank_CMO.xlsx",""
"2026-08-03T10:11:25Z","VO-001","soybean oil","worldbank","captured","798","","D:\a\food-dashboard\food-dashboard\commodity_dashboard\raw_archive\capture\20260803_101125\FAMILY_worldbank_CMO.xlsx",""
"2026-08-03T10:11:25Z","VO-002","palm oil","worldbank","captured","798","","D:\a\food-dashboard\food-dashboard\commodity_dashboard\raw_archive\capture\20260803_101125\FAMILY_worldbank_CMO.xlsx",""
"2026-08-03T10:11:25Z","VO-003","sunflower oil","worldbank","captured","288","","D:\a\food-dashboard\food-dashboard\commodity_dashboard\raw_archive\capture\20260803_101125\FAMILY_worldbank_CMO.xlsx",""
"2026-08-03T10:11:25Z","VO-004","rapeseed oil","worldbank","captured","293","","D:\a\food-dashboard\food-dashboard\commodity_dashboard\raw_archive\capture\20260803_101125\FAMILY_worldbank_CMO.xlsx",""
"2026-08-03T10:11:25Z","WH-001","wheat","worldbank","captured","798","","D:\a\food-dashboard\food-dashboard\commodity_dashboard\raw_archive\capture\20260803_101125\FAMILY_worldbank_CMO.xlsx",""
"2026-08-03T10:11:25Z","WH-002","wheat","worldbank","captured","563","","D:\a\food-dashboard\food-dashboard\commodity_dashboard\raw_archive\capture\20260803_101125\FAMILY_worldbank_CMO.xlsx",""
"2026-08-03T10:11:25Z","FE-006","fertilisers composite","eurostat","captured","137","","D:\a\food-dashboard\food-dashboard\commodity_dashboard\raw_archive\capture\20260803_101125\FE-006.json",""
"2026-08-03T10:11:25Z","FE-007","fertilisers composite","eurostat","kept_prior","0","kept-prior","","http-error: The remote server returned an error: (404) Not Found."
"2026-08-03T10:11:25Z","FE-009","agricultural lime","eurostat","captured","137","","D:\a\food-dashboard\food-dashboard\commodity_dashboard\raw_archive\capture\20260803_101125\FE-009.json",""
"2026-08-03T10:11:25Z","FR-005","land freight","eurostat","captured","21","","D:\a\food-dashboard\food-dashboard\commodity_dashboard\raw_archive\capture\20260803_101125\FR-005.json",""
"2026-08-03T10:11:25Z","PK-002","pulp","eurostat","captured","137","","D:\a\food-dashboard\food-dashboard\commodity_dashboard\raw_archive\capture\20260803_101125\PK-002.json",""
"2026-08-03T10:11:25Z","PK-004","paper & containerboard","eurostat","captured","137","","D:\a\food-dashboard\food-dashboard\commodity_dashboard\raw_archive\capture\20260803_101125\PK-004.json",""
"2026-08-03T10:11:25Z","PK-007","glass","eurostat","captured","137","","D:\a\food-dashboard\food-dashboard\commodity_dashboard\raw_archive\capture\20260803_101125\PK-007.json",""
"2026-08-03T10:11:25Z","PK-009","PET/plastics","eurostat","captured","137","","D:\a\food-dashboard\food-dashboard\commodity_dashboard\raw_archive\capture\20260803_101125\PK-009.json",""
"2026-08-03T10:11:25Z","DY-001","butter","eu_agrifood","captured","342","","D:\a\food-dashboard\food-dashboard\commodity_dashboard\raw_archive\capture\20260803_101125\DY-001.json",""
"2026-08-03T10:11:25Z","DY-002","SMP","eu_agrifood","captured","342","","D:\a\food-dashboard\food-dashboard\commodity_dashboard\raw_archive\capture\20260803_101125\DY-002.json",""
"2026-08-03T10:11:25Z","EG-001","eggs","eu_agrifood","captured","238","","D:\a\food-dashboard\food-dashboard\commodity_dashboard\raw_archive\capture\20260803_101125\EG-001.json",""
"2026-08-03T10:11:25Z","FE-008","fertilisers composite","eu_agrifood","captured","90","","D:\a\food-dashboard\food-dashboard\commodity_dashboard\raw_archive\capture\20260803_101125\FE-008.json",""
"2026-08-03T10:11:25Z","FE-010","fertilisers composite","eu_agrifood","captured","90","","D:\a\food-dashboard\food-dashboard\commodity_dashboard\raw_archive\capture\20260803_101125\FE-010.json",""
"2026-08-03T10:11:25Z","FE-011","fertilisers composite","eu_agrifood","captured","90","","D:\a\food-dashboard\food-dashboard\commodity_dashboard\raw_archive\capture\20260803_101125\FE-011.json",""
"2026-08-03T10:11:25Z","MZ-002","maize","eu_agrifood","captured","320","","D:\a\food-dashboard\food-dashboard\commodity_dashboard\raw_archive\capture\20260803_101125\MZ-002.json",""
"2026-08-03T10:11:25Z","SG-003","white sugar","eu_agrifood","captured","239","","D:\a\food-dashboard\food-dashboard\commodity_dashboard\raw_archive\capture\20260803_101125\SG-003.json",""
"2026-08-03T10:11:25Z","VO-005","rapeseed oil","eu_agrifood","captured","244","","D:\a\food-dashboard\food-dashboard\commodity_dashboard\raw_archive\capture\20260803_101125\VO-005.json",""
"2026-08-03T10:11:25Z","WH-003","wheat","eu_agrifood","captured","332","","D:\a\food-dashboard\food-dashboard\commodity_dashboard\raw_archive\capture\20260803_101125\WH-003.json",""
"2026-08-03T10:11:25Z","IX-001","food composite","fao","captured","438","","D:\a\food-dashboard\food-dashboard\commodity_dashboard\raw_archive\capture\20260803_101125\FAMILY_fao_fpi.csv",""
"2026-08-03T10:11:25Z","IX-002","cereals composite","fao","captured","438","","D:\a\food-dashboard\food-dashboard\commodity_dashboard\raw_archive\capture\20260803_101125\FAMILY_fao_fpi.csv",""
"2026-08-03T10:11:25Z","IX-003","vegetable oils composite","fao","captured","438","","D:\a\food-dashboard\food-dashboard\commodity_dashboard\raw_archive\capture\20260803_101125\FAMILY_fao_fpi.csv",""
"2026-08-03T10:11:25Z","IX-004","dairy composite","fao","captured","438","","D:\a\food-dashboard\food-dashboard\commodity_dashboard\raw_archive\capture\20260803_101125\FAMILY_fao_fpi.csv",""
"2026-08-03T10:11:25Z","IX-005","sugar composite","fao","captured","438","","D:\a\food-dashboard\food-dashboard\commodity_dashboard\raw_archive\capture\20260803_101125\FAMILY_fao_fpi.csv",""
"2026-08-03T10:11:25Z","EG-002","eggs","fred","captured","137","","D:\a\food-dashboard\food-dashboard\commodity_dashboard\raw_archive\capture\20260803_101125\EG-002.json",""
"2026-08-03T10:11:25Z","FR-001","trucking volume","fred","captured","136","","D:\a\food-dashboard\food-dashboard\commodity_dashboard\raw_archive\capture\20260803_101125\FR-001.json",""
"2026-08-03T10:11:25Z","FR-002","trucking rates","fred","captured","138","","D:\a\food-dashboard\food-dashboard\commodity_dashboard\raw_archive\capture\20260803_101125\FR-002.json",""
"2026-08-03T10:11:25Z","FR-003","rail freight","fred","captured","138","","D:\a\food-dashboard\food-dashboard\commodity_dashboard\raw_archive\capture\20260803_101125\FR-003.json",""
"2026-08-03T10:11:25Z","FR-004","ocean freight","fred","captured","138","","D:\a\food-dashboard\food-dashboard\commodity_dashboard\raw_archive\capture\20260803_101125\FR-004.json",""
"2026-08-03T10:11:25Z","PK-001","pulp","fred","captured","138","","D:\a\food-dashboard\food-dashboard\commodity_dashboard\raw_archive\capture\20260803_101125\PK-001.json",""
"2026-08-03T10:11:25Z","PK-003","containerboard","fred","captured","138","","D:\a\food-dashboard\food-dashboard\commodity_dashboard\raw_archive\capture\20260803_101125\PK-003.json",""
"2026-08-03T10:11:25Z","PK-006","glass","fred","captured","138","","D:\a\food-dashboard\food-dashboard\commodity_dashboard\raw_archive\capture\20260803_101125\PK-006.json",""
"2026-08-03T10:11:25Z","PK-008","PET/plastics","fred","captured","138","","D:\a\food-dashboard\food-dashboard\commodity_dashboard\raw_archive\capture\20260803_101125\PK-008.json",""
"2026-08-03T10:11:25Z","CO-002","cocoa","icco","not_captured","0","","","on watchlist (gaps file)"
"2026-08-03T10:11:25Z","CF-003","coffee arabica","ico","not_captured","0","","","on watchlist (gaps file)"
"2026-08-03T10:11:25Z","VO-006","palm oil","mpob","not_captured","0","","","on watchlist (gaps file)"
"2026-08-10T08:12:29Z","EN-003","crude oil WTI","eia","captured","2118","","D:\a\food-dashboard\food-dashboard\commodity_dashboard\raw_archive\capture\20260810_081229\EN-003.json",""
"2026-08-10T08:12:29Z","EN-004","natural gas Henry Hub","eia","captured","1542","","D:\a\food-dashboard\food-dashboard\commodity_dashboard\raw_archive\capture\20260810_081229\EN-004.json",""
"2026-08-10T08:12:29Z","EN-005","diesel","eia","captured","1690","","D:\a\food-dashboard\food-dashboard\commodity_dashboard\raw_archive\capture\20260810_081229\EN-005.json",""
"2026-08-10T08:12:29Z","EN-006","gasoline","eia","captured","1740","","D:\a\food-dashboard\food-dashboard\commodity_dashboard\raw_archive\capture\20260810_081229\EN-006.json",""
"2026-08-10T08:12:29Z","EN-007","diesel","eu_oil_bulletin","captured","1078","","D:\a\food-dashboard\food-dashboard\commodity_dashboard\raw_archive\capture\20260810_081229\FAMILY_euoil.xlsx",""
"2026-08-10T08:12:29Z","EN-008","gasoline","eu_oil_bulletin","captured","1078","","D:\a\food-dashboard\food-dashboard\commodity_dashboard\raw_archive\capture\20260810_081229\FAMILY_euoil.xlsx",""
"2026-08-10T08:12:29Z","CF-001","coffee arabica","worldbank","captured","799","","D:\a\food-dashboard\food-dashboard\commodity_dashboard\raw_archive\capture\20260810_081229\FAMILY_worldbank_CMO.xlsx",""
"2026-08-10T08:12:29Z","CF-002","coffee robusta","worldbank","captured","799","","D:\a\food-dashboard\food-dashboard\commodity_dashboard\raw_archive\capture\20260810_081229\FAMILY_worldbank_CMO.xlsx",""
"2026-08-10T08:12:29Z","CO-001","cocoa","worldbank","captured","799","","D:\a\food-dashboard\food-dashboard\commodity_dashboard\raw_archive\capture\20260810_081229\FAMILY_worldbank_CMO.xlsx",""
"2026-08-10T08:12:29Z","EN-001","natural gas","worldbank","captured","799","","D:\a\food-dashboard\food-dashboard\commodity_dashboard\raw_archive\capture\20260810_081229\FAMILY_worldbank_CMO.xlsx",""
"2026-08-10T08:12:29Z","EN-009","crude oil Brent","worldbank","captured","799","","D:\a\food-dashboard\food-dashboard\commodity_dashboard\raw_archive\capture\20260810_081229\FAMILY_worldbank_CMO.xlsx",""
"2026-08-10T08:12:29Z","EN-010","coal","worldbank","captured","679","","D:\a\food-dashboard\food-dashboard\commodity_dashboard\raw_archive\capture\20260810_081229\FAMILY_worldbank_CMO.xlsx",""
"2026-08-10T08:12:29Z","FE-001","urea","worldbank","captured","799","","D:\a\food-dashboard\food-dashboard\commodity_dashboard\raw_archive\capture\20260810_081229\FAMILY_worldbank_CMO.xlsx",""
"2026-08-10T08:12:29Z","FE-002","DAP","worldbank","captured","715","","D:\a\food-dashboard\food-dashboard\commodity_dashboard\raw_archive\capture\20260810_081229\FAMILY_worldbank_CMO.xlsx",""
"2026-08-10T08:12:29Z","FE-003","TSP","worldbank","captured","799","","D:\a\food-dashboard\food-dashboard\commodity_dashboard\raw_archive\capture\20260810_081229\FAMILY_worldbank_CMO.xlsx",""
"2026-08-10T08:12:29Z","FE-004","potash","worldbank","captured","799","","D:\a\food-dashboard\food-dashboard\commodity_dashboard\raw_archive\capture\20260810_081229\FAMILY_worldbank_CMO.xlsx",""
"2026-08-10T08:12:29Z","FE-005","phosphate rock","worldbank","captured","799","","D:\a\food-dashboard\food-dashboard\commodity_dashboard\raw_archive\capture\20260810_081229\FAMILY_worldbank_CMO.xlsx",""
"2026-08-10T08:12:29Z","MZ-001","maize","worldbank","captured","799","","D:\a\food-dashboard\food-dashboard\commodity_dashboard\raw_archive\capture\20260810_081229\FAMILY_worldbank_CMO.xlsx",""
"2026-08-10T08:12:29Z","PK-005","aluminium","worldbank","captured","799","","D:\a\food-dashboard\food-dashboard\commodity_dashboard\raw_archive\capture\20260810_081229\FAMILY_worldbank_CMO.xlsx",""
"2026-08-10T08:12:29Z","SG-001","raw sugar","worldbank","captured","799","","D:\a\food-dashboard\food-dashboard\commodity_dashboard\raw_archive\capture\20260810_081229\FAMILY_worldbank_CMO.xlsx",""
"2026-08-10T08:12:29Z","SG-002","white sugar","worldbank","captured","799","","D:\a\food-dashboard\food-dashboard\commodity_dashboard\raw_archive\capture\20260810_081229\FAMILY_worldbank_CMO.xlsx",""
"2026-08-10T08:12:29Z","VO-001","soybean oil","worldbank","captured","799","","D:\a\food-dashboard\food-dashboard\commodity_dashboard\raw_archive\capture\20260810_081229\FAMILY_worldbank_CMO.xlsx",""
"2026-08-10T08:12:29Z","VO-002","palm oil","worldbank","captured","799","","D:\a\food-dashboard\food-dashboard\commodity_dashboard\raw_archive\capture\20260810_081229\FAMILY_worldbank_CMO.xlsx",""
"2026-08-10T08:12:29Z","VO-003","sunflower oil","worldbank","captured","289","","D:\a\food-dashboard\food-dashboard\commodity_dashboard\raw_archive\capture\20260810_081229\FAMILY_worldbank_CMO.xlsx",""
"2026-08-10T08:12:29Z","VO-004","rapeseed oil","worldbank","captured","294","","D:\a\food-dashboard\food-dashboard\commodity_dashboard\raw_archive\capture\20260810_081229\FAMILY_worldbank_CMO.xlsx",""
"2026-08-10T08:12:29Z","WH-001","wheat","worldbank","captured","799","","D:\a\food-dashboard\food-dashboard\commodity_dashboard\raw_archive\capture\20260810_081229\FAMILY_worldbank_CMO.xlsx",""
"2026-08-10T08:12:29Z","WH-002","wheat","worldbank","captured","571","","D:\a\food-dashboard\food-dashboard\commodity_dashboard\raw_archive\capture\20260810_081229\FAMILY_worldbank_CMO.xlsx",""
"2026-08-10T08:12:29Z","FE-006","fertilisers composite","eurostat","captured","138","","D:\a\food-dashboard\food-dashboard\commodity_dashboard\raw_archive\capture\20260810_081229\FE-006.json",""
"2026-08-10T08:12:29Z","FE-007","fertilisers composite","eurostat","kept_prior","0","kept-prior","","http-error: The remote server returned an error: (404) Not Found."
"2026-08-10T08:12:29Z","FE-009","agricultural lime","eurostat","captured","138","","D:\a\food-dashboard\food-dashboard\commodity_dashboard\raw_archive\capture\20260810_081229\FE-009.json",""
"2026-08-10T08:12:29Z","FR-005","land freight","eurostat","captured","21","","D:\a\food-dashboard\food-dashboard\commodity_dashboard\raw_archive\capture\20260810_081229\FR-005.json",""
"2026-08-10T08:12:29Z","PK-002","pulp","eurostat","captured","138","","D:\a\food-dashboard\food-dashboard\commodity_dashboard\raw_archive\capture\20260810_081229\PK-002.json",""
"2026-08-10T08:12:29Z","PK-004","paper & containerboard","eurostat","captured","138","","D:\a\food-dashboard\food-dashboard\commodity_dashboard\raw_archive\capture\20260810_081229\PK-004.json",""
"2026-08-10T08:12:29Z","PK-007","glass","eurostat","captured","138","","D:\a\food-dashboard\food-dashboard\commodity_dashboard\raw_archive\capture\20260810_081229\PK-007.json",""
"2026-08-10T08:12:29Z","PK-009","PET/plastics","eurostat","captured","138","","D:\a\food-dashboard\food-dashboard\commodity_dashboard\raw_archive\capture\20260810_081229\PK-009.json",""
"2026-08-10T08:12:29Z","DY-001","butter","eu_agrifood","captured","343","","D:\a\food-dashboard\food-dashboard\commodity_dashboard\raw_archive\capture\20260810_081229\DY-001.json",""
"2026-08-10T08:12:29Z","DY-002","SMP","eu_agrifood","captured","343","","D:\a\food-dashboard\food-dashboard\commodity_dashboard\raw_archive\capture\20260810_081229\DY-002.json",""
"2026-08-10T08:12:29Z","EG-001","eggs","eu_agrifood","captured","239","","D:\a\food-dashboard\food-dashboard\commodity_dashboard\raw_archive\capture\20260810_081229\EG-001.json",""
"2026-08-10T08:12:29Z","FE-008","fertilisers composite","eu_agrifood","captured","91","","D:\a\food-dashboard\food-dashboard\commodity_dashboard\raw_archive\capture\20260810_081229\FE-008.json",""
"2026-08-10T08:12:29Z","FE-010","fertilisers composite","eu_agrifood","captured","91","","D:\a\food-dashboard\food-dashboard\commodity_dashboard\raw_archive\capture\20260810_081229\FE-010.json",""
"2026-08-10T08:12:29Z","FE-011","fertilisers composite","eu_agrifood","captured","91","","D:\a\food-dashboard\food-dashboard\commodity_dashboard\raw_archive\capture\20260810_081229\FE-011.json",""
"2026-08-10T08:12:29Z","MZ-002","maize","eu_agrifood","captured","320","","D:\a\food-dashboard\food-dashboard\commodity_dashboard\raw_archive\capture\20260810_081229\MZ-002.json",""
"2026-08-10T08:12:29Z","SG-003","white sugar","eu_agrifood","captured","239","","D:\a\food-dashboard\food-dashboard\commodity_dashboard\raw_archive\capture\20260810_081229\SG-003.json",""
"2026-08-10T08:12:29Z","VO-005","rapeseed oil","eu_agrifood","captured","245","","D:\a\food-dashboard\food-dashboard\commodity_dashboard\raw_archive\capture\20260810_081229\VO-005.json",""
"2026-08-10T08:12:29Z","WH-003","wheat","eu_agrifood","captured","332","","D:\a\food-dashboard\food-dashboard\commodity_dashboard\raw_archive\capture\20260810_081229\WH-003.json",""
"2026-08-10T08:12:29Z","IX-001","food composite","fao","captured","439","","D:\a\food-dashboard\food-dashboard\commodity_dashboard\raw_archive\capture\20260810_081229\FAMILY_fao_fpi.csv",""
"2026-08-10T08:12:29Z","IX-002","cereals composite","fao","captured","439","","D:\a\food-dashboard\food-dashboard\commodity_dashboard\raw_archive\capture\20260810_081229\FAMILY_fao_fpi.csv",""
"2026-08-10T08:12:29Z","IX-003","vegetable oils composite","fao","captured","439","","D:\a\food-dashboard\food-dashboard\commodity_dashboard\raw_archive\capture\20260810_081229\FAMILY_fao_fpi.csv",""
"2026-08-10T08:12:29Z","IX-004","dairy composite","fao","captured","439","","D:\a\food-dashboard\food-dashboard\commodity_dashboard\raw_archive\capture\20260810_081229\FAMILY_fao_fpi.csv",""
"2026-08-10T08:12:29Z","IX-005","sugar composite","fao","captured","439","","D:\a\food-dashboard\food-dashboard\commodity_dashboard\raw_archive\capture\20260810_081229\FAMILY_fao_fpi.csv",""
"2026-08-10T08:12:29Z","EG-002","eggs","fred","captured","137","","D:\a\food-dashboard\food-dashboard\commodity_dashboard\raw_archive\capture\20260810_081229\EG-002.json",""
"2026-08-10T08:12:29Z","FR-001","trucking volume","fred","captured","137","","D:\a\food-dashboard\food-dashboard\commodity_dashboard\raw_archive\capture\20260810_081229\FR-001.json",""
"2026-08-10T08:12:29Z","FR-002","trucking rates","fred","captured","138","","D:\a\food-dashboard\food-dashboard\commodity_dashboard\raw_archive\capture\20260810_081229\FR-002.json",""
"2026-08-10T08:12:29Z","FR-003","rail freight","fred","captured","138","","D:\a\food-dashboard\food-dashboard\commodity_dashboard\raw_archive\capture\20260810_081229\FR-003.json",""
"2026-08-10T08:12:29Z","FR-004","ocean freight","fred","captured","138","","D:\a\food-dashboard\food-dashboard\commodity_dashboard\raw_archive\capture\20260810_081229\FR-004.json",""
"2026-08-10T08:12:29Z","PK-001","pulp","fred","captured","138","","D:\a\food-dashboard\food-dashboard\commodity_dashboard\raw_archive\capture\20260810_081229\PK-001.json",""
"2026-08-10T08:12:29Z","PK-003","containerboard","fred","captured","138","","D:\a\food-dashboard\food-dashboard\commodity_dashboard\raw_archive\capture\20260810_081229\PK-003.json",""
"2026-08-10T08:12:29Z","PK-006","glass","fred","captured","138","","D:\a\food-dashboard\food-dashboard\commodity_dashboard\raw_archive\capture\20260810_081229\PK-006.json",""
"2026-08-10T08:12:29Z","PK-008","PET/plastics","fred","captured","138","","D:\a\food-dashboard\food-dashboard\commodity_dashboard\raw_archive\capture\20260810_081229\PK-008.json",""
"2026-08-10T08:12:29Z","CO-002","cocoa","icco","not_captured","0","","","on watchlist (gaps file)"
"2026-08-10T08:12:29Z","CF-003","coffee arabica","ico","not_captured","0","","","on watchlist (gaps file)"
"2026-08-10T08:12:29Z","VO-006","palm oil","mpob","not_captured","0","","","on watchlist (gaps file)"
"2026-08-17T07:29:56Z","EN-003","crude oil WTI","eia","captured","2119","","D:\a\food-dashboard\food-dashboard\commodity_dashboard\raw_archive\capture\20260817_072956\EN-003.json",""
"2026-08-17T07:29:56Z","EN-004","natural gas Henry Hub","eia","captured","1543","","D:\a\food-dashboard\food-dashboard\commodity_dashboard\raw_archive\capture\20260817_072956\EN-004.json",""
"2026-08-17T07:29:56Z","EN-005","diesel","eia","captured","1691","","D:\a\food-dashboard\food-dashboard\commodity_dashboard\raw_archive\capture\20260817_072956\EN-005.json",""
"2026-08-17T07:29:56Z","EN-006","gasoline","eia","captured","1741","","D:\a\food-dashboard\food-dashboard\commodity_dashboard\raw_archive\capture\20260817_072956\EN-006.json",""
"2026-08-17T07:29:56Z","EN-007","diesel","eu_oil_bulletin","captured","1079","","D:\a\food-dashboard\food-dashboard\commodity_dashboard\raw_archive\capture\20260817_072956\FAMILY_euoil.xlsx",""
"2026-08-17T07:29:56Z","EN-008","gasoline","eu_oil_bulletin","captured","1079","","D:\a\food-dashboard\food-dashboard\commodity_dashboard\raw_archive\capture\20260817_072956\FAMILY_euoil.xlsx",""
"2026-08-17T07:29:56Z","CF-001","coffee arabica","worldbank","captured","799","","D:\a\food-dashboard\food-dashboard\commodity_dashboard\raw_archive\capture\20260817_072956\FAMILY_worldbank_CMO.xlsx",""
"2026-08-17T07:29:56Z","CF-002","coffee robusta","worldbank","captured","799","","D:\a\food-dashboard\food-dashboard\commodity_dashboard\raw_archive\capture\20260817_072956\FAMILY_worldbank_CMO.xlsx",""
"2026-08-17T07:29:56Z","CO-001","cocoa","worldbank","captured","799","","D:\a\food-dashboard\food-dashboard\commodity_dashboard\raw_archive\capture\20260817_072956\FAMILY_worldbank_CMO.xlsx",""
"2026-08-17T07:29:56Z","EN-001","natural gas","worldbank","captured","799","","D:\a\food-dashboard\food-dashboard\commodity_dashboard\raw_archive\capture\20260817_072956\FAMILY_worldbank_CMO.xlsx",""
"2026-08-17T07:29:56Z","EN-009","crude oil Brent","worldbank","captured","799","","D:\a\food-dashboard\food-dashboard\commodity_dashboard\raw_archive\capture\20260817_072956\FAMILY_worldbank_CMO.xlsx",""
"2026-08-17T07:29:56Z","EN-010","coal","worldbank","captured","679","","D:\a\food-dashboard\food-dashboard\commodity_dashboard\raw_archive\capture\20260817_072956\FAMILY_worldbank_CMO.xlsx",""
"2026-08-17T07:29:56Z","FE-001","urea","worldbank","captured","799","","D:\a\food-dashboard\food-dashboard\commodity_dashboard\raw_archive\capture\20260817_072956\FAMILY_worldbank_CMO.xlsx",""
"2026-08-17T07:29:56Z","FE-002","DAP","worldbank","captured","715","","D:\a\food-dashboard\food-dashboard\commodity_dashboard\raw_archive\capture\20260817_072956\FAMILY_worldbank_CMO.xlsx",""
"2026-08-17T07:29:56Z","FE-003","TSP","worldbank","captured","799","","D:\a\food-dashboard\food-dashboard\commodity_dashboard\raw_archive\capture\20260817_072956\FAMILY_worldbank_CMO.xlsx",""
"2026-08-17T07:29:56Z","FE-004","potash","worldbank","captured","799","","D:\a\food-dashboard\food-dashboard\commodity_dashboard\raw_archive\capture\20260817_072956\FAMILY_worldbank_CMO.xlsx",""
"2026-08-17T07:29:56Z","FE-005","phosphate rock","worldbank","captured","799","","D:\a\food-dashboard\food-dashboard\commodity_dashboard\raw_archive\capture\20260817_072956\FAMILY_worldbank_CMO.xlsx",""
"2026-08-17T07:29:56Z","MZ-001","maize","worldbank","captured","799","","D:\a\food-dashboard\food-dashboard\commodity_dashboard\raw_archive\capture\20260817_072956\FAMILY_worldbank_CMO.xlsx",""
"2026-08-17T07:29:56Z","PK-005","aluminium","worldbank","captured","799","","D:\a\food-dashboard\food-dashboard\commodity_dashboard\raw_archive\capture\20260817_072956\FAMILY_worldbank_CMO.xlsx",""
"2026-08-17T07:29:56Z","SG-001","raw sugar","worldbank","captured","799","","D:\a\food-dashboard\food-dashboard\commodity_dashboard\raw_archive\capture\20260817_072956\FAMILY_worldbank_CMO.xlsx",""
"2026-08-17T07:29:56Z","SG-002","white sugar","worldbank","captured","799","","D:\a\food-dashboard\food-dashboard\commodity_dashboard\raw_archive\capture\20260817_072956\FAMILY_worldbank_CMO.xlsx",""
"2026-08-17T07:29:56Z","VO-001","soybean oil","worldbank","captured","799","","D:\a\food-dashboard\food-dashboard\commodity_dashboard\raw_archive\capture\20260817_072956\FAMILY_worldbank_CMO.xlsx",""
"2026-08-17T07:29:56Z","VO-002","palm oil","worldbank","captured","799","","D:\a\food-dashboard\food-dashboard\commodity_dashboard\raw_archive\capture\20260817_072956\FAMILY_worldbank_CMO.xlsx",""
"2026-08-17T07:29:56Z","VO-003","sunflower oil","worldbank","captured","289","","D:\a\food-dashboard\food-dashboard\commodity_dashboard\raw_archive\capture\20260817_072956\FAMILY_worldbank_CMO.xlsx",""
"2026-08-17T07:29:56Z","VO-004","rapeseed oil","worldbank","captured","294","","D:\a\food-dashboard\food-dashboard\commodity_dashboard\raw_archive\capture\20260817_072956\FAMILY_worldbank_CMO.xlsx",""
"2026-08-17T07:29:56Z","WH-001","wheat","worldbank","captured","799","","D:\a\food-dashboard\food-dashboard\commodity_dashboard\raw_archive\capture\20260817_072956\FAMILY_worldbank_CMO.xlsx",""
"2026-08-17T07:29:56Z","WH-002","wheat","worldbank","captured","571","","D:\a\food-dashboard\food-dashboard\commodity_dashboard\raw_archive\capture\20260817_072956\FAMILY_worldbank_CMO.xlsx",""
"2026-08-17T07:29:56Z","FE-006","fertilisers composite","eurostat","captured","138","","D:\a\food-dashboard\food-dashboard\commodity_dashboard\raw_archive\capture\20260817_072956\FE-006.json",""
"2026-08-17T07:29:56Z","FE-007","fertilisers composite","eurostat","kept_prior","0","kept-prior","","http-error: The remote server returned an error: (404) Not Found."
"2026-08-17T07:29:56Z","FE-009","agricultural lime","eurostat","captured","138","","D:\a\food-dashboard\food-dashboard\commodity_dashboard\raw_archive\capture\20260817_072956\FE-009.json",""
"2026-08-17T07:29:56Z","FR-005","land freight","eurostat","captured","21","","D:\a\food-dashboard\food-dashboard\commodity_dashboard\raw_archive\capture\20260817_072956\FR-005.json",""
"2026-08-17T07:29:56Z","PK-002","pulp","eurostat","captured","138","","D:\a\food-dashboard\food-dashboard\commodity_dashboard\raw_archive\capture\20260817_072956\PK-002.json",""
"2026-08-17T07:29:56Z","PK-004","paper & containerboard","eurostat","captured","138","","D:\a\food-dashboard\food-dashboard\commodity_dashboard\raw_archive\capture\20260817_072956\PK-004.json",""
"2026-08-17T07:29:56Z","PK-007","glass","eurostat","captured","138","","D:\a\food-dashboard\food-dashboard\commodity_dashboard\raw_archive\capture\20260817_072956\PK-007.json",""
"2026-08-17T07:29:56Z","PK-009","PET/plastics","eurostat","captured","138","","D:\a\food-dashboard\food-dashboard\commodity_dashboard\raw_archive\capture\20260817_072956\PK-009.json",""
"2026-08-17T07:29:56Z","DY-001","butter","eu_agrifood","captured","344","","D:\a\food-dashboard\food-dashboard\commodity_dashboard\raw_archive\capture\20260817_072956\DY-001.json",""
"2026-08-17T07:29:56Z","DY-002","SMP","eu_agrifood","captured","344","","D:\a\food-dashboard\food-dashboard\commodity_dashboard\raw_archive\capture\20260817_072956\DY-002.json",""
"2026-08-17T07:29:56Z","EG-001","eggs","eu_agrifood","captured","240","","D:\a\food-dashboard\food-dashboard\commodity_dashboard\raw_archive\capture\20260817_072956\EG-001.json",""
"2026-08-17T07:29:56Z","FE-008","fertilisers composite","eu_agrifood","captured","91","","D:\a\food-dashboard\food-dashboard\commodity_dashboard\raw_archive\capture\20260817_072956\FE-008.json",""
"2026-08-17T07:29:56Z","FE-010","fertilisers composite","eu_agrifood","captured","91","","D:\a\food-dashboard\food-dashboard\commodity_dashboard\raw_archive\capture\20260817_072956\FE-010.json",""
"2026-08-17T07:29:56Z","FE-011","fertilisers composite","eu_agrifood","captured","91","","D:\a\food-dashboard\food-dashboard\commodity_dashboard\raw_archive\capture\20260817_072956\FE-011.json",""
"2026-08-17T07:29:56Z","MZ-002","maize","eu_agrifood","captured","320","","D:\a\food-dashboard\food-dashboard\commodity_dashboard\raw_archive\capture\20260817_072956\MZ-002.json",""
"2026-08-17T07:29:56Z","SG-003","white sugar","eu_agrifood","captured","239","","D:\a\food-dashboard\food-dashboard\commodity_dashboard\raw_archive\capture\20260817_072956\SG-003.json",""
"2026-08-17T07:29:56Z","VO-005","rapeseed oil","eu_agrifood","captured","246","","D:\a\food-dashboard\food-dashboard\commodity_dashboard\raw_archive\capture\20260817_072956\VO-005.json",""
"2026-08-17T07:29:56Z","WH-003","wheat","eu_agrifood","captured","332","","D:\a\food-dashboard\food-dashboard\commodity_dashboard\raw_archive\capture\20260817_072956\WH-003.json",""
"2026-08-17T07:29:56Z","IX-001","food composite","fao","captured","439","","D:\a\food-dashboard\food-dashboard\commodity_dashboard\raw_archive\capture\20260817_072956\FAMILY_fao_fpi.csv",""
"2026-08-17T07:29:56Z","IX-002","cereals composite","fao","captured","439","","D:\a\food-dashboard\food-dashboard\commodity_dashboard\raw_archive\capture\20260817_072956\FAMILY_fao_fpi.csv",""
"2026-08-17T07:29:56Z","IX-003","vegetable oils composite","fao","captured","439","","D:\a\food-dashboard\food-dashboard\commodity_dashboard\raw_archive\capture\20260817_072956\FAMILY_fao_fpi.csv",""
"2026-08-17T07:29:56Z","IX-004","dairy composite","fao","captured","439","","D:\a\food-dashboard\food-dashboard\commodity_dashboard\raw_archive\capture\20260817_072956\FAMILY_fao_fpi.csv",""
"2026-08-17T07:29:56Z","IX-005","sugar composite","fao","captured","439","","D:\a\food-dashboard\food-dashboard\commodity_dashboard\raw_archive\capture\20260817_072956\FAMILY_fao_fpi.csv",""
"2026-08-17T07:29:56Z","EG-002","eggs","fred","captured","138","","D:\a\food-dashboard\food-dashboard\commodity_dashboard\raw_archive\capture\20260817_072956\EG-002.json",""
"2026-08-17T07:29:56Z","FR-001","trucking volume","fred","captured","137","","D:\a\food-dashboard\food-dashboard\commodity_dashboard\raw_archive\capture\20260817_072956\FR-001.json",""
"2026-08-17T07:29:56Z","FR-002","trucking rates","fred","captured","139","","D:\a\food-dashboard\food-dashboard\commodity_dashboard\raw_archive\capture\20260817_072956\FR-002.json",""
"2026-08-17T07:29:56Z","FR-003","rail freight","fred","captured","139","","D:\a\food-dashboard\food-dashboard\commodity_dashboard\raw_archive\capture\20260817_072956\FR-003.json",""
"2026-08-17T07:29:56Z","FR-004","ocean freight","fred","captured","139","","D:\a\food-dashboard\food-dashboard\commodity_dashboard\raw_archive\capture\20260817_072956\FR-004.json",""
"2026-08-17T07:29:56Z","PK-001","pulp","fred","captured","139","","D:\a\food-dashboard\food-dashboard\commodity_dashboard\raw_archive\capture\20260817_072956\PK-001.json",""
"2026-08-17T07:29:56Z","PK-003","containerboard","fred","captured","139","","D:\a\food-dashboard\food-dashboard\commodity_dashboard\raw_archive\capture\20260817_072956\PK-003.json",""
"2026-08-17T07:29:56Z","PK-006","glass","fred","captured","139","","D:\a\food-dashboard\food-dashboard\commodity_dashboard\raw_archive\capture\20260817_072956\PK-006.json",""
"2026-08-17T07:29:56Z","PK-008","PET/plastics","fred","captured","139","","D:\a\food-dashboard\food-dashboard\commodity_dashboard\raw_archive\capture\20260817_072956\PK-008.json",""
"2026-08-17T07:29:56Z","CO-002","cocoa","icco","not_captured","0","","","on watchlist (gaps file)"
"2026-08-17T07:29:56Z","CF-003","coffee arabica","ico","not_captured","0","","","on watchlist (gaps file)"
"2026-08-17T07:29:56Z","VO-006","palm oil","mpob","not_captured","0","","","on watchlist (gaps file)"
"2026-08-24T07:35:14Z","EN-003","crude oil WTI","eia","captured","2120","","D:\a\food-dashboard\food-dashboard\commodity_dashboard\raw_archive\capture\20260824_073514\EN-003.json",""
"2026-08-24T07:35:14Z","EN-004","natural gas Henry Hub","eia","captured","1544","","D:\a\food-dashboard\food-dashboard\commodity_dashboard\raw_archive\capture\20260824_073514\EN-004.json",""
"2026-08-24T07:35:14Z","EN-005","diesel","eia","captured","1692","","D:\a\food-dashboard\food-dashboard\commodity_dashboard\raw_archive\capture\20260824_073514\EN-005.json",""
"2026-08-24T07:35:14Z","EN-006","gasoline","eia","captured","1742","","D:\a\food-dashboard\food-dashboard\commodity_dashboard\raw_archive\capture\20260824_073514\EN-006.json",""
"2026-08-24T07:35:14Z","EN-007","diesel","eu_oil_bulletin","captured","1080","","D:\a\food-dashboard\food-dashboard\commodity_dashboard\raw_archive\capture\20260824_073514\FAMILY_euoil.xlsx",""
"2026-08-24T07:35:14Z","EN-008","gasoline","eu_oil_bulletin","captured","1080","","D:\a\food-dashboard\food-dashboard\commodity_dashboard\raw_archive\capture\20260824_073514\FAMILY_euoil.xlsx",""
"2026-08-24T07:35:14Z","CF-001","coffee arabica","worldbank","captured","799","","D:\a\food-dashboard\food-dashboard\commodity_dashboard\raw_archive\capture\20260824_073514\FAMILY_worldbank_CMO.xlsx",""
"2026-08-24T07:35:14Z","CF-002","coffee robusta","worldbank","captured","799","","D:\a\food-dashboard\food-dashboard\commodity_dashboard\raw_archive\capture\20260824_073514\FAMILY_worldbank_CMO.xlsx",""
"2026-08-24T07:35:14Z","CO-001","cocoa","worldbank","captured","799","","D:\a\food-dashboard\food-dashboard\commodity_dashboard\raw_archive\capture\20260824_073514\FAMILY_worldbank_CMO.xlsx",""
"2026-08-24T07:35:14Z","EN-001","natural gas","worldbank","captured","799","","D:\a\food-dashboard\food-dashboard\commodity_dashboard\raw_archive\capture\20260824_073514\FAMILY_worldbank_CMO.xlsx",""
"2026-08-24T07:35:14Z","EN-009","crude oil Brent","worldbank","captured","799","","D:\a\food-dashboard\food-dashboard\commodity_dashboard\raw_archive\capture\20260824_073514\FAMILY_worldbank_CMO.xlsx",""
"2026-08-24T07:35:14Z","EN-010","coal","worldbank","captured","679","","D:\a\food-dashboard\food-dashboard\commodity_dashboard\raw_archive\capture\20260824_073514\FAMILY_worldbank_CMO.xlsx",""
"2026-08-24T07:35:14Z","FE-001","urea","worldbank","captured","799","","D:\a\food-dashboard\food-dashboard\commodity_dashboard\raw_archive\capture\20260824_073514\FAMILY_worldbank_CMO.xlsx",""
"2026-08-24T07:35:14Z","FE-002","DAP","worldbank","captured","715","","D:\a\food-dashboard\food-dashboard\commodity_dashboard\raw_archive\capture\20260824_073514\FAMILY_worldbank_CMO.xlsx",""
"2026-08-24T07:35:14Z","FE-003","TSP","worldbank","captured","799","","D:\a\food-dashboard\food-dashboard\commodity_dashboard\raw_archive\capture\20260824_073514\FAMILY_worldbank_CMO.xlsx",""
"2026-08-24T07:35:14Z","FE-004","potash","worldbank","captured","799","","D:\a\food-dashboard\food-dashboard\commodity_dashboard\raw_archive\capture\20260824_073514\FAMILY_worldbank_CMO.xlsx",""
"2026-08-24T07:35:14Z","FE-005","phosphate rock","worldbank","captured","799","","D:\a\food-dashboard\food-dashboard\commodity_dashboard\raw_archive\capture\20260824_073514\FAMILY_worldbank_CMO.xlsx",""
"2026-08-24T07:35:14Z","MZ-001","maize","worldbank","captured","799","","D:\a\food-dashboard\food-dashboard\commodity_dashboard\raw_archive\capture\20260824_073514\FAMILY_worldbank_CMO.xlsx",""
"2026-08-24T07:35:14Z","PK-005","aluminium","worldbank","captured","799","","D:\a\food-dashboard\food-dashboard\commodity_dashboard\raw_archive\capture\20260824_073514\FAMILY_worldbank_CMO.xlsx",""
"2026-08-24T07:35:14Z","SG-001","raw sugar","worldbank","captured","799","","D:\a\food-dashboard\food-dashboard\commodity_dashboard\raw_archive\capture\20260824_073514\FAMILY_worldbank_CMO.xlsx",""
"2026-08-24T07:35:14Z","SG-002","white sugar","worldbank","captured","799","","D:\a\food-dashboard\food-dashboard\commodity_dashboard\raw_archive\capture\20260824_073514\FAMILY_worldbank_CMO.xlsx",""
"2026-08-24T07:35:14Z","VO-001","soybean oil","worldbank","captured","799","","D:\a\food-dashboard\food-dashboard\commodity_dashboard\raw_archive\capture\20260824_073514\FAMILY_worldbank_CMO.xlsx",""
"2026-08-24T07:35:14Z","VO-002","palm oil","worldbank","captured","799","","D:\a\food-dashboard\food-dashboard\commodity_dashboard\raw_archive\capture\20260824_073514\FAMILY_worldbank_CMO.xlsx",""
"2026-08-24T07:35:14Z","VO-003","sunflower oil","worldbank","captured","289","","D:\a\food-dashboard\food-dashboard\commodity_dashboard\raw_archive\capture\20260824_073514\FAMILY_worldbank_CMO.xlsx",""
"2026-08-24T07:35:14Z","VO-004","rapeseed oil","worldbank","captured","294","","D:\a\food-dashboard\food-dashboard\commodity_dashboard\raw_archive\capture\20260824_073514\FAMILY_worldbank_CMO.xlsx",""
"2026-08-24T07:35:14Z","WH-001","wheat","worldbank","captured","799","","D:\a\food-dashboard\food-dashboard\commodity_dashboard\raw_archive\capture\20260824_073514\FAMILY_worldbank_CMO.xlsx",""
"2026-08-24T07:35:14Z","WH-002","wheat","worldbank","captured","571","","D:\a\food-dashboard\food-dashboard\commodity_dashboard\raw_archive\capture\20260824_073514\FAMILY_worldbank_CMO.xlsx",""
"2026-08-24T07:35:14Z","FE-006","fertilisers composite","eurostat","captured","138","","D:\a\food-dashboard\food-dashboard\commodity_dashboard\raw_archive\capture\20260824_073514\FE-006.json",""
"2026-08-24T07:35:14Z","FE-007","fertilisers composite","eurostat","kept_prior","0","kept-prior","","http-error: The remote server returned an error: (404) Not Found."
"2026-08-24T07:35:14Z","FE-009","agricultural lime","eurostat","captured","138","","D:\a\food-dashboard\food-dashboard\commodity_dashboard\raw_archive\capture\20260824_073514\FE-009.json",""
"2026-08-24T07:35:14Z","FR-005","land freight","eurostat","captured","21","","D:\a\food-dashboard\food-dashboard\commodity_dashboard\raw_archive\capture\20260824_073514\FR-005.json",""
"2026-08-24T07:35:14Z","PK-002","pulp","eurostat","captured","138","","D:\a\food-dashboard\food-dashboard\commodity_dashboard\raw_archive\capture\20260824_073514\PK-002.json",""
"2026-08-24T07:35:14Z","PK-004","paper & containerboard","eurostat","captured","138","","D:\a\food-dashboard\food-dashboard\commodity_dashboard\raw_archive\capture\20260824_073514\PK-004.json",""
"2026-08-24T07:35:14Z","PK-007","glass","eurostat","captured","138","","D:\a\food-dashboard\food-dashboard\commodity_dashboard\raw_archive\capture\20260824_073514\PK-007.json",""
"2026-08-24T07:35:14Z","PK-009","PET/plastics","eurostat","captured","138","","D:\a\food-dashboard\food-dashboard\commodity_dashboard\raw_archive\capture\20260824_073514\PK-009.json",""
"2026-08-24T07:35:14Z","DY-001","butter","eu_agrifood","captured","345","","D:\a\food-dashboard\food-dashboard\commodity_dashboard\raw_archive\capture\20260824_073514\DY-001.json",""
"2026-08-24T07:35:14Z","DY-002","SMP","eu_agrifood","captured","345","","D:\a\food-dashboard\food-dashboard\commodity_dashboard\raw_archive\capture\20260824_073514\DY-002.json",""
"2026-08-24T07:35:14Z","EG-001","eggs","eu_agrifood","captured","241","","D:\a\food-dashboard\food-dashboard\commodity_dashboard\raw_archive\capture\20260824_073514\EG-001.json",""
"2026-08-24T07:35:14Z","FE-008","fertilisers composite","eu_agrifood","captured","91","","D:\a\food-dashboard\food-dashboard\commodity_dashboard\raw_archive\capture\20260824_073514\FE-008.json",""
"2026-08-24T07:35:14Z","FE-010","fertilisers composite","eu_agrifood","captured","91","","D:\a\food-dashboard\food-dashboard\commodity_dashboard\raw_archive\capture\20260824_073514\FE-010.json",""
"2026-08-24T07:35:14Z","FE-011","fertilisers composite","eu_agrifood","captured","91","","D:\a\food-dashboard\food-dashboard\commodity_dashboard\raw_archive\capture\20260824_073514\FE-011.json",""
"2026-08-24T07:35:14Z","MZ-002","maize","eu_agrifood","captured","320","","D:\a\food-dashboard\food-dashboard\commodity_dashboard\raw_archive\capture\20260824_073514\MZ-002.json",""
"2026-08-24T07:35:14Z","SG-003","white sugar","eu_agrifood","captured","239","","D:\a\food-dashboard\food-dashboard\commodity_dashboard\raw_archive\capture\20260824_073514\SG-003.json",""
"2026-08-24T07:35:14Z","VO-005","rapeseed oil","eu_agrifood","captured","247","","D:\a\food-dashboard\food-dashboard\commodity_dashboard\raw_archive\capture\20260824_073514\VO-005.json",""
"2026-08-24T07:35:14Z","WH-003","wheat","eu_agrifood","captured","332","","D:\a\food-dashboard\food-dashboard\commodity_dashboard\raw_archive\capture\20260824_073514\WH-003.json",""
"2026-08-24T07:35:14Z","IX-001","food composite","fao","captured","439","","D:\a\food-dashboard\food-dashboard\commodity_dashboard\raw_archive\capture\20260824_073514\FAMILY_fao_fpi.csv",""
"2026-08-24T07:35:14Z","IX-002","cereals composite","fao","captured","439","","D:\a\food-dashboard\food-dashboard\commodity_dashboard\raw_archive\capture\20260824_073514\FAMILY_fao_fpi.csv",""
"2026-08-24T07:35:14Z","IX-003","vegetable oils composite","fao","captured","439","","D:\a\food-dashboard\food-dashboard\commodity_dashboard\raw_archive\capture\20260824_073514\FAMILY_fao_fpi.csv",""
"2026-08-24T07:35:14Z","IX-004","dairy composite","fao","captured","439","","D:\a\food-dashboard\food-dashboard\commodity_dashboard\raw_archive\capture\20260824_073514\FAMILY_fao_fpi.csv",""
"2026-08-24T07:35:14Z","IX-005","sugar composite","fao","captured","439","","D:\a\food-dashboard\food-dashboard\commodity_dashboard\raw_archive\capture\20260824_073514\FAMILY_fao_fpi.csv",""
"2026-08-24T07:35:14Z","EG-002","eggs","fred","captured","138","","D:\a\food-dashboard\food-dashboard\commodity_dashboard\raw_archive\capture\20260824_073514\EG-002.json",""
"2026-08-24T07:35:14Z","FR-001","trucking volume","fred","captured","137","","D:\a\food-dashboard\food-dashboard\commodity_dashboard\raw_archive\capture\20260824_073514\FR-001.json",""
"2026-08-24T07:35:14Z","FR-002","trucking rates","fred","captured","139","","D:\a\food-dashboard\food-dashboard\commodity_dashboard\raw_archive\capture\20260824_073514\FR-002.json",""
"2026-08-24T07:35:14Z","FR-003","rail freight","fred","captured","139","","D:\a\food-dashboard\food-dashboard\commodity_dashboard\raw_archive\capture\20260824_073514\FR-003.json",""
"2026-08-24T07:35:14Z","FR-004","ocean freight","fred","captured","139","","D:\a\food-dashboard\food-dashboard\commodity_dashboard\raw_archive\capture\20260824_073514\FR-004.json",""
"2026-08-24T07:35:14Z","PK-001","pulp","fred","captured","139","","D:\a\food-dashboard\food-dashboard\commodity_dashboard\raw_archive\capture\20260824_073514\PK-001.json",""
"2026-08-24T07:35:14Z","PK-003","containerboard","fred","captured","139","","D:\a\food-dashboard\food-dashboard\commodity_dashboard\raw_archive\capture\20260824_073514\PK-003.json",""
"2026-08-24T07:35:14Z","PK-006","glass","fred","captured","139","","D:\a\food-dashboard\food-dashboard\commodity_dashboard\raw_archive\capture\20260824_073514\PK-006.json",""
"2026-08-24T07:35:14Z","PK-008","PET/plastics","fred","captured","139","","D:\a\food-dashboard\food-dashboard\commodity_dashboard\raw_archive\capture\20260824_073514\PK-008.json",""
"2026-08-24T07:35:14Z","CO-002","cocoa","icco","not_captured","0","","","on watchlist (gaps file)"
"2026-08-24T07:35:14Z","CF-003","coffee arabica","ico","not_captured","0","","","on watchlist (gaps file)"
"2026-08-24T07:35:14Z","VO-006","palm oil","mpob","not_captured","0","","","on watchlist (gaps file)"
"2026-08-31T14:14:04Z","EN-003","crude oil WTI","eia","captured","2121","","D:\a\food-dashboard\food-dashboard\commodity_dashboard\raw_archive\capture\20260831_141404\EN-003.json",""
"2026-08-31T14:14:04Z","EN-004","natural gas Henry Hub","eia","captured","1545","","D:\a\food-dashboard\food-dashboard\commodity_dashboard\raw_archive\capture\20260831_141404\EN-004.json",""
"2026-08-31T14:14:04Z","EN-005","diesel","eia","captured","1693","","D:\a\food-dashboard\food-dashboard\commodity_dashboard\raw_archive\capture\20260831_141404\EN-005.json",""
"2026-08-31T14:14:04Z","EN-006","gasoline","eia","captured","1743","","D:\a\food-dashboard\food-dashboard\commodity_dashboard\raw_archive\capture\20260831_141404\EN-006.json",""
"2026-08-31T14:14:04Z","EN-007","diesel","eu_oil_bulletin","captured","1081","","D:\a\food-dashboard\food-dashboard\commodity_dashboard\raw_archive\capture\20260831_141404\FAMILY_euoil.xlsx",""
"2026-08-31T14:14:04Z","EN-008","gasoline","eu_oil_bulletin","captured","1081","","D:\a\food-dashboard\food-dashboard\commodity_dashboard\raw_archive\capture\20260831_141404\FAMILY_euoil.xlsx",""
"2026-08-31T14:14:04Z","CF-001","coffee arabica","worldbank","captured","799","","D:\a\food-dashboard\food-dashboard\commodity_dashboard\raw_archive\capture\20260831_141404\FAMILY_worldbank_CMO.xlsx",""
"2026-08-31T14:14:04Z","CF-002","coffee robusta","worldbank","captured","799","","D:\a\food-dashboard\food-dashboard\commodity_dashboard\raw_archive\capture\20260831_141404\FAMILY_worldbank_CMO.xlsx",""
"2026-08-31T14:14:04Z","CO-001","cocoa","worldbank","captured","799","","D:\a\food-dashboard\food-dashboard\commodity_dashboard\raw_archive\capture\20260831_141404\FAMILY_worldbank_CMO.xlsx",""
"2026-08-31T14:14:04Z","EN-001","natural gas","worldbank","captured","799","","D:\a\food-dashboard\food-dashboard\commodity_dashboard\raw_archive\capture\20260831_141404\FAMILY_worldbank_CMO.xlsx",""
"2026-08-31T14:14:04Z","EN-009","crude oil Brent","worldbank","captured","799","","D:\a\food-dashboard\food-dashboard\commodity_dashboard\raw_archive\capture\20260831_141404\FAMILY_worldbank_CMO.xlsx",""
"2026-08-31T14:14:04Z","EN-010","coal","worldbank","captured","679","","D:\a\food-dashboard\food-dashboard\commodity_dashboard\raw_archive\capture\20260831_141404\FAMILY_worldbank_CMO.xlsx",""
"2026-08-31T14:14:04Z","FE-001","urea","worldbank","captured","799","","D:\a\food-dashboard\food-dashboard\commodity_dashboard\raw_archive\capture\20260831_141404\FAMILY_worldbank_CMO.xlsx",""
"2026-08-31T14:14:04Z","FE-002","DAP","worldbank","captured","715","","D:\a\food-dashboard\food-dashboard\commodity_dashboard\raw_archive\capture\20260831_141404\FAMILY_worldbank_CMO.xlsx",""
"2026-08-31T14:14:04Z","FE-003","TSP","worldbank","captured","799","","D:\a\food-dashboard\food-dashboard\commodity_dashboard\raw_archive\capture\20260831_141404\FAMILY_worldbank_CMO.xlsx",""
"2026-08-31T14:14:04Z","FE-004","potash","worldbank","captured","799","","D:\a\food-dashboard\food-dashboard\commodity_dashboard\raw_archive\capture\20260831_141404\FAMILY_worldbank_CMO.xlsx",""
"2026-08-31T14:14:04Z","FE-005","phosphate rock","worldbank","captured","799","","D:\a\food-dashboard\food-dashboard\commodity_dashboard\raw_archive\capture\20260831_141404\FAMILY_worldbank_CMO.xlsx",""
"2026-08-31T14:14:04Z","MZ-001","maize","worldbank","captured","799","","D:\a\food-dashboard\food-dashboard\commodity_dashboard\raw_archive\capture\20260831_141404\FAMILY_worldbank_CMO.xlsx",""
"2026-08-31T14:14:04Z","PK-005","aluminium","worldbank","captured","799","","D:\a\food-dashboard\food-dashboard\commodity_dashboard\raw_archive\capture\20260831_141404\FAMILY_worldbank_CMO.xlsx",""
"2026-08-31T14:14:04Z","SG-001","raw sugar","worldbank","captured","799","","D:\a\food-dashboard\food-dashboard\commodity_dashboard\raw_archive\capture\20260831_141404\FAMILY_worldbank_CMO.xlsx",""
"2026-08-31T14:14:04Z","SG-002","white sugar","worldbank","captured","799","","D:\a\food-dashboard\food-dashboard\commodity_dashboard\raw_archive\capture\20260831_141404\FAMILY_worldbank_CMO.xlsx",""
"2026-08-31T14:14:04Z","VO-001","soybean oil","worldbank","captured","799","","D:\a\food-dashboard\food-dashboard\commodity_dashboard\raw_archive\capture\20260831_141404\FAMILY_worldbank_CMO.xlsx",""
"2026-08-31T14:14:04Z","VO-002","palm oil","worldbank","captured","799","","D:\a\food-dashboard\food-dashboard\commodity_dashboard\raw_archive\capture\20260831_141404\FAMILY_worldbank_CMO.xlsx",""
"2026-08-31T14:14:04Z","VO-003","sunflower oil","worldbank","captured","289","","D:\a\food-dashboard\food-dashboard\commodity_dashboard\raw_archive\capture\20260831_141404\FAMILY_worldbank_CMO.xlsx",""
"2026-08-31T14:14:04Z","VO-004","rapeseed oil","worldbank","captured","294","","D:\a\food-dashboard\food-dashboard\commodity_dashboard\raw_archive\capture\20260831_141404\FAMILY_worldbank_CMO.xlsx",""
"2026-08-31T14:14:04Z","WH-001","wheat","worldbank","captured","799","","D:\a\food-dashboard\food-dashboard\commodity_dashboard\raw_archive\capture\20260831_141404\FAMILY_worldbank_CMO.xlsx",""
"2026-08-31T14:14:04Z","WH-002","wheat","worldbank","captured","571","","D:\a\food-dashboard\food-dashboard\commodity_dashboard\raw_archive\capture\20260831_141404\FAMILY_worldbank_CMO.xlsx",""
"2026-08-31T14:14:04Z","FE-006","fertilisers composite","eurostat","captured","138","","D:\a\food-dashboard\food-dashboard\commodity_dashboard\raw_archive\capture\20260831_141404\FE-006.json",""
"2026-08-31T14:14:04Z","FE-007","fertilisers composite","eurostat","kept_prior","0","kept-prior","","http-error: The remote server returned an error: (404) Not Found."
"2026-08-31T14:14:04Z","FE-009","agricultural lime","eurostat","captured","138","","D:\a\food-dashboard\food-dashboard\commodity_dashboard\raw_archive\capture\20260831_141404\FE-009.json",""
"2026-08-31T14:14:04Z","FR-005","land freight","eurostat","captured","21","","D:\a\food-dashboard\food-dashboard\commodity_dashboard\raw_archive\capture\20260831_141404\FR-005.json",""
"2026-08-31T14:14:04Z","PK-002","pulp","eurostat","captured","138","","D:\a\food-dashboard\food-dashboard\commodity_dashboard\raw_archive\capture\20260831_141404\PK-002.json",""
"2026-08-31T14:14:04Z","PK-004","paper & containerboard","eurostat","captured","138","","D:\a\food-dashboard\food-dashboard\commodity_dashboard\raw_archive\capture\20260831_141404\PK-004.json",""
"2026-08-31T14:14:04Z","PK-007","glass","eurostat","captured","138","","D:\a\food-dashboard\food-dashboard\commodity_dashboard\raw_archive\capture\20260831_141404\PK-007.json",""
"2026-08-31T14:14:04Z","PK-009","PET/plastics","eurostat","captured","138","","D:\a\food-dashboard\food-dashboard\commodity_dashboard\raw_archive\capture\20260831_141404\PK-009.json",""
"2026-08-31T14:14:04Z","DY-001","butter","eu_agrifood","captured","346","","D:\a\food-dashboard\food-dashboard\commodity_dashboard\raw_archive\capture\20260831_141404\DY-001.json",""
"2026-08-31T14:14:04Z","DY-002","SMP","eu_agrifood","captured","346","","D:\a\food-dashboard\food-dashboard\commodity_dashboard\raw_archive\capture\20260831_141404\DY-002.json",""
"2026-08-31T14:14:04Z","EG-001","eggs","eu_agrifood","captured","242","","D:\a\food-dashboard\food-dashboard\commodity_dashboard\raw_archive\capture\20260831_141404\EG-001.json",""
"2026-08-31T14:14:04Z","FE-008","fertilisers composite","eu_agrifood","captured","91","","D:\a\food-dashboard\food-dashboard\commodity_dashboard\raw_archive\capture\20260831_141404\FE-008.json",""
"2026-08-31T14:14:04Z","FE-010","fertilisers composite","eu_agrifood","captured","91","","D:\a\food-dashboard\food-dashboard\commodity_dashboard\raw_archive\capture\20260831_141404\FE-010.json",""
"2026-08-31T14:14:04Z","FE-011","fertilisers composite","eu_agrifood","captured","91","","D:\a\food-dashboard\food-dashboard\commodity_dashboard\raw_archive\capture\20260831_141404\FE-011.json",""
"2026-08-31T14:14:04Z","MZ-002","maize","eu_agrifood","captured","320","","D:\a\food-dashboard\food-dashboard\commodity_dashboard\raw_archive\capture\20260831_141404\MZ-002.json",""
"2026-08-31T14:14:04Z","SG-003","white sugar","eu_agrifood","captured","240","","D:\a\food-dashboard\food-dashboard\commodity_dashboard\raw_archive\capture\20260831_141404\SG-003.json",""
"2026-08-31T14:14:04Z","VO-005","rapeseed oil","eu_agrifood","captured","248","","D:\a\food-dashboard\food-dashboard\commodity_dashboard\raw_archive\capture\20260831_141404\VO-005.json",""
"2026-08-31T14:14:04Z","WH-003","wheat","eu_agrifood","captured","332","","D:\a\food-dashboard\food-dashboard\commodity_dashboard\raw_archive\capture\20260831_141404\WH-003.json",""
"2026-08-31T14:14:04Z","IX-001","food composite","fao","captured","439","","D:\a\food-dashboard\food-dashboard\commodity_dashboard\raw_archive\capture\20260831_141404\FAMILY_fao_fpi.csv",""
"2026-08-31T14:14:04Z","IX-002","cereals composite","fao","captured","439","","D:\a\food-dashboard\food-dashboard\commodity_dashboard\raw_archive\capture\20260831_141404\FAMILY_fao_fpi.csv",""
"2026-08-31T14:14:04Z","IX-003","vegetable oils composite","fao","captured","439","","D:\a\food-dashboard\food-dashboard\commodity_dashboard\raw_archive\capture\20260831_141404\FAMILY_fao_fpi.csv",""
"2026-08-31T14:14:04Z","IX-004","dairy composite","fao","captured","439","","D:\a\food-dashboard\food-dashboard\commodity_dashboard\raw_archive\capture\20260831_141404\FAMILY_fao_fpi.csv",""
"2026-08-31T14:14:04Z","IX-005","sugar composite","fao","captured","439","","D:\a\food-dashboard\food-dashboard\commodity_dashboard\raw_archive\capture\20260831_141404\FAMILY_fao_fpi.csv",""
"2026-08-31T14:14:04Z","EG-002","eggs","fred","captured","138","","D:\a\food-dashboard\food-dashboard\commodity_dashboard\raw_archive\capture\20260831_141404\EG-002.json",""
"2026-08-31T14:14:04Z","FR-001","trucking volume","fred","captured","137","","D:\a\food-dashboard\food-dashboard\commodity_dashboard\raw_archive\capture\20260831_141404\FR-001.json",""
"2026-08-31T14:14:04Z","FR-002","trucking rates","fred","captured","139","","D:\a\food-dashboard\food-dashboard\commodity_dashboard\raw_archive\capture\20260831_141404\FR-002.json",""
"2026-08-31T14:14:04Z","FR-003","rail freight","fred","captured","139","","D:\a\food-dashboard\food-dashboard\commodity_dashboard\raw_archive\capture\20260831_141404\FR-003.json",""
"2026-08-31T14:14:04Z","FR-004","ocean freight","fred","captured","139","","D:\a\food-dashboard\food-dashboard\commodity_dashboard\raw_archive\capture\20260831_141404\FR-004.json",""
"2026-08-31T14:14:04Z","PK-001","pulp","fred","captured","139","","D:\a\food-dashboard\food-dashboard\commodity_dashboard\raw_archive\capture\20260831_141404\PK-001.json",""
"2026-08-31T14:14:04Z","PK-003","containerboard","fred","captured","139","","D:\a\food-dashboard\food-dashboard\commodity_dashboard\raw_archive\capture\20260831_141404\PK-003.json",""
"2026-08-31T14:14:04Z","PK-006","glass","fred","captured","139","","D:\a\food-dashboard\food-dashboard\commodity_dashboard\raw_archive\capture\20260831_141404\PK-006.json",""
"2026-08-31T14:14:04Z","PK-008","PET/plastics","fred","captured","139","","D:\a\food-dashboard\food-dashboard\commodity_dashboard\raw_archive\capture\20260831_141404\PK-008.json",""
"2026-08-31T14:14:04Z","CO-002","cocoa","icco","not_captured","0","","","on watchlist (gaps file)"
"2026-08-31T14:14:04Z","CF-003","coffee arabica","ico","not_captured","0","","","on watchlist (gaps file)"
"2026-08-31T14:14:04Z","VO-006","palm oil","mpob","not_captured","0","","","on watchlist (gaps file)"
"2026-09-07T12:50:57Z","EN-003","crude oil WTI","eia","captured","2122","","D:\a\food-dashboard\food-dashboard\commodity_dashboard\raw_archive\capture\20260907_125057\EN-003.json",""
"2026-09-07T12:50:57Z","EN-004","natural gas Henry Hub","eia","captured","1546","","D:\a\food-dashboard\food-dashboard\commodity_dashboard\raw_archive\capture\20260907_125057\EN-004.json",""
"2026-09-07T12:50:57Z","EN-005","diesel","eia","captured","1694","","D:\a\food-dashboard\food-dashboard\commodity_dashboard\raw_archive\capture\20260907_125057\EN-005.json",""
"2026-09-07T12:50:57Z","EN-006","gasoline","eia","captured","1744","","D:\a\food-dashboard\food-dashboard\commodity_dashboard\raw_archive\capture\20260907_125057\EN-006.json",""
"2026-09-07T12:50:57Z","EN-007","diesel","eu_oil_bulletin","captured","1082","","D:\a\food-dashboard\food-dashboard\commodity_dashboard\raw_archive\capture\20260907_125057\FAMILY_euoil.xlsx",""
"2026-09-07T12:50:57Z","EN-008","gasoline","eu_oil_bulletin","captured","1082","","D:\a\food-dashboard\food-dashboard\commodity_dashboard\raw_archive\capture\20260907_125057\FAMILY_euoil.xlsx",""
"2026-09-07T12:50:57Z","CF-001","coffee arabica","worldbank","captured","800","","D:\a\food-dashboard\food-dashboard\commodity_dashboard\raw_archive\capture\20260907_125057\FAMILY_worldbank_CMO.xlsx",""
"2026-09-07T12:50:57Z","CF-002","coffee robusta","worldbank","captured","800","","D:\a\food-dashboard\food-dashboard\commodity_dashboard\raw_archive\capture\20260907_125057\FAMILY_worldbank_CMO.xlsx",""
"2026-09-07T12:50:57Z","CO-001","cocoa","worldbank","captured","800","","D:\a\food-dashboard\food-dashboard\commodity_dashboard\raw_archive\capture\20260907_125057\FAMILY_worldbank_CMO.xlsx",""
"2026-09-07T12:50:57Z","EN-001","natural gas","worldbank","captured","800","","D:\a\food-dashboard\food-dashboard\commodity_dashboard\raw_archive\capture\20260907_125057\FAMILY_worldbank_CMO.xlsx",""
"2026-09-07T12:50:57Z","EN-009","crude oil Brent","worldbank","captured","800","","D:\a\food-dashboard\food-dashboard\commodity_dashboard\raw_archive\capture\20260907_125057\FAMILY_worldbank_CMO.xlsx",""
"2026-09-07T12:50:57Z","EN-010","coal","worldbank","captured","680","","D:\a\food-dashboard\food-dashboard\commodity_dashboard\raw_archive\capture\20260907_125057\FAMILY_worldbank_CMO.xlsx",""
"2026-09-07T12:50:57Z","FE-001","urea","worldbank","captured","800","","D:\a\food-dashboard\food-dashboard\commodity_dashboard\raw_archive\capture\20260907_125057\FAMILY_worldbank_CMO.xlsx",""
"2026-09-07T12:50:57Z","FE-002","DAP","worldbank","captured","716","","D:\a\food-dashboard\food-dashboard\commodity_dashboard\raw_archive\capture\20260907_125057\FAMILY_worldbank_CMO.xlsx",""
"2026-09-07T12:50:57Z","FE-003","TSP","worldbank","captured","800","","D:\a\food-dashboard\food-dashboard\commodity_dashboard\raw_archive\capture\20260907_125057\FAMILY_worldbank_CMO.xlsx",""
"2026-09-07T12:50:57Z","FE-004","potash","worldbank","captured","800","","D:\a\food-dashboard\food-dashboard\commodity_dashboard\raw_archive\capture\20260907_125057\FAMILY_worldbank_CMO.xlsx",""
"2026-09-07T12:50:57Z","FE-005","phosphate rock","worldbank","captured","800","","D:\a\food-dashboard\food-dashboard\commodity_dashboard\raw_archive\capture\20260907_125057\FAMILY_worldbank_CMO.xlsx",""
"2026-09-07T12:50:57Z","MZ-001","maize","worldbank","captured","800","","D:\a\food-dashboard\food-dashboard\commodity_dashboard\raw_archive\capture\20260907_125057\FAMILY_worldbank_CMO.xlsx",""
"2026-09-07T12:50:57Z","PK-005","aluminium","worldbank","captured","800","","D:\a\food-dashboard\food-dashboard\commodity_dashboard\raw_archive\capture\20260907_125057\FAMILY_worldbank_CMO.xlsx",""
"2026-09-07T12:50:57Z","SG-001","raw sugar","worldbank","captured","800","","D:\a\food-dashboard\food-dashboard\commodity_dashboard\raw_archive\capture\20260907_125057\FAMILY_worldbank_CMO.xlsx",""
"2026-09-07T12:50:57Z","SG-002","white sugar","worldbank","captured","800","","D:\a\food-dashboard\food-dashboard\commodity_dashboard\raw_archive\capture\20260907_125057\FAMILY_worldbank_CMO.xlsx",""
"2026-09-07T12:50:57Z","VO-001","soybean oil","worldbank","captured","800","","D:\a\food-dashboard\food-dashboard\commodity_dashboard\raw_archive\capture\20260907_125057\FAMILY_worldbank_CMO.xlsx",""
"2026-09-07T12:50:57Z","VO-002","palm oil","worldbank","captured","800","","D:\a\food-dashboard\food-dashboard\commodity_dashboard\raw_archive\capture\20260907_125057\FAMILY_worldbank_CMO.xlsx",""
"2026-09-07T12:50:57Z","VO-003","sunflower oil","worldbank","captured","290","","D:\a\food-dashboard\food-dashboard\commodity_dashboard\raw_archive\capture\20260907_125057\FAMILY_worldbank_CMO.xlsx",""
"2026-09-07T12:50:57Z","VO-004","rapeseed oil","worldbank","captured","295","","D:\a\food-dashboard\food-dashboard\commodity_dashboard\raw_archive\capture\20260907_125057\FAMILY_worldbank_CMO.xlsx",""
"2026-09-07T12:50:57Z","WH-001","wheat","worldbank","captured","800","","D:\a\food-dashboard\food-dashboard\commodity_dashboard\raw_archive\capture\20260907_125057\FAMILY_worldbank_CMO.xlsx",""
"2026-09-07T12:50:57Z","WH-002","wheat","worldbank","captured","572","","D:\a\food-dashboard\food-dashboard\commodity_dashboard\raw_archive\capture\20260907_125057\FAMILY_worldbank_CMO.xlsx",""
"2026-09-07T12:50:57Z","FE-006","fertilisers composite","eurostat","captured","139","","D:\a\food-dashboard\food-dashboard\commodity_dashboard\raw_archive\capture\20260907_125057\FE-006.json",""
"2026-09-07T12:50:57Z","FE-007","fertilisers composite","eurostat","kept_prior","0","kept-prior","","http-error: The remote server returned an error: (404) Not Found."
"2026-09-07T12:50:57Z","FE-009","agricultural lime","eurostat","captured","139","","D:\a\food-dashboard\food-dashboard\commodity_dashboard\raw_archive\capture\20260907_125057\FE-009.json",""
"2026-09-07T12:50:57Z","FR-005","land freight","eurostat","captured","21","","D:\a\food-dashboard\food-dashboard\commodity_dashboard\raw_archive\capture\20260907_125057\FR-005.json",""
"2026-09-07T12:50:57Z","PK-002","pulp","eurostat","captured","139","","D:\a\food-dashboard\food-dashboard\commodity_dashboard\raw_archive\capture\20260907_125057\PK-002.json",""
"2026-09-07T12:50:57Z","PK-004","paper & containerboard","eurostat","captured","139","","D:\a\food-dashboard\food-dashboard\commodity_dashboard\raw_archive\capture\20260907_125057\PK-004.json",""
"2026-09-07T12:50:57Z","PK-007","glass","eurostat","captured","139","","D:\a\food-dashboard\food-dashboard\commodity_dashboard\raw_archive\capture\20260907_125057\PK-007.json",""
"2026-09-07T12:50:57Z","PK-009","PET/plastics","eurostat","captured","139","","D:\a\food-dashboard\food-dashboard\commodity_dashboard\raw_archive\capture\20260907_125057\PK-009.json",""
"2026-09-07T12:50:57Z","DY-001","butter","eu_agrifood","captured","347","","D:\a\food-dashboard\food-dashboard\commodity_dashboard\raw_archive\capture\20260907_125057\DY-001.json",""
"2026-09-07T12:50:57Z","DY-002","SMP","eu_agrifood","captured","347","","D:\a\food-dashboard\food-dashboard\commodity_dashboard\raw_archive\capture\20260907_125057\DY-002.json",""
"2026-09-07T12:50:57Z","EG-001","eggs","eu_agrifood","captured","243","","D:\a\food-dashboard\food-dashboard\commodity_dashboard\raw_archive\capture\20260907_125057\EG-001.json",""
"2026-09-07T12:50:57Z","FE-008","fertilisers composite","eu_agrifood","captured","92","","D:\a\food-dashboard\food-dashboard\commodity_dashboard\raw_archive\capture\20260907_125057\FE-008.json",""
"2026-09-07T12:50:57Z","FE-010","fertilisers composite","eu_agrifood","captured","92","","D:\a\food-dashboard\food-dashboard\commodity_dashboard\raw_archive\capture\20260907_125057\FE-010.json",""
"2026-09-07T12:50:57Z","FE-011","fertilisers composite","eu_agrifood","captured","92","","D:\a\food-dashboard\food-dashboard\commodity_dashboard\raw_archive\capture\20260907_125057\FE-011.json",""
"2026-09-07T12:50:57Z","MZ-002","maize","eu_agrifood","captured","320","","D:\a\food-dashboard\food-dashboard\commodity_dashboard\raw_archive\capture\20260907_125057\MZ-002.json",""
"2026-09-07T12:50:57Z","SG-003","white sugar","eu_agrifood","captured","240","","D:\a\food-dashboard\food-dashboard\commodity_dashboard\raw_archive\capture\20260907_125057\SG-003.json",""
"2026-09-07T12:50:57Z","VO-005","rapeseed oil","eu_agrifood","captured","249","","D:\a\food-dashboard\food-dashboard\commodity_dashboard\raw_archive\capture\20260907_125057\VO-005.json",""
"2026-09-07T12:50:57Z","WH-003","wheat","eu_agrifood","captured","332","","D:\a\food-dashboard\food-dashboard\commodity_dashboard\raw_archive\capture\20260907_125057\WH-003.json",""
"2026-09-07T12:50:57Z","IX-001","food composite","fao","captured","440","","D:\a\food-dashboard\food-dashboard\commodity_dashboard\raw_archive\capture\20260907_125057\FAMILY_fao_fpi.csv",""
"2026-09-07T12:50:57Z","IX-002","cereals composite","fao","captured","440","","D:\a\food-dashboard\food-dashboard\commodity_dashboard\raw_archive\capture\20260907_125057\FAMILY_fao_fpi.csv",""
"2026-09-07T12:50:57Z","IX-003","vegetable oils composite","fao","captured","440","","D:\a\food-dashboard\food-dashboard\commodity_dashboard\raw_archive\capture\20260907_125057\FAMILY_fao_fpi.csv",""
"2026-09-07T12:50:57Z","IX-004","dairy composite","fao","captured","440","","D:\a\food-dashboard\food-dashboard\commodity_dashboard\raw_archive\capture\20260907_125057\FAMILY_fao_fpi.csv",""
"2026-09-07T12:50:57Z","IX-005","sugar composite","fao","captured","440","","D:\a\food-dashboard\food-dashboard\commodity_dashboard\raw_archive\capture\20260907_125057\FAMILY_fao_fpi.csv",""
"2026-09-07T12:50:57Z","EG-002","eggs","fred","captured","138","","D:\a\food-dashboard\food-dashboard\commodity_dashboard\raw_archive\capture\20260907_125057\EG-002.json",""
"2026-09-07T12:50:57Z","FR-001","trucking volume","fred","captured","138","","D:\a\food-dashboard\food-dashboard\commodity_dashboard\raw_archive\capture\20260907_125057\FR-001.json",""
"2026-09-07T12:50:57Z","FR-002","trucking rates","fred","captured","139","","D:\a\food-dashboard\food-dashboard\commodity_dashboard\raw_archive\capture\20260907_125057\FR-002.json",""
"2026-09-07T12:50:57Z","FR-003","rail freight","fred","captured","139","","D:\a\food-dashboard\food-dashboard\commodity_dashboard\raw_archive\capture\20260907_125057\FR-003.json",""
"2026-09-07T12:50:57Z","FR-004","ocean freight","fred","captured","139","","D:\a\food-dashboard\food-dashboard\commodity_dashboard\raw_archive\capture\20260907_125057\FR-004.json",""
"2026-09-07T12:50:57Z","PK-001","pulp","fred","captured","139","","D:\a\food-dashboard\food-dashboard\commodity_dashboard\raw_archive\capture\20260907_125057\PK-001.json",""
"2026-09-07T12:50:57Z","PK-003","containerboard","fred","captured","139","","D:\a\food-dashboard\food-dashboard\commodity_dashboard\raw_archive\capture\20260907_125057\PK-003.json",""
"2026-09-07T12:50:57Z","PK-006","glass","fred","captured","139","","D:\a\food-dashboard\food-dashboard\commodity_dashboard\raw_archive\capture\20260907_125057\PK-006.json",""
"2026-09-07T12:50:57Z","PK-008","PET/plastics","fred","captured","139","","D:\a\food-dashboard\food-dashboard\commodity_dashboard\raw_archive\capture\20260907_125057\PK-008.json",""
"2026-09-07T12:50:57Z","CO-002","cocoa","icco","not_captured","0","","","on watchlist (gaps file)"
"2026-09-07T12:50:57Z","CF-003","coffee arabica","ico","not_captured","0","","","on watchlist (gaps file)"
"2026-09-07T12:50:57Z","VO-006","palm oil","mpob","not_captured","0","","","on watchlist (gaps file)"
"2026-09-14T13:07:25Z","EN-003","crude oil WTI","eia","captured","2123","","D:\a\food-dashboard\food-dashboard\commodity_dashboard\raw_archive\capture\20260914_130725\EN-003.json",""
"2026-09-14T13:07:25Z","EN-004","natural gas Henry Hub","eia","captured","1547","","D:\a\food-dashboard\food-dashboard\commodity_dashboard\raw_archive\capture\20260914_130725\EN-004.json",""
"2026-09-14T13:07:25Z","EN-005","diesel","eia","captured","1695","","D:\a\food-dashboard\food-dashboard\commodity_dashboard\raw_archive\capture\20260914_130725\EN-005.json",""
"2026-09-14T13:07:25Z","EN-006","gasoline","eia","captured","1745","","D:\a\food-dashboard\food-dashboard\commodity_dashboard\raw_archive\capture\20260914_130725\EN-006.json",""
"2026-09-14T13:07:25Z","EN-007","diesel","eu_oil_bulletin","captured","1083","","D:\a\food-dashboard\food-dashboard\commodity_dashboard\raw_archive\capture\20260914_130725\FAMILY_euoil.xlsx",""
"2026-09-14T13:07:25Z","EN-008","gasoline","eu_oil_bulletin","captured","1083","","D:\a\food-dashboard\food-dashboard\commodity_dashboard\raw_archive\capture\20260914_130725\FAMILY_euoil.xlsx",""
"2026-09-14T13:07:25Z","CF-001","coffee arabica","worldbank","captured","800","","D:\a\food-dashboard\food-dashboard\commodity_dashboard\raw_archive\capture\20260914_130725\FAMILY_worldbank_CMO.xlsx",""
"2026-09-14T13:07:25Z","CF-002","coffee robusta","worldbank","captured","800","","D:\a\food-dashboard\food-dashboard\commodity_dashboard\raw_archive\capture\20260914_130725\FAMILY_worldbank_CMO.xlsx",""
"2026-09-14T13:07:25Z","CO-001","cocoa","worldbank","captured","800","","D:\a\food-dashboard\food-dashboard\commodity_dashboard\raw_archive\capture\20260914_130725\FAMILY_worldbank_CMO.xlsx",""
"2026-09-14T13:07:25Z","EN-001","natural gas","worldbank","captured","800","","D:\a\food-dashboard\food-dashboard\commodity_dashboard\raw_archive\capture\20260914_130725\FAMILY_worldbank_CMO.xlsx",""
"2026-09-14T13:07:25Z","EN-009","crude oil Brent","worldbank","captured","800","","D:\a\food-dashboard\food-dashboard\commodity_dashboard\raw_archive\capture\20260914_130725\FAMILY_worldbank_CMO.xlsx",""
"2026-09-14T13:07:25Z","EN-010","coal","worldbank","captured","680","","D:\a\food-dashboard\food-dashboard\commodity_dashboard\raw_archive\capture\20260914_130725\FAMILY_worldbank_CMO.xlsx",""
"2026-09-14T13:07:25Z","FE-001","urea","worldbank","captured","800","","D:\a\food-dashboard\food-dashboard\commodity_dashboard\raw_archive\capture\20260914_130725\FAMILY_worldbank_CMO.xlsx",""
"2026-09-14T13:07:25Z","FE-002","DAP","worldbank","captured","716","","D:\a\food-dashboard\food-dashboard\commodity_dashboard\raw_archive\capture\20260914_130725\FAMILY_worldbank_CMO.xlsx",""
"2026-09-14T13:07:25Z","FE-003","TSP","worldbank","captured","800","","D:\a\food-dashboard\food-dashboard\commodity_dashboard\raw_archive\capture\20260914_130725\FAMILY_worldbank_CMO.xlsx",""
"2026-09-14T13:07:25Z","FE-004","potash","worldbank","captured","800","","D:\a\food-dashboard\food-dashboard\commodity_dashboard\raw_archive\capture\20260914_130725\FAMILY_worldbank_CMO.xlsx",""
"2026-09-14T13:07:25Z","FE-005","phosphate rock","worldbank","captured","800","","D:\a\food-dashboard\food-dashboard\commodity_dashboard\raw_archive\capture\20260914_130725\FAMILY_worldbank_CMO.xlsx",""
"2026-09-14T13:07:25Z","MZ-001","maize","worldbank","captured","800","","D:\a\food-dashboard\food-dashboard\commodity_dashboard\raw_archive\capture\20260914_130725\FAMILY_worldbank_CMO.xlsx",""
"2026-09-14T13:07:25Z","PK-005","aluminium","worldbank","captured","800","","D:\a\food-dashboard\food-dashboard\commodity_dashboard\raw_archive\capture\20260914_130725\FAMILY_worldbank_CMO.xlsx",""
"2026-09-14T13:07:25Z","SG-001","raw sugar","worldbank","captured","800","","D:\a\food-dashboard\food-dashboard\commodity_dashboard\raw_archive\capture\20260914_130725\FAMILY_worldbank_CMO.xlsx",""
"2026-09-14T13:07:25Z","SG-002","white sugar","worldbank","captured","800","","D:\a\food-dashboard\food-dashboard\commodity_dashboard\raw_archive\capture\20260914_130725\FAMILY_worldbank_CMO.xlsx",""
"2026-09-14T13:07:25Z","VO-001","soybean oil","worldbank","captured","800","","D:\a\food-dashboard\food-dashboard\commodity_dashboard\raw_archive\capture\20260914_130725\FAMILY_worldbank_CMO.xlsx",""
"2026-09-14T13:07:25Z","VO-002","palm oil","worldbank","captured","800","","D:\a\food-dashboard\food-dashboard\commodity_dashboard\raw_archive\capture\20260914_130725\FAMILY_worldbank_CMO.xlsx",""
"2026-09-14T13:07:25Z","VO-003","sunflower oil","worldbank","captured","290","","D:\a\food-dashboard\food-dashboard\commodity_dashboard\raw_archive\capture\20260914_130725\FAMILY_worldbank_CMO.xlsx",""
"2026-09-14T13:07:25Z","VO-004","rapeseed oil","worldbank","captured","295","","D:\a\food-dashboard\food-dashboard\commodity_dashboard\raw_archive\capture\20260914_130725\FAMILY_worldbank_CMO.xlsx",""
"2026-09-14T13:07:25Z","WH-001","wheat","worldbank","captured","800","","D:\a\food-dashboard\food-dashboard\commodity_dashboard\raw_archive\capture\20260914_130725\FAMILY_worldbank_CMO.xlsx",""
"2026-09-14T13:07:25Z","WH-002","wheat","worldbank","captured","572","","D:\a\food-dashboard\food-dashboard\commodity_dashboard\raw_archive\capture\20260914_130725\FAMILY_worldbank_CMO.xlsx",""
"2026-09-14T13:07:25Z","FE-006","fertilisers composite","eurostat","captured","139","","D:\a\food-dashboard\food-dashboard\commodity_dashboard\raw_archive\capture\20260914_130725\FE-006.json",""
"2026-09-14T13:07:25Z","FE-007","fertilisers composite","eurostat","kept_prior","0","kept-prior","","http-error: The remote server returned an error: (404) Not Found."
"2026-09-14T13:07:25Z","FE-009","agricultural lime","eurostat","captured","139","","D:\a\food-dashboard\food-dashboard\commodity_dashboard\raw_archive\capture\20260914_130725\FE-009.json",""
"2026-09-14T13:07:25Z","FR-005","land freight","eurostat","captured","21","","D:\a\food-dashboard\food-dashboard\commodity_dashboard\raw_archive\capture\20260914_130725\FR-005.json",""
"2026-09-14T13:07:25Z","PK-002","pulp","eurostat","captured","139","","D:\a\food-dashboard\food-dashboard\commodity_dashboard\raw_archive\capture\20260914_130725\PK-002.json",""
"2026-09-14T13:07:25Z","PK-004","paper & containerboard","eurostat","captured","139","","D:\a\food-dashboard\food-dashboard\commodity_dashboard\raw_archive\capture\20260914_130725\PK-004.json",""
"2026-09-14T13:07:25Z","PK-007","glass","eurostat","captured","139","","D:\a\food-dashboard\food-dashboard\commodity_dashboard\raw_archive\capture\20260914_130725\PK-007.json",""
"2026-09-14T13:07:25Z","PK-009","PET/plastics","eurostat","captured","139","","D:\a\food-dashboard\food-dashboard\commodity_dashboard\raw_archive\capture\20260914_130725\PK-009.json",""
"2026-09-14T13:07:25Z","DY-001","butter","eu_agrifood","captured","348","","D:\a\food-dashboard\food-dashboard\commodity_dashboard\raw_archive\capture\20260914_130725\DY-001.json",""
"2026-09-14T13:07:25Z","DY-002","SMP","eu_agrifood","captured","348","","D:\a\food-dashboard\food-dashboard\commodity_dashboard\raw_archive\capture\20260914_130725\DY-002.json",""
"2026-09-14T13:07:25Z","EG-001","eggs","eu_agrifood","captured","244","","D:\a\food-dashboard\food-dashboard\commodity_dashboard\raw_archive\capture\20260914_130725\EG-001.json",""
"2026-09-14T13:07:25Z","FE-008","fertilisers composite","eu_agrifood","captured","92","","D:\a\food-dashboard\food-dashboard\commodity_dashboard\raw_archive\capture\20260914_130725\FE-008.json",""
"2026-09-14T13:07:25Z","FE-010","fertilisers composite","eu_agrifood","captured","92","","D:\a\food-dashboard\food-dashboard\commodity_dashboard\raw_archive\capture\20260914_130725\FE-010.json",""
"2026-09-14T13:07:25Z","FE-011","fertilisers composite","eu_agrifood","captured","92","","D:\a\food-dashboard\food-dashboard\commodity_dashboard\raw_archive\capture\20260914_130725\FE-011.json",""
"2026-09-14T13:07:25Z","MZ-002","maize","eu_agrifood","captured","320","","D:\a\food-dashboard\food-dashboard\commodity_dashboard\raw_archive\capture\20260914_130725\MZ-002.json",""
"2026-09-14T13:07:25Z","SG-003","white sugar","eu_agrifood","captured","240","","D:\a\food-dashboard\food-dashboard\commodity_dashboard\raw_archive\capture\20260914_130725\SG-003.json",""
"2026-09-14T13:07:25Z","VO-005","rapeseed oil","eu_agrifood","captured","250","","D:\a\food-dashboard\food-dashboard\commodity_dashboard\raw_archive\capture\20260914_130725\VO-005.json",""
"2026-09-14T13:07:25Z","WH-003","wheat","eu_agrifood","captured","332","","D:\a\food-dashboard\food-dashboard\commodity_dashboard\raw_archive\capture\20260914_130725\WH-003.json",""
"2026-09-14T13:07:25Z","IX-001","food composite","fao","captured","440","","D:\a\food-dashboard\food-dashboard\commodity_dashboard\raw_archive\capture\20260914_130725\FAMILY_fao_fpi.csv",""
"2026-09-14T13:07:25Z","IX-002","cereals composite","fao","captured","440","","D:\a\food-dashboard\food-dashboard\commodity_dashboard\raw_archive\capture\20260914_130725\FAMILY_fao_fpi.csv",""
"2026-09-14T13:07:25Z","IX-003","vegetable oils composite","fao","captured","440","","D:\a\food-dashboard\food-dashboard\commodity_dashboard\raw_archive\capture\20260914_130725\FAMILY_fao_fpi.csv",""
"2026-09-14T13:07:25Z","IX-004","dairy composite","fao","captured","440","","D:\a\food-dashboard\food-dashboard\commodity_dashboard\raw_archive\capture\20260914_130725\FAMILY_fao_fpi.csv",""
"2026-09-14T13:07:25Z","IX-005","sugar composite","fao","captured","440","","D:\a\food-dashboard\food-dashboard\commodity_dashboard\raw_archive\capture\20260914_130725\FAMILY_fao_fpi.csv",""
"2026-09-14T13:07:25Z","EG-002","eggs","fred","captured","139","","D:\a\food-dashboard\food-dashboard\commodity_dashboard\raw_archive\capture\20260914_130725\EG-002.json",""
"2026-09-14T13:07:25Z","FR-001","trucking volume","fred","captured","138","","D:\a\food-dashboard\food-dashboard\commodity_dashboard\raw_archive\capture\20260914_130725\FR-001.json",""
"2026-09-14T13:07:25Z","FR-002","trucking rates","fred","captured","140","","D:\a\food-dashboard\food-dashboard\commodity_dashboard\raw_archive\capture\20260914_130725\FR-002.json",""
"2026-09-14T13:07:25Z","FR-003","rail freight","fred","captured","140","","D:\a\food-dashboard\food-dashboard\commodity_dashboard\raw_archive\capture\20260914_130725\FR-003.json",""
"2026-09-14T13:07:25Z","FR-004","ocean freight","fred","captured","140","","D:\a\food-dashboard\food-dashboard\commodity_dashboard\raw_archive\capture\20260914_130725\FR-004.json",""
"2026-09-14T13:07:25Z","PK-001","pulp","fred","captured","140","","D:\a\food-dashboard\food-dashboard\commodity_dashboard\raw_archive\capture\20260914_130725\PK-001.json",""
"2026-09-14T13:07:25Z","PK-003","containerboard","fred","captured","140","","D:\a\food-dashboard\food-dashboard\commodity_dashboard\raw_archive\capture\20260914_130725\PK-003.json",""
"2026-09-14T13:07:25Z","PK-006","glass","fred","captured","140","","D:\a\food-dashboard\food-dashboard\commodity_dashboard\raw_archive\capture\20260914_130725\PK-006.json",""
"2026-09-14T13:07:25Z","PK-008","PET/plastics","fred","captured","140","","D:\a\food-dashboard\food-dashboard\commodity_dashboard\raw_archive\capture\20260914_130725\PK-008.json",""
"2026-09-14T13:07:25Z","CO-002","cocoa","icco","not_captured","0","","","on watchlist (gaps file)"
"2026-09-14T13:07:25Z","CF-003","coffee arabica","ico","not_captured","0","","","on watchlist (gaps file)"
"2026-09-14T13:07:25Z","VO-006","palm oil","mpob","not_captured","0","","","on watchlist (gaps file)"
"2026-09-21T13:05:42Z","EN-003","crude oil WTI","eia","captured","2124","","D:\a\food-dashboard\food-dashboard\commodity_dashboard\raw_archive\capture\20260921_130542\EN-003.json",""
"2026-09-21T13:05:42Z","EN-004","natural gas Henry Hub","eia","captured","1548","","D:\a\food-dashboard\food-dashboard\commodity_dashboard\raw_archive\capture\20260921_130542\EN-004.json",""
"2026-09-21T13:05:42Z","EN-005","diesel","eia","captured","1696","","D:\a\food-dashboard\food-dashboard\commodity_dashboard\raw_archive\capture\20260921_130542\EN-005.json",""
"2026-09-21T13:05:42Z","EN-006","gasoline","eia","captured","1746","","D:\a\food-dashboard\food-dashboard\commodity_dashboard\raw_archive\capture\20260921_130542\EN-006.json",""
"2026-09-21T13:05:42Z","EN-007","diesel","eu_oil_bulletin","captured","1084","","D:\a\food-dashboard\food-dashboard\commodity_dashboard\raw_archive\capture\20260921_130542\FAMILY_euoil.xlsx",""
"2026-09-21T13:05:42Z","EN-008","gasoline","eu_oil_bulletin","captured","1084","","D:\a\food-dashboard\food-dashboard\commodity_dashboard\raw_archive\capture\20260921_130542\FAMILY_euoil.xlsx",""
"2026-09-21T13:05:42Z","CF-001","coffee arabica","worldbank","captured","800","","D:\a\food-dashboard\food-dashboard\commodity_dashboard\raw_archive\capture\20260921_130542\FAMILY_worldbank_CMO.xlsx",""
"2026-09-21T13:05:42Z","CF-002","coffee robusta","worldbank","captured","800","","D:\a\food-dashboard\food-dashboard\commodity_dashboard\raw_archive\capture\20260921_130542\FAMILY_worldbank_CMO.xlsx",""
"2026-09-21T13:05:42Z","CO-001","cocoa","worldbank","captured","800","","D:\a\food-dashboard\food-dashboard\commodity_dashboard\raw_archive\capture\20260921_130542\FAMILY_worldbank_CMO.xlsx",""
"2026-09-21T13:05:42Z","EN-001","natural gas","worldbank","captured","800","","D:\a\food-dashboard\food-dashboard\commodity_dashboard\raw_archive\capture\20260921_130542\FAMILY_worldbank_CMO.xlsx",""
"2026-09-21T13:05:42Z","EN-009","crude oil Brent","worldbank","captured","800","","D:\a\food-dashboard\food-dashboard\commodity_dashboard\raw_archive\capture\20260921_130542\FAMILY_worldbank_CMO.xlsx",""
"2026-09-21T13:05:42Z","EN-010","coal","worldbank","captured","680","","D:\a\food-dashboard\food-dashboard\commodity_dashboard\raw_archive\capture\20260921_130542\FAMILY_worldbank_CMO.xlsx",""
"2026-09-21T13:05:42Z","FE-001","urea","worldbank","captured","800","","D:\a\food-dashboard\food-dashboard\commodity_dashboard\raw_archive\capture\20260921_130542\FAMILY_worldbank_CMO.xlsx",""
"2026-09-21T13:05:42Z","FE-002","DAP","worldbank","captured","716","","D:\a\food-dashboard\food-dashboard\commodity_dashboard\raw_archive\capture\20260921_130542\FAMILY_worldbank_CMO.xlsx",""
"2026-09-21T13:05:42Z","FE-003","TSP","worldbank","captured","800","","D:\a\food-dashboard\food-dashboard\commodity_dashboard\raw_archive\capture\20260921_130542\FAMILY_worldbank_CMO.xlsx",""
"2026-09-21T13:05:42Z","FE-004","potash","worldbank","captured","800","","D:\a\food-dashboard\food-dashboard\commodity_dashboard\raw_archive\capture\20260921_130542\FAMILY_worldbank_CMO.xlsx",""
"2026-09-21T13:05:42Z","FE-005","phosphate rock","worldbank","captured","800","","D:\a\food-dashboard\food-dashboard\commodity_dashboard\raw_archive\capture\20260921_130542\FAMILY_worldbank_CMO.xlsx",""
"2026-09-21T13:05:42Z","MZ-001","maize","worldbank","captured","800","","D:\a\food-dashboard\food-dashboard\commodity_dashboard\raw_archive\capture\20260921_130542\FAMILY_worldbank_CMO.xlsx",""
"2026-09-21T13:05:42Z","PK-005","aluminium","worldbank","captured","800","","D:\a\food-dashboard\food-dashboard\commodity_dashboard\raw_archive\capture\20260921_130542\FAMILY_worldbank_CMO.xlsx",""
"2026-09-21T13:05:42Z","SG-001","raw sugar","worldbank","captured","800","","D:\a\food-dashboard\food-dashboard\commodity_dashboard\raw_archive\capture\20260921_130542\FAMILY_worldbank_CMO.xlsx",""
"2026-09-21T13:05:42Z","SG-002","white sugar","worldbank","captured","800","","D:\a\food-dashboard\food-dashboard\commodity_dashboard\raw_archive\capture\20260921_130542\FAMILY_worldbank_CMO.xlsx",""
"2026-09-21T13:05:42Z","VO-001","soybean oil","worldbank","captured","800","","D:\a\food-dashboard\food-dashboard\commodity_dashboard\raw_archive\capture\20260921_130542\FAMILY_worldbank_CMO.xlsx",""
"2026-09-21T13:05:42Z","VO-002","palm oil","worldbank","captured","800","","D:\a\food-dashboard\food-dashboard\commodity_dashboard\raw_archive\capture\20260921_130542\FAMILY_worldbank_CMO.xlsx",""
"2026-09-21T13:05:42Z","VO-003","sunflower oil","worldbank","captured","290","","D:\a\food-dashboard\food-dashboard\commodity_dashboard\raw_archive\capture\20260921_130542\FAMILY_worldbank_CMO.xlsx",""
"2026-09-21T13:05:42Z","VO-004","rapeseed oil","worldbank","captured","295","","D:\a\food-dashboard\food-dashboard\commodity_dashboard\raw_archive\capture\20260921_130542\FAMILY_worldbank_CMO.xlsx",""
"2026-09-21T13:05:42Z","WH-001","wheat","worldbank","captured","800","","D:\a\food-dashboard\food-dashboard\commodity_dashboard\raw_archive\capture\20260921_130542\FAMILY_worldbank_CMO.xlsx",""
"2026-09-21T13:05:42Z","WH-002","wheat","worldbank","captured","572","","D:\a\food-dashboard\food-dashboard\commodity_dashboard\raw_archive\capture\20260921_130542\FAMILY_worldbank_CMO.xlsx",""
"2026-09-21T13:05:42Z","FE-006","fertilisers composite","eurostat","captured","139","","D:\a\food-dashboard\food-dashboard\commodity_dashboard\raw_archive\capture\20260921_130542\FE-006.json",""
"2026-09-21T13:05:42Z","FE-007","fertilisers composite","eurostat","kept_prior","0","kept-prior","","http-error: The remote server returned an error: (404) Not Found."
"2026-09-21T13:05:42Z","FE-009","agricultural lime","eurostat","captured","139","","D:\a\food-dashboard\food-dashboard\commodity_dashboard\raw_archive\capture\20260921_130542\FE-009.json",""
"2026-09-21T13:05:42Z","FR-005","land freight","eurostat","captured","21","","D:\a\food-dashboard\food-dashboard\commodity_dashboard\raw_archive\capture\20260921_130542\FR-005.json",""
"2026-09-21T13:05:42Z","PK-002","pulp","eurostat","captured","139","","D:\a\food-dashboard\food-dashboard\commodity_dashboard\raw_archive\capture\20260921_130542\PK-002.json",""
"2026-09-21T13:05:42Z","PK-004","paper & containerboard","eurostat","captured","139","","D:\a\food-dashboard\food-dashboard\commodity_dashboard\raw_archive\capture\20260921_130542\PK-004.json",""
"2026-09-21T13:05:42Z","PK-007","glass","eurostat","captured","139","","D:\a\food-dashboard\food-dashboard\commodity_dashboard\raw_archive\capture\20260921_130542\PK-007.json",""
"2026-09-21T13:05:42Z","PK-009","PET/plastics","eurostat","captured","139","","D:\a\food-dashboard\food-dashboard\commodity_dashboard\raw_archive\capture\20260921_130542\PK-009.json",""
"2026-09-21T13:05:42Z","DY-001","butter","eu_agrifood","captured","349","","D:\a\food-dashboard\food-dashboard\commodity_dashboard\raw_archive\capture\20260921_130542\DY-001.json",""
"2026-09-21T13:05:42Z","DY-002","SMP","eu_agrifood","captured","349","","D:\a\food-dashboard\food-dashboard\commodity_dashboard\raw_archive\capture\20260921_130542\DY-002.json",""
"2026-09-21T13:05:42Z","EG-001","eggs","eu_agrifood","captured","245","","D:\a\food-dashboard\food-dashboard\commodity_dashboard\raw_archive\capture\20260921_130542\EG-001.json",""
"2026-09-21T13:05:42Z","FE-008","fertilisers composite","eu_agrifood","captured","92","","D:\a\food-dashboard\food-dashboard\commodity_dashboard\raw_archive\capture\20260921_130542\FE-008.json",""
"2026-09-21T13:05:42Z","FE-010","fertilisers composite","eu_agrifood","captured","92","","D:\a\food-dashboard\food-dashboard\commodity_dashboard\raw_archive\capture\20260921_130542\FE-010.json",""
"2026-09-21T13:05:42Z","FE-011","fertilisers composite","eu_agrifood","captured","92","","D:\a\food-dashboard\food-dashboard\commodity_dashboard\raw_archive\capture\20260921_130542\FE-011.json",""
"2026-09-21T13:05:42Z","MZ-002","maize","eu_agrifood","captured","320","","D:\a\food-dashboard\food-dashboard\commodity_dashboard\raw_archive\capture\20260921_130542\MZ-002.json",""
"2026-09-21T13:05:42Z","SG-003","white sugar","eu_agrifood","captured","240","","D:\a\food-dashboard\food-dashboard\commodity_dashboard\raw_archive\capture\20260921_130542\SG-003.json",""
"2026-09-21T13:05:42Z","VO-005","rapeseed oil","eu_agrifood","captured","251","","D:\a\food-dashboard\food-dashboard\commodity_dashboard\raw_archive\capture\20260921_130542\VO-005.json",""
"2026-09-21T13:05:42Z","WH-003","wheat","eu_agrifood","captured","332","","D:\a\food-dashboard\food-dashboard\commodity_dashboard\raw_archive\capture\20260921_130542\WH-003.json",""
"2026-09-21T13:05:42Z","IX-001","food composite","fao","captured","440","","D:\a\food-dashboard\food-dashboard\commodity_dashboard\raw_archive\capture\20260921_130542\FAMILY_fao_fpi.csv",""
"2026-09-21T13:05:42Z","IX-002","cereals composite","fao","captured","440","","D:\a\food-dashboard\food-dashboard\commodity_dashboard\raw_archive\capture\20260921_130542\FAMILY_fao_fpi.csv",""
"2026-09-21T13:05:42Z","IX-003","vegetable oils composite","fao","captured","440","","D:\a\food-dashboard\food-dashboard\commodity_dashboard\raw_archive\capture\20260921_130542\FAMILY_fao_fpi.csv",""
"2026-09-21T13:05:42Z","IX-004","dairy composite","fao","captured","440","","D:\a\food-dashboard\food-dashboard\commodity_dashboard\raw_archive\capture\20260921_130542\FAMILY_fao_fpi.csv",""
"2026-09-21T13:05:42Z","IX-005","sugar composite","fao","captured","440","","D:\a\food-dashboard\food-dashboard\commodity_dashboard\raw_archive\capture\20260921_130542\FAMILY_fao_fpi.csv",""
"2026-09-21T13:05:42Z","EG-002","eggs","fred","captured","139","","D:\a\food-dashboard\food-dashboard\commodity_dashboard\raw_archive\capture\20260921_130542\EG-002.json",""
"2026-09-21T13:05:42Z","FR-001","trucking volume","fred","captured","138","","D:\a\food-dashboard\food-dashboard\commodity_dashboard\raw_archive\capture\20260921_130542\FR-001.json",""
"2026-09-21T13:05:42Z","FR-002","trucking rates","fred","captured","140","","D:\a\food-dashboard\food-dashboard\commodity_dashboard\raw_archive\capture\20260921_130542\FR-002.json",""
"2026-09-21T13:05:42Z","FR-003","rail freight","fred","captured","140","","D:\a\food-dashboard\food-dashboard\commodity_dashboard\raw_archive\capture\20260921_130542\FR-003.json",""
"2026-09-21T13:05:42Z","FR-004","ocean freight","fred","captured","140","","D:\a\food-dashboard\food-dashboard\commodity_dashboard\raw_archive\capture\20260921_130542\FR-004.json",""
"2026-09-21T13:05:42Z","PK-001","pulp","fred","captured","140","","D:\a\food-dashboard\food-dashboard\commodity_dashboard\raw_archive\capture\20260921_130542\PK-001.json",""
"2026-09-21T13:05:42Z","PK-003","containerboard","fred","captured","140","","D:\a\food-dashboard\food-dashboard\commodity_dashboard\raw_archive\capture\20260921_130542\PK-003.json",""
"2026-09-21T13:05:42Z","PK-006","glass","fred","captured","140","","D:\a\food-dashboard\food-dashboard\commodity_dashboard\raw_archive\capture\20260921_130542\PK-006.json",""
"2026-09-21T13:05:42Z","PK-008","PET/plastics","fred","captured","140","","D:\a\food-dashboard\food-dashboard\commodity_dashboard\raw_archive\capture\20260921_130542\PK-008.json",""
"2026-09-21T13:05:42Z","CO-002","cocoa","icco","not_captured","0","","","on watchlist (gaps file)"
"2026-09-21T13:05:42Z","CF-003","coffee arabica","ico","not_captured","0","","","on watchlist (gaps file)"
"2026-09-21T13:05:42Z","VO-006","palm oil","mpob","not_captured","0","","","on watchlist (gaps file)"
