"row_id","country","role","bucket","mechanism","metric","segment","current_use","automation_status","family","fetch_mode","fetch_ref","fetch_url","fetch_filter","scale","ctype","good","is_exp","freq","units","sa","validate_min","validate_max","latest_value","latest_obs","machine_readable","production_readiness","source","producer","tier","lineage","row_status","endpoint_url","v2_row_id","caveat","analytical_block","consumer_state_category","source_tier","parser_family","interpretation_axis","plain_english_label","short_card_title","subcategory","section_heading","section_order","direction_mode","up_interpretation","down_interpretation","metric_comparison_group","metric_comparison_label","cross_country_comparable","comparable_basis","frontend_visibility"
"US-002","USA","headline","Labour pressure","claims/registered unemployment","Continued jobless claims (weekly, insured unemployment)","headline","charted","wired","fred","url","CCSA","https://api.stlouisfed.org/fred/series/observations?series_id=CCSA&api_key={KEY}&file_type=json&observation_start=2023-01-01","","raw","pct","-1","0","weekly","persons","SA","","","1.777","2026-05-23","yes","production-ready","DOL UI claims via FRED","US Dept of Labor (ETA); FRED mirror","T1","genuinely-new","v2-spine","https://api.stlouisfed.org/fred/series/observations?series_id=CCSA","US-002","Lags initial claims by one week; captures duration of unemployment. Latest 1.777M.","Capacity to spend","claims/registered unemployment","1","fred","labour_pressure","USA - Jobless claims","Jobless claims","claims/registered unemployment","Capacity to spend","1","pressure","rising jobless pressure","easing jobless pressure","Unemployment / jobless pressure","Unemployment / jobless pressure","yes","indexed","country_category"
"US-007","USA","headline","Actual spending","retail sales","Advance retail and food services sales (MARTS)","headline","charted","wired","fred","url","RSAFS","https://api.stlouisfed.org/fred/series/observations?series_id=RSAFS&api_key={KEY}&file_type=json&observation_start=2023-01-01","","indexed","pct","1","0","monthly","USD mn (indexed Jan-23=100)","SA","600000","950000","","2026-04-01","yes","production-ready","Census MARTS via FRED","US Census Bureau; FRED mirror","T1","superseded","v2-spine","https://api.stlouisfed.org/fred/series/observations?series_id=RSAFS","US-007","Nominal advance estimate; revised. Retail-ex-food RSXFS also tested live 2026-04. Census API alt.","Behaviour / realised spending","retail sales","1","fred","behaviour","USA - Retail sales","Retail sales","retail sales","Behaviour / realised spending","3","spending","improving spending","softening spending","none","","no","non_comparable","country_category"
"US-003","USA","headline","Essentials squeeze","food CPI","CPI-U all items / food / energy / shelter","headline","charted","wired","fred","url","CPIAUCSL","https://api.stlouisfed.org/fred/series/observations?series_id=CPIAUCSL&api_key={KEY}&file_type=json&observation_start=2023-01-01","","indexed","pct","0","0","monthly","index 1982-84=100 (indexed Jan-23=100)","SA","300","380","","2026-04-01","yes","production-ready","BLS CPI via FRED","US Bureau of Labor Statistics; FRED mirror","T1","retained","v2-spine","https://api.stlouisfed.org/fred/series/observations?series_id=CPIAUCSL","US-003","One row covers all CPI subindices tested live (food CPIUFDSL, energy CPIENGSL, shelter CUSR0000SAH1). Squeezes real spending power.","Share-of-wallet squeeze","food CPI","1","fred","squeeze","USA - Food prices","Food prices","food CPI","Share-of-wallet squeeze","2","pressure","rising food-cost pressure","easing food-cost pressure","Food prices","Food prices","yes","indexed","country_category"
"US-014","USA","headline","Credit and liquidity","mortgage lending/rates","Freddie Mac 30-year fixed mortgage rate (PMMS)","headline","charted","wired","fred","url","MORTGAGE30US","https://api.stlouisfed.org/fred/series/observations?series_id=MORTGAGE30US&api_key={KEY}&file_type=json&observation_start=2023-01-01","","rawpct","pts","0","0","weekly","%","SA","","","6.48","2026-06-04","yes","production-ready","Freddie Mac PMMS via FRED","Freddie Mac; FRED mirror","T1","retained","v2-spine","https://api.stlouisfed.org/fred/series/observations?series_id=MORTGAGE30US","US-014","Released Thursdays same-week. Latest 6.48%. Direct driver of mortgage affordability.","Credit & stress","mortgage lending/rates","1","fred","credit_stress","USA - Mortgage rate","Mortgage rate","mortgage lending/rates","Credit & stress","5","pressure","worsening mortgage affordability","improving mortgage affordability","Mortgage rates / housing affordability","Mortgage rates / housing affordability","yes","rate","country_category"
"US-006","USA","headline","Purchasing power","wages/earnings","Average hourly earnings, total private","headline","charted","wired","fred","url","CES0500000003","https://api.stlouisfed.org/fred/series/observations?series_id=CES0500000003&api_key={KEY}&file_type=json&observation_start=2023-01-01","","indexed","pct","1","0","monthly","USD/hr (indexed Jan-23=100)","SA","33","45","37.53","2026-05-01","yes","production-ready","BLS CES via FRED","US Bureau of Labor Statistics; FRED mirror","T1","retained","v2-spine","https://api.stlouisfed.org/fred/series/observations?series_id=CES0500000003","US-006","Nominal wage; compare to CPI for real pay. Latest 37.53 USD/hr.","Capacity to spend","wages/earnings","1","fred","capacity","USA - Wages / earnings","Wages / earnings","wages/earnings","Capacity to spend","1","spending","improving nominal pay","weakening nominal pay","Real income / wages","Real income / wages","yes","indexed","country_category"
"US-021","USA","headline","Housing / wealth effect","house prices","S&P CoreLogic Case-Shiller US National Home Price Index","headline","charted","wired","fred","url","CSUSHPINSA","https://api.stlouisfed.org/fred/series/observations?series_id=CSUSHPINSA&api_key={KEY}&file_type=json&observation_start=2023-01-01","","indexed","pct","0","0","monthly","index Jan2000=100 (indexed Jan-23=100)","NSA","290","380","","2026-03-01","yes","production-ready","S&P Dow Jones / CoreLogic via FRED","S&P Dow Jones Indices; FRED mirror","T2","retained","v2-spine","https://api.stlouisfed.org/fred/series/observations?series_id=CSUSHPINSA","US-021","3-month moving average with ~2mo lag; slow. House-price collateral context for mortgage credit.","Wealth, housing & buffers","house prices","1","fred","wealth_effect","USA - House prices","House prices","house prices","Wealth, housing & buffers","6","two_sided","wealth effect up / affordability worse","wealth softer / affordability better","House prices / wealth effect","House prices / wealth effect","yes","indexed","country_category"
"US-001","USA","headline","Labour pressure","claims/registered unemployment","Initial jobless claims (weekly)","headline","charted","wired","fred","url","ICSA","https://api.stlouisfed.org/fred/series/observations?series_id=ICSA&api_key={KEY}&file_type=json&observation_start=2023-01-01","","raw","pct","-1","0","weekly","persons","SA","","","","2026-05-30","yes","production-ready","DOL UI claims via FRED","US Dept of Labor (ETA); FRED mirror","T1","genuinely-new","v2-spine","https://api.stlouisfed.org/fred/series/observations?series_id=ICSA","US-001","Weekly, lightly revised next week. Fastest official US labour-market signal; leads payrolls.","Capacity to spend","claims/registered unemployment","1","fred","labour_pressure","USA - Jobless claims","Jobless claims","claims/registered unemployment","Capacity to spend","1","pressure","rising jobless pressure","easing jobless pressure","Unemployment / jobless pressure","Unemployment / jobless pressure","yes","indexed","country_category"
"US-010","USA","headline","Credit and liquidity","consumer credit","Total consumer credit outstanding (G.19)","headline","charted","wired","fred","url","TOTALSL","https://api.stlouisfed.org/fred/series/observations?series_id=TOTALSL&api_key={KEY}&file_type=json&observation_start=2023-01-01","","indexed","pct","0","0","monthly","USD bn (indexed Jan-23=100)","SA","","","","2026-04-01","yes","production-ready","Federal Reserve G.19 via FRED","Federal Reserve Board; FRED mirror","T1","retained","v2-spine","https://api.stlouisfed.org/fred/series/observations?series_id=TOTALSL","US-010","Largest lag of the spine (~5wk) but the definitive consumer-credit stock.","Credit & stress","consumer credit","1","fred","credit_stress","USA - Consumer credit","Consumer credit","consumer credit","Credit & stress","5","two_sided","greater funding reliance","deleveraging","Consumer credit growth","Consumer credit growth","yes","indexed","country_category"
"US-020","USA","overlay","Expectations overlay","inflation expectations","U Michigan 1-year ahead inflation expectations","overlay","captured_overlay","wired","fred","url","MICH","https://api.stlouisfed.org/fred/series/observations?series_id=MICH&api_key={KEY}&file_type=json&observation_start=2023-01-01","","rawpct","pts","0","1","monthly","%","SA","","","4.7","2026-04-01","yes","context","U Michigan Surveys of Consumers via FRED","University of Michigan; FRED mirror","T2","genuinely-new","v2-spine","https://api.stlouisfed.org/fred/series/observations?series_id=MICH","US-020","Median expected 1yr inflation (latest 4.7%). Shapes precautionary borrowing/spending behaviour.","Direction / willingness","inflation expectations","1","fred","squeeze","USA - Inflation expectations","Inflation expectations","inflation expectations","Direction / willingness","4","pressure","rising expected wallet pressure","easing expected pressure","Inflation / cost pressure","Inflation / cost pressure","yes","rate","country_category"
"US-019","USA","overlay","Expectations overlay","income expectations","University of Michigan Index of Consumer Sentiment","overlay","charted","wired","fred","url","UMCSENT","https://api.stlouisfed.org/fred/series/observations?series_id=UMCSENT&api_key={KEY}&file_type=json&observation_start=2023-01-01","","raw","pts","1","0","monthly","index","SA","","","","2026-05-01","yes","context","U Michigan Surveys of Consumers via FRED","University of Michigan; FRED mirror","T2","genuinely-new","v2-spine","https://api.stlouisfed.org/fred/series/observations?series_id=UMCSENT","US-019","FRED has final (Apr 49.8); official site shows prelim May 44.8 mid-month. UMich 1yr inflation expectations MICH also live. Survey-based.","Direction / willingness","income expectations","1","fred","expectations","USA - Income expectations","Income expectations","income expectations","Direction / willingness","4","spending","improving perceived capacity","weakening perceived capacity","Consumer confidence / willingness","Consumer confidence / willingness","yes","raw","country_category"
"US-023","USA","overlay","Actual spending","card/payment spending","Affinity Solutions consumer card spending (Economic Tracker)","overlay","charted","wired","oicsv","url","Affinity-National-Monthly","https://raw.githubusercontent.com/OpportunityInsights/EconomicTracker/main/data/Affinity%20-%20National%20-%20Monthly.csv","spend_all","raw","pct","1","0","monthly","card spend change vs Jan-2020 (OI Affinity, NSA ratio)","NSA","-0.5","2","","2026-04","yes","overlay","Opportunity Insights Economic Tracker (GitHub)","Opportunity Insights / Affinity Solutions","T2","genuinely-new","overlay","https://raw.githubusercontent.com/OpportunityInsights/EconomicTracker/main/data/Affinity - National - Monthly.csv","US-023","OI Economic Tracker Affinity National Monthly CSV is current (verified to latest month); spend_all = all-merchant spend change vs Jan-2020. Non-SA; overlay proxy.","Behaviour / realised spending","card/payment spending","1","oicsv","behaviour","USA - Card / payment spending","Card / payment spending","card/payment spending","Behaviour / realised spending","3","spending","improving spending proxy","softening spending proxy","none","","no","non_comparable","country_category"
"US-030","USA","overlay","Mood / willingness to spend","search pressure","Google Trends consumer-distress queries","excluded","not_captured","manual_only","","","","","","","","","0","daily","","","","","","","manual","manual-watchlist","Google Trends","Google","T3","genuinely-new","overlay","https://trends.google.com/trends/","US-030","Relative 0-100 index, rescaled/sampled each pull so not reproducible; no official stable API. Triage-only behavioural proxy, never headline.","Macro / willingness","search pressure","1","","behaviour","USA - Search interest","Search interest","search pressure","Manual / proxy watchlist","7","pressure","rising search interest","falling search interest","none","","no","non_comparable","country_category"
"US-029","USA","overlay","Actual spending","restaurant/services","OpenTable seated diners year-over-year","excluded","not_captured","dead","","","","","","","","","0","daily","","","","","","","no","overlay","OpenTable State of the Industry","OpenTable","T3","genuinely-new","overlay","https://www.opentable.com/c/state-of-industry/","US-029","Page timed out on probe; the old COVID-era public CSV (HASH/GitHub) is dead. Now an interactive widget with no verified stable download. Behavioural proxy only.","Behaviour / realised spending","restaurant/services","1","","behaviour","USA - Restaurant / services","Restaurant / services","restaurant/services","Behaviour / realised spending","7","spending","improving services activity","softening services activity","none","","no","non_comparable","country_category"
"US-011","USA","context","Credit and liquidity","revolving/card credit","Revolving consumer credit outstanding (G.19)","context","charted","wired","fred","url","REVOLSL","https://api.stlouisfed.org/fred/series/observations?series_id=REVOLSL&api_key={KEY}&file_type=json&observation_start=2023-01-01","","indexed","pct","0","0","monthly","USD bn (indexed Jan-23=100)","SA","","","1.349","2026-04-01","yes","production-ready","Federal Reserve G.19 via FRED","Federal Reserve Board; FRED mirror","T1","retained","v2-spine","https://api.stlouisfed.org/fred/series/observations?series_id=REVOLSL","US-011","Revolving = mostly credit cards; the clearest card-credit stock. Latest 1.349T.","Credit & stress","revolving/card credit","1","fred","credit_stress","USA - Revolving / card credit","Revolving / card credit","revolving/card credit","Credit & stress","5","two_sided","greater short-term funding reliance","reducing revolving balances","Consumer credit growth","Consumer credit growth","yes","indexed","country_category"
"US-018","USA","context","Labour pressure","vacancies","Indeed Hiring Lab job postings index (US)","context","charted","wired","fred","url","IHLIDXUS","https://api.stlouisfed.org/fred/series/observations?series_id=IHLIDXUS&api_key={KEY}&file_type=json&observation_start=2023-01-01","","indexed","pct","1","0","weekly","Indeed postings index Feb2020=100 (indexed Jan-23=100)","SA","50","200","","2026-05-29","yes","context","Indeed Hiring Lab job_postings_tracker (GitHub)","Indeed Hiring Lab","T2","genuinely-new","v2-spine","https://raw.githubusercontent.com/hiring-lab/job_postings_tracker/master/US/aggregate_job_postings_US.csv","US-018","Index vs Feb-2020=100, 7-day avg, refreshed weekly; sector/state files too. Also on FRED IHLIDXUS (live 2026-05-29). Labour-demand proxy.","Capacity to spend","vacancies","1","fred","labour_pressure","USA - Job vacancies","Job vacancies","vacancies","Capacity to spend","1","spending","improving labour demand","cooling labour demand","Labour tightness / job vacancies","Labour tightness / job vacancies","yes","indexed","country_category"
"US-008","USA","context","Actual spending","card/payment spending","Personal consumption expenditures (nominal)","context","charted","wired","fred","url","PCE","https://api.stlouisfed.org/fred/series/observations?series_id=PCE&api_key={KEY}&file_type=json&observation_start=2023-01-01","","indexed","pct","1","0","monthly","USD bn (indexed Jan-23=100)","SA","","","","2026-04-01","yes","production-ready","BEA via FRED","US Bureau of Economic Analysis; FRED mirror","T1","genuinely-new","v2-spine","https://api.stlouisfed.org/fred/series/observations?series_id=PCE","US-008","Broadest consumption measure but ~month lag. Pairs with PCEPI deflator (tested live).","Behaviour / realised spending","card/payment spending","1","fred","behaviour","USA - Card / payment spending","Card / payment spending","card/payment spending","Behaviour / realised spending","3","spending","improving spending proxy","softening spending proxy","none","","no","non_comparable","country_category"
"UK-009","UK","headline","Labour pressure","unemployment","LFS unemployment rate, aged 16+ (%)","headline","charted","wired","ons","url","MGSX/LMS","https://www.ons.gov.uk/employmentandlabourmarket/peoplenotinwork/unemployment/timeseries/mgsx/lms/data","","rawpct","pts","-1","0","monthly","%","SA","3","8","2026","2026-02","yes","production-ready","ONS Labour Market","Office for National Statistics","T1","retained","v2-spine","https://www.ons.gov.uk/employmentandlabourmarket/peoplenotinwork/unemployment/timeseries/mgsx/lms/data","UK-009","LFS reweighted/under review for low response; rolling 3-month so laggy. Tested live latest 2026-02 (3m), next 18 Jun 2026.","Capacity to spend","unemployment","1","ons","labour_pressure","UK - Unemployment rate","Unemployment rate","unemployment","Capacity to spend","1","pressure","weakening labour backdrop","improving labour backdrop","Unemployment / jobless pressure","Unemployment / jobless pressure","yes","rate","country_category"
"UK-001","UK","headline","Actual spending","retail sales","Retail Sales Index, volume, all retailing ex fuel, all business (index 2022=100)","headline","charted","wired","ons","url","J467/DRSI","https://www.ons.gov.uk/businessindustryandtrade/retailindustry/timeseries/j467/drsi/data","","indexed","pct","1","0","monthly","volume index (indexed Jan-23=100)","SA","85","125","","2026-04","yes","production-ready","ONS Retail Sales","Office for National Statistics","T1","superseded","v2-spine","https://www.ons.gov.uk/businessindustryandtrade/retailindustry/timeseries/j467/drsi/data","UK-001","Volume index; pair with value series J468. Tested live 2026-04, next release 19 Jun 2026.","Behaviour / realised spending","retail sales","1","ons","behaviour","UK - Retail sales","Retail sales","retail sales","Behaviour / realised spending","3","spending","improving spending","softening spending","none","","no","non_comparable","country_category"
"UK-003","UK","headline","Essentials squeeze","flash inflation","CPIH all-items 12-month rate (%)","headline","charted","wired","ons","url","L55O/MM23","https://www.ons.gov.uk/economy/inflationandpriceindices/timeseries/l55o/mm23/data","","rawpct","pts","0","0","monthly","%","rate","","","","2026-04","yes","production-ready","ONS Consumer Price Inflation","Office for National Statistics","T1","superseded","v2-spine","https://www.ons.gov.uk/economy/inflationandpriceindices/timeseries/l55o/mm23/data","UK-003","CPIH is lead UK measure (incl owner-occupier housing). Tested live 2026-04 val 3.0, next 17 Jun 2026.","Share-of-wallet squeeze","flash inflation","1","ons","squeeze","UK - Inflation (flash)","Inflation (flash)","flash inflation","Share-of-wallet squeeze","2","pressure","rising price pressure","easing price pressure","Inflation / cost pressure","Inflation / cost pressure","yes","rate","country_category"
"UK-015","UK","headline","Credit and liquidity","consumer credit","Net consumer credit, amounts outstanding excl Student Loans, GBP m (SA)","headline","charted","wired","boe","url","LPMBI2O","http://www.bankofengland.co.uk/boeapps/iadb/fromshowcolumns.asp?csv.x=yes&SeriesCodes=LPMBI2O&CSVF=TN&UsingCodes=Y&Datefrom=01/Jan/2023&Dateto=now","","indexed","pct","0","0","monthly","GBP m (indexed Jan-23=100)","SA","","","","2026-04","yes","production-ready","BoE Money and Credit (IADB)","Bank of England","T1","promoted-from-watchlist","v2-spine","http://www.bankofengland.co.uk/boeapps/iadb/fromshowcolumns.asp?csv.x=yes&SeriesCodes=LPMBI2O&CSVF=TN&UsingCodes=Y&Datefrom=01/Jan/2018&Dateto=now","UK-015","Use net flow/growth derivatives too. IADB CSV at boeapps/iadb (not /database). Tested live 2026-04 val 253512.","Credit & stress","consumer credit","1","boe","credit_stress","UK - Consumer credit","Consumer credit","consumer credit","Credit & stress","5","two_sided","greater funding reliance","deleveraging","Consumer credit growth","Consumer credit growth","yes","indexed","country_category"
"UK-012","UK","headline","Purchasing power","wages/earnings","AWE whole-economy total pay, YoY 3-month average growth (%)","headline","charted","wired","ons","url","KAC3/LMS","https://www.ons.gov.uk/employmentandlabourmarket/peopleinwork/earningsandworkinghours/timeseries/kac3/lms/data","","rawpct","pts","1","0","monthly","%","rate","","","","2026-03","yes","context","ONS Average Weekly Earnings","Office for National Statistics","T1","retained","v2-spine","https://www.ons.gov.uk/employmentandlabourmarket/peopleinwork/earningsandworkinghours/timeseries/kac3/lms/data","UK-012","Total pay incl bonuses. Tested live 2026-03 val 4.1.","Capacity to spend","wages/earnings","1","ons","capacity","UK - Wages / earnings","Wages / earnings","wages/earnings","Capacity to spend","1","spending","improving nominal pay","weakening nominal pay","Real income / wages","Real income / wages","yes","rate","country_category"
"UK-018","UK","headline","Housing / wealth effect","mortgage approvals/applications","Mortgage approvals for house purchase, number (SA)","headline","charted","wired","boe","url","LPMVTVX","http://www.bankofengland.co.uk/boeapps/iadb/fromshowcolumns.asp?csv.x=yes&SeriesCodes=LPMVTVX&CSVF=TN&UsingCodes=Y&Datefrom=01/Jan/2023&Dateto=now","","raw","pct","1","0","monthly","count","SA","","","","2026-04","yes","production-ready","BoE Money and Credit (IADB)","Bank of England","T1","promoted-from-watchlist","v2-spine","http://www.bankofengland.co.uk/boeapps/iadb/fromshowcolumns.asp?csv.x=yes&SeriesCodes=LPMVTVX&CSVF=TN&UsingCodes=Y&Datefrom=01/Jan/2018&Dateto=now","UK-018","Forward indicator of housing transactions and secured-credit appetite. Tested live 2026-04 val 65945.","Credit & stress","mortgage approvals/applications","1","boe","credit_stress","UK - Mortgage approvals","Mortgage approvals","mortgage approvals/applications","Credit & stress","5","spending","improving housing activity","slowing housing activity","Mortgage rates / housing affordability","Mortgage rates / housing affordability","yes","indexed","country_category"
"UK-014","UK","headline","Labour pressure","payrolls/employment","PAYE RTI payrolled employees and median monthly pay (flash)","headline","charted","wired","onsxlsx","url","payrolled_employees_uk","https://www.ons.gov.uk/employmentandlabourmarket/peopleinwork/earningsandworkinghours/datasets/realtimeinformationstatisticsreferencetableseasonallyadjusted","1. Payrolled employees (UK)","indexed","pct","1","0","monthly","payrolled employees, UK, SA (count; indexed Jan-23=100)","SA","25000000","35000000","","2026-04","yes","production-ready","ONS/HMRC Earnings and employment from PAYE RTI","Office for National Statistics and HM Revenue and Customs","T1","genuinely-new","v2-spine","https://www.ons.gov.uk/employmentandlabourmarket/peopleinwork/earningsandworkinghours/datasets/realtimeinformationstatisticsreferencetableseasonallyadjusted","UK-014","ONS PAYE RTI reference table; sheet ""1. Payrolled employees (UK)"" single clean table; current xlsx resolved from dataset page each run.","Capacity to spend","payrolls/employment","1","onsxlsx","labour_pressure","UK - Employment","Employment","payrolls/employment","Capacity to spend","1","spending","improving capacity","weakening capacity","Labour tightness / job vacancies","Labour tightness / job vacancies","yes","indexed","country_category"
"UK-016","UK","headline","Credit and liquidity","revolving/card credit","Representative credit card interest rate to households (%)","headline","charted","wired","boe","url","IUMCCTL","http://www.bankofengland.co.uk/boeapps/iadb/fromshowcolumns.asp?csv.x=yes&SeriesCodes=IUMCCTL&CSVF=TN&UsingCodes=Y&Datefrom=01/Jan/2023&Dateto=now","","rawpct","pts","0","0","monthly","%","rate","","","","2026-05","yes","context","BoE Effective Rates (IADB)","Bank of England","T1","promoted-from-watchlist","v2-spine","http://www.bankofengland.co.uk/boeapps/iadb/fromshowcolumns.asp?csv.x=yes&SeriesCodes=IUMCCTL&CSVF=TN&UsingCodes=Y&Datefrom=01/Jan/2018&Dateto=now","UK-016","Quoted/representative card rate; updates a month ahead of M&C aggregates. Tested live 2026-05 val 24.69.","Credit & stress","revolving/card credit","1","boe","credit_stress","UK - Revolving / card credit","Revolving / card credit","revolving/card credit","Credit & stress","5","two_sided","greater short-term funding reliance","reducing revolving balances","Consumer credit growth","Consumer credit growth","yes","rate","country_category"
"UK-032","UK","overlay","Actual spending","restaurant/services","OpenTable seated diners, year-over-year change (%)","excluded","not_captured","manual_only","","","","","","","","","0","daily","","","","","","","manual","manual-watchlist","OpenTable State of the Industry","OpenTable","T3","genuinely-new","overlay","https://www.opentable.com/c/state-of-industry/","UK-032","Daily dining proxy but the open CSV/GitHub download is no longer maintained; dashboard-only now, so latest obs not machine-verifiable.","Behaviour / realised spending","restaurant/services","1","","behaviour","UK - Restaurant / services","Restaurant / services","restaurant/services","Behaviour / realised spending","7","spending","improving services activity","softening services activity","none","","no","non_comparable","country_category"
"UK-033","UK","overlay","Mood / willingness to spend","search pressure","Google Trends search interest, UK consumer-distress terms (index 0-100)","excluded","not_captured","manual_only","","","","","","","","","0","daily","","","","","","","manual","manual-watchlist","Google Trends","Google","T3","genuinely-new","overlay","https://trends.google.com/trends/","UK-033","Triage-only: noisy, resampled, media-driven spikes; relative 0-100 index not absolute. Never a headline. Not value-tested here.","Macro / willingness","search pressure","1","","behaviour","UK - Search interest","Search interest","search pressure","Manual / proxy watchlist","7","pressure","rising search interest","falling search interest","none","","no","non_comparable","country_category"
"UK-021","UK","overlay","Actual spending","card/payment spending","Revolut debit card spending index (100 = 2023 average), daily 7-day avg and monthly","backlog","latest_only","parser_needed","","","","","","","","","0","weekly","","","","","","2026-05-25","yes","overlay","ONS Economic activity and social change, real-time indicators","Office for National Statistics (Revolut data)","T1-experimental","genuinely-new","overlay","https://www.ons.gov.uk/economy/economicoutputandproductivity/output/datasets/revolutspendingondebitcards","UK-021","ONS Revolut card-spend workbook: the dataset page advertises revolutspendingondebitcardsdataset290526.xlsx but the file 404s through the production page->file flow (control: UK-014 PAYE workbook downloads fine in the same minute, 2026-06-10). Fragile publication - left parked; re-attempt when ONS restores a stable file.","Behaviour / realised spending","card/payment spending","1","","behaviour","UK - Card / payment spending","Card / payment spending","card/payment spending","Behaviour / realised spending","7","spending","improving spending proxy","softening spending proxy","none","","no","non_comparable","country_category"
"UK-017","UK","context","Credit and liquidity","consumer credit","Effective interest rate, personal loan to households 5K GBP (%)","context","charted","wired","boe","url","IUMBX67","http://www.bankofengland.co.uk/boeapps/iadb/fromshowcolumns.asp?csv.x=yes&SeriesCodes=IUMBX67&CSVF=TN&UsingCodes=Y&Datefrom=01/Jan/2023&Dateto=now","","rawpct","pts","0","0","monthly","%","rate","","","","2026-05","yes","context","BoE Effective Rates (IADB)","Bank of England","T1","promoted-from-watchlist","v2-spine","http://www.bankofengland.co.uk/boeapps/iadb/fromshowcolumns.asp?csv.x=yes&SeriesCodes=IUMBX67&CSVF=TN&UsingCodes=Y&Datefrom=01/Jan/2018&Dateto=now","UK-017","Unsecured personal-loan rate. Tested live 2026-05 val 10.81 (Apr 10.75).","Credit & stress","consumer credit","1","boe","credit_stress","UK - Consumer credit","Consumer credit","consumer credit","Credit & stress","5","two_sided","greater funding reliance","deleveraging","Consumer credit growth","Consumer credit growth","yes","rate","country_category"
"UK-013","UK","context","Purchasing power","wages/earnings","AWE whole-economy regular pay (ex bonus), YoY 3-month average growth (%)","context","charted","wired","ons","url","KAI9/LMS","https://www.ons.gov.uk/employmentandlabourmarket/peopleinwork/earningsandworkinghours/timeseries/kai9/lms/data","","rawpct","pts","1","0","monthly","%","rate","","","","2026-03","yes","context","ONS Average Weekly Earnings","Office for National Statistics","T1","retained","v2-spine","https://www.ons.gov.uk/employmentandlabourmarket/peopleinwork/earningsandworkinghours/timeseries/kai9/lms/data","UK-013","Regular pay is the wage-pressure measure BoE watches. Tested live 2026-03 val 3.4.","Capacity to spend","wages/earnings","1","ons","capacity","UK - Wages / earnings","Wages / earnings","wages/earnings","Capacity to spend","1","spending","improving nominal pay","weakening nominal pay","Real income / wages","Real income / wages","yes","rate","country_category"
"UK-011","UK","context","Labour pressure","vacancies","Vacancies (thousands, SA), 3-month","context","charted","wired","ons","url","AP2Y/LMS","https://www.ons.gov.uk/employmentandlabourmarket/peopleinwork/employmentandemployeetypes/timeseries/ap2y/lms/data","","indexed","pct","1","0","monthly","thousands (indexed Jan-23=100)","SA","","","","2026-03","yes","context","ONS Labour Market","Office for National Statistics","T1","genuinely-new","v2-spine","https://www.ons.gov.uk/employmentandlabourmarket/peopleinwork/employmentandemployeetypes/timeseries/ap2y/lms/data","UK-011","Labour-demand momentum; leads unemployment. Tested live 2026-03 val 705k.","Capacity to spend","vacancies","1","ons","labour_pressure","UK - Job vacancies","Job vacancies","vacancies","Capacity to spend","1","spending","improving labour demand","cooling labour demand","Labour tightness / job vacancies","Labour tightness / job vacancies","yes","indexed","country_category"
"DE-005","Germany","headline","Mood / willingness to spend","confidence","Consumer confidence indicator (harmonised)","headline","charted","wired","eurostat","url","ei_bsco_m/DE/BS-CSMCI","https://ec.europa.eu/eurostat/api/dissemination/statistics/1.0/data/ei_bsco_m?format=JSON&geo=DE&indic=BS-CSMCI&s_adj=SA&sinceTimePeriod=2023-01","","raw","pts","1","0","monthly","balance (net %)","SA","-45","10","-16.1","2026-05","yes","production-ready","Eurostat ei_bsco_m (DG ECFIN BCS)","DG ECFIN via Eurostat","T1","retained","v2-spine","https://ec.europa.eu/eurostat/api/dissemination/statistics/1.0/data/ei_bsco_m?format=JSON&geo=DE&indic=BS-CSMCI&s_adj=SA","DE-005","Balance (net %). 2026-05 = -16.1. Leads big-ticket willingness and trade-down. Timely and stable; baseline mood control series.","Direction / willingness","confidence","1","eurostat","behaviour","Germany - Consumer confidence","Consumer confidence","confidence","Direction / willingness","4","spending","improving willingness to spend","weakening willingness","Consumer confidence / willingness","Consumer confidence / willingness","yes","raw","country_category"
"DE-011","Germany","headline","Labour pressure","claims/registered unemployment","Registered unemployment (count + rate)","blocked","latest_only","blocked","","","","","","","","","0","monthly","","","","","2,950,460","2026-05","yes","production-ready","Bundesagentur fuer Arbeit (BA) monthly labour-market report","Bundesagentur fuer Arbeit (Federal Employment Agency)","T1","genuinely-new","v2-spine","https://rest.arbeitsagentur.de/statistik/EckwerteTabelleALOD (BA open API, no auth, CSV)","DE-011","BA rest.arbeitsagentur.de returns HTTP 403 without registered access (confirmed pass-4); registration required. Keep blocked; do not retry.","Income / wealth / labour dynamics","claims/registered unemployment","1","","labour_pressure","Germany - Jobless claims","Jobless claims","claims/registered unemployment","Income / wealth / labour dynamics","2","pressure","rising jobless pressure","easing jobless pressure","Unemployment / jobless pressure","Unemployment / jobless pressure","yes","indexed","country_category"
"DE-008","Germany","headline","Actual spending","retail sales","Retail trade turnover/volume, total (G47)","headline","charted","wired","eurostat","url","sts_trtu_m/DE/VOL_SLS/G47","https://ec.europa.eu/eurostat/api/dissemination/statistics/1.0/data/sts_trtu_m?format=JSON&geo=DE&indic_bt=VOL_SLS&nace_r2=G47&unit=I21&s_adj=SCA&sinceTimePeriod=2023-01","","indexed","pct","1","0","monthly","volume index 2021=100 (indexed Jan-23=100)","SA","80","125","100.1","2026-04","yes","production-ready","Eurostat sts_trtu_m","Destatis via Eurostat","T1","upgraded","v2-spine","https://ec.europa.eu/eurostat/api/dissemination/statistics/1.0/data/sts_trtu_m?format=JSON&geo=DE&nace_r2=G47&unit=I21&s_adj=SCA","DE-008","Index 2021=100, SCA. 2026-04 = 100.1 (default indic). Note: combining indic_bt=TOVV with unit=I21 returns nulls in 2026 - query without over-filtering. Destatis code 45212.","Behaviour / realised spending","retail sales","1","eurostat","behaviour","Germany - Retail sales","Retail sales","retail sales","Behaviour / realised spending","3","spending","improving spending","softening spending","none","","no","non_comparable","country_category"
"DE-002","Germany","headline","Essentials squeeze","food CPI","HICP food, flash annual rate","headline","charted","wired","eurostat","url","ei_cphi_m/DE/CP-HIF","https://ec.europa.eu/eurostat/api/dissemination/statistics/1.0/data/ei_cphi_m?format=JSON&geo=DE&unit=RT12&indic=CP-HIF&sinceTimePeriod=2023-01","","rawpct","pts","0","0","monthly","%","SA","","","","2026-05","yes","production-ready","Eurostat ei_cphi_m","Destatis via Eurostat","T1","superseded","v2-spine","https://ec.europa.eu/eurostat/api/dissemination/statistics/1.0/data/ei_cphi_m?format=JSON&geo=DE&unit=RT12&indic=CP-HIF","DE-002","Flash food inflation 2026-05 = +1.5% YoY; essentials-squeeze channel. Fresh vs stale prc_hicp_midx food (Dec-2025). ECOICOP v2 reclassification caveat.","Share-of-wallet squeeze","food CPI","1","eurostat","squeeze","Germany - Food prices","Food prices","food CPI","Share-of-wallet squeeze","2","pressure","rising food-cost pressure","easing food-cost pressure","Food prices","Food prices","yes","rate","country_category"
"DE-013","Germany","headline","Credit and liquidity","consumer credit","MFI loans to households for consumption, outstanding","headline","charted","wired","ecb","url","BSI/M.DE.N.A.A20.A.1.U2.2250.Z01.E","https://data-api.ecb.europa.eu/service/data/BSI/M.DE.N.A.A20.A.1.U2.2250.Z01.E?startPeriod=2023-01&format=csvdata","","indexed","pct","0","0","monthly","EUR mn (indexed Jan-23=100)","NSA","","","2,106,490","2026-04","yes","production-ready","ECB Data Portal BSI (Bundesbank source data)","Deutsche Bundesbank via ECB","T1","promoted-from-watchlist","v2-spine","https://data-api.ecb.europa.eu/service/data/BSI/M.DE.N.A.A20.A.1.U2.2250.Z01.E?format=jsondata","DE-013","Germany-specific outstanding consumer credit, EUR mn. 2026-04 = 2,106,490. Monthly BSI. Directly on-concept for consumer-credit monitoring; far fresher than Eurostat HICP vintage.","Credit & stress","consumer credit","1","ecb","credit_stress","Germany - Consumer credit","Consumer credit","consumer credit","Credit & stress","5","two_sided","greater funding reliance","deleveraging","Consumer credit growth","Consumer credit growth","yes","indexed","country_category"
"DE-010","Germany","headline","Labour pressure","unemployment","Unemployment rate, harmonised (ILO)","headline","charted","wired","eurostat","url","une_rt_m/DE","https://ec.europa.eu/eurostat/api/dissemination/statistics/1.0/data/une_rt_m?format=JSON&geo=DE&sex=T&age=TOTAL&unit=PC_ACT&s_adj=SA&sinceTimePeriod=2023-01","","rawpct","pts","-1","0","monthly","%","SA","2.5","7","3.8","2026-04","yes","production-ready","Eurostat une_rt_m","Destatis via Eurostat","T1","retained","v2-spine","https://ec.europa.eu/eurostat/api/dissemination/statistics/1.0/data/une_rt_m?format=JSON&geo=DE&sex=T&age=TOTAL&unit=PC_ACT&s_adj=SA","DE-010","Harmonised ILO rate 2026-04 = 3.8% (% active pop). Much lower than national BA registered rate (6.3%) due to definition differences; use for cross-country comparability.","Capacity to spend","unemployment","1","eurostat","labour_pressure","Germany - Unemployment rate","Unemployment rate","unemployment","Capacity to spend","1","pressure","weakening labour backdrop","improving labour backdrop","Unemployment / jobless pressure","Unemployment / jobless pressure","yes","rate","country_category"
"DE-001","Germany","headline","Essentials squeeze","flash inflation","HICP all-items, flash annual rate (HVPI)","headline","charted","wired","eurostat","url","ei_cphi_m/DE/TOTAL","https://ec.europa.eu/eurostat/api/dissemination/statistics/1.0/data/ei_cphi_m?format=JSON&geo=DE&unit=RT12&indic=TOTAL&sinceTimePeriod=2023-01","","rawpct","pts","0","0","monthly","%","SA","","","","2026-05","yes","production-ready","Eurostat ei_cphi_m (PEEI, principal European economic indicators)","Destatis via Eurostat","T1","superseded","v2-spine","https://ec.europa.eu/eurostat/api/dissemination/statistics/1.0/data/ei_cphi_m?format=JSON&geo=DE&unit=RT12&indic=TOTAL","DE-001","Flash/preliminary HVPI 2026-05 = +2.7% YoY; FRESHER than stale prc_hicp_midx (Dec-2025). Rebased 2025=100, ECOICOP v2 from Jan-2026; revisable at full release.","Share-of-wallet squeeze","flash inflation","1","eurostat","squeeze","Germany - Inflation (flash)","Inflation (flash)","flash inflation","Share-of-wallet squeeze","2","pressure","rising price pressure","easing price pressure","Inflation / cost pressure","Inflation / cost pressure","yes","rate","country_category"
"DE-015","Germany","headline","Credit and liquidity","household deposits/liquidity","Deposits from households, total outstanding","headline","charted","wired","ecb","url","BSI/M.DE.N.A.L20.A.1.U2.2250.Z01.E","https://data-api.ecb.europa.eu/service/data/BSI/M.DE.N.A.L20.A.1.U2.2250.Z01.E?startPeriod=2023-01&format=csvdata","","indexed","pct","0","0","monthly","EUR mn (indexed Jan-23=100)","NSA","","","3,012,335","2026-04","yes","context","ECB Data Portal BSI","Deutsche Bundesbank via ECB","T1","promoted-from-watchlist","v2-spine","https://data-api.ecb.europa.eu/service/data/BSI/M.DE.N.A.L20.A.1.U2.2250.Z01.E?format=jsondata","DE-015","German household deposits, EUR mn. 2026-04 = 3,012,335. Liquidity buffer = deferral capacity. Monthly BSI.","Wealth, housing & buffers","household deposits/liquidity","1","ecb","liquidity_buffer","Germany - Household deposits","Household deposits","household deposits/liquidity","Wealth, housing & buffers","6","two_sided","building liquidity buffers","drawing down deposits","Household saving rate","Household saving rate","yes","indexed","country_category"
"DE-022","Germany","overlay","Expectations overlay","spending expectations","CES household spending perception/expectation (mean)","overlay","captured_overlay","wired","ecb","url","CES/M.DE.ALL.T.C6020.NUM_VAR.WA","https://data-api.ecb.europa.eu/service/data/CES/M.DE.ALL.T.C6020.NUM_VAR.WA?startPeriod=2023-01&format=csvdata","","rawpct","pts","0","1","monthly","%","NSA","","","5.4","2026-04","yes","context","ECB Consumer Expectations Survey (CES)","European Central Bank","T1","genuinely-new","v2-spine","https://data-api.ecb.europa.eu/service/data/CES/M.DE.ALL.T.C6020.NUM_VAR.WA?format=jsondata","DE-022","Germany CES spending growth 2026-04 = 5.4% (weighted average, C6020 nominal spend growth/perception). Direct spending-intent read. DE total only.","Direction / willingness","spending expectations","1","ecb","expectations","Germany - Spending expectations","Spending expectations","spending expectations","Direction / willingness","4","spending","rising spending intent","falling spending intent","Consumer confidence / willingness","Consumer confidence / willingness","yes","rate","country_category"
"DE-023","Germany","overlay","Expectations overlay","unemployment","CES unemployment expectations 12m ahead","overlay","captured_overlay","wired","ecb","url","CES/M.DE.ALL.T.C4031.NUM_VAR.WA","https://data-api.ecb.europa.eu/service/data/CES/M.DE.ALL.T.C4031.NUM_VAR.WA?startPeriod=2023-01&format=csvdata","","rawpct","pts","0","1","monthly","%","NSA","","","8.0","2026-04","yes","context","ECB Consumer Expectations Survey (CES)","European Central Bank","T1","retained","v2-spine","https://data-api.ecb.europa.eu/service/data/CES/M.DE.ALL.T.C4031.NUM_VAR.WA?format=jsondata","DE-023","Germany CES unemployment expectations 2026-04 = 8.0 (weighted average expected change/level proxy). Income-risk perception. DE total only.","Direction / willingness","unemployment","1","ecb","labour_pressure","Germany - Unemployment rate","Unemployment rate","unemployment","Direction / willingness","4","pressure","weakening labour backdrop","improving labour backdrop","Unemployment / jobless pressure","Unemployment / jobless pressure","yes","rate","country_category"
"DE-029","Germany","overlay","Actual spending","restaurant/services","Seated diners YoY (OpenTable network)","excluded","not_captured","manual_only","","","","","","","","","0","daily","","","","","","","manual","manual-watchlist","OpenTable State of the Industry","OpenTable","T3","genuinely-new","overlay","https://www.opentable.com/c/state-of-industry/","DE-029","High-frequency discretionary-services proxy (Berlin etc. covered). Methodology changed Jun-2024 (online reservations only); coverage-biased, not representative. Triage only.","Behaviour / realised spending","restaurant/services","1","","behaviour","Germany - Restaurant / services","Restaurant / services","restaurant/services","Behaviour / realised spending","7","spending","improving services activity","softening services activity","none","","no","non_comparable","country_category"
"DE-024","Germany","overlay","Actual spending","mobility/footfall","Truck toll mileage index (LKW-Maut-Fahrleistungsindex)","excluded","not_captured","manual_only","","","","","","","","","0","daily","","","","","","","manual","manual-watchlist","Destatis experimental statistics (toll process data)","Destatis (with BALM)","T1-experimental","genuinely-new","overlay","https://www.destatis.de/EN/Service/EXSTAT/Datensaetze/truck-toll-mileage.html","DE-024","Destatis truck-toll (GENESIS code 42153) requires free login (GENESIS API); behind a login wall + weak mobility proxy. Manual_watchlist.","Behaviour / realised spending","mobility/footfall","1","","behaviour","Germany - Mobility / footfall","Mobility / footfall","mobility/footfall","Behaviour / realised spending","7","spending","rising mobility","falling mobility","none","","no","non_comparable","country_category"
"DE-017","Germany","context","Credit and liquidity","revolving/card credit","Bank interest rate, consumer credit to households, new business","context","charted","wired","ecb","url","MIR/M.DE.B.A2C.A.R.A.2250.EUR.N","https://data-api.ecb.europa.eu/service/data/MIR/M.DE.B.A2C.A.R.A.2250.EUR.N?startPeriod=2023-01&format=csvdata","","rawpct","pts","0","0","monthly","%","NSA","","","3.84","2026-04","yes","context","ECB Data Portal MIR","Deutsche Bundesbank via ECB","T1","promoted-from-watchlist","v2-spine","https://data-api.ecb.europa.eu/service/data/MIR/M.DE.B.A2C.A.R.A.2250.EUR.N?format=jsondata","DE-017","Consumer-credit rate (new business) 2026-04 = 3.84%. Price of credit shapes demand/affordability. Monthly MIR.","Credit & stress","revolving/card credit","1","ecb","credit_stress","Germany - Revolving / card credit","Revolving / card credit","revolving/card credit","Credit & stress","5","two_sided","greater short-term funding reliance","reducing revolving balances","Consumer credit growth","Consumer credit growth","yes","rate","country_category"
"DE-018","Germany","context","Credit and liquidity","mortgage lending/rates","Bank interest rate, house-purchase loans to households, new business","context","charted","wired","ecb","url","MIR/M.DE.B.A2D.A.R.A.2250.EUR.N","https://data-api.ecb.europa.eu/service/data/MIR/M.DE.B.A2D.A.R.A.2250.EUR.N?startPeriod=2023-01&format=csvdata","","rawpct","pts","0","0","monthly","%","NSA","","","4.12","2026-04","yes","context","ECB Data Portal MIR","Deutsche Bundesbank via ECB","T1","promoted-from-watchlist","v2-spine","https://data-api.ecb.europa.eu/service/data/MIR/M.DE.B.A2D.A.R.A.2250.EUR.N?format=jsondata","DE-018","Mortgage rate (new business) 2026-04 = 4.12%. Drives housing affordability and big-ticket home demand. Monthly MIR.","Credit & stress","mortgage lending/rates","1","ecb","credit_stress","Germany - Mortgage rate","Mortgage rate","mortgage lending/rates","Credit & stress","5","pressure","worsening mortgage affordability","improving mortgage affordability","Mortgage rates / housing affordability","Mortgage rates / housing affordability","yes","rate","country_category"
"DE-014","Germany","context","Credit and liquidity","mortgage lending/rates","MFI loans to households for house purchase, outstanding","context","charted","wired","ecb","url","BSI/M.DE.N.A.A22.A.1.U2.2250.Z01.E","https://data-api.ecb.europa.eu/service/data/BSI/M.DE.N.A.A22.A.1.U2.2250.Z01.E?startPeriod=2023-01&format=csvdata","","indexed","pct","0","0","monthly","EUR mn (indexed Jan-23=100)","NSA","","","1,654,267","2026-04","yes","context","ECB Data Portal BSI","Deutsche Bundesbank via ECB","T1","promoted-from-watchlist","v2-spine","https://data-api.ecb.europa.eu/service/data/BSI/M.DE.N.A.A22.A.1.U2.2250.Z01.E?format=jsondata","DE-014","Germany household mortgage stock, EUR mn. 2026-04 = 1,654,267. Big-ticket / housing-linked consumption channel. Monthly BSI.","Credit & stress","mortgage lending/rates","1","ecb","credit_stress","Germany - Mortgage rate","Mortgage rate","mortgage lending/rates","Credit & stress","5","pressure","worsening mortgage affordability","improving mortgage affordability","Mortgage rates / housing affordability","Mortgage rates / housing affordability","yes","indexed","country_category"
"FR-004","France","headline","Mood / willingness to spend","confidence","Household confidence synthetic indicator (CAMME), SA index (LT avg=100)","headline","charted","wired","insee","url","001587668","https://bdm.insee.fr/series/sdmx/data/SERIES_BDM/001587668?startPeriod=2023-01","","raw","pts","1","0","monthly","index","SA","","","82","2026-05","yes","production-ready","INSEE BDM SDMX (enquete CAMME)","INSEE","T1","retained","v2-spine","https://bdm.insee.fr/series/sdmx/data/SERIES_BDM/001587668","FR-004","May-2026=82, lowest since Mar-2023; common factor of 8 opinion balances incl. major-purchase intentions, saving capacity, unemployment fear. Distinct from DG-ECFIN harmonised confidence.","Direction / willingness","confidence","1","insee","behaviour","France - Consumer confidence","Consumer confidence","confidence","Direction / willingness","4","spending","improving willingness to spend","weakening willingness","Consumer confidence / willingness","Consumer confidence / willingness","yes","raw","country_category"
"FR-009","France","headline","Labour pressure","unemployment","Harmonised unemployment rate, % active pop, SA","headline","charted","wired","eurostat","url","une_rt_m/FR","https://ec.europa.eu/eurostat/api/dissemination/statistics/1.0/data/une_rt_m?format=JSON&geo=FR&sex=T&age=TOTAL&unit=PC_ACT&s_adj=SA&sinceTimePeriod=2023-01","","rawpct","pts","-1","0","monthly","%","SA","6","11","8.2","2026-04","yes","production-ready","Eurostat dissemination API (une_rt_m)","Eurostat","T1","retained","v2-spine","https://ec.europa.eu/eurostat/api/dissemination/statistics/1.0/data/une_rt_m?geo=FR&sex=T&age=TOTAL&s_adj=SA&unit=PC_ACT","FR-009","Apr-2026=8.2%, updated 2026-06-01. Monthly model-based estimate; INSEE quarterly LFS (ILO) is the definitive (Q1-2026 8.1%). Matches system trigger.","Capacity to spend","unemployment","1","eurostat","labour_pressure","France - Unemployment rate","Unemployment rate","unemployment","Capacity to spend","1","pressure","weakening labour backdrop","improving labour backdrop","Unemployment / jobless pressure","Unemployment / jobless pressure","yes","rate","country_category"
"FR-005","France","headline","Actual spending","retail sales","Monthly household consumption of goods, volume index (chained, base 2020), SA-WD","headline","charted","wired","insee","url","011794487","https://bdm.insee.fr/series/sdmx/data/SERIES_BDM/011794487?startPeriod=2023-01","","indexed","pct","1","0","monthly","index (rebased Jan-23=100)","SA","","","45.82","2026-04","yes","production-ready","INSEE BDM SDMX (consommation mensuelle des menages en biens)","INSEE","T1","superseded","v2-spine","https://bdm.insee.fr/series/sdmx/data/SERIES_BDM/011794487","FR-005","Apr-2026 -0.5% MoM (index 45.82). Now uses turnover indices + cash-register/CB data after BdF retail-trade survey discontinued. Category splits (durables, textile, food) are sibling idbanks.","Behaviour / realised spending","retail sales","1","insee","behaviour","France - Retail sales","Retail sales","retail sales","Behaviour / realised spending","3","spending","improving spending","softening spending","none","","no","non_comparable","country_category"
"FR-001","France","headline","Essentials squeeze","flash inflation","IPC provisional (flash) all-items, YoY % (national index, base 2025=100)","headline","charted","wired","insee","url","011812231","https://bdm.insee.fr/series/sdmx/data/SERIES_BDM/011812231?startPeriod=2023-01","","indexed","pct","0","0","monthly","HICP all-items index base 2025=100 (indexed Jan-23=100)","NSA","","","","2026-05","yes","production-ready","INSEE Informations rapides (estimation provisoire IPC)","INSEE","T1","superseded","v2-spine","https://www.bdm.insee.fr/series/sdmx/data/IPCH-2025 (INSEE BDM, base-2025, OBS_STATUS=P)","FR-001","Provisional, revisable; flash May-2026 published 29-May (prov IPC +2.4% YoY, IPCH +2.8%); definitive 12-Jun. Base 2025=100 / eCOICOPv2 rebasing. FAR fresher than Eurostat HICP (Dec-2025).","Share-of-wallet squeeze","flash inflation","1","insee","squeeze","France - Inflation (flash)","Inflation (flash)","flash inflation","Share-of-wallet squeeze","2","pressure","rising price pressure","easing price pressure","Inflation / cost pressure","Inflation / cost pressure","yes","indexed","country_category"
"FR-002","France","headline","Essentials squeeze","food CPI","IPC all-items ex-tobacco, index (base 2025=100), and category splits (food/energy)","headline","charted","wired","insee","url","011814056","https://bdm.insee.fr/series/sdmx/data/SERIES_BDM/011814056?startPeriod=2023-01","","indexed","pct","0","0","monthly","index (rebased Jan-23=100)","SA","","","102.24","2026-04","yes","production-ready","INSEE BDM (Banque de Donnees Macro-economiques) SDMX","INSEE","T1","retained","v2-spine","https://bdm.insee.fr/series/sdmx/data/SERIES_BDM/011814056","FR-002","Definitive April-2026=102.24, dateDiffusion 2026-05-13. Base 2025=100 rebasing (eCOICOPv2); back-cast to 1996. Food/energy COICOP splits are sibling idbanks.","Share-of-wallet squeeze","food CPI","1","insee","squeeze","France - Food prices","Food prices","food CPI","Share-of-wallet squeeze","2","pressure","rising food-cost pressure","easing food-cost pressure","Food prices","Food prices","yes","indexed","country_category"
"FR-010","France","headline","Mood / willingness to spend","confidence","Consumer confidence indicator (DG-ECFIN harmonised), SA balance","headline","charted","wired","eurostat","url","ei_bsco_m/FR/BS-CSMCI","https://ec.europa.eu/eurostat/api/dissemination/statistics/1.0/data/ei_bsco_m?format=JSON&geo=FR&indic=BS-CSMCI&s_adj=SA&sinceTimePeriod=2023-01","","raw","pts","1","0","monthly","balance (net %)","SA","-45","5","-21.2","2026-05","yes","production-ready","Eurostat dissemination API (ei_bsco_m)","Eurostat / DG ECFIN","T1","retained","v2-spine","https://ec.europa.eu/eurostat/api/dissemination/statistics/1.0/data/ei_bsco_m?geo=FR&indic=BS-CSMCI&s_adj=SA","FR-010","Latest May-2026, updated 2026-05-28. Harmonised EU methodology (comparable cross-country) vs INSEE CAMME national index; do not mix scales.","Direction / willingness","confidence","1","eurostat","behaviour","France - Consumer confidence","Consumer confidence","confidence","Direction / willingness","4","spending","improving willingness to spend","weakening willingness","Consumer confidence / willingness","Consumer confidence / willingness","yes","raw","country_category"
"FR-006","France","headline","Actual spending","restaurant/services","Household consumption of services, volume (chained), SA-WD","headline","charted","wired","insee","url","011795203","https://bdm.insee.fr/series/sdmx/data/SERIES_BDM/011795203?startPeriod=2023-01","","indexed","pct","1","0","quarterly","index (rebased Jan-23=100)","SA","","","14441","2026-Q1","yes","context","INSEE BDM SDMX","INSEE","T1","genuinely-new","v2-spine","https://bdm.insee.fr/series/sdmx/data/SERIES_BDM/011795203","FR-006","Quarterly (2026-Q1 latest); services consumption complements the monthly goods series. Lower velocity.","Behaviour / realised spending","restaurant/services","1","insee","behaviour","France - Restaurant / services","Restaurant / services","restaurant/services","Behaviour / realised spending","3","spending","improving services activity","softening services activity","none","","no","non_comparable","country_category"
"FR-012","France","overlay","Expectations overlay","income expectations","Household income expectations 12m ahead, France (qualitative balance, weighted share)","overlay","captured_overlay","wired","ecb","url","CES/M.FR.ALL.T.C3210.DEC.WS","https://data-api.ecb.europa.eu/service/data/CES/M.FR.ALL.T.C3210.DEC.WS?startPeriod=2023-01&format=csvdata","","rawpct","pts","0","1","monthly","%","NSA","","","25.9","2026-04","yes","production-ready","ECB Data Portal SDMX (CES dataset)","ECB","T1","genuinely-new","v2-spine","https://data-api.ecb.europa.eu/service/data/CES/M.FR.ALL.T.C3210.DEC.WS","FR-012","C3210=household income expectations 12m ahead (qualitative); answer codes INC/DEC/NB/UNCH give shares. Latest 2026-04. Quantitative income-growth % under separate answer codes.","Direction / willingness","income expectations","1","ecb","expectations","France - Income expectations","Income expectations","income expectations","Direction / willingness","4","spending","improving perceived capacity","weakening perceived capacity","Consumer confidence / willingness","Consumer confidence / willingness","yes","rate","country_category"
"FR-014","France","overlay","Expectations overlay","house prices","Home price expectations 12m ahead, France (qualitative balance)","overlay","captured_overlay","wired","ecb","url","CES/M.FR.ALL.T.C2110.DEC.WS","https://data-api.ecb.europa.eu/service/data/CES/M.FR.ALL.T.C2110.DEC.WS?startPeriod=2023-01&format=csvdata","","rawpct","pts","0","1","monthly","%","NSA","","","10.2","2026-04","yes","context","ECB Data Portal SDMX (CES dataset)","ECB","T1","promoted-from-watchlist","v2-spine","https://data-api.ecb.europa.eu/service/data/CES/M.FR.ALL.T.C2110.DEC.WS","FR-014","C2110=home price expectations 12m ahead (qualitative). Latest 2026-04. Housing-sentiment proxy, monthly.","Direction / willingness","house prices","1","ecb","wealth_effect","France - House prices","House prices","house prices","Direction / willingness","4","two_sided","wealth effect up / affordability worse","wealth softer / affordability better","House prices / wealth effect","House prices / wealth effect","yes","rate","country_category"
"FR-024","France","overlay","Mood / willingness to spend","search pressure","Search interest, France (credit/buy-now-pay-later/discount terms), index 0-100","excluded","not_captured","manual_only","","","","","","","","","0","daily","","","","","","","manual","manual-watchlist","Google Trends","Google","T3","genuinely-new","overlay","https://trends.google.com/trends/explore?geo=FR","FR-024","Relative (re-based 0-100), not levels; geo=FR. Sampling noise + redraws. Triage only; never headline. Useful for credit-stress term spikes (e.g. credit conso, decouvert).","Macro / willingness","search pressure","1","","behaviour","France - Search interest","Search interest","search pressure","Manual / proxy watchlist","7","pressure","rising search interest","falling search interest","none","","no","non_comparable","country_category"
"FR-023","France","overlay","Actual spending","restaurant/services","Seated diners YoY change from online reservations (France/Paris where >=50 restaurants)","excluded","not_captured","manual_only","","","","","","","","","0","daily","","","","","","","manual","manual-watchlist","OpenTable State of the Industry","OpenTable (Booking Holdings)","T3","genuinely-new","overlay","https://www.opentable.com/c/state-of-industry/","FR-023","Daily YoY seated diners; France coverage exists but only via dashboard - no clean machine-readable FR download confirmed. Platform-selection bias (OpenTable-listed only). Triage proxy, never headline.","Behaviour / realised spending","restaurant/services","1","","behaviour","France - Restaurant / services","Restaurant / services","restaurant/services","Behaviour / realised spending","7","spending","improving services activity","softening services activity","none","","no","non_comparable","country_category"
"FR-025","France","context","Other","other","INSEE Melodi data API - modern catalogue/data access (IPC, consumption, confidence)","excluded","not_captured","not_worth_it","","","","","","","","","0","monthly","","","","","","","yes","context","INSEE Melodi API","INSEE","T1","genuinely-new","v2-spine","https://api.insee.fr/melodi/V2/catalog/all","FR-025","INSEE Melodi (api.insee.fr/melodi) is a catalogue/data-access endpoint, not a time series; nothing chartable. Exclude.","Income / wealth / labour dynamics","other","1","","behaviour","France - INSEE Melodi data API - modern catalogueâ€¦","INSEE Melodi data API - modern catalogueâ€¦","other","Income / wealth / labour dynamics","2","spending","rising","falling","none","","no","non_comparable","country_category"
"FR-021","France","context","Mood / willingness to spend","survey subindices","Business climate composite incl. retail-trade climate (climat des affaires), SA index","context","charted","wired","insee","url","001565530","https://bdm.insee.fr/series/sdmx/data/SERIES_BDM/001565530?startPeriod=2023-01","","raw","pts","1","0","monthly","business climate summary indicator, all sectors (LT avg=100)","SA","70","130","","","yes","context","INSEE BDM (enquetes de conjoncture)","INSEE","T1","genuinely-new","v2-spine","https://bdm.insee.fr/series/sdmx/data/SERIES_BDM/","FR-021","INSEE BDM idbank 001565530 (CLIMAT-AFFAIRES: business climate summary, all sectors, Metropolitan France); proven monthly.","Direction / willingness","survey subindices","1","insee","behaviour","France - Confidence sub-indices","Confidence sub-indices","survey subindices","Direction / willingness","4","spending","improving sub-index","weakening sub-index","Consumer confidence / willingness","Consumer confidence / willingness","yes","raw","country_category"
"ES-030","Spain","headline","Labour pressure","unemployment","Monthly unemployment rate, Spain (SA)","headline","charted","wired","eurostat","url","une_rt_m/ES","https://ec.europa.eu/eurostat/api/dissemination/statistics/1.0/data/une_rt_m?format=JSON&geo=ES&sex=T&age=TOTAL&unit=PC_ACT&s_adj=SA&sinceTimePeriod=2023-01","","rawpct","pts","-1","0","monthly","%","SA","7","16","10.3","2026-04","yes","production-ready","Eurostat (une_rt_m)","Eurostat","T1","retained","v2-spine","https://ec.europa.eu/eurostat/api/dissemination/statistics/1.0/data/une_rt_m?geo=ES&sex=T&age=TOTAL&s_adj=SA&unit=PC_ACT&lastTimePeriod=6&format=JSON","ES-030","Apr-2026 = 10.3% (SA). Monthly modelled estimate, fresher cadence than quarterly EPA. Eurostat JSON-stat parsing needed.","Capacity to spend","unemployment","1","eurostat","labour_pressure","Spain - Unemployment rate","Unemployment rate","unemployment","Capacity to spend","1","pressure","weakening labour backdrop","improving labour backdrop","Unemployment / jobless pressure","Unemployment / jobless pressure","yes","rate","country_category"
"ES-002","Spain","headline","Actual spending","retail sales","Retail Trade Index (ICM), general, constant prices, annual variation","headline","charted","wired","ine","url","ICM3859","https://servicios.ine.es/wstempus/js/ES/DATOS_SERIE/ICM3859?nult=60","","rawpct","pts","1","0","monthly","% (annual variation)","NSA","-25","25","0.3","2026-04","yes","production-ready","INE Tempus3 JSON API","Instituto Nacional de Estadistica (INE)","T1","superseded","v2-spine","https://servicios.ine.es/wstempus/js/ES/DATOS_SERIE/ICM3859?nult=12","ES-002","Provisional. YoY growth of constant-price retail turnover, calendar-adjusted. Mar-2026 SA YoY ~4.1% per INE note.","Behaviour / realised spending","retail sales","1","ine","behaviour","Spain - Retail sales","Retail sales","retail sales","Behaviour / realised spending","3","spending","improving spending","softening spending","none","","no","non_comparable","country_category"
"ES-004","Spain","headline","Essentials squeeze","flash inflation","HICP advance indicator (IPCA adelantado), general, annual rate","headline","charted","wired","ine","url","IPCA8090","https://servicios.ine.es/wstempus/js/ES/DATOS_SERIE/IPCA8090?nult=60","","rawpct","pts","0","0","monthly","%","NSA","","","3.6","2026-05","yes","production-ready","INE Tempus3 JSON API (IPCA base 2025)","Instituto Nacional de Estadistica (INE)","T1","superseded","v2-spine","https://servicios.ine.es/wstempus/js/ES/DATOS_SERIE/IPCA8090?nult=6","ES-004","Harmonised flash; May-2026 IPCA 3.6%. Provisional/revisable. Base 2025=100 (ECOICOP ver.2). Use for EA-comparable inflation.","Share-of-wallet squeeze","flash inflation","1","ine","squeeze","Spain - Inflation (flash)","Inflation (flash)","flash inflation","Share-of-wallet squeeze","2","pressure","rising price pressure","easing price pressure","Inflation / cost pressure","Inflation / cost pressure","yes","rate","country_category"
"ES-011","Spain","headline","Credit and liquidity","consumer credit","Bank interest rate, loans to households for consumption (new business)","headline","charted","wired","ecb","url","MIR/M.ES.B.A2B.A.R.A.2250.EUR.N","https://data-api.ecb.europa.eu/service/data/MIR/M.ES.B.A2B.A.R.A.2250.EUR.N?startPeriod=2023-01&format=csvdata","","rawpct","pts","0","0","monthly","%","NSA","","","7.0","2026-04","yes","production-ready","ECB Data Portal (MIR) via data-api","European Central Bank (ECB) / Banco de Espana","T1","promoted-from-watchlist","v2-spine","https://data-api.ecb.europa.eu/service/data/MIR/M.ES.B.A2B.A.R.A.2250.EUR.N?lastNObservations=12&format=csvdata","ES-011","Apr-2026 = 7.0% (AAR, new business). Cost of consumer credit; key affordability signal. A2B=consumption (A2C=house purchase, A2D=other).","Credit & stress","consumer credit","1","ecb","credit_stress","Spain - Consumer credit","Consumer credit","consumer credit","Credit & stress","5","two_sided","greater funding reliance","deleveraging","Consumer credit growth","Consumer credit growth","yes","rate","country_category"
"ES-021","Spain","headline","Housing / wealth effect","housing transactions","Dwelling transfers by sale-purchase (compraventa de viviendas), total","headline","charted","wired","ine","url","ETDP1510","https://servicios.ine.es/wstempus/js/ES/DATOS_SERIE/ETDP1510?nult=60","","raw","pct","1","0","monthly","count","NSA","20000","110000","61,295","2026-03","yes","production-ready","INE Tempus3 JSON API (ETDP)","Instituto Nacional de Estadistica (INE)","T1","promoted-from-watchlist","v2-spine","https://servicios.ine.es/wstempus/js/ES/DATOS_SERIE/ETDP1510?nult=12","ES-021","Mar-2026 = 61,295 dwelling sale-purchases (national). Property registry source; reflects big-ticket credit demand. NSA, strong seasonality.","Wealth, housing & buffers","housing transactions","1","ine","behaviour","Spain - Housing transactions","Housing transactions","housing transactions","Wealth, housing & buffers","6","spending","improving housing activity","slowing housing activity","House prices / wealth effect","House prices / wealth effect","yes","indexed","country_category"
"ES-012","Spain","headline","Credit and liquidity","revolving/card credit","Credit for consumption to households, outstanding amounts (stock)","headline","charted","wired","ecb","url","BSI/M.ES.N.A.A21.A.1.U2.2250.Z01.E","https://data-api.ecb.europa.eu/service/data/BSI/M.ES.N.A.A21.A.1.U2.2250.Z01.E?startPeriod=2023-01&format=csvdata","","indexed","pct","0","0","monthly","EUR mn (indexed Jan-23=100)","NSA","","","","2026-04","yes","production-ready","ECB Data Portal (BSI) via data-api","European Central Bank (ECB) / Banco de Espana","T1","promoted-from-watchlist","v2-spine","https://data-api.ecb.europa.eu/service/data/BSI/M.ES.N.A.A21.A.1.U2.2250.Z01.E?lastNObservations=12&format=csvdata","ES-012","Apr-2026 stock EUR 116,775M. Transform to YoY/flows for credit-cycle read. A21=consumption (incl revolving/cards within MFI scope).","Credit & stress","revolving/card credit","1","ecb","credit_stress","Spain - Revolving / card credit","Revolving / card credit","revolving/card credit","Credit & stress","5","two_sided","greater short-term funding reliance","reducing revolving balances","Consumer credit growth","Consumer credit growth","yes","indexed","country_category"
"ES-001","Spain","headline","Actual spending","retail sales","Retail Trade Index (ICM), general, constant prices (volume)","headline","charted","wired","ine","url","ICM3821","https://servicios.ine.es/wstempus/js/ES/DATOS_SERIE/ICM3821?nult=60","","indexed","pct","1","0","monthly","volume index 2021=100 (indexed Jan-23=100)","SA","85","135","105.83","2026-04","yes","production-ready","INE Tempus3 JSON API","Instituto Nacional de Estadistica (INE)","T1","superseded","v2-spine","https://servicios.ine.es/wstempus/js/ES/DATOS_SERIE/ICM3821?nult=12","ES-001","Provisional, revised next month. Constant-price (deflated) general index; calendar-adjusted. Companion annual-var series ICM3859. Base 2021=100.","Behaviour / realised spending","retail sales","1","ine","behaviour","Spain - Retail sales","Retail sales","retail sales","Behaviour / realised spending","3","spending","improving spending","softening spending","none","","no","non_comparable","country_category"
"ES-003","Spain","headline","Essentials squeeze","flash inflation","CPI advance indicator (IPC indicador adelantado), general, annual rate","headline","charted","wired","ine","url","IPC290750","https://servicios.ine.es/wstempus/js/ES/DATOS_SERIE/IPC290750?nult=60","","rawpct","pts","0","0","monthly","%","NSA","","","3.2","2026-05","yes","production-ready","INE Tempus3 JSON API (IPC base 2025 series)","Instituto Nacional de Estadistica (INE)","T1","superseded","v2-spine","https://servicios.ine.es/wstempus/js/ES/DATOS_SERIE/IPC290750?nult=6","ES-003","May-2026 avance 3.2% (publ 29-May-2026), provisional/revisable; folded into IPC annual-var series. Base rebased 2025=100 from Jan-2026 (ECOICOP ver.2).","Share-of-wallet squeeze","flash inflation","1","ine","squeeze","Spain - Inflation (flash)","Inflation (flash)","flash inflation","Share-of-wallet squeeze","2","pressure","rising price pressure","easing price pressure","Inflation / cost pressure","Inflation / cost pressure","yes","rate","country_category"
"ES-016","Spain","overlay","Expectations overlay","inflation expectations","CES inflation expectations next 12 months (weighted median)","overlay","captured_overlay","wired","ecb","url","CES/M.ES.ALL.T.C1120.NUM_VAR.WM","https://data-api.ecb.europa.eu/service/data/CES/M.ES.ALL.T.C1120.NUM_VAR.WM?startPeriod=2023-01&format=csvdata","","rawpct","pts","0","1","monthly","%","NSA","","","4.1","2026-04","yes","production-ready","ECB Consumer Expectations Survey (CES) via data-api","European Central Bank (ECB)","T1","genuinely-new","v2-spine","https://data-api.ecb.europa.eu/service/data/CES/M.ES.ALL.T.C1120.NUM_VAR.WM?lastNObservations=12&format=csvdata","ES-016","Apr-2026 = 4.1% median. Spain covered (ALL breakdown only; income-quintile splits NOT published at country level, only EA aggregate). WM=weighted median.","Direction / willingness","inflation expectations","1","ecb","squeeze","Spain - Inflation expectations","Inflation expectations","inflation expectations","Direction / willingness","4","pressure","rising expected wallet pressure","easing expected pressure","Inflation / cost pressure","Inflation / cost pressure","yes","rate","country_category"
"ES-019","Spain","overlay","Expectations overlay","income expectations","CES expected unemployment rate next 12 months (weighted median)","overlay","captured_overlay","wired","ecb","url","CES/M.ES.ALL.T.C4031.NUM_VAR.WM","https://data-api.ecb.europa.eu/service/data/CES/M.ES.ALL.T.C4031.NUM_VAR.WM?startPeriod=2023-01&format=csvdata","","rawpct","pts","0","1","monthly","%","NSA","","","10.7","2026-04","yes","context","ECB Consumer Expectations Survey (CES) via data-api","European Central Bank (ECB)","T1","genuinely-new","v2-spine","https://data-api.ecb.europa.eu/service/data/CES/M.ES.ALL.T.C4031.NUM_VAR.WM?lastNObservations=12&format=csvdata","ES-019","Apr-2026 = 10.7% expected. Job-loss fear is a leading consumer-credit-stress signal. Spain country-level (no quintile split).","Direction / willingness","income expectations","1","ecb","expectations","Spain - Income expectations","Income expectations","income expectations","Direction / willingness","4","spending","improving perceived capacity","weakening perceived capacity","Consumer confidence / willingness","Consumer confidence / willingness","yes","rate","country_category"
"ES-027","Spain","overlay","Actual spending","mobility/footfall","Daily national electricity demand (real)","excluded","latest_only","not_worth_it","","","","","","","","","0","daily","","","","","714,280","2026-06-05","yes","overlay","Red Electrica REData API (apidatos.ree.es)","Red Electrica de Espana (REE / Redeia)","T1-experimental","genuinely-new","overlay","https://apidatos.ree.es/en/datos/demanda/evolucion?start_date=2026-06-01T00:00&end_date=2026-06-05T23:59&time_trunc=day","ES-027","REE apidatos.ree.es supports monthly (time_trunc=month) 2023+, so history exists; but electricity load is a weak weather/industry-driven consumer proxy (low concept fit). Keep latest-only; candidate to move out of the visible grid.","Behaviour / realised spending","mobility/footfall","1","","behaviour","Spain - Mobility / footfall","Mobility / footfall","mobility/footfall","Behaviour / realised spending","7","spending","rising mobility","falling mobility","none","","no","non_comparable","country_category"
"ES-032","Spain","overlay","Actual spending","card/payment spending","Big-data consumption/activity indicators, Spain","excluded","not_captured","manual_only","","","","","","","","","0","weekly","","","","","","","manual","manual-watchlist","BBVA Research Big Data portal","BBVA Research","T2","genuinely-new","overlay","https://bigdata.bbvaresearch.com/en/","ES-032","Card-transaction consumption by region/sector. Free dashboards/reports but no confirmed bulk CSV/API; releases are irregular/report-driven in practice.","Behaviour / realised spending","card/payment spending","1","","behaviour","Spain - Card / payment spending","Card / payment spending","card/payment spending","Behaviour / realised spending","7","spending","improving spending proxy","softening spending proxy","none","","no","non_comparable","country_category"
"ES-022","Spain","context","Housing / wealth effect","mortgage approvals/applications","New mortgages constituted on dwellings (number)","context","charted","wired","ine","url","HPT34618","https://servicios.ine.es/wstempus/js/ES/DATOS_SERIE/HPT34618?nult=60","","raw","pct","1","0","monthly","count","NSA","","","46,661","2026-03","yes","context","INE Tempus3 JSON API (HPT, Estadistica de Hipotecas)","Instituto Nacional de Estadistica (INE)","T1","promoted-from-watchlist","v2-spine","https://servicios.ine.es/wstempus/js/ES/DATOS_SERIE/HPT34618?nult=12","ES-022","Mar-2026 = 46,661 new dwelling mortgages (national, base nueva). Direct mortgage-credit origination volume. NSA.","Credit & stress","mortgage approvals/applications","1","ine","credit_stress","Spain - Mortgage approvals","Mortgage approvals","mortgage approvals/applications","Credit & stress","5","spending","improving housing activity","slowing housing activity","Mortgage rates / housing affordability","Mortgage rates / housing affordability","yes","indexed","country_category"
"ES-015","Spain","context","Credit and liquidity","consumer credit","Bank interest rate, loans to households other purposes (new business)","context","charted","wired","ecb","url","MIR/M.ES.B.A2D.A.R.A.2250.EUR.N","https://data-api.ecb.europa.eu/service/data/MIR/M.ES.B.A2D.A.R.A.2250.EUR.N?startPeriod=2023-01&format=csvdata","","rawpct","pts","0","0","monthly","%","NSA","","","4.48","2026-04","yes","context","ECB Data Portal (MIR) via data-api","European Central Bank (ECB) / Banco de Espana","T1","promoted-from-watchlist","v2-spine","https://data-api.ecb.europa.eu/service/data/MIR/M.ES.B.A2D.A.R.A.2250.EUR.N?lastNObservations=12&format=csvdata","ES-015","Apr-2026 = 4.48% (other lending, new business). Complements A2B consumer rate; broader household borrowing cost.","Credit & stress","consumer credit","1","ecb","credit_stress","Spain - Consumer credit","Consumer credit","consumer credit","Credit & stress","5","two_sided","greater funding reliance","deleveraging","Consumer credit growth","Consumer credit growth","yes","rate","country_category"
"ES-023","Spain","context","Credit and liquidity","mortgage lending/rates","Average interest rate at start of new mortgages (total fincas)","context","charted","wired","ine","url","HPT64411","https://servicios.ine.es/wstempus/js/ES/DATOS_SERIE/HPT64411?nult=60","","rawpct","pts","0","0","monthly","%","NSA","","","3.08","2026-03","yes","context","INE Tempus3 JSON API (HPT)","Instituto Nacional de Estadistica (INE)","T1","promoted-from-watchlist","v2-spine","https://servicios.ine.es/wstempus/js/ES/DATOS_SERIE/HPT64411?nult=12","ES-023","Mar-2026 = 3.08% avg initial rate (total fincas). National-source mortgage pricing; cross-checks ECB MIR. Fixed/variable splits available.","Credit & stress","mortgage lending/rates","1","ine","credit_stress","Spain - Mortgage rate","Mortgage rate","mortgage lending/rates","Credit & stress","5","pressure","worsening mortgage affordability","improving mortgage affordability","Mortgage rates / housing affordability","Mortgage rates / housing affordability","yes","rate","country_category"
"IT-001","Italy","headline","Mood / willingness to spend","confidence","Consumer confidence climate index (composite, SA, 2010=100)","headline","charted","wired","eurostat","url","ei_bsco_m/IT/BS-CSMCI","https://ec.europa.eu/eurostat/api/dissemination/statistics/1.0/data/ei_bsco_m?format=JSON&geo=IT&indic=BS-CSMCI&s_adj=SA&sinceTimePeriod=2023-01","","raw","pts","1","0","monthly","balance (net %)","SA","-45","5","","2026-05","yes","production-ready","ISTAT consumer confidence (Clima di fiducia dei consumatori)","ISTAT","T1","retained","v2-spine","https://esploradati.istat.it/SDMXWS/rest/data/30_264/?lastNObservations=1","IT-001","Data served by esploradati.istat.it host (sdmx.istat.it serves structure only); ~5 queries/min IP limit. _WE suffix = current 2025-base survey series.","Direction / willingness","confidence","1","eurostat","behaviour","Italy - Consumer confidence","Consumer confidence","confidence","Direction / willingness","4","spending","improving willingness to spend","weakening willingness","Consumer confidence / willingness","Consumer confidence / willingness","yes","raw","country_category"
"IT-010","Italy","headline","Labour pressure","unemployment","Unemployment rate - monthly (provisional flash, SA)","headline","charted","wired","istat","istat-filter","151_874","","DATA_TYPE=UNEM_R;ADJUSTMENT=Y;SEX=9;AGE=Y15-74","rawpct","pts","-1","0","monthly","% of labour force (SA)","SA","4.5","5.7","","2026-04","yes","production-ready","ISTAT monthly unemployment (Occupati e disoccupati)","ISTAT","T1","retained","v2-spine","https://esploradati.istat.it/SDMXWS/rest/data/151_874/?lastNObservations=1","IT-010","Provisional monthly LFS estimate (revisable); Apr-2026 unemployment 5.1%. Same data as ISTAT 'Employment and unemployment provisional' flash press release.","Capacity to spend","unemployment","1","istat","labour_pressure","Italy - Unemployment rate","Unemployment rate","unemployment","Capacity to spend","1","pressure","weakening labour backdrop","improving labour backdrop","Unemployment / jobless pressure","Unemployment / jobless pressure","yes","rate","country_category"
"IT-004","Italy","headline","Actual spending","retail sales","Index of retail trade sales (value & volume, SA)","headline","charted","wired","eurostat","url","sts_trtu_m/IT/VOL_SLS/G47","https://ec.europa.eu/eurostat/api/dissemination/statistics/1.0/data/sts_trtu_m?format=JSON&geo=IT&indic_bt=VOL_SLS&nace_r2=G47&unit=I21&s_adj=SCA&sinceTimePeriod=2023-01","","indexed","pct","1","0","monthly","volume index 2021=100 (indexed Jan-23=100)","SA","80","120","","2026-04","yes","production-ready","ISTAT retail trade index (Commercio al dettaglio)","ISTAT","T1","superseded","v2-spine","https://esploradati.istat.it/SDMXWS/rest/data/120_337/?lastNObservations=1","IT-004","Both value and volume; breakdown food vs non-food (discretionary) available via dimensions. Subject to monthly revision.","Behaviour / realised spending","retail sales","1","eurostat","behaviour","Italy - Retail sales","Retail sales","retail sales","Behaviour / realised spending","3","spending","improving spending","softening spending","none","","no","non_comparable","country_category"
"IT-006","Italy","headline","Essentials squeeze","flash inflation","NIC consumer price index - preliminary/flash (whole nation, base 2025=100)","backlog","latest_only","parser_needed","","","","","","","","","0","monthly","","","","","","2026-05","yes","production-ready","ISTAT preliminary CPI (stima preliminare NIC)","ISTAT","T1","superseded","v2-spine","https://esploradati.istat.it/SDMXWS/rest/data/167_745/?startPeriod=2026-05&lastNObservations=1","IT-006","NIC base-2025 dataflow 167_745 starts 2026 (short, <6 obs); base-2015 167_744 ends 2025-12; ISTAT publishes no linked continuous series so splicing bases is disallowed; IPCA IT-007 provides the Italy flash-inflation chart. Keep latest-only; self-resolves once base-2025 accrues >=6 months.","Share-of-wallet pressure","flash inflation","1","","squeeze","Italy - Inflation (flash)","Inflation (flash)","flash inflation","Share-of-wallet pressure","3","pressure","rising price pressure","easing price pressure","Inflation / cost pressure","Inflation / cost pressure","yes","indexed","country_category"
"IT-016","Italy","headline","Credit and liquidity","consumer credit","Loans to households (incl. consumer credit) - outstanding stocks, Italy","headline","charted","wired","ecb","url","BSI/M.IT.N.A.A20.A.1.U2.2250.Z01.E","https://data-api.ecb.europa.eu/service/data/BSI/M.IT.N.A.A20.A.1.U2.2250.Z01.E?startPeriod=2023-01&format=csvdata","","indexed","pct","0","0","monthly","EUR mn (indexed Jan-23=100)","NSA","","","","2026-04","yes","production-ready","ECB Balance Sheet Items (BSI) - Italy household loans","European Central Bank","T1","promoted-from-watchlist","v2-spine","https://data-api.ecb.europa.eu/service/data/BSI/M.IT.N.A.A20.A.1.U2.2250.Z01.E?lastNObservations=1&format=csvdata","IT-016","ECB mirror of MFI balance sheet; fresher (2026-04) than BdI PDF (2026-03) and fully automatable no-key. Use as primary machine-readable credit feed; cross-check BdI for national detail.","Credit & stress","consumer credit","1","ecb","credit_stress","Italy - Consumer credit","Consumer credit","consumer credit","Credit & stress","5","two_sided","greater funding reliance","deleveraging","Consumer credit growth","Consumer credit growth","yes","indexed","country_category"
"IT-012","Italy","headline","Purchasing power","wages/earnings","Contractual (collective-agreement) hourly wages index","headline","charted","wired","istat","istat-key","155_318","","M.IT.WAGE_H_2021.N.10.Z3620","indexed","pct","1","0","monthly","hourly contractual wages index, total economy (base Dec-2021=100, indexed Jan-23=100)","NSA","95","130","","2026-04","yes","context","ISTAT contractual wages (Retribuzioni contrattuali)","ISTAT","T1","retained","v2-spine","https://esploradati.istat.it/SDMXWS/rest/data/155_318/?lastNObservations=1","IT-012","ISTAT 155_318 key M.IT.WAGE_H_2021.N.10.Z3620 (total economy, all employees excl executives); proven 2023-01..latest.","Capacity to spend","wages/earnings","1","istat","capacity","Italy - Wages / earnings","Wages / earnings","wages/earnings","Capacity to spend","1","spending","improving nominal pay","weakening nominal pay","Real income / wages","Real income / wages","yes","indexed","country_category"
"IT-007","Italy","headline","Essentials squeeze","flash inflation","IPCA/HICP harmonised CPI - preliminary/flash (base 2025=100)","headline","charted","wired","istat","istat-key","168_761","","M.IT.87.7.00","rawpct","pts","0","0","monthly","HICP all-items, YoY %","NSA","2.0","4.5","","2026-05","yes","production-ready","ISTAT preliminary harmonised CPI (stima preliminare IPCA)","ISTAT","T1","superseded","v2-spine","https://esploradati.istat.it/SDMXWS/rest/data/168_761/?startPeriod=2026-05&lastNObservations=1","IT-007","May-2026 flash IPCA +0.4% m/m, +3.3% y/y (29-May-2026), provisional/revisable. Base 2025=100, ECOICOP v2; old base-2015 HICP 168_760 ends 2025-12. Harmonised = euro-area comparable.","Share-of-wallet squeeze","flash inflation","1","istat","squeeze","Italy - Inflation (flash)","Inflation (flash)","flash inflation","Share-of-wallet squeeze","2","pressure","rising price pressure","easing price pressure","Inflation / cost pressure","Inflation / cost pressure","yes","rate","country_category"
"IT-011","Italy","headline","Labour pressure","payrolls/employment","Employment rate / employed persons - monthly (provisional flash, SA)","headline","charted","wired","istat","istat-filter","150_872","","DATA_TYPE=EMP_R;ADJUSTMENT=Y;SEX=9;AGE=Y15-64","rawpct","pts","1","0","monthly","employment rate % (SA)","SA","55","70","","2026-04","yes","context","ISTAT monthly employment","ISTAT","T1","genuinely-new","v2-spine","https://esploradati.istat.it/SDMXWS/rest/data/150_872/?lastNObservations=1","IT-011","Provisional monthly LFS (revisable); Apr-2026 employment +0.5% m/m (+123k). Counterpart to monthly unemployment flash.","Capacity to spend","payrolls/employment","1","istat","labour_pressure","Italy - Employment","Employment","payrolls/employment","Capacity to spend","1","spending","improving capacity","weakening capacity","Labour tightness / job vacancies","Labour tightness / job vacancies","yes","rate","country_category"
"IT-019","Italy","overlay","Expectations overlay","inflation expectations","Consumer inflation expectations 12m ahead (median), Italy","overlay","captured_overlay","wired","ecb","url","CES/M.IT.ALL.T.C1150_EXP.NUM_VAR.WM","https://data-api.ecb.europa.eu/service/data/CES/M.IT.ALL.T.C1150_EXP.NUM_VAR.WM?startPeriod=2023-01&format=csvdata","","rawpct","pts","0","1","monthly","%","NSA","","","","2026-04","yes","context","ECB Consumer Expectations Survey (CES) - Italy","European Central Bank","T1","genuinely-new","v2-spine","https://data-api.ecb.europa.eu/service/data/CES/M.IT.ALL.T.C1150_EXP.NUM_VAR.WM?lastNObservations=1&format=csvdata","IT-019","Italy fully covered (REF_AREA=IT); Apr-2026 median 12m inflation expectation 6.0%. DSD ECB_CES1 dims FREQ.REF_AREA.CES_BREAKDOWN.CES_CUSTOM.CES_VARIABLE.CES_ANSWER.CES_DENOM. Online-panel survey.","Direction / willingness","inflation expectations","1","ecb","squeeze","Italy - Inflation expectations","Inflation expectations","inflation expectations","Direction / willingness","4","pressure","rising expected wallet pressure","easing expected pressure","Inflation / cost pressure","Inflation / cost pressure","yes","rate","country_category"
"IT-027","Italy","overlay","Actual spending","restaurant/services","Year-over-year seated diners (online reservations), Italy cities","excluded","not_captured","manual_only","","","","","","","","","0","daily","","","","","","","manual","manual-watchlist","OpenTable State of the Industry","OpenTable (Booking Holdings)","T3","genuinely-new","overlay","https://www.opentable.com/c/state-of-industry/","IT-027","80+ countries but Italy city-level coverage unconfirmed in dashboard; methodology changed Jun-2024 (online reservations only). No official download => scraping; behavioural proxy, triage only.","Behaviour / realised spending","restaurant/services","1","","behaviour","Italy - Restaurant / services","Restaurant / services","restaurant/services","Behaviour / realised spending","7","spending","improving services activity","softening services activity","none","","no","non_comparable","country_category"
"IT-028","Italy","overlay","Mood / willingness to spend","search pressure","Search interest for credit/financial-distress terms, Italy","excluded","not_captured","manual_only","","","","","","","","","0","daily","","","","","","","manual","manual-watchlist","Google Trends (Italy)","Google","T3","genuinely-new","overlay","https://trends.google.com/trends/explore?geo=IT","IT-028","Relative 0-100 index, re-normalised each query (not comparable across pulls); no official API; sampling noise. Behavioural proxy, triage only - never headline.","Macro / willingness","search pressure","1","","behaviour","Italy - Search interest","Search interest","search pressure","Manual / proxy watchlist","7","pressure","rising search interest","falling search interest","none","","no","non_comparable","country_category"
"IT-017","Italy","context","Credit and liquidity","household deposits/liquidity","Deposits of households - outstanding, Italy","context","charted","wired","ecb","url","BSI/M.IT.N.A.L20.A.1.U2.2250.Z01.E","https://data-api.ecb.europa.eu/service/data/BSI/M.IT.N.A.L20.A.1.U2.2250.Z01.E?startPeriod=2023-01&format=csvdata","","indexed","pct","0","0","monthly","EUR mn (indexed Jan-23=100)","NSA","","","","2026-04","yes","context","ECB BSI - Italy household deposits","European Central Bank","T1","promoted-from-watchlist","v2-spine","https://data-api.ecb.europa.eu/service/data/BSI/M.IT.N.A.L20.A.1.U2.2250.Z01.E?lastNObservations=1&format=csvdata","IT-017","Liabilities-side BSI key (L20) for deposits; confirm exact instrument code on extraction. BSI host/key family verified live (loans returned 2026-04).","Wealth, housing & buffers","household deposits/liquidity","1","ecb","liquidity_buffer","Italy - Household deposits","Household deposits","household deposits/liquidity","Wealth, housing & buffers","6","two_sided","building liquidity buffers","drawing down deposits","Household saving rate","Household saving rate","yes","indexed","country_category"
"IT-009","Italy","context","Essentials squeeze","energy CPI","NIC CPI - energy components (regulated & non-regulated)","backlog","latest_only","parser_needed","","","","","","","","","0","monthly","","","","","","2026-05","yes","context","ISTAT NIC energy aggregates","ISTAT","T1","retained","v2-spine","https://esploradati.istat.it/SDMXWS/rest/data/167_745/?lastNObservations=1","IT-009","NIC energy special aggregate (ECOICOP_2=ENRGY) exists only in base-2025 dataflow 167_745 (from 2026, short history); same base discontinuity as IT-006; keep latest-only.","Share-of-wallet pressure","energy CPI","1","","squeeze","Italy - Energy prices","Energy prices","energy CPI","Share-of-wallet pressure","3","pressure","rising energy-cost pressure","easing energy-cost pressure","Energy prices","Energy prices","yes","indexed","country_category"
"IT-025","Italy","context","Labour pressure","unemployment","Harmonised unemployment rate, Italy (cross-check)","context","charted","wired","eurostat","url","une_rt_m/IT","https://ec.europa.eu/eurostat/api/dissemination/statistics/1.0/data/une_rt_m?format=JSON&geo=IT&sex=T&age=TOTAL&unit=PC_ACT&s_adj=SA&sinceTimePeriod=2023-01","","rawpct","pts","-1","0","monthly","%","SA","3.5","9","","2026-04","yes","production-ready","Eurostat une_rt_m geo=IT","Eurostat","T1","retained","v2-spine","https://ec.europa.eu/eurostat/api/dissemination/statistics/1.0/data/une_rt_m?geo=IT&s_adj=SA&age=TOTAL&sex=T&unit=PC_ACT&lastTimePeriod=1&format=JSON","IT-025","Fresh (2026-04, updated 2026-06-01); harmonised euro-area-comparable cross-check to ISTAT monthly unemployment. Minor frequency/definition differences vs ISTAT.","Capacity to spend","unemployment","1","eurostat","labour_pressure","Italy - Unemployment rate","Unemployment rate","unemployment","Capacity to spend","1","pressure","weakening labour backdrop","improving labour backdrop","Unemployment / jobless pressure","Unemployment / jobless pressure","yes","rate","country_category"
"US-031","USA","context","Saving and buffers","saving rate","Personal saving rate","all households","context","wired","fred","","PSAVERT","https://api.stlouisfed.org/fred/series/observations?series_id=PSAVERT&api_key={KEY}&file_type=json&observation_start=2023-01-01","","rawpct","pts","1","0","monthly","% of disposable income","SA","0","20","2.6","2026-04","yes","production","FRED","Federal Reserve (BEA source)","official","newly_added_v5","active","https://api.stlouisfed.org/fred/series/observations?series_id=PSAVERT&api_key={KEY}&file_type=json&observation_start=2023-01-01","","Personal saving rate, % of disposable income (monthly, BEA via FRED). Higher can signal buffer-building or precaution.","Wealth, housing & buffers","saving rate","1","fred","liquidity_buffer","USA - Saving rate","Saving rate","saving rate","Wealth, housing & buffers","6","two_sided","building buffers / more caution","running down buffers","Household saving rate","Household saving rate","yes","rate","country_category"
"US-032","USA","context","Purchasing power","real income","Real disposable personal income (chained 2017$)","all households","context","wired","fred","","DSPIC96","https://api.stlouisfed.org/fred/series/observations?series_id=DSPIC96&api_key={KEY}&file_type=json&observation_start=2023-01-01","","indexed","pct","1","0","monthly","USD bn chained 2017 (indexed Jan-23=100)","SA","","","17932.6","2026-04","yes","production","FRED","Federal Reserve (BEA source)","official","newly_added_v5","active","https://api.stlouisfed.org/fred/series/observations?series_id=DSPIC96&api_key={KEY}&file_type=json&observation_start=2023-01-01","","Real (chained 2017$) disposable personal income, indexed to Jan-2023=100; aggregate purchasing-power level (not per-capita).","Capacity to spend","real income","1","fred","capacity","USA - Real household income","Real household income","real income","Capacity to spend","1","spending","improving real capacity","weakening real capacity","Real income / wages","Real income / wages","yes","indexed","country_category"
"US-033","USA","context","Debt service and stress","debt service burden","Household debt-service payments as % of disposable income","all households","context","wired","fred","","TDSP","https://api.stlouisfed.org/fred/series/observations?series_id=TDSP&api_key={KEY}&file_type=json&observation_start=2023-01-01","","rawpct","pts","-1","0","quarterly","% of disposable income","SA","5","18","11.32","2025-Q4","yes","production","FRED","Federal Reserve Board","official","newly_added_v5","active","https://api.stlouisfed.org/fred/series/observations?series_id=TDSP&api_key={KEY}&file_type=json&observation_start=2023-01-01","","Household debt-service ratio (FRB), % of disposable income, quarterly. Higher = more income absorbed by required debt payments.","Credit & stress","debt service burden","1","fred","credit_stress","USA - Debt-service ratio","Debt-service ratio","debt service burden","Credit & stress","5","pressure","more income absorbed by debt","less income absorbed by debt","Debt-service ratio","Debt-service ratio","yes","rate","country_category"
"US-034","USA","context","Debt service and stress","arrears/delinquencies","Credit-card loan delinquency rate (all commercial banks)","all households","context","wired","fred","","DRCCLACBS","https://api.stlouisfed.org/fred/series/observations?series_id=DRCCLACBS&api_key={KEY}&file_type=json&observation_start=2023-01-01","","rawpct","pts","-1","0","quarterly","% of balances","SA","0.5","10","2.92","2026-Q1","yes","production","FRED","Federal Reserve Board","official","newly_added_v5","active","https://api.stlouisfed.org/fred/series/observations?series_id=DRCCLACBS&api_key={KEY}&file_type=json&observation_start=2023-01-01","","Delinquency rate on credit-card loans, all commercial banks (FRB), quarterly. Rising = household credit stress.","Credit & stress","arrears/delinquencies","1","fred","credit_stress","USA - Delinquency rate","Delinquency rate","arrears/delinquencies","Credit & stress","5","pressure","rising credit stress","easing credit stress","Delinquency / arrears / insolvency","Delinquency / arrears / insolvency","yes","rate","country_category"
"US-035","USA","context","Debt service and stress","arrears/delinquencies","Single-family residential mortgage delinquency rate","all households","context","wired","fred","","DRSFRMACBS","https://api.stlouisfed.org/fred/series/observations?series_id=DRSFRMACBS&api_key={KEY}&file_type=json&observation_start=2023-01-01","","rawpct","pts","-1","0","quarterly","% of balances","SA","0.5","12","1.89","2026-Q1","yes","production","FRED","Federal Reserve Board","official","newly_added_v5","active","https://api.stlouisfed.org/fred/series/observations?series_id=DRSFRMACBS&api_key={KEY}&file_type=json&observation_start=2023-01-01","","Single-family residential mortgage delinquency rate, all commercial banks (FRB), quarterly.","Credit & stress","arrears/delinquencies","1","fred","credit_stress","USA - Delinquency rate","Delinquency rate","arrears/delinquencies","Credit & stress","5","pressure","rising credit stress","easing credit stress","Delinquency / arrears / insolvency","Delinquency / arrears / insolvency","yes","rate","country_category"
"US-036","USA","context","Housing / wealth effect","household net worth","Households & nonprofits net worth","all households","context","wired","fred","","TNWBSHNO","https://api.stlouisfed.org/fred/series/observations?series_id=TNWBSHNO&api_key={KEY}&file_type=json&observation_start=2023-01-01","","indexed","pct","1","0","quarterly","USD mn (indexed Jan-23=100)","NSA","","","184105614","2025-Q4","yes","production","FRED","Federal Reserve Board (Z.1)","official","newly_added_v5","active","https://api.stlouisfed.org/fred/series/observations?series_id=TNWBSHNO&api_key={KEY}&file_type=json&observation_start=2023-01-01","","Households & nonprofits net worth (FRB Z.1), quarterly, indexed to Jan-2023=100; wealth-effect context, not a flow.","Wealth, housing & buffers","household net worth","1","fred","wealth_effect","USA - Household net worth","Household net worth","household net worth","Wealth, housing & buffers","6","two_sided","positive wealth effect","negative wealth effect","House prices / wealth effect","House prices / wealth effect","yes","indexed","country_category"
"UK-040","UK","context","Saving and buffers","saving rate","Households saving ratio","all households","context","wired","ons","","NRJS/UKEA","https://www.ons.gov.uk/economy/grossdomesticproductgdp/timeseries/nrjs/ukea/data","","rawpct","pts","1","0","quarterly","% of disposable income","SA","0","25","9.9","2025-Q4","yes","production","ONS","Office for National Statistics","official","newly_added_v5","active","https://www.ons.gov.uk/economy/grossdomesticproductgdp/timeseries/nrjs/ukea/data","","ONS households saving ratio, % of disposable income (quarterly). Higher can signal buffer-building or precaution.","Wealth, housing & buffers","saving rate","1","ons","liquidity_buffer","UK - Saving rate","Saving rate","saving rate","Wealth, housing & buffers","6","two_sided","building buffers / more caution","running down buffers","Household saving rate","Household saving rate","yes","rate","country_category"
"DE-030","Germany","context","Saving and buffers","saving rate","Gross household saving rate (SCA)","all households","context","wired","eurostat","","teina500/DE","https://ec.europa.eu/eurostat/api/dissemination/statistics/1.0/data/teina500?format=JSON&geo=DE&s_adj=SCA&sinceTimePeriod=2023-Q1","","rawpct","pts","1","0","quarterly","% of gross disposable income","SCA","0","35","19.17","2025-Q4","yes","production","Eurostat","Eurostat (sector accounts)","official","newly_added_v5","active","https://ec.europa.eu/eurostat/api/dissemination/statistics/1.0/data/teina500?format=JSON&geo=DE&s_adj=SCA&sinceTimePeriod=2023-Q1","","Eurostat gross household saving rate (seasonally & calendar adjusted), quarterly, % of gross disposable income.","Wealth, housing & buffers","saving rate","1","eurostat","liquidity_buffer","Germany - Saving rate","Saving rate","saving rate","Wealth, housing & buffers","6","two_sided","building buffers / more caution","running down buffers","Household saving rate","Household saving rate","yes","rate","country_category"
"DE-031","Germany","context","Housing / wealth effect","house prices","House price index (total dwellings, 2015=100)","all households","context","wired","eurostat","","prc_hpi_q/DE/TOTAL","https://ec.europa.eu/eurostat/api/dissemination/statistics/1.0/data/prc_hpi_q?format=JSON&geo=DE&purchase=TOTAL&unit=I15_Q&sinceTimePeriod=2023-Q1","","indexed","pct","0","0","quarterly","index 2015=100 (indexed Jan-23=100)","NSA","80","300","153.7","2025-Q4","yes","production","Eurostat","Eurostat","official","newly_added_v5","active","https://ec.europa.eu/eurostat/api/dissemination/statistics/1.0/data/prc_hpi_q?format=JSON&geo=DE&purchase=TOTAL&unit=I15_Q&sinceTimePeriod=2023-Q1","","Eurostat house price index (total dwellings, 2015=100), re-indexed Jan-2023=100. Two-sided: wealth effect vs affordability.","Wealth, housing & buffers","house prices","1","eurostat","wealth_effect","Germany - House prices","House prices","house prices","Wealth, housing & buffers","6","two_sided","wealth effect up / affordability worse","wealth softer / affordability better","House prices / wealth effect","House prices / wealth effect","yes","indexed","country_category"
"FR-030","France","context","Credit and liquidity","household deposits/liquidity","Household deposits (MFI)","all households","context","wired","ecb","","BSI/M.FR.N.A.L20.A.1.U2.2250.Z01.E","https://data-api.ecb.europa.eu/service/data/BSI/M.FR.N.A.L20.A.1.U2.2250.Z01.E?startPeriod=2023-01&format=csvdata","","indexed","pct","0","0","monthly","EUR mn (indexed Jan-23=100)","NSA","","","1959469","2026-04","yes","production","ECB Data Portal","European Central Bank (BSI)","official","newly_added_v5","active","https://data-api.ecb.europa.eu/service/data/BSI/M.FR.N.A.L20.A.1.U2.2250.Z01.E?startPeriod=2023-01&format=csvdata","","Household deposits at MFIs (ECB BSI), indexed Jan-2023=100. Rising deposits can mean buffer OR precautionary caution.","Wealth, housing & buffers","household deposits/liquidity","1","ecb","liquidity_buffer","France - Household deposits","Household deposits","household deposits/liquidity","Wealth, housing & buffers","6","two_sided","building liquidity buffers","drawing down deposits","Household saving rate","Household saving rate","yes","indexed","country_category"
"FR-031","France","context","Credit and liquidity","mortgage lending/rates","New household mortgage lending rate","all households","context","wired","ecb","","MIR/M.FR.B.A2D.A.R.A.2250.EUR.N","https://data-api.ecb.europa.eu/service/data/MIR/M.FR.B.A2D.A.R.A.2250.EUR.N?startPeriod=2023-01&format=csvdata","","rawpct","pts","-1","0","monthly","% p.a.","NSA","0.5","8","3.44","2026-04","yes","production","ECB Data Portal","European Central Bank (MIR)","official","newly_added_v5","active","https://data-api.ecb.europa.eu/service/data/MIR/M.FR.B.A2D.A.R.A.2250.EUR.N?startPeriod=2023-01&format=csvdata","","New household house-purchase lending rate (ECB MIR), % p.a. Higher = tighter mortgage affordability.","Credit & stress","mortgage lending/rates","1","ecb","credit_stress","France - Mortgage rate","Mortgage rate","mortgage lending/rates","Credit & stress","5","pressure","worsening mortgage affordability","improving mortgage affordability","Mortgage rates / housing affordability","Mortgage rates / housing affordability","yes","rate","country_category"
"FR-032","France","context","Saving and buffers","saving rate","Gross household saving rate (SCA)","all households","context","wired","eurostat","","teina500/FR","https://ec.europa.eu/eurostat/api/dissemination/statistics/1.0/data/teina500?format=JSON&geo=FR&s_adj=SCA&sinceTimePeriod=2023-Q1","","rawpct","pts","1","0","quarterly","% of gross disposable income","SCA","0","35","17.52","2025-Q4","yes","production","Eurostat","Eurostat (sector accounts)","official","newly_added_v5","active","https://ec.europa.eu/eurostat/api/dissemination/statistics/1.0/data/teina500?format=JSON&geo=FR&s_adj=SCA&sinceTimePeriod=2023-Q1","","Eurostat gross household saving rate (SCA), quarterly, % of gross disposable income.","Wealth, housing & buffers","saving rate","1","eurostat","liquidity_buffer","France - Saving rate","Saving rate","saving rate","Wealth, housing & buffers","6","two_sided","building buffers / more caution","running down buffers","Household saving rate","Household saving rate","yes","rate","country_category"
"FR-033","France","context","Housing / wealth effect","house prices","House price index (total dwellings, 2015=100)","all households","context","wired","eurostat","","prc_hpi_q/FR/TOTAL","https://ec.europa.eu/eurostat/api/dissemination/statistics/1.0/data/prc_hpi_q?format=JSON&geo=FR&purchase=TOTAL&unit=I15_Q&sinceTimePeriod=2023-Q1","","indexed","pct","0","0","quarterly","index 2015=100 (indexed Jan-23=100)","NSA","80","300","127.56","2025-Q4","yes","production","Eurostat","Eurostat","official","newly_added_v5","active","https://ec.europa.eu/eurostat/api/dissemination/statistics/1.0/data/prc_hpi_q?format=JSON&geo=FR&purchase=TOTAL&unit=I15_Q&sinceTimePeriod=2023-Q1","","Eurostat house price index (total dwellings, 2015=100), re-indexed Jan-2023=100. Two-sided: wealth effect vs affordability. Distinct from FR-014 (price expectation).","Wealth, housing & buffers","house prices","1","eurostat","wealth_effect","France - House prices","House prices","house prices","Wealth, housing & buffers","6","two_sided","wealth effect up / affordability worse","wealth softer / affordability better","House prices / wealth effect","House prices / wealth effect","yes","indexed","country_category"
"ES-040","Spain","context","Credit and liquidity","household deposits/liquidity","Household deposits (MFI)","all households","context","wired","ecb","","BSI/M.ES.N.A.L20.A.1.U2.2250.Z01.E","https://data-api.ecb.europa.eu/service/data/BSI/M.ES.N.A.L20.A.1.U2.2250.Z01.E?startPeriod=2023-01&format=csvdata","","indexed","pct","0","0","monthly","EUR mn (indexed Jan-23=100)","NSA","","","1111106","2026-04","yes","production","ECB Data Portal","European Central Bank (BSI)","official","newly_added_v5","active","https://data-api.ecb.europa.eu/service/data/BSI/M.ES.N.A.L20.A.1.U2.2250.Z01.E?startPeriod=2023-01&format=csvdata","","Household deposits at MFIs (ECB BSI), indexed Jan-2023=100. Rising deposits can mean buffer OR precautionary caution.","Wealth, housing & buffers","household deposits/liquidity","1","ecb","liquidity_buffer","Spain - Household deposits","Household deposits","household deposits/liquidity","Wealth, housing & buffers","6","two_sided","building liquidity buffers","drawing down deposits","Household saving rate","Household saving rate","yes","indexed","country_category"
"ES-041","Spain","context","Saving and buffers","saving rate","Gross household saving rate (SCA)","all households","context","wired","eurostat","","teina500/ES","https://ec.europa.eu/eurostat/api/dissemination/statistics/1.0/data/teina500?format=JSON&geo=ES&s_adj=SCA&sinceTimePeriod=2023-Q1","","rawpct","pts","1","0","quarterly","% of gross disposable income","SCA","0","35","11.94","2025-Q4","yes","production","Eurostat","Eurostat (sector accounts)","official","newly_added_v5","active","https://ec.europa.eu/eurostat/api/dissemination/statistics/1.0/data/teina500?format=JSON&geo=ES&s_adj=SCA&sinceTimePeriod=2023-Q1","","Eurostat gross household saving rate (SCA), quarterly, % of gross disposable income.","Wealth, housing & buffers","saving rate","1","eurostat","liquidity_buffer","Spain - Saving rate","Saving rate","saving rate","Wealth, housing & buffers","6","two_sided","building buffers / more caution","running down buffers","Household saving rate","Household saving rate","yes","rate","country_category"
"ES-042","Spain","context","Housing / wealth effect","house prices","House price index (total dwellings, 2015=100)","all households","context","wired","eurostat","","prc_hpi_q/ES/TOTAL","https://ec.europa.eu/eurostat/api/dissemination/statistics/1.0/data/prc_hpi_q?format=JSON&geo=ES&purchase=TOTAL&unit=I15_Q&sinceTimePeriod=2023-Q1","","indexed","pct","0","0","quarterly","index 2015=100 (indexed Jan-23=100)","NSA","80","300","187.45","2025-Q4","yes","production","Eurostat","Eurostat","official","newly_added_v5","active","https://ec.europa.eu/eurostat/api/dissemination/statistics/1.0/data/prc_hpi_q?format=JSON&geo=ES&purchase=TOTAL&unit=I15_Q&sinceTimePeriod=2023-Q1","","Eurostat house price index (total dwellings, 2015=100), re-indexed Jan-2023=100. Two-sided: wealth effect vs affordability.","Wealth, housing & buffers","house prices","1","eurostat","wealth_effect","Spain - House prices","House prices","house prices","Wealth, housing & buffers","6","two_sided","wealth effect up / affordability worse","wealth softer / affordability better","House prices / wealth effect","House prices / wealth effect","yes","indexed","country_category"
"IT-030","Italy","context","Credit and liquidity","mortgage lending/rates","New household mortgage lending rate","all households","context","wired","ecb","","MIR/M.IT.B.A2D.A.R.A.2250.EUR.N","https://data-api.ecb.europa.eu/service/data/MIR/M.IT.B.A2D.A.R.A.2250.EUR.N?startPeriod=2023-01&format=csvdata","","rawpct","pts","-1","0","monthly","% p.a.","NSA","0.5","8","4.4","2026-04","yes","production","ECB Data Portal","European Central Bank (MIR)","official","newly_added_v5","active","https://data-api.ecb.europa.eu/service/data/MIR/M.IT.B.A2D.A.R.A.2250.EUR.N?startPeriod=2023-01&format=csvdata","","New household house-purchase lending rate (ECB MIR), % p.a. Higher = tighter mortgage affordability.","Credit & stress","mortgage lending/rates","1","ecb","credit_stress","Italy - Mortgage rate","Mortgage rate","mortgage lending/rates","Credit & stress","5","pressure","worsening mortgage affordability","improving mortgage affordability","Mortgage rates / housing affordability","Mortgage rates / housing affordability","yes","rate","country_category"
"IT-031","Italy","context","Saving and buffers","saving rate","Gross household saving rate (SCA)","all households","context","wired","eurostat","","teina500/IT","https://ec.europa.eu/eurostat/api/dissemination/statistics/1.0/data/teina500?format=JSON&geo=IT&s_adj=SCA&sinceTimePeriod=2023-Q1","","rawpct","pts","1","0","quarterly","% of gross disposable income","SCA","0","35","10.64","2025-Q4","yes","production","Eurostat","Eurostat (sector accounts)","official","newly_added_v5","active","https://ec.europa.eu/eurostat/api/dissemination/statistics/1.0/data/teina500?format=JSON&geo=IT&s_adj=SCA&sinceTimePeriod=2023-Q1","","Eurostat gross household saving rate (SCA), quarterly, % of gross disposable income.","Wealth, housing & buffers","saving rate","1","eurostat","liquidity_buffer","Italy - Saving rate","Saving rate","saving rate","Wealth, housing & buffers","6","two_sided","building buffers / more caution","running down buffers","Household saving rate","Household saving rate","yes","rate","country_category"
"IT-032","Italy","context","Housing / wealth effect","house prices","House price index (total dwellings, 2015=100)","all households","context","wired","eurostat","","prc_hpi_q/IT/TOTAL","https://ec.europa.eu/eurostat/api/dissemination/statistics/1.0/data/prc_hpi_q?format=JSON&geo=IT&purchase=TOTAL&unit=I15_Q&sinceTimePeriod=2023-Q1","","indexed","pct","0","0","quarterly","index 2015=100 (indexed Jan-23=100)","NSA","80","300","118.1","2025-Q4","yes","production","Eurostat","Eurostat","official","newly_added_v5","active","https://ec.europa.eu/eurostat/api/dissemination/statistics/1.0/data/prc_hpi_q?format=JSON&geo=IT&purchase=TOTAL&unit=I15_Q&sinceTimePeriod=2023-Q1","","Eurostat house price index (total dwellings, 2015=100), re-indexed Jan-2023=100. Two-sided: wealth effect vs affordability.","Wealth, housing & buffers","house prices","1","eurostat","wealth_effect","Italy - House prices","House prices","house prices","Wealth, housing & buffers","6","two_sided","wealth effect up / affordability worse","wealth softer / affordability better","House prices / wealth effect","House prices / wealth effect","yes","indexed","country_category"
"UK-041","UK","context","Debt service and stress","debt service burden","Household debt-service ratio (BIS harmonised)","all households","context","wired","bis","","WS_DSR/Q.GB.H","https://stats.bis.org/api/v2/data/dataflow/BIS/WS_DSR/1.0/Q.GB.H?startPeriod=2023&format=csv","","rawpct","pts","-1","0","quarterly","% of disposable income","NSA","0","25","8.7","2025-Q3","yes","production","BIS","Bank for International Settlements","official","newly_added_v5","active","https://stats.bis.org/api/v2/data/dataflow/BIS/WS_DSR/1.0/Q.GB.H?startPeriod=2023&format=csv","","BIS harmonised household debt-service ratio (% of disposable income), quarterly. Cross-country comparable; methodology differs from the US FRB measure (US-033). Higher = more income absorbed by debt service.","Credit & stress","debt service burden","1","bis","credit_stress","UK - Debt-service ratio","Debt-service ratio","debt service burden","Credit & stress","5","pressure","more income absorbed by debt","less income absorbed by debt","Debt-service ratio","Debt-service ratio","yes","rate","country_category"
"DE-032","Germany","context","Debt service and stress","debt service burden","Household debt-service ratio (BIS harmonised)","all households","context","wired","bis","","WS_DSR/Q.DE.H","https://stats.bis.org/api/v2/data/dataflow/BIS/WS_DSR/1.0/Q.DE.H?startPeriod=2023&format=csv","","rawpct","pts","-1","0","quarterly","% of disposable income","NSA","0","25","5.4","2025-Q3","yes","production","BIS","Bank for International Settlements","official","newly_added_v5","active","https://stats.bis.org/api/v2/data/dataflow/BIS/WS_DSR/1.0/Q.DE.H?startPeriod=2023&format=csv","","BIS harmonised household debt-service ratio (% of disposable income), quarterly. Cross-country comparable. Higher = more income absorbed by debt service.","Credit & stress","debt service burden","1","bis","credit_stress","Germany - Debt-service ratio","Debt-service ratio","debt service burden","Credit & stress","5","pressure","more income absorbed by debt","less income absorbed by debt","Debt-service ratio","Debt-service ratio","yes","rate","country_category"
"FR-034","France","context","Debt service and stress","debt service burden","Household debt-service ratio (BIS harmonised)","all households","context","wired","bis","","WS_DSR/Q.FR.H","https://stats.bis.org/api/v2/data/dataflow/BIS/WS_DSR/1.0/Q.FR.H?startPeriod=2023&format=csv","","rawpct","pts","-1","0","quarterly","% of disposable income","NSA","0","25","5.9","2025-Q3","yes","production","BIS","Bank for International Settlements","official","newly_added_v5","active","https://stats.bis.org/api/v2/data/dataflow/BIS/WS_DSR/1.0/Q.FR.H?startPeriod=2023&format=csv","","BIS harmonised household debt-service ratio (% of disposable income), quarterly. Cross-country comparable. Higher = more income absorbed by debt service.","Credit & stress","debt service burden","1","bis","credit_stress","France - Debt-service ratio","Debt-service ratio","debt service burden","Credit & stress","5","pressure","more income absorbed by debt","less income absorbed by debt","Debt-service ratio","Debt-service ratio","yes","rate","country_category"
"ES-043","Spain","context","Debt service and stress","debt service burden","Household debt-service ratio (BIS harmonised)","all households","context","wired","bis","","WS_DSR/Q.ES.H","https://stats.bis.org/api/v2/data/dataflow/BIS/WS_DSR/1.0/Q.ES.H?startPeriod=2023&format=csv","","rawpct","pts","-1","0","quarterly","% of disposable income","NSA","0","25","5.2","2025-Q3","yes","production","BIS","Bank for International Settlements","official","newly_added_v5","active","https://stats.bis.org/api/v2/data/dataflow/BIS/WS_DSR/1.0/Q.ES.H?startPeriod=2023&format=csv","","BIS harmonised household debt-service ratio (% of disposable income), quarterly. Cross-country comparable. Higher = more income absorbed by debt service.","Credit & stress","debt service burden","1","bis","credit_stress","Spain - Debt-service ratio","Debt-service ratio","debt service burden","Credit & stress","5","pressure","more income absorbed by debt","less income absorbed by debt","Debt-service ratio","Debt-service ratio","yes","rate","country_category"
"IT-033","Italy","context","Debt service and stress","debt service burden","Household debt-service ratio (BIS harmonised)","all households","context","wired","bis","","WS_DSR/Q.IT.H","https://stats.bis.org/api/v2/data/dataflow/BIS/WS_DSR/1.0/Q.IT.H?startPeriod=2023&format=csv","","rawpct","pts","-1","0","quarterly","% of disposable income","NSA","0","25","4.2","2025-Q3","yes","production","BIS","Bank for International Settlements","official","newly_added_v5","active","https://stats.bis.org/api/v2/data/dataflow/BIS/WS_DSR/1.0/Q.IT.H?startPeriod=2023&format=csv","","BIS harmonised household debt-service ratio (% of disposable income), quarterly. Cross-country comparable. Higher = more income absorbed by debt service.","Credit & stress","debt service burden","1","bis","credit_stress","Italy - Debt-service ratio","Debt-service ratio","debt service burden","Credit & stress","5","pressure","more income absorbed by debt","less income absorbed by debt","Debt-service ratio","Debt-service ratio","yes","rate","country_category"
"DE-033","Germany","context","Share-of-wallet pressure","energy","HICP energy (index)","all households","context","wired","eurostat","","prc_hicp_minr/DE/NRG","https://ec.europa.eu/eurostat/api/dissemination/statistics/1.0/data/prc_hicp_minr?format=JSON&geo=DE&coicop18=NRG&unit=I15&sinceTimePeriod=2023-01","","indexed","pct","-1","0","monthly","index 2015=100","SA","","","","","yes","production","Eurostat","Eurostat","official","newly_added_v6; migrated prc_hicp_midx->prc_hicp_minr ECOICOP-2 2026-06-09","active","https://ec.europa.eu/eurostat/api/dissemination/statistics/1.0/data/prc_hicp_minr?format=JSON&geo=DE&coicop18=NRG&unit=I15&sinceTimePeriod=2023-01","","HICP energy (Eurostat), index 2015=100, re-indexed Jan-2023=100. | ECOICOP-2 successor series (prc_hicp_minr); history revised vs prior ECOICOP-1 captures (old prc_hicp_midx froze at 2025-12 at the reclassification boundary). Index 2015=100, re-indexed Jan-2023=100.","Share-of-wallet squeeze","energy","1","eurostat","squeeze","Germany - Energy prices","Energy prices","energy","Share-of-wallet squeeze","2","pressure","rising energy-cost pressure","easing energy-cost pressure","Energy prices","Energy prices","yes","indexed","country_category"
"DE-034","Germany","context","Share-of-wallet pressure","rent / shelter","HICP actual rentals for housing (index)","all households","context","wired","eurostat","","prc_hicp_minr/DE/CP041","https://ec.europa.eu/eurostat/api/dissemination/statistics/1.0/data/prc_hicp_minr?format=JSON&geo=DE&coicop18=CP041&unit=I15&sinceTimePeriod=2023-01","","indexed","pct","-1","0","monthly","index 2015=100","SA","","","","","yes","production","Eurostat","Eurostat","official","newly_added_v6; migrated prc_hicp_midx->prc_hicp_minr ECOICOP-2 2026-06-09","active","https://ec.europa.eu/eurostat/api/dissemination/statistics/1.0/data/prc_hicp_minr?format=JSON&geo=DE&coicop18=CP041&unit=I15&sinceTimePeriod=2023-01","","HICP actual rentals for housing (Eurostat), re-indexed Jan-2023=100. | ECOICOP-2 successor series (prc_hicp_minr); history revised vs prior ECOICOP-1 captures (old prc_hicp_midx froze at 2025-12 at the reclassification boundary). Index 2015=100, re-indexed Jan-2023=100.","Share-of-wallet squeeze","rent / shelter","1","eurostat","squeeze","Germany - Rent / shelter","Rent / shelter","rent / shelter","Share-of-wallet squeeze","2","pressure","rising rent pressure","easing rent pressure","Rent / shelter","Rent / shelter","yes","indexed","country_category"
"DE-035","Germany","context","Share-of-wallet pressure","restaurants / hotels","HICP restaurants & hotels (index)","all households","context","wired","eurostat","","prc_hicp_minr/DE/CP11","https://ec.europa.eu/eurostat/api/dissemination/statistics/1.0/data/prc_hicp_minr?format=JSON&geo=DE&coicop18=CP11&unit=I15&sinceTimePeriod=2023-01","","indexed","pct","-1","0","monthly","index 2015=100","SA","","","","","yes","production","Eurostat","Eurostat","official","newly_added_v6; migrated prc_hicp_midx->prc_hicp_minr ECOICOP-2 2026-06-09","active","https://ec.europa.eu/eurostat/api/dissemination/statistics/1.0/data/prc_hicp_minr?format=JSON&geo=DE&coicop18=CP11&unit=I15&sinceTimePeriod=2023-01","","HICP restaurants & hotels (Eurostat), re-indexed Jan-2023=100. Discretionary squeeze. | ECOICOP-2 successor series (prc_hicp_minr); history revised vs prior ECOICOP-1 captures (old prc_hicp_midx froze at 2025-12 at the reclassification boundary). Index 2015=100, re-indexed Jan-2023=100.","Share-of-wallet squeeze","restaurants / hotels","1","eurostat","squeeze","Germany - Restaurants & hotels","Restaurants & hotels","restaurants / hotels","Share-of-wallet squeeze","2","pressure","rising dining/leisure-cost pressure","easing dining/leisure-cost pressure","Share-of-wallet pressure basket","Share-of-wallet pressure basket","yes","indexed","country_category"
"ES-044","Spain","context","Share-of-wallet pressure","energy","HICP energy (index)","all households","context","wired","eurostat","","prc_hicp_minr/ES/NRG","https://ec.europa.eu/eurostat/api/dissemination/statistics/1.0/data/prc_hicp_minr?format=JSON&geo=ES&coicop18=NRG&unit=I15&sinceTimePeriod=2023-01","","indexed","pct","-1","0","monthly","index 2015=100","SA","","","","","yes","production","Eurostat","Eurostat","official","newly_added_v6; migrated prc_hicp_midx->prc_hicp_minr ECOICOP-2 2026-06-09","active","https://ec.europa.eu/eurostat/api/dissemination/statistics/1.0/data/prc_hicp_minr?format=JSON&geo=ES&coicop18=NRG&unit=I15&sinceTimePeriod=2023-01","","HICP energy (Eurostat), re-indexed Jan-2023=100. | ECOICOP-2 successor series (prc_hicp_minr); history revised vs prior ECOICOP-1 captures (old prc_hicp_midx froze at 2025-12 at the reclassification boundary). Index 2015=100, re-indexed Jan-2023=100.","Share-of-wallet squeeze","energy","1","eurostat","squeeze","Spain - Energy prices","Energy prices","energy","Share-of-wallet squeeze","2","pressure","rising energy-cost pressure","easing energy-cost pressure","Energy prices","Energy prices","yes","indexed","country_category"
"ES-045","Spain","context","Share-of-wallet pressure","rent / shelter","HICP actual rentals for housing (index)","all households","context","wired","eurostat","","prc_hicp_minr/ES/CP041","https://ec.europa.eu/eurostat/api/dissemination/statistics/1.0/data/prc_hicp_minr?format=JSON&geo=ES&coicop18=CP041&unit=I15&sinceTimePeriod=2023-01","","indexed","pct","-1","0","monthly","index 2015=100","SA","","","","","yes","production","Eurostat","Eurostat","official","newly_added_v6; migrated prc_hicp_midx->prc_hicp_minr ECOICOP-2 2026-06-09","active","https://ec.europa.eu/eurostat/api/dissemination/statistics/1.0/data/prc_hicp_minr?format=JSON&geo=ES&coicop18=CP041&unit=I15&sinceTimePeriod=2023-01","","HICP actual rentals (Eurostat), re-indexed Jan-2023=100. | ECOICOP-2 successor series (prc_hicp_minr); history revised vs prior ECOICOP-1 captures (old prc_hicp_midx froze at 2025-12 at the reclassification boundary). Index 2015=100, re-indexed Jan-2023=100.","Share-of-wallet squeeze","rent / shelter","1","eurostat","squeeze","Spain - Rent / shelter","Rent / shelter","rent / shelter","Share-of-wallet squeeze","2","pressure","rising rent pressure","easing rent pressure","Rent / shelter","Rent / shelter","yes","indexed","country_category"
"ES-046","Spain","context","Share-of-wallet pressure","restaurants / hotels","HICP restaurants & hotels (index)","all households","context","wired","eurostat","","prc_hicp_minr/ES/CP11","https://ec.europa.eu/eurostat/api/dissemination/statistics/1.0/data/prc_hicp_minr?format=JSON&geo=ES&coicop18=CP11&unit=I15&sinceTimePeriod=2023-01","","indexed","pct","-1","0","monthly","index 2015=100","SA","","","","","yes","production","Eurostat","Eurostat","official","newly_added_v6; migrated prc_hicp_midx->prc_hicp_minr ECOICOP-2 2026-06-09","active","https://ec.europa.eu/eurostat/api/dissemination/statistics/1.0/data/prc_hicp_minr?format=JSON&geo=ES&coicop18=CP11&unit=I15&sinceTimePeriod=2023-01","","HICP restaurants & hotels (Eurostat), re-indexed Jan-2023=100. | ECOICOP-2 successor series (prc_hicp_minr); history revised vs prior ECOICOP-1 captures (old prc_hicp_midx froze at 2025-12 at the reclassification boundary). Index 2015=100, re-indexed Jan-2023=100.","Share-of-wallet squeeze","restaurants / hotels","1","eurostat","squeeze","Spain - Restaurants & hotels","Restaurants & hotels","restaurants / hotels","Share-of-wallet squeeze","2","pressure","rising dining/leisure-cost pressure","easing dining/leisure-cost pressure","Share-of-wallet pressure basket","Share-of-wallet pressure basket","yes","indexed","country_category"
"FR-035","France","context","Share-of-wallet pressure","energy","HICP energy (index)","all households","context","wired","eurostat","","prc_hicp_minr/FR/NRG","https://ec.europa.eu/eurostat/api/dissemination/statistics/1.0/data/prc_hicp_minr?format=JSON&geo=FR&coicop18=NRG&unit=I15&sinceTimePeriod=2023-01","","indexed","pct","-1","0","monthly","index 2015=100","SA","","","","","yes","production","Eurostat","Eurostat","official","newly_added_v6; migrated prc_hicp_midx->prc_hicp_minr ECOICOP-2 2026-06-09","active","https://ec.europa.eu/eurostat/api/dissemination/statistics/1.0/data/prc_hicp_minr?format=JSON&geo=FR&coicop18=NRG&unit=I15&sinceTimePeriod=2023-01","","HICP energy (Eurostat), re-indexed Jan-2023=100. | ECOICOP-2 successor series (prc_hicp_minr); history revised vs prior ECOICOP-1 captures (old prc_hicp_midx froze at 2025-12 at the reclassification boundary). Index 2015=100, re-indexed Jan-2023=100.","Share-of-wallet squeeze","energy","1","eurostat","squeeze","France - Energy prices","Energy prices","energy","Share-of-wallet squeeze","2","pressure","rising energy-cost pressure","easing energy-cost pressure","Energy prices","Energy prices","yes","indexed","country_category"
"FR-036","France","context","Share-of-wallet pressure","rent / shelter","HICP actual rentals for housing (index)","all households","context","wired","eurostat","","prc_hicp_minr/FR/CP041","https://ec.europa.eu/eurostat/api/dissemination/statistics/1.0/data/prc_hicp_minr?format=JSON&geo=FR&coicop18=CP041&unit=I15&sinceTimePeriod=2023-01","","indexed","pct","-1","0","monthly","index 2015=100","SA","","","","","yes","production","Eurostat","Eurostat","official","newly_added_v6; migrated prc_hicp_midx->prc_hicp_minr ECOICOP-2 2026-06-09","active","https://ec.europa.eu/eurostat/api/dissemination/statistics/1.0/data/prc_hicp_minr?format=JSON&geo=FR&coicop18=CP041&unit=I15&sinceTimePeriod=2023-01","","HICP actual rentals (Eurostat), re-indexed Jan-2023=100. | ECOICOP-2 successor series (prc_hicp_minr); history revised vs prior ECOICOP-1 captures (old prc_hicp_midx froze at 2025-12 at the reclassification boundary). Index 2015=100, re-indexed Jan-2023=100.","Share-of-wallet squeeze","rent / shelter","1","eurostat","squeeze","France - Rent / shelter","Rent / shelter","rent / shelter","Share-of-wallet squeeze","2","pressure","rising rent pressure","easing rent pressure","Rent / shelter","Rent / shelter","yes","indexed","country_category"
"FR-037","France","context","Share-of-wallet pressure","restaurants / hotels","HICP restaurants & hotels (index)","all households","context","wired","eurostat","","prc_hicp_minr/FR/CP11","https://ec.europa.eu/eurostat/api/dissemination/statistics/1.0/data/prc_hicp_minr?format=JSON&geo=FR&coicop18=CP11&unit=I15&sinceTimePeriod=2023-01","","indexed","pct","-1","0","monthly","index 2015=100","SA","","","","","yes","production","Eurostat","Eurostat","official","newly_added_v6; migrated prc_hicp_midx->prc_hicp_minr ECOICOP-2 2026-06-09","active","https://ec.europa.eu/eurostat/api/dissemination/statistics/1.0/data/prc_hicp_minr?format=JSON&geo=FR&coicop18=CP11&unit=I15&sinceTimePeriod=2023-01","","HICP restaurants & hotels (Eurostat), re-indexed Jan-2023=100. | ECOICOP-2 successor series (prc_hicp_minr); history revised vs prior ECOICOP-1 captures (old prc_hicp_midx froze at 2025-12 at the reclassification boundary). Index 2015=100, re-indexed Jan-2023=100.","Share-of-wallet squeeze","restaurants / hotels","1","eurostat","squeeze","France - Restaurants & hotels","Restaurants & hotels","restaurants / hotels","Share-of-wallet squeeze","2","pressure","rising dining/leisure-cost pressure","easing dining/leisure-cost pressure","Share-of-wallet pressure basket","Share-of-wallet pressure basket","yes","indexed","country_category"
"IT-034","Italy","context","Share-of-wallet pressure","energy","HICP energy (index)","all households","context","wired","eurostat","","prc_hicp_minr/IT/NRG","https://ec.europa.eu/eurostat/api/dissemination/statistics/1.0/data/prc_hicp_minr?format=JSON&geo=IT&coicop18=NRG&unit=I15&sinceTimePeriod=2023-01","","indexed","pct","-1","0","monthly","index 2015=100","SA","","","","","yes","production","Eurostat","Eurostat","official","newly_added_v6; migrated prc_hicp_midx->prc_hicp_minr ECOICOP-2 2026-06-09","active","https://ec.europa.eu/eurostat/api/dissemination/statistics/1.0/data/prc_hicp_minr?format=JSON&geo=IT&coicop18=NRG&unit=I15&sinceTimePeriod=2023-01","","HICP energy (Eurostat), re-indexed Jan-2023=100. | ECOICOP-2 successor series (prc_hicp_minr); history revised vs prior ECOICOP-1 captures (old prc_hicp_midx froze at 2025-12 at the reclassification boundary). Index 2015=100, re-indexed Jan-2023=100.","Share-of-wallet squeeze","energy","1","eurostat","squeeze","Italy - Energy prices","Energy prices","energy","Share-of-wallet squeeze","2","pressure","rising energy-cost pressure","easing energy-cost pressure","Energy prices","Energy prices","yes","indexed","country_category"
"IT-035","Italy","context","Share-of-wallet pressure","rent / shelter","HICP actual rentals for housing (index)","all households","context","wired","eurostat","","prc_hicp_minr/IT/CP041","https://ec.europa.eu/eurostat/api/dissemination/statistics/1.0/data/prc_hicp_minr?format=JSON&geo=IT&coicop18=CP041&unit=I15&sinceTimePeriod=2023-01","","indexed","pct","-1","0","monthly","index 2015=100","SA","","","","","yes","production","Eurostat","Eurostat","official","newly_added_v6; migrated prc_hicp_midx->prc_hicp_minr ECOICOP-2 2026-06-09","active","https://ec.europa.eu/eurostat/api/dissemination/statistics/1.0/data/prc_hicp_minr?format=JSON&geo=IT&coicop18=CP041&unit=I15&sinceTimePeriod=2023-01","","HICP actual rentals (Eurostat), re-indexed Jan-2023=100. | ECOICOP-2 successor series (prc_hicp_minr); history revised vs prior ECOICOP-1 captures (old prc_hicp_midx froze at 2025-12 at the reclassification boundary). Index 2015=100, re-indexed Jan-2023=100.","Share-of-wallet squeeze","rent / shelter","1","eurostat","squeeze","Italy - Rent / shelter","Rent / shelter","rent / shelter","Share-of-wallet squeeze","2","pressure","rising rent pressure","easing rent pressure","Rent / shelter","Rent / shelter","yes","indexed","country_category"
"IT-036","Italy","context","Share-of-wallet pressure","restaurants / hotels","HICP restaurants & hotels (index)","all households","context","wired","eurostat","","prc_hicp_minr/IT/CP11","https://ec.europa.eu/eurostat/api/dissemination/statistics/1.0/data/prc_hicp_minr?format=JSON&geo=IT&coicop18=CP11&unit=I15&sinceTimePeriod=2023-01","","indexed","pct","-1","0","monthly","index 2015=100","SA","","","","","yes","production","Eurostat","Eurostat","official","newly_added_v6; migrated prc_hicp_midx->prc_hicp_minr ECOICOP-2 2026-06-09","active","https://ec.europa.eu/eurostat/api/dissemination/statistics/1.0/data/prc_hicp_minr?format=JSON&geo=IT&coicop18=CP11&unit=I15&sinceTimePeriod=2023-01","","HICP restaurants & hotels (Eurostat), re-indexed Jan-2023=100. | ECOICOP-2 successor series (prc_hicp_minr); history revised vs prior ECOICOP-1 captures (old prc_hicp_midx froze at 2025-12 at the reclassification boundary). Index 2015=100, re-indexed Jan-2023=100.","Share-of-wallet squeeze","restaurants / hotels","1","eurostat","squeeze","Italy - Restaurants & hotels","Restaurants & hotels","restaurants / hotels","Share-of-wallet squeeze","2","pressure","rising dining/leisure-cost pressure","easing dining/leisure-cost pressure","Share-of-wallet pressure basket","Share-of-wallet pressure basket","yes","indexed","country_category"
"UK-042","UK","context","Credit and liquidity","credit-card interest rate","BoE quoted credit-card interest rate","all households","context","wired","boe","","IUMCCTL","http://www.bankofengland.co.uk/boeapps/iadb/fromshowcolumns.asp?csv.x=yes&SeriesCodes=IUMCCTL&CSVF=TN&UsingCodes=Y&Datefrom=01/Jan/2023&Dateto=now","","rawpct","pts","-1","0","monthly","% APR","SA","0","40","","","yes","production","Bank of England","Bank of England","official","newly_added_v6","active","http://www.bankofengland.co.uk/boeapps/iadb/fromshowcolumns.asp?csv.x=yes&SeriesCodes=IUMCCTL&CSVF=TN&UsingCodes=Y&Datefrom=01/Jan/2023&Dateto=now","","BoE quoted credit-card interest rate, % APR.","Credit & stress","credit-card interest rate","1","boe","credit_stress","UK - Credit-card rate","Credit-card rate","credit-card interest rate","Credit & stress","5","pressure","rising debt-service pressure","easing debt-service pressure","Credit-card / unsecured credit rates","Credit-card / unsecured credit rates","yes","rate","country_category"
"UK-043","UK","context","Credit and liquidity","personal loan rate","BoE quoted personal loan rate (GBP 10000)","all households","context","wired","boe","","IUMBX67","http://www.bankofengland.co.uk/boeapps/iadb/fromshowcolumns.asp?csv.x=yes&SeriesCodes=IUMBX67&CSVF=TN&UsingCodes=Y&Datefrom=01/Jan/2023&Dateto=now","","rawpct","pts","-1","0","monthly","% APR","SA","0","30","","","yes","production","Bank of England","Bank of England","official","newly_added_v6","active","http://www.bankofengland.co.uk/boeapps/iadb/fromshowcolumns.asp?csv.x=yes&SeriesCodes=IUMBX67&CSVF=TN&UsingCodes=Y&Datefrom=01/Jan/2023&Dateto=now","","BoE quoted personal-loan rate (GBP 10,000), % APR.","Credit & stress","personal loan rate","1","boe","credit_stress","UK - Personal loan rate","Personal loan rate","personal loan rate","Credit & stress","5","pressure","rising debt-service pressure","easing debt-service pressure","Credit-card / unsecured credit rates","Credit-card / unsecured credit rates","yes","rate","country_category"
"UK-044","UK","context","Credit and liquidity","mortgage rates","BoE quoted 2yr fixed 75pct LTV mortgage rate","all households","context","wired","boe","","IUMBV34","http://www.bankofengland.co.uk/boeapps/iadb/fromshowcolumns.asp?csv.x=yes&SeriesCodes=IUMBV34&CSVF=TN&UsingCodes=Y&Datefrom=01/Jan/2023&Dateto=now","","rawpct","pts","-1","0","monthly","% p.a.","SA","0","15","","","yes","production","Bank of England","Bank of England","official","newly_added_v6","active","http://www.bankofengland.co.uk/boeapps/iadb/fromshowcolumns.asp?csv.x=yes&SeriesCodes=IUMBV34&CSVF=TN&UsingCodes=Y&Datefrom=01/Jan/2023&Dateto=now","","BoE quoted 2-year fixed 75% LTV mortgage rate, % p.a.","Credit & stress","mortgage rates","1","boe","credit_stress","UK - Mortgage rate","Mortgage rate","mortgage rates","Credit & stress","5","pressure","worsening mortgage affordability","improving mortgage affordability","Mortgage rates / housing affordability","Mortgage rates / housing affordability","yes","rate","country_category"
"UK-045","UK","context","Credit and liquidity","overdraft rate","BoE quoted overdraft rate","all households","context","wired","boe","","IUMODTL","http://www.bankofengland.co.uk/boeapps/iadb/fromshowcolumns.asp?csv.x=yes&SeriesCodes=IUMODTL&CSVF=TN&UsingCodes=Y&Datefrom=01/Jan/2023&Dateto=now","","rawpct","pts","-1","0","monthly","% APR","SA","0","60","","","yes","production","Bank of England","Bank of England","official","newly_added_v6","active","http://www.bankofengland.co.uk/boeapps/iadb/fromshowcolumns.asp?csv.x=yes&SeriesCodes=IUMODTL&CSVF=TN&UsingCodes=Y&Datefrom=01/Jan/2023&Dateto=now","","BoE quoted overdraft rate, % APR. UK consumer-stress signal.","Credit & stress","overdraft rate","1","boe","credit_stress","UK - Overdraft rate","Overdraft rate","overdraft rate","Credit & stress","5","pressure","rising debt-service pressure","easing debt-service pressure","Credit-card / unsecured credit rates","Credit-card / unsecured credit rates","yes","rate","country_category"
"UK-046","UK","context","Policy / administered support","central-bank policy rate","BoE Bank Rate (official)","all households","context","wired","boe","","IUMABEDR","http://www.bankofengland.co.uk/boeapps/iadb/fromshowcolumns.asp?csv.x=yes&SeriesCodes=IUMABEDR&CSVF=TN&UsingCodes=Y&Datefrom=01/Jan/2023&Dateto=now","","rawpct","pts","0","0","monthly","% p.a.","SA","0","12","","","yes","production","Bank of England","Bank of England","official","newly_added_v6","active","http://www.bankofengland.co.uk/boeapps/iadb/fromshowcolumns.asp?csv.x=yes&SeriesCodes=IUMABEDR&CSVF=TN&UsingCodes=Y&Datefrom=01/Jan/2023&Dateto=now","","BoE official Bank Rate, monthly, % p.a. Policy anchor.","Credit & stress","central-bank policy rate","1","boe","policy","UK - Policy rate","Policy rate","central-bank policy rate","Credit & stress","5","pressure","tightening / rising credit cost","easing / falling credit cost","Policy rates / policy support","Policy rates / policy support","yes","rate","country_category"
"US-037","USA","context","Labour pressure","job vacancies","JOLTS job openings (total nonfarm)","all households","context","wired","fred","","JTSJOL","https://api.stlouisfed.org/fred/series/observations?series_id=JTSJOL&api_key={KEY}&file_type=json&observation_start=2023-01-01","","indexed","pct","1","0","monthly","thousands","SA","","","","","yes","production","FRED/BLS","FRED/BLS","official","newly_added_v6","active","https://api.stlouisfed.org/fred/series/observations?series_id=JTSJOL&api_key={KEY}&file_type=json&observation_start=2023-01-01","","JOLTS job openings, total nonfarm (BLS via FRED), indexed Jan-2023=100. Official vacancies (vs the Indeed proxy).","Capacity to spend","job vacancies","1","fred","labour_pressure","USA - Job openings","Job openings","job vacancies","Capacity to spend","1","spending","improving labour demand","cooling labour demand","Labour tightness / job vacancies","Labour tightness / job vacancies","yes","indexed","country_category"
"US-038","USA","context","Labour pressure","hires","JOLTS hires (total nonfarm)","all households","context","wired","fred","","JTSHIL","https://api.stlouisfed.org/fred/series/observations?series_id=JTSHIL&api_key={KEY}&file_type=json&observation_start=2023-01-01","","indexed","pct","1","0","monthly","thousands","SA","","","","","yes","production","FRED/BLS","FRED/BLS","official","newly_added_v6","active","https://api.stlouisfed.org/fred/series/observations?series_id=JTSHIL&api_key={KEY}&file_type=json&observation_start=2023-01-01","","JOLTS hires, total nonfarm (BLS via FRED), indexed Jan-2023=100.","Capacity to spend","hires","1","fred","labour_pressure","USA - Hires","Hires","hires","Capacity to spend","1","spending","improving hiring","slowing hiring","Labour tightness / job vacancies","Labour tightness / job vacancies","yes","indexed","country_category"
"US-039","USA","context","Labour pressure","quits","JOLTS quits (total nonfarm)","all households","context","wired","fred","","JTSQUL","https://api.stlouisfed.org/fred/series/observations?series_id=JTSQUL&api_key={KEY}&file_type=json&observation_start=2023-01-01","","indexed","pct","0","0","monthly","thousands","SA","","","","","yes","production","FRED/BLS","FRED/BLS","official","newly_added_v6","active","https://api.stlouisfed.org/fred/series/observations?series_id=JTSQUL&api_key={KEY}&file_type=json&observation_start=2023-01-01","","JOLTS quits, total nonfarm (BLS via FRED), indexed Jan-2023=100. Falling quits = weaker worker confidence (early turning point).","Capacity to spend","quits","1","fred","labour_pressure","USA - Quits","Quits","quits","Capacity to spend","1","two_sided","worker confidence / tight labour market","falling worker confidence","Labour tightness / job vacancies","Labour tightness / job vacancies","yes","indexed","country_category"
"US-040","USA","context","Labour pressure","layoffs / discharges","JOLTS layoffs & discharges (total nonfarm)","all households","context","wired","fred","","JTSLDL","https://api.stlouisfed.org/fred/series/observations?series_id=JTSLDL&api_key={KEY}&file_type=json&observation_start=2023-01-01","","indexed","pct","-1","0","monthly","thousands","SA","","","","","yes","production","FRED/BLS","FRED/BLS","official","newly_added_v6","active","https://api.stlouisfed.org/fred/series/observations?series_id=JTSLDL&api_key={KEY}&file_type=json&observation_start=2023-01-01","","JOLTS layoffs & discharges, total nonfarm (BLS via FRED), indexed Jan-2023=100.","Capacity to spend","layoffs / discharges","1","fred","labour_pressure","USA - Layoffs","Layoffs","layoffs / discharges","Capacity to spend","1","pressure","rising labour pressure","easing labour pressure","Labour tightness / job vacancies","Labour tightness / job vacancies","yes","indexed","country_category"
"US-041","USA","context","Labour pressure","business applications","Business applications (total US)","all households","context","wired","fred","","BABATOTALSAUS","https://api.stlouisfed.org/fred/series/observations?series_id=BABATOTALSAUS&api_key={KEY}&file_type=json&observation_start=2023-01-01","","raw","pct","1","0","monthly","applications","SA","","","","","yes","production","FRED/Census","FRED/Census","official","newly_added_v6","active","https://api.stlouisfed.org/fred/series/observations?series_id=BABATOTALSAUS&api_key={KEY}&file_type=json&observation_start=2023-01-01","","Business applications, total US (Census via FRED), indexed Jan-2023=100. Business-formation signal.","Capacity to spend","business applications","1","fred","labour_pressure","USA - Business applications","Business applications","business applications","Capacity to spend","1","spending","improving business formation","slowing business formation","Business formation / insolvency","Business formation / insolvency","yes","indexed","country_category"
"US-042","USA","context","Share-of-wallet pressure","energy","CPI energy (urban consumers)","all households","context","wired","fred","","CPIENGSL","https://api.stlouisfed.org/fred/series/observations?series_id=CPIENGSL&api_key={KEY}&file_type=json&observation_start=2023-01-01","","indexed","pct","-1","0","monthly","index 1982-84=100","SA","","","","","yes","production","FRED/BLS","FRED/BLS","official","newly_added_v6","active","https://api.stlouisfed.org/fred/series/observations?series_id=CPIENGSL&api_key={KEY}&file_type=json&observation_start=2023-01-01","","CPI energy (BLS via FRED), indexed Jan-2023=100. Rising = bigger energy share of wallet.","Share-of-wallet squeeze","energy","1","fred","squeeze","USA - Energy prices","Energy prices","energy","Share-of-wallet squeeze","2","pressure","rising energy-cost pressure","easing energy-cost pressure","Energy prices","Energy prices","yes","indexed","country_category"
"US-043","USA","context","Share-of-wallet pressure","rent / shelter","CPI rent of primary residence","all households","context","wired","fred","","CUSR0000SEHA","https://api.stlouisfed.org/fred/series/observations?series_id=CUSR0000SEHA&api_key={KEY}&file_type=json&observation_start=2023-01-01","","indexed","pct","-1","0","monthly","index","SA","","","","","yes","production","FRED/BLS","FRED/BLS","official","newly_added_v6","active","https://api.stlouisfed.org/fred/series/observations?series_id=CUSR0000SEHA&api_key={KEY}&file_type=json&observation_start=2023-01-01","","CPI rent of primary residence (BLS via FRED), indexed Jan-2023=100.","Share-of-wallet squeeze","rent / shelter","1","fred","squeeze","USA - Rent / shelter","Rent / shelter","rent / shelter","Share-of-wallet squeeze","2","pressure","rising rent pressure","easing rent pressure","Rent / shelter","Rent / shelter","yes","indexed","country_category"
"US-044","USA","context","Share-of-wallet pressure","healthcare / medical","CPI medical care","all households","context","wired","fred","","CPIMEDSL","https://api.stlouisfed.org/fred/series/observations?series_id=CPIMEDSL&api_key={KEY}&file_type=json&observation_start=2023-01-01","","indexed","pct","-1","0","monthly","index","SA","","","","","yes","production","FRED/BLS","FRED/BLS","official","newly_added_v6","active","https://api.stlouisfed.org/fred/series/observations?series_id=CPIMEDSL&api_key={KEY}&file_type=json&observation_start=2023-01-01","","CPI medical care (BLS via FRED), indexed Jan-2023=100.","Share-of-wallet squeeze","healthcare / medical","1","fred","squeeze","USA - Medical care","Medical care","healthcare / medical","Share-of-wallet squeeze","2","pressure","rising medical-cost pressure","easing medical-cost pressure","Share-of-wallet pressure basket","Share-of-wallet pressure basket","yes","indexed","country_category"
"US-045","USA","context","Share-of-wallet pressure","motor insurance","CPI motor vehicle insurance","all households","context","wired","fred","","CUSR0000SETD","https://api.stlouisfed.org/fred/series/observations?series_id=CUSR0000SETD&api_key={KEY}&file_type=json&observation_start=2023-01-01","","indexed","pct","-1","0","monthly","index","SA","","","","","yes","production","FRED/BLS","FRED/BLS","official","newly_added_v6","active","https://api.stlouisfed.org/fred/series/observations?series_id=CUSR0000SETD&api_key={KEY}&file_type=json&observation_start=2023-01-01","","CPI motor-vehicle insurance (BLS via FRED), indexed Jan-2023=100. A major 2023-25 squeeze driver.","Share-of-wallet squeeze","motor insurance","1","fred","squeeze","USA - Motor insurance","Motor insurance","motor insurance","Share-of-wallet squeeze","2","pressure","rising insurance-cost pressure","easing insurance-cost pressure","Share-of-wallet pressure basket","Share-of-wallet pressure basket","yes","indexed","country_category"
"US-046","USA","context","Share-of-wallet pressure","fuel / petrol","CPI gasoline (all types)","all households","context","wired","fred","","CUSR0000SETB01","https://api.stlouisfed.org/fred/series/observations?series_id=CUSR0000SETB01&api_key={KEY}&file_type=json&observation_start=2023-01-01","","indexed","pct","-1","0","monthly","index","SA","","","","","yes","production","FRED/BLS","FRED/BLS","official","newly_added_v6","active","https://api.stlouisfed.org/fred/series/observations?series_id=CUSR0000SETB01&api_key={KEY}&file_type=json&observation_start=2023-01-01","","CPI gasoline all types (BLS via FRED), indexed Jan-2023=100.","Share-of-wallet squeeze","fuel / petrol","1","fred","squeeze","USA - Fuel / petrol","Fuel / petrol","fuel / petrol","Share-of-wallet squeeze","2","pressure","rising fuel-cost pressure","easing fuel-cost pressure","Energy prices","Energy prices","yes","indexed","country_category"
"US-047","USA","context","Share-of-wallet pressure","airfares / travel","CPI airline fares","all households","context","wired","fred","","CUSR0000SETG01","https://api.stlouisfed.org/fred/series/observations?series_id=CUSR0000SETG01&api_key={KEY}&file_type=json&observation_start=2023-01-01","","indexed","pct","-1","0","monthly","index","SA","","","","","yes","production","FRED/BLS","FRED/BLS","official","newly_added_v6","active","https://api.stlouisfed.org/fred/series/observations?series_id=CUSR0000SETG01&api_key={KEY}&file_type=json&observation_start=2023-01-01","","CPI airline fares (BLS via FRED), indexed Jan-2023=100. Discretionary travel cost.","Share-of-wallet squeeze","airfares / travel","1","fred","squeeze","USA - Airfares","Airfares","airfares / travel","Share-of-wallet squeeze","2","pressure","rising travel-cost pressure","easing travel-cost pressure","Share-of-wallet pressure basket","Share-of-wallet pressure basket","yes","indexed","country_category"
"US-048","USA","context","Credit and liquidity","credit-card interest rate","Commercial bank interest rate on credit card plans (all accounts)","all households","context","wired","fred","","TERMCBCCALLNS","https://api.stlouisfed.org/fred/series/observations?series_id=TERMCBCCALLNS&api_key={KEY}&file_type=json&observation_start=2023-01-01","","rawpct","pts","-1","0","quarterly","% APR","SA","0","40","","","yes","production","FRED/FRB","FRED/FRB","official","newly_added_v6","active","https://api.stlouisfed.org/fred/series/observations?series_id=TERMCBCCALLNS&api_key={KEY}&file_type=json&observation_start=2023-01-01","","Commercial-bank interest rate on credit-card plans, all accounts (FRB via FRED), % APR.","Credit & stress","credit-card interest rate","1","fred","credit_stress","USA - Credit-card rate","Credit-card rate","credit-card interest rate","Credit & stress","5","pressure","rising debt-service pressure","easing debt-service pressure","Credit-card / unsecured credit rates","Credit-card / unsecured credit rates","yes","rate","country_category"
"US-049","USA","context","Credit and liquidity","auto loan rate","Finance rate on consumer auto loans (60-month new car)","all households","context","wired","fred","","RIFLPBCIANM60NM","https://api.stlouisfed.org/fred/series/observations?series_id=RIFLPBCIANM60NM&api_key={KEY}&file_type=json&observation_start=2023-01-01","","rawpct","pts","-1","0","quarterly","% APR","SA","0","25","","","yes","production","FRED/FRB","FRED/FRB","official","newly_added_v6","active","https://api.stlouisfed.org/fred/series/observations?series_id=RIFLPBCIANM60NM&api_key={KEY}&file_type=json&observation_start=2023-01-01","","Finance rate on 60-month new-car loans, commercial banks (FRB via FRED), % APR.","Credit & stress","auto loan rate","1","fred","credit_stress","USA - Auto loan rate","Auto loan rate","auto loan rate","Credit & stress","5","pressure","rising debt-service pressure","easing debt-service pressure","Credit-card / unsecured credit rates","Credit-card / unsecured credit rates","yes","rate","country_category"
"US-050","USA","context","Debt service and stress","arrears / delinquencies","Delinquency rate on consumer loans (all commercial banks)","all households","context","wired","fred","","DRCLACBS","https://api.stlouisfed.org/fred/series/observations?series_id=DRCLACBS&api_key={KEY}&file_type=json&observation_start=2023-01-01","","rawpct","pts","-1","0","quarterly","% of balances","SA","0","15","","","yes","production","FRED/FRB","FRED/FRB","official","newly_added_v6","active","https://api.stlouisfed.org/fred/series/observations?series_id=DRCLACBS&api_key={KEY}&file_type=json&observation_start=2023-01-01","","Delinquency rate on consumer loans, all commercial banks (FRB via FRED), % of balances.","Credit & stress","arrears / delinquencies","1","fred","credit_stress","USA - Delinquency rate","Delinquency rate","arrears / delinquencies","Credit & stress","5","pressure","rising credit stress","easing credit stress","Delinquency / arrears / insolvency","Delinquency / arrears / insolvency","yes","rate","country_category"
"US-051","USA","context","Policy / administered support","central-bank policy rate","Federal funds effective rate","all households","context","wired","fred","","FEDFUNDS","https://api.stlouisfed.org/fred/series/observations?series_id=FEDFUNDS&api_key={KEY}&file_type=json&observation_start=2023-01-01","","rawpct","pts","0","0","monthly","% p.a.","SA","0","12","","","yes","production","FRED/Fed","FRED/Fed","official","newly_added_v6","active","https://api.stlouisfed.org/fred/series/observations?series_id=FEDFUNDS&api_key={KEY}&file_type=json&observation_start=2023-01-01","","Federal funds effective rate (Fed via FRED), monthly, % p.a. Policy anchor.","Credit & stress","central-bank policy rate","1","fred","policy","USA - Policy rate","Policy rate","central-bank policy rate","Credit & stress","5","pressure","tightening / rising credit cost","easing / falling credit cost","Policy rates / policy support","Policy rates / policy support","yes","rate","country_category"
"DE-036","Germany","context","Consumer credit / stress","consumer credit rate","New consumer credit lending rate (ECB MIR)","all households","context","wired","ecb","","MIR/M.DE.B.A2C.A.R.A.2250.EUR.N","https://data-api.ecb.europa.eu/service/data/MIR/M.DE.B.A2C.A.R.A.2250.EUR.N?startPeriod=2023-01&format=csvdata","","rawpct","pts","-1","0","monthly","% p.a.","SA","0","25","","","yes","production","ECB","ECB","official","newly_added_v8","active","https://data-api.ecb.europa.eu/service/data/MIR/M.DE.B.A2C.A.R.A.2250.EUR.N?startPeriod=2023-01&format=csvdata","","New consumer-credit lending rate (ECB MIR), % p.a.","Credit & stress","consumer credit rate","1","ecb","credit_stress","Germany - Consumer credit rate","Consumer credit rate","consumer credit rate","Credit & stress","5","pressure","rising debt-service pressure","easing debt-service pressure","Credit-card / unsecured credit rates","Credit-card / unsecured credit rates","yes","rate","country_category"
"DE-037","Germany","context","Consumer credit / stress","mortgage rates","New household mortgage lending rate (ECB MIR)","all households","context","wired","ecb","","MIR/M.DE.B.A2D.A.R.A.2250.EUR.N","https://data-api.ecb.europa.eu/service/data/MIR/M.DE.B.A2D.A.R.A.2250.EUR.N?startPeriod=2023-01&format=csvdata","","rawpct","pts","-1","0","monthly","% p.a.","SA","0","15","","","yes","production","ECB","ECB","official","newly_added_v8","active","https://data-api.ecb.europa.eu/service/data/MIR/M.DE.B.A2D.A.R.A.2250.EUR.N?startPeriod=2023-01&format=csvdata","","New household house-purchase lending rate (ECB MIR), % p.a.","Credit & stress","mortgage rates","1","ecb","credit_stress","Germany - Mortgage rate","Mortgage rate","mortgage rates","Credit & stress","5","pressure","worsening mortgage affordability","improving mortgage affordability","Mortgage rates / housing affordability","Mortgage rates / housing affordability","yes","rate","country_category"
"DE-038","Germany","context","Share-of-wallet pressure","transport","HICP transport (index)","all households","context","wired","eurostat","","prc_hicp_minr/DE/CP07","https://ec.europa.eu/eurostat/api/dissemination/statistics/1.0/data/prc_hicp_minr?format=JSON&geo=DE&coicop18=CP07&unit=I15&sinceTimePeriod=2023-01","","indexed","pct","-1","0","monthly","index 2015=100","SA","","","","","yes","production","Eurostat","Eurostat","official","newly_added_v8; migrated prc_hicp_midx->prc_hicp_minr ECOICOP-2 2026-06-09","active","https://ec.europa.eu/eurostat/api/dissemination/statistics/1.0/data/prc_hicp_minr?format=JSON&geo=DE&coicop18=CP07&unit=I15&sinceTimePeriod=2023-01","","HICP transport (Eurostat), re-indexed Jan-2023=100. | ECOICOP-2 successor series (prc_hicp_minr); history revised vs prior ECOICOP-1 captures (old prc_hicp_midx froze at 2025-12 at the reclassification boundary). Index 2015=100, re-indexed Jan-2023=100.","Share-of-wallet squeeze","transport","1","eurostat","squeeze","Germany - Transport costs","Transport costs","transport","Share-of-wallet squeeze","2","pressure","rising transport-cost pressure","easing transport-cost pressure","Share-of-wallet pressure basket","Share-of-wallet pressure basket","yes","indexed","country_category"
"ES-047","Spain","context","Consumer credit / stress","consumer credit rate","New consumer credit lending rate (ECB MIR)","all households","context","wired","ecb","","MIR/M.ES.B.A2C.A.R.A.2250.EUR.N","https://data-api.ecb.europa.eu/service/data/MIR/M.ES.B.A2C.A.R.A.2250.EUR.N?startPeriod=2023-01&format=csvdata","","rawpct","pts","-1","0","monthly","% p.a.","SA","0","25","","","yes","production","ECB","ECB","official","newly_added_v8","active","https://data-api.ecb.europa.eu/service/data/MIR/M.ES.B.A2C.A.R.A.2250.EUR.N?startPeriod=2023-01&format=csvdata","","New consumer-credit lending rate (ECB MIR), % p.a.","Credit & stress","consumer credit rate","1","ecb","credit_stress","Spain - Consumer credit rate","Consumer credit rate","consumer credit rate","Credit & stress","5","pressure","rising debt-service pressure","easing debt-service pressure","Credit-card / unsecured credit rates","Credit-card / unsecured credit rates","yes","rate","country_category"
"ES-048","Spain","context","Consumer credit / stress","mortgage rates","New household mortgage lending rate (ECB MIR)","all households","context","wired","ecb","","MIR/M.ES.B.A2D.A.R.A.2250.EUR.N","https://data-api.ecb.europa.eu/service/data/MIR/M.ES.B.A2D.A.R.A.2250.EUR.N?startPeriod=2023-01&format=csvdata","","rawpct","pts","-1","0","monthly","% p.a.","SA","0","15","","","yes","production","ECB","ECB","official","newly_added_v8","active","https://data-api.ecb.europa.eu/service/data/MIR/M.ES.B.A2D.A.R.A.2250.EUR.N?startPeriod=2023-01&format=csvdata","","New household house-purchase lending rate (ECB MIR), % p.a.","Credit & stress","mortgage rates","1","ecb","credit_stress","Spain - Mortgage rate","Mortgage rate","mortgage rates","Credit & stress","5","pressure","worsening mortgage affordability","improving mortgage affordability","Mortgage rates / housing affordability","Mortgage rates / housing affordability","yes","rate","country_category"
"ES-049","Spain","context","Share-of-wallet pressure","transport","HICP transport (index)","all households","context","wired","eurostat","","prc_hicp_minr/ES/CP07","https://ec.europa.eu/eurostat/api/dissemination/statistics/1.0/data/prc_hicp_minr?format=JSON&geo=ES&coicop18=CP07&unit=I15&sinceTimePeriod=2023-01","","indexed","pct","-1","0","monthly","index 2015=100","SA","","","","","yes","production","Eurostat","Eurostat","official","newly_added_v8; migrated prc_hicp_midx->prc_hicp_minr ECOICOP-2 2026-06-09","active","https://ec.europa.eu/eurostat/api/dissemination/statistics/1.0/data/prc_hicp_minr?format=JSON&geo=ES&coicop18=CP07&unit=I15&sinceTimePeriod=2023-01","","HICP transport (Eurostat), re-indexed Jan-2023=100. | ECOICOP-2 successor series (prc_hicp_minr); history revised vs prior ECOICOP-1 captures (old prc_hicp_midx froze at 2025-12 at the reclassification boundary). Index 2015=100, re-indexed Jan-2023=100.","Share-of-wallet squeeze","transport","1","eurostat","squeeze","Spain - Transport costs","Transport costs","transport","Share-of-wallet squeeze","2","pressure","rising transport-cost pressure","easing transport-cost pressure","Share-of-wallet pressure basket","Share-of-wallet pressure basket","yes","indexed","country_category"
"FR-038","France","context","Consumer credit / stress","consumer credit rate","New consumer credit lending rate (ECB MIR)","all households","context","wired","ecb","","MIR/M.FR.B.A2C.A.R.A.2250.EUR.N","https://data-api.ecb.europa.eu/service/data/MIR/M.FR.B.A2C.A.R.A.2250.EUR.N?startPeriod=2023-01&format=csvdata","","rawpct","pts","-1","0","monthly","% p.a.","SA","0","25","","","yes","production","ECB","ECB","official","newly_added_v8","active","https://data-api.ecb.europa.eu/service/data/MIR/M.FR.B.A2C.A.R.A.2250.EUR.N?startPeriod=2023-01&format=csvdata","","New consumer-credit lending rate (ECB MIR), % p.a.","Credit & stress","consumer credit rate","1","ecb","credit_stress","France - Consumer credit rate","Consumer credit rate","consumer credit rate","Credit & stress","5","pressure","rising debt-service pressure","easing debt-service pressure","Credit-card / unsecured credit rates","Credit-card / unsecured credit rates","yes","rate","country_category"
"FR-039","France","context","Share-of-wallet pressure","transport","HICP transport (index)","all households","context","wired","eurostat","","prc_hicp_minr/FR/CP07","https://ec.europa.eu/eurostat/api/dissemination/statistics/1.0/data/prc_hicp_minr?format=JSON&geo=FR&coicop18=CP07&unit=I15&sinceTimePeriod=2023-01","","indexed","pct","-1","0","monthly","index 2015=100","SA","","","","","yes","production","Eurostat","Eurostat","official","newly_added_v8; migrated prc_hicp_midx->prc_hicp_minr ECOICOP-2 2026-06-09","active","https://ec.europa.eu/eurostat/api/dissemination/statistics/1.0/data/prc_hicp_minr?format=JSON&geo=FR&coicop18=CP07&unit=I15&sinceTimePeriod=2023-01","","HICP transport (Eurostat), re-indexed Jan-2023=100. | ECOICOP-2 successor series (prc_hicp_minr); history revised vs prior ECOICOP-1 captures (old prc_hicp_midx froze at 2025-12 at the reclassification boundary). Index 2015=100, re-indexed Jan-2023=100.","Share-of-wallet squeeze","transport","1","eurostat","squeeze","France - Transport costs","Transport costs","transport","Share-of-wallet squeeze","2","pressure","rising transport-cost pressure","easing transport-cost pressure","Share-of-wallet pressure basket","Share-of-wallet pressure basket","yes","indexed","country_category"
"IT-037","Italy","context","Consumer credit / stress","consumer credit rate","New consumer credit lending rate (ECB MIR)","all households","context","wired","ecb","","MIR/M.IT.B.A2C.A.R.A.2250.EUR.N","https://data-api.ecb.europa.eu/service/data/MIR/M.IT.B.A2C.A.R.A.2250.EUR.N?startPeriod=2023-01&format=csvdata","","rawpct","pts","-1","0","monthly","% p.a.","SA","0","25","","","yes","production","ECB","ECB","official","newly_added_v8","active","https://data-api.ecb.europa.eu/service/data/MIR/M.IT.B.A2C.A.R.A.2250.EUR.N?startPeriod=2023-01&format=csvdata","","New consumer-credit lending rate (ECB MIR), % p.a.","Credit & stress","consumer credit rate","1","ecb","credit_stress","Italy - Consumer credit rate","Consumer credit rate","consumer credit rate","Credit & stress","5","pressure","rising debt-service pressure","easing debt-service pressure","Credit-card / unsecured credit rates","Credit-card / unsecured credit rates","yes","rate","country_category"
"IT-038","Italy","context","Share-of-wallet pressure","transport","HICP transport (index)","all households","context","wired","eurostat","","prc_hicp_minr/IT/CP07","https://ec.europa.eu/eurostat/api/dissemination/statistics/1.0/data/prc_hicp_minr?format=JSON&geo=IT&coicop18=CP07&unit=I15&sinceTimePeriod=2023-01","","indexed","pct","-1","0","monthly","index 2015=100","SA","","","","","yes","production","Eurostat","Eurostat","official","newly_added_v8; migrated prc_hicp_midx->prc_hicp_minr ECOICOP-2 2026-06-09","active","https://ec.europa.eu/eurostat/api/dissemination/statistics/1.0/data/prc_hicp_minr?format=JSON&geo=IT&coicop18=CP07&unit=I15&sinceTimePeriod=2023-01","","HICP transport (Eurostat), re-indexed Jan-2023=100. | ECOICOP-2 successor series (prc_hicp_minr); history revised vs prior ECOICOP-1 captures (old prc_hicp_midx froze at 2025-12 at the reclassification boundary). Index 2015=100, re-indexed Jan-2023=100.","Share-of-wallet squeeze","transport","1","eurostat","squeeze","Italy - Transport costs","Transport costs","transport","Share-of-wallet squeeze","2","pressure","rising transport-cost pressure","easing transport-cost pressure","Share-of-wallet pressure basket","Share-of-wallet pressure basket","yes","indexed","country_category"
"US-052","USA","context","Share-of-wallet pressure","electricity","CPI electricity","all households","context","wired","fred","","CUSR0000SEHF01","https://api.stlouisfed.org/fred/series/observations?series_id=CUSR0000SEHF01&api_key={KEY}&file_type=json&observation_start=2023-01-01","","indexed","pct","-1","0","monthly","index","SA","","","","","yes","production","FRED/BLS","FRED/BLS","official","newly_added_v8","active","https://api.stlouisfed.org/fred/series/observations?series_id=CUSR0000SEHF01&api_key={KEY}&file_type=json&observation_start=2023-01-01","","CPI electricity (BLS via FRED), indexed Jan-2023=100.","Share-of-wallet squeeze","electricity","1","fred","squeeze","USA - Electricity","Electricity","electricity","Share-of-wallet squeeze","2","pressure","rising electricity-cost pressure","easing electricity-cost pressure","Energy prices","Energy prices","yes","indexed","country_category"
"US-053","USA","context","Share-of-wallet pressure","recreation","CPI recreation","all households","context","wired","fred","","CPIRECSL","https://api.stlouisfed.org/fred/series/observations?series_id=CPIRECSL&api_key={KEY}&file_type=json&observation_start=2023-01-01","","indexed","pct","-1","0","monthly","index","SA","","","","","yes","production","FRED/BLS","FRED/BLS","official","newly_added_v8","active","https://api.stlouisfed.org/fred/series/observations?series_id=CPIRECSL&api_key={KEY}&file_type=json&observation_start=2023-01-01","","CPI recreation (BLS via FRED), indexed Jan-2023=100.","Share-of-wallet squeeze","recreation","1","fred","squeeze","USA - Recreation","Recreation","recreation","Share-of-wallet squeeze","2","pressure","rising recreation-cost pressure","easing recreation-cost pressure","Share-of-wallet pressure basket","Share-of-wallet pressure basket","yes","indexed","country_category"
"US-054","USA","context","Income / wealth / labour dynamics","claims/registered unemployment","Initial unemployment claims (4wk - level weekly)","all households","context","wired","fred","","ICSA","https://api.stlouisfed.org/fred/series/observations?series_id=ICSA&api_key={KEY}&file_type=json&observation_start=2023-01-01","","raw","pct","-1","0","weekly","claims","SA","","","","","yes","production","FRED/DOL","FRED/DOL","official","newly_added_v8","active","https://api.stlouisfed.org/fred/series/observations?series_id=ICSA&api_key={KEY}&file_type=json&observation_start=2023-01-01","","Initial unemployment insurance claims (DOL via FRED), month-end snapshot of the weekly series, indexed Jan-2023=100.","Capacity to spend","claims/registered unemployment","1","fred","labour_pressure","USA - Initial jobless claims","Initial jobless claims","claims/registered unemployment","Capacity to spend","1","pressure","rising jobless pressure","easing jobless pressure","Unemployment / jobless pressure","Unemployment / jobless pressure","yes","indexed","country_category"
"FR-040","France","context","Actual spending","retail sales","Food consumption (011794486)","all households","context","wired","insee","","011794486","https://bdm.insee.fr/series/sdmx/data/SERIES_BDM/011794486?startPeriod=2023-01","","indexed","pct","1","0","monthly","EUR bn chained-2020 volume (indexed Jan-23=100)","SA","","","","","yes","production","INSEE","INSEE","official","newly_added_v10","active","https://bdm.insee.fr/series/sdmx/data/SERIES_BDM/011794486?startPeriod=2023-01","","Household consumption of goods: food ex tobacco (INSEE, chained-2020 volume, CVS-CJO), re-indexed Jan-2023=100. Child split of the FR-005 goods headline.","Behaviour / realised spending","actual spending","1","insee","behaviour","France - Food consumption","Food consumption","food","Behaviour / realised spending","3","spending","improving spending momentum","softening spending momentum","Food retail volume","Food retail volume","yes","indexed","country_category"
"FR-041","France","context","Actual spending","discretionary retail","Durable-goods consumption (011794493)","all households","context","wired","insee","","011794493","https://bdm.insee.fr/series/sdmx/data/SERIES_BDM/011794493?startPeriod=2023-01","","indexed","pct","1","0","monthly","EUR bn chained-2020 volume (indexed Jan-23=100)","SA","","","","","yes","production","INSEE","INSEE","official","newly_added_v10","active","https://bdm.insee.fr/series/sdmx/data/SERIES_BDM/011794493?startPeriod=2023-01","","Household consumption of goods: durable goods (INSEE, chained-2020 volume, CVS-CJO), re-indexed Jan-2023=100. Big-ticket demand read; child split of FR-005.","Behaviour / realised spending","actual spending","1","insee","behaviour","France - Durable-goods consumption","Durable-goods consumption","durables","Behaviour / realised spending","3","spending","improving spending momentum","softening spending momentum","Discretionary / non-food retail","Discretionary / non-food retail","yes","indexed","country_category"
"DE-039","Germany","context","Actual spending","retail sales","Food-store sales (sts_trtu_m/DE/VOL_SLS/G47_FOOD)","all households","context","wired","eurostat","","sts_trtu_m/DE/VOL_SLS/G47_FOOD","https://ec.europa.eu/eurostat/api/dissemination/statistics/1.0/data/sts_trtu_m?format=JSON&geo=DE&indic_bt=VOL_SLS&nace_r2=G47_FOOD&unit=I21&s_adj=SCA&sinceTimePeriod=2023-01","","indexed","pct","1","0","monthly","volume index 2021=100 (indexed Jan-23=100)","SA","","","","","yes","production","Eurostat","Eurostat","official","newly_added_v10","active","https://ec.europa.eu/eurostat/api/dissemination/statistics/1.0/data/sts_trtu_m?format=JSON&geo=DE&indic_bt=VOL_SLS&nace_r2=G47_FOOD&unit=I21&s_adj=SCA&sinceTimePeriod=2023-01","","Retail turnover volume, food/beverages/tobacco (Eurostat sts_trtu_m G47_FOOD, SCA), re-indexed Jan-2023=100. Child split of DE-008.","Behaviour / realised spending","actual spending","1","eurostat","behaviour","Germany - Food-store sales","Food-store sales","food","Behaviour / realised spending","3","spending","improving spending momentum","softening spending momentum","Food retail volume","Food retail volume","yes","indexed","country_category"
"DE-040","Germany","context","Actual spending","discretionary retail","Non-food retail sales (sts_trtu_m/DE/VOL_SLS/G47_NFOOD_X_G473)","all households","context","wired","eurostat","","sts_trtu_m/DE/VOL_SLS/G47_NFOOD_X_G473","https://ec.europa.eu/eurostat/api/dissemination/statistics/1.0/data/sts_trtu_m?format=JSON&geo=DE&indic_bt=VOL_SLS&nace_r2=G47_NFOOD_X_G473&unit=I21&s_adj=SCA&sinceTimePeriod=2023-01","","indexed","pct","1","0","monthly","volume index 2021=100 (indexed Jan-23=100)","SA","","","","","yes","production","Eurostat","Eurostat","official","newly_added_v10","active","https://ec.europa.eu/eurostat/api/dissemination/statistics/1.0/data/sts_trtu_m?format=JSON&geo=DE&indic_bt=VOL_SLS&nace_r2=G47_NFOOD_X_G473&unit=I21&s_adj=SCA&sinceTimePeriod=2023-01","","Retail turnover volume, non-food except fuel (Eurostat sts_trtu_m G47_NFOOD_X_G473, SCA), re-indexed Jan-2023=100. Discretionary-demand read; child split of DE-008.","Behaviour / realised spending","actual spending","1","eurostat","behaviour","Germany - Non-food retail sales","Non-food retail sales","non-food","Behaviour / realised spending","3","spending","improving spending momentum","softening spending momentum","Discretionary / non-food retail","Discretionary / non-food retail","yes","indexed","country_category"
"IT-039","Italy","context","Actual spending","retail sales","Food-store sales (sts_trtu_m/IT/VOL_SLS/G47_FOOD)","all households","context","wired","eurostat","","sts_trtu_m/IT/VOL_SLS/G47_FOOD","https://ec.europa.eu/eurostat/api/dissemination/statistics/1.0/data/sts_trtu_m?format=JSON&geo=IT&indic_bt=VOL_SLS&nace_r2=G47_FOOD&unit=I21&s_adj=SCA&sinceTimePeriod=2023-01","","indexed","pct","1","0","monthly","volume index 2021=100 (indexed Jan-23=100)","SA","","","","","yes","production","Eurostat","Eurostat","official","newly_added_v10","active","https://ec.europa.eu/eurostat/api/dissemination/statistics/1.0/data/sts_trtu_m?format=JSON&geo=IT&indic_bt=VOL_SLS&nace_r2=G47_FOOD&unit=I21&s_adj=SCA&sinceTimePeriod=2023-01","","Retail turnover volume, food/beverages/tobacco (Eurostat sts_trtu_m G47_FOOD, SCA), re-indexed Jan-2023=100. Child split of IT-004.","Behaviour / realised spending","actual spending","1","eurostat","behaviour","Italy - Food-store sales","Food-store sales","food","Behaviour / realised spending","3","spending","improving spending momentum","softening spending momentum","Food retail volume","Food retail volume","yes","indexed","country_category"
"IT-040","Italy","context","Actual spending","discretionary retail","Non-food retail sales (sts_trtu_m/IT/VOL_SLS/G47_NFOOD_X_G473)","all households","context","wired","eurostat","","sts_trtu_m/IT/VOL_SLS/G47_NFOOD_X_G473","https://ec.europa.eu/eurostat/api/dissemination/statistics/1.0/data/sts_trtu_m?format=JSON&geo=IT&indic_bt=VOL_SLS&nace_r2=G47_NFOOD_X_G473&unit=I21&s_adj=SCA&sinceTimePeriod=2023-01","","indexed","pct","1","0","monthly","volume index 2021=100 (indexed Jan-23=100)","SA","","","","","yes","production","Eurostat","Eurostat","official","newly_added_v10","active","https://ec.europa.eu/eurostat/api/dissemination/statistics/1.0/data/sts_trtu_m?format=JSON&geo=IT&indic_bt=VOL_SLS&nace_r2=G47_NFOOD_X_G473&unit=I21&s_adj=SCA&sinceTimePeriod=2023-01","","Retail turnover volume, non-food except fuel (Eurostat sts_trtu_m G47_NFOOD_X_G473, SCA), re-indexed Jan-2023=100. Discretionary-demand read; child split of IT-004.","Behaviour / realised spending","actual spending","1","eurostat","behaviour","Italy - Non-food retail sales","Non-food retail sales","non-food","Behaviour / realised spending","3","spending","improving spending momentum","softening spending momentum","Discretionary / non-food retail","Discretionary / non-food retail","yes","indexed","country_category"
"ES-050","Spain","context","Actual spending","retail sales","Food-store sales (ICM3811)","all households","context","wired","ine","","ICM3811","https://servicios.ine.es/wstempus/js/ES/DATOS_SERIE/ICM3811?nult=60","","indexed","pct","1","0","monthly","constant-price index 2021=100 (indexed Jan-23=100)","NSA","","","","","yes","production","INE","INE","official","newly_added_v10","active","https://servicios.ine.es/wstempus/js/ES/DATOS_SERIE/ICM3811?nult=60","","Retail turnover at constant prices, non-specialised stores with food predominance (INE ICM3811), re-indexed Jan-2023=100. Original series, NOT calendar-adjusted. Child split of ES-001.","Behaviour / realised spending","actual spending","1","ine","behaviour","Spain - Food-store sales","Food-store sales","food","Behaviour / realised spending","3","spending","improving spending momentum","softening spending momentum","Food retail volume","Food retail volume","yes","indexed","country_category"
"ES-051","Spain","context","Actual spending","retail sales","Online retail sales (ICM3809)","all households","context","wired","ine","","ICM3809","https://servicios.ine.es/wstempus/js/ES/DATOS_SERIE/ICM3809?nult=60","","indexed","pct","1","0","monthly","constant-price index 2021=100 (indexed Jan-23=100)","NSA","","","","","yes","production","INE","INE","official","newly_added_v10","active","https://servicios.ine.es/wstempus/js/ES/DATOS_SERIE/ICM3809?nult=60","","Retail turnover at constant prices, mail-order/Internet (INE ICM3809), re-indexed Jan-2023=100. Original series, NOT calendar-adjusted. Child split of ES-001.","Behaviour / realised spending","actual spending","1","ine","behaviour","Spain - Online retail sales","Online retail sales","online","Behaviour / realised spending","3","spending","improving spending momentum","softening spending momentum","Online / non-store retail","Online / non-store retail","yes","indexed","country_category"
"UK-047","UK","context","Actual spending","retail sales","Food-store sales (EAPT/DRSI)","all households","context","wired","ons","","EAPT/DRSI","https://www.ons.gov.uk/businessindustryandtrade/retailindustry/timeseries/eapt/drsi/data","","indexed","pct","1","0","monthly","volume index (indexed Jan-23=100)","SA","","","","","yes","production","ONS","ONS","official","newly_added_v10","active","https://www.ons.gov.uk/businessindustryandtrade/retailindustry/timeseries/eapt/drsi/data","","RSI volume, predominantly food stores (ONS EAPT, SA), re-indexed Jan-2023=100. Child split of UK-001.","Behaviour / realised spending","actual spending","1","ons","behaviour","UK - Food-store sales","Food-store sales","food","Behaviour / realised spending","3","spending","improving spending momentum","softening spending momentum","Food retail volume","Food retail volume","yes","indexed","country_category"
"UK-048","UK","context","Actual spending","discretionary retail","Non-food store sales (EAPV/DRSI)","all households","context","wired","ons","","EAPV/DRSI","https://www.ons.gov.uk/businessindustryandtrade/retailindustry/timeseries/eapv/drsi/data","","indexed","pct","1","0","monthly","volume index (indexed Jan-23=100)","SA","","","","","yes","production","ONS","ONS","official","newly_added_v10","active","https://www.ons.gov.uk/businessindustryandtrade/retailindustry/timeseries/eapv/drsi/data","","RSI volume, predominantly non-food stores (ONS EAPV, SA), re-indexed Jan-2023=100. Discretionary-demand read; child split of UK-001.","Behaviour / realised spending","actual spending","1","ons","behaviour","UK - Non-food store sales","Non-food store sales","non-food","Behaviour / realised spending","3","spending","improving spending momentum","softening spending momentum","Discretionary / non-food retail","Discretionary / non-food retail","yes","indexed","country_category"
"UK-049","UK","context","Actual spending","retail sales","Non-store / online sales (J5DZ/DRSI)","all households","context","wired","ons","","J5DZ/DRSI","https://www.ons.gov.uk/businessindustryandtrade/retailindustry/timeseries/j5dz/drsi/data","","indexed","pct","1","0","monthly","volume index (indexed Jan-23=100)","SA","","","","","yes","production","ONS","ONS","official","newly_added_v10","active","https://www.ons.gov.uk/businessindustryandtrade/retailindustry/timeseries/j5dz/drsi/data","","RSI volume, non-store retailing (ONS J5DZ, SA), re-indexed Jan-2023=100. Online/mail-order channel; child split of UK-001.","Behaviour / realised spending","actual spending","1","ons","behaviour","UK - Non-store / online sales","Non-store / online sales","online","Behaviour / realised spending","3","spending","improving spending momentum","softening spending momentum","Online / non-store retail","Online / non-store retail","yes","indexed","country_category"
"US-055","USA","context","Actual spending","retail sales","Nonstore / online sales (RSNSR)","all households","context","wired","fred","","RSNSR","https://api.stlouisfed.org/fred/series/observations?series_id=RSNSR&api_key={KEY}&file_type=json&observation_start=2023-01-01","","indexed","pct","1","0","monthly","USD mn (indexed Jan-23=100)","SA","","","","","yes","production","Census MARTS via FRED","Census MARTS via FRED","official","newly_added_v10","active","https://api.stlouisfed.org/fred/series/observations?series_id=RSNSR&api_key={KEY}&file_type=json&observation_start=2023-01-01","","Advance retail sales, nonstore retailers (Census MARTS via FRED RSNSR, $mn SA), re-indexed Jan-2023=100. Advance estimate - revised. Child split of US-007.","Behaviour / realised spending","actual spending","1","fred","behaviour","USA - Nonstore / online sales","Nonstore / online sales","online","Behaviour / realised spending","3","spending","improving spending momentum","softening spending momentum","Online / non-store retail","Online / non-store retail","yes","indexed","country_category"
"US-056","USA","context","Actual spending","retail sales","Food services & dining (RSFSDP)","all households","context","wired","fred","","RSFSDP","https://api.stlouisfed.org/fred/series/observations?series_id=RSFSDP&api_key={KEY}&file_type=json&observation_start=2023-01-01","","indexed","pct","1","0","monthly","USD mn (indexed Jan-23=100)","SA","","","","","yes","production","Census MARTS via FRED","Census MARTS via FRED","official","newly_added_v10","active","https://api.stlouisfed.org/fred/series/observations?series_id=RSFSDP&api_key={KEY}&file_type=json&observation_start=2023-01-01","","Advance retail sales, food services & drinking places (Census MARTS via FRED RSFSDP, $mn SA), re-indexed Jan-2023=100. Hard Census data (not a proxy); the dining-out demand read. Advance estimate - revised. Child split of US-007.","Behaviour / realised spending","actual spending","1","fred","behaviour","USA - Food services & dining","Food services & dining","food services","Behaviour / realised spending","3","spending","improving spending momentum","softening spending momentum","none","none","no","indexed","country_category"
