"row_id","date","value"
"CF-001","1960-01","0.94"
"CF-001","1960-02","0.95"
"CF-001","1960-03","0.93"
"CF-001","1960-04","0.93"
"CF-001","1960-05","0.92"
"CF-001","1960-06","0.91"
"CF-001","1960-07","0.92"
"CF-001","1960-08","0.93"
"CF-001","1960-09","0.92"
"CF-001","1960-10","0.92"
"CF-001","1960-11","0.91"
"CF-001","1960-12","0.9"
"CF-001","1961-01","0.91"
"CF-001","1961-02","0.92"
"CF-001","1961-03","0.91"
"CF-001","1961-04","0.9"
"CF-001","1961-05","0.89"
"CF-001","1961-06","0.89"
"CF-001","1961-07","0.89"
"CF-001","1961-08","0.89"
"CF-001","1961-09","0.89"
"CF-001","1961-10","0.89"
"CF-001","1961-11","0.88"
"CF-001","1961-12","0.88"
"CF-001","1962-01","0.88"
"CF-001","1962-02","0.88"
"CF-001","1962-03","0.86"
"CF-001","1962-04","0.85"
"CF-001","1962-05","0.83"
"CF-001","1962-06","0.8"
"CF-001","1962-07","0.81"
"CF-001","1962-08","0.82"
"CF-001","1962-09","0.83"
"CF-001","1962-10","0.81"
"CF-001","1962-11","0.81"
"CF-001","1962-12","0.82"
"CF-001","1963-01","0.83"
"CF-001","1963-02","0.8"
"CF-001","1963-03","0.81"
"CF-001","1963-04","0.81"
"CF-001","1963-05","0.8"
"CF-001","1963-06","0.8"
"CF-001","1963-07","0.81"
"CF-001","1963-08","0.8"
"CF-001","1963-09","0.8"
"CF-001","1963-10","0.8"
"CF-001","1963-11","0.81"
"CF-001","1963-12","0.8"
"CF-001","1964-01","0.93"
"CF-001","1964-02","0.94"
"CF-001","1964-03","1.04"
"CF-001","1964-04","1"
"CF-001","1964-05","1.02"
"CF-001","1964-06","1.01"
"CF-001","1964-07","1.02"
"CF-001","1964-08","1.05"
"CF-001","1964-09","1.04"
"CF-001","1964-10","1.04"
"CF-001","1964-11","1.03"
"CF-001","1964-12","1.01"
"CF-001","1965-01","1.01"
"CF-001","1965-02","1.04"
"CF-001","1965-03","0.99"
"CF-001","1965-04","0.97"
"CF-001","1965-05","0.96"
"CF-001","1965-06","0.98"
"CF-001","1965-07","0.98"
"CF-001","1965-08","1"
"CF-001","1965-09","1"
"CF-001","1965-10","1.01"
"CF-001","1965-11","1.03"
"CF-001","1965-12","1.03"
"CF-001","1966-01","1.01"
"CF-001","1966-02","0.97"
"CF-001","1966-03","0.95"
"CF-001","1966-04","0.95"
"CF-001","1966-05","0.95"
"CF-001","1966-06","0.92"
"CF-001","1966-07","0.92"
"CF-001","1966-08","0.92"
"CF-001","1966-09","0.9"
"CF-001","1966-10","0.89"
"CF-001","1966-11","0.89"
"CF-001","1966-12","0.87"
"CF-001","1967-01","0.85"
"CF-001","1967-02","0.84"
"CF-001","1967-03","0.82"
"CF-001","1967-04","0.85"
"CF-001","1967-05","0.89"
"CF-001","1967-06","0.91"
"CF-001","1967-07","0.9"
"CF-001","1967-08","0.88"
"CF-001","1967-09","0.86"
"CF-001","1967-10","0.85"
"CF-001","1967-11","0.87"
"CF-001","1967-12","0.85"
"CF-001","1968-01","0.87"
"CF-001","1968-02","0.87"
"CF-001","1968-03","0.88"
"CF-001","1968-04","0.89"
"CF-001","1968-05","0.88"
"CF-001","1968-06","0.89"
"CF-001","1968-07","0.88"
"CF-001","1968-08","0.87"
"CF-001","1968-09","0.85"
"CF-001","1968-10","0.85"
"CF-001","1968-11","0.85"
"CF-001","1968-12","0.83"
"CF-001","1969-01","0.83"
"CF-001","1969-02","0.84"
"CF-001","1969-03","0.83"
"CF-001","1969-04","0.81"
"CF-001","1969-05","0.81"
"CF-001","1969-06","0.8"
"CF-001","1969-07","0.78"
"CF-001","1969-08","0.81"
"CF-001","1969-09","0.9"
"CF-001","1969-10","1.04"
"CF-001","1969-11","1.02"
"CF-001","1969-12","1.05"
"CF-001","1970-01","1.14"
"CF-001","1970-02","1.15"
"CF-001","1970-03","1.17"
"CF-001","1970-04","1.2"
"CF-001","1970-05","1.22"
"CF-001","1970-06","1.21"
"CF-001","1970-07","1.21"
"CF-001","1970-08","1.18"
"CF-001","1970-09","1.16"
"CF-001","1970-10","1.12"
"CF-001","1970-11","1.03"
"CF-001","1970-12","0.98"
"CF-001","1971-01","1"
"CF-001","1971-02","0.98"
"CF-001","1971-03","1.01"
"CF-001","1971-04","0.99"
"CF-001","1971-05","1.02"
"CF-001","1971-06","1"
"CF-001","1971-07","0.99"
"CF-001","1971-08","1.01"
"CF-001","1971-09","0.96"
"CF-001","1971-10","0.94"
"CF-001","1971-11","0.97"
"CF-001","1971-12","1.02"
"CF-001","1972-01","0.99"
"CF-001","1972-02","1"
"CF-001","1972-03","1.02"
"CF-001","1972-04","1.01"
"CF-001","1972-05","1.04"
"CF-001","1972-06","1.07"
"CF-001","1972-07","1.24"
"CF-001","1972-08","1.2"
"CF-001","1972-09","1.17"
"CF-001","1972-10","1.18"
"CF-001","1972-11","1.19"
"CF-001","1972-12","1.22"
"CF-001","1973-01","1.28"
"CF-001","1973-02","1.45"
"CF-001","1973-03","1.42"
"CF-001","1973-04","1.29"
"CF-001","1973-05","1.42"
"CF-001","1973-06","1.41"
"CF-001","1973-07","1.36"
"CF-001","1973-08","1.33"
"CF-001","1973-09","1.33"
"CF-001","1973-10","1.38"
"CF-001","1973-11","1.39"
"CF-001","1973-12","1.42"
"CF-001","1974-01","1.53"
"CF-001","1974-02","1.65"
"CF-001","1974-03","1.58"
"CF-001","1974-04","1.55"
"CF-001","1974-05","1.57"
"CF-001","1974-06","1.59"
"CF-001","1974-07","1.52"
"CF-001","1974-08","1.38"
"CF-001","1974-09","1.2"
"CF-001","1974-10","1.25"
"CF-001","1974-11","1.31"
"CF-001","1974-12","1.3"
"CF-001","1975-01","1.23"
"CF-001","1975-02","1.18"
"CF-001","1975-03","1.1"
"CF-001","1975-04","1.05"
"CF-001","1975-05","1.12"
"CF-001","1975-06","1.23"
"CF-001","1975-07","1.45"
"CF-001","1975-08","1.84"
"CF-001","1975-09","1.78"
"CF-001","1975-10","1.77"
"CF-001","1975-11","1.71"
"CF-001","1975-12","1.84"
"CF-001","1976-01","2.05"
"CF-001","1976-02","2.19"
"CF-001","1976-03","2.2"
"CF-001","1976-04","2.7"
"CF-001","1976-05","2.99"
"CF-001","1976-06","3.3"
"CF-001","1976-07","3.03"
"CF-001","1976-08","3.38"
"CF-001","1976-09","3.51"
"CF-001","1976-10","3.82"
"CF-001","1976-11","4.03"
"CF-001","1976-12","4.57"
"CF-001","1977-01","4.83"
"CF-001","1977-02","5.41"
"CF-001","1977-03","6.71"
"CF-001","1977-04","7"
"CF-001","1977-05","6.29"
"CF-001","1977-06","5.78"
"CF-001","1977-07","4.85"
"CF-001","1977-08","4.4"
"CF-001","1977-09","4.18"
"CF-001","1977-10","3.77"
"CF-001","1977-11","4.35"
"CF-001","1977-12","4.47"
"CF-001","1978-01","4.55"
"CF-001","1978-02","4.36"
"CF-001","1978-03","3.86"
"CF-001","1978-04","3.94"
"CF-001","1978-05","3.74"
"CF-001","1978-06","3.71"
"CF-001","1978-07","2.95"
"CF-001","1978-08","3.05"
"CF-001","1978-09","3.42"
"CF-001","1978-10","3.4"
"CF-001","1978-11","3.22"
"CF-001","1978-12","2.89"
"CF-001","1979-01","2.83"
"CF-001","1979-02","2.71"
"CF-001","1979-03","2.87"
"CF-001","1979-04","3.06"
"CF-001","1979-05","3.3"
"CF-001","1979-06","4.26"
"CF-001","1979-07","4.49"
"CF-001","1979-08","4.35"
"CF-001","1979-09","4.57"
"CF-001","1979-10","4.62"
"CF-001","1979-11","4.56"
"CF-001","1979-12","4.28"
"CF-001","1980-01","3.81"
"CF-001","1980-02","3.71"
"CF-001","1980-03","4.12"
"CF-001","1980-04","4.05"
"CF-001","1980-05","4.23"
"CF-001","1980-06","4.05"
"CF-001","1980-07","3.52"
"CF-001","1980-08","3.1"
"CF-001","1980-09","2.86"
"CF-001","1980-10","2.84"
"CF-001","1980-11","2.6"
"CF-001","1980-12","2.72"
"CF-001","1981-01","2.89"
"CF-001","1981-02","2.85"
"CF-001","1981-03","2.86"
"CF-001","1981-04","2.89"
"CF-001","1981-05","2.83"
"CF-001","1981-06","2.51"
"CF-001","1981-07","2.67"
"CF-001","1981-08","2.78"
"CF-001","1981-09","2.8"
"CF-001","1981-10","3.02"
"CF-001","1981-11","3.18"
"CF-001","1981-12","3.13"
"CF-001","1982-01","3.18"
"CF-001","1982-02","3.4"
"CF-001","1982-03","3.22"
"CF-001","1982-04","3.12"
"CF-001","1982-05","3.03"
"CF-001","1982-06","3.1"
"CF-001","1982-07","2.94"
"CF-001","1982-08","2.93"
"CF-001","1982-09","3"
"CF-001","1982-10","3.1"
"CF-001","1982-11","3.05"
"CF-001","1982-12","2.97"
"CF-001","1983-01","2.87"
"CF-001","1983-02","2.8"
"CF-001","1983-03","2.76"
"CF-001","1983-04","2.75"
"CF-001","1983-05","2.83"
"CF-001","1983-06","2.81"
"CF-001","1983-07","2.83"
"CF-001","1983-08","2.86"
"CF-001","1983-09","2.92"
"CF-001","1983-10","3.1"
"CF-001","1983-11","3.19"
"CF-001","1983-12","3.23"
"CF-001","1984-01","3.17"
"CF-001","1984-02","3.22"
"CF-001","1984-03","3.27"
"CF-001","1984-04","3.31"
"CF-001","1984-05","3.31"
"CF-001","1984-06","3.25"
"CF-001","1984-07","3.18"
"CF-001","1984-08","3.21"
"CF-001","1984-09","3.14"
"CF-001","1984-10","3.02"
"CF-001","1984-11","3.09"
"CF-001","1984-12","3.1"
"CF-001","1985-01","3.21"
"CF-001","1985-02","3.18"
"CF-001","1985-03","3.26"
"CF-001","1985-04","3.12"
"CF-001","1985-05","3.15"
"CF-001","1985-06","3.13"
"CF-001","1985-07","2.98"
"CF-001","1985-08","2.94"
"CF-001","1985-09","2.94"
"CF-001","1985-10","3.1"
"CF-001","1985-11","3.43"
"CF-001","1985-12","4.34"
"CF-001","1986-01","5.24"
"CF-001","1986-02","5.03"
"CF-001","1986-03","5.28"
"CF-001","1986-04","4.98"
"CF-001","1986-05","4.66"
"CF-001","1986-06","3.9"
"CF-001","1986-07","3.8"
"CF-001","1986-08","3.83"
"CF-001","1986-09","4.4"
"CF-001","1986-10","3.92"
"CF-001","1986-11","3.45"
"CF-001","1986-12","3"
"CF-001","1987-01","2.72"
"CF-001","1987-02","2.66"
"CF-001","1987-03","2.29"
"CF-001","1987-04","2.37"
"CF-001","1987-05","2.59"
"CF-001","1987-06","2.32"
"CF-001","1987-07","2.2"
"CF-001","1987-08","2.25"
"CF-001","1987-09","2.44"
"CF-001","1987-10","2.63"
"CF-001","1987-11","2.79"
"CF-001","1987-12","2.8"
"CF-001","1988-01","2.82"
"CF-001","1988-02","3.05"
"CF-001","1988-03","3.01"
"CF-001","1988-04","3.01"
"CF-001","1988-05","3.06"
"CF-001","1988-06","3.17"
"CF-001","1988-07","3.13"
"CF-001","1988-08","2.92"
"CF-001","1988-09","3.04"
"CF-001","1988-10","2.95"
"CF-001","1988-11","2.98"
"CF-001","1988-12","3.25"
"CF-001","1989-01","3.36"
"CF-001","1989-02","3.09"
"CF-001","1989-03","3.1"
"CF-001","1989-04","3.17"
"CF-001","1989-05","3.1"
"CF-001","1989-06","2.76"
"CF-001","1989-07","1.94"
"CF-001","1989-08","1.73"
"CF-001","1989-09","1.73"
"CF-001","1989-10","1.51"
"CF-001","1989-11","1.56"
"CF-001","1989-12","1.6"
"CF-001","1990-01","1.68"
"CF-001","1990-02","1.85"
"CF-001","1990-03","2.09"
"CF-001","1990-04","2.09"
"CF-001","1990-05","2.05"
"CF-001","1990-06","1.97"
"CF-001","1990-07","1.91"
"CF-001","1990-08","2.08"
"CF-001","1990-09","2.1"
"CF-001","1990-10","2.02"
"CF-001","1990-11","1.87"
"CF-001","1990-12","1.97"
"CF-001","1991-01","1.89"
"CF-001","1991-02","1.97"
"CF-001","1991-03","2.06"
"CF-001","1991-04","2.03"
"CF-001","1991-05","1.94"
"CF-001","1991-06","1.89"
"CF-001","1991-07","1.84"
"CF-001","1991-08","1.8"
"CF-001","1991-09","1.92"
"CF-001","1991-10","1.76"
"CF-001","1991-11","1.72"
"CF-001","1991-12","1.66"
"CF-001","1992-01","1.62"
"CF-001","1992-02","1.51"
"CF-001","1992-03","1.55"
"CF-001","1992-04","1.45"
"CF-001","1992-05","1.34"
"CF-001","1992-06","1.3"
"CF-001","1992-07","1.28"
"CF-001","1992-08","1.17"
"CF-001","1992-09","1.17"
"CF-001","1992-10","1.36"
"CF-001","1992-11","1.48"
"CF-001","1992-12","1.7"
"CF-001","1993-01","1.53"
"CF-001","1993-02","1.49"
"CF-001","1993-03","1.4"
"CF-001","1993-04","1.28"
"CF-001","1993-05","1.37"
"CF-001","1993-06","1.38"
"CF-001","1993-07","1.58"
"CF-001","1993-08","1.7"
"CF-001","1993-09","1.78"
"CF-001","1993-10","1.69"
"CF-001","1993-11","1.73"
"CF-001","1993-12","1.79"
"CF-001","1994-01","1.74"
"CF-001","1994-02","1.85"
"CF-001","1994-03","1.92"
"CF-001","1994-04","2"
"CF-001","1994-05","2.69"
"CF-001","1994-06","3.16"
"CF-001","1994-07","4.83"
"CF-001","1994-08","4.42"
"CF-001","1994-09","4.89"
"CF-001","1994-10","4.45"
"CF-001","1994-11","4.03"
"CF-001","1994-12","3.72"
"CF-001","1995-01","3.81"
"CF-001","1995-02","3.74"
"CF-001","1995-03","3.96"
"CF-001","1995-04","3.84"
"CF-001","1995-05","3.77"
"CF-001","1995-06","3.41"
"CF-001","1995-07","3.21"
"CF-001","1995-08","3.38"
"CF-001","1995-09","2.96"
"CF-001","1995-10","2.81"
"CF-001","1995-11","2.76"
"CF-001","1995-12","2.34"
"CF-001","1996-01","2.44"
"CF-001","1996-02","2.74"
"CF-001","1996-03","2.66"
"CF-001","1996-04","2.72"
"CF-001","1996-05","2.85"
"CF-001","1996-06","2.77"
"CF-001","1996-07","2.7"
"CF-001","1996-08","2.78"
"CF-001","1996-09","2.62"
"CF-001","1996-10","2.74"
"CF-001","1996-11","2.74"
"CF-001","1996-12","2.58"
"CF-001","1997-01","2.93"
"CF-001","1997-02","3.71"
"CF-001","1997-03","4.29"
"CF-001","1997-04","4.56"
"CF-001","1997-05","5.89"
"CF-001","1997-06","4.89"
"CF-001","1997-07","4.2"
"CF-001","1997-08","4.21"
"CF-001","1997-09","4.19"
"CF-001","1997-10","3.7"
"CF-001","1997-11","3.53"
"CF-001","1997-12","3.91"
"CF-001","1998-01","3.92"
"CF-001","1998-02","3.93"
"CF-001","1998-03","3.48"
"CF-001","1998-04","3.31"
"CF-001","1998-05","3.04"
"CF-001","1998-06","2.75"
"CF-001","1998-07","2.59"
"CF-001","1998-08","2.72"
"CF-001","1998-09","2.47"
"CF-001","1998-10","2.42"
"CF-001","1998-11","2.57"
"CF-001","1998-12","2.59"
"CF-001","1999-01","2.49"
"CF-001","1999-02","2.33"
"CF-001","1999-03","2.32"
"CF-001","1999-04","2.25"
"CF-001","1999-05","2.45"
"CF-001","1999-06","2.36"
"CF-001","1999-07","2.09"
"CF-001","1999-08","2.01"
"CF-001","1999-09","1.86"
"CF-001","1999-10","2.08"
"CF-001","1999-11","2.5"
"CF-001","1999-12","2.74"
"CF-001","2000-01","2.45"
"CF-001","2000-02","2.28"
"CF-001","2000-03","2.22"
"CF-001","2000-04","2.09"
"CF-001","2000-05","2.08"
"CF-001","2000-06","1.91"
"CF-001","2000-07","1.93"
"CF-001","2000-08","1.7"
"CF-001","2000-09","1.67"
"CF-001","2000-10","1.69"
"CF-001","2000-11","1.58"
"CF-001","2000-12","1.46"
"CF-001","2001-01","1.45"
"CF-001","2001-02","1.48"
"CF-001","2001-03","1.47"
"CF-001","2001-04","1.46"
"CF-001","2001-05","1.53"
"CF-001","2001-06","1.41"
"CF-001","2001-07","1.29"
"CF-001","2001-08","1.32"
"CF-001","2001-09","1.28"
"CF-001","2001-10","1.24"
"CF-001","2001-11","1.3"
"CF-001","2001-12","1.25"
"CF-001","2002-01","1.28"
"CF-001","2002-02","1.3"
"CF-001","2002-03","1.42"
"CF-001","2002-04","1.44"
"CF-001","2002-05","1.35"
"CF-001","2002-06","1.29"
"CF-001","2002-07","1.25"
"CF-001","2002-08","1.2"
"CF-001","2002-09","1.34"
"CF-001","2002-10","1.45"
"CF-001","2002-11","1.54"
"CF-001","2002-12","1.41"
"CF-001","2003-01","1.45"
"CF-001","2003-02","1.46"
"CF-001","2003-03","1.36"
"CF-001","2003-04","1.43"
"CF-001","2003-05","1.46"
"CF-001","2003-06","1.35"
"CF-001","2003-07","1.39"
"CF-001","2003-08","1.41"
"CF-001","2003-09","1.46"
"CF-001","2003-10","1.42"
"CF-001","2003-11","1.37"
"CF-001","2003-12","1.43"
"CF-001","2004-01","1.6"
"CF-001","2004-02","1.68"
"CF-001","2004-03","1.72"
"CF-001","2004-04","1.66"
"CF-001","2004-05","1.7"
"CF-001","2004-06","1.81"
"CF-001","2004-07","1.65"
"CF-001","2004-08","1.62"
"CF-001","2004-09","1.77"
"CF-001","2004-10","1.78"
"CF-001","2004-11","1.99"
"CF-001","2004-12","2.3"
"CF-001","2005-01","2.36"
"CF-001","2005-02","2.66"
"CF-001","2005-03","2.98"
"CF-001","2005-04","2.86"
"CF-001","2005-05","2.83"
"CF-001","2005-06","2.67"
"CF-001","2005-07","2.42"
"CF-001","2005-08","2.39"
"CF-001","2005-09","2.19"
"CF-001","2005-10","2.32"
"CF-001","2005-11","2.38"
"CF-001","2005-12","2.33"
"CF-001","2006-01","2.74"
"CF-001","2006-02","2.63"
"CF-001","2006-03","2.51"
"CF-001","2006-04","2.54"
"CF-001","2006-05","2.41"
"CF-001","2006-06","2.27"
"CF-001","2006-07","2.31"
"CF-001","2006-08","2.46"
"CF-001","2006-09","2.42"
"CF-001","2006-10","2.44"
"CF-001","2006-11","2.7"
"CF-001","2006-12","2.83"
"CF-001","2007-01","2.75"
"CF-001","2007-02","2.69"
"CF-001","2007-03","2.58"
"CF-001","2007-04","2.53"
"CF-001","2007-05","2.5"
"CF-001","2007-06","2.63"
"CF-001","2007-07","2.59"
"CF-001","2007-08","2.72"
"CF-001","2007-09","2.82"
"CF-001","2007-10","2.96"
"CF-001","2007-11","2.89"
"CF-001","2007-12","3.03"
"CF-001","2008-01","3.08"
"CF-001","2008-02","3.47"
"CF-001","2008-03","3.3"
"CF-001","2008-04","3.1"
"CF-001","2008-05","3.13"
"CF-001","2008-06","3.22"
"CF-001","2008-07","3.25"
"CF-001","2008-08","3.23"
"CF-001","2008-09","3.16"
"CF-001","2008-10","2.72"
"CF-001","2008-11","2.69"
"CF-001","2008-12","2.62"
"CF-001","2009-01","2.83"
"CF-001","2009-02","2.85"
"CF-001","2009-03","2.83"
"CF-001","2009-04","2.97"
"CF-001","2009-05","3.33"
"CF-001","2009-06","3.3"
"CF-001","2009-07","3.11"
"CF-001","2009-08","3.3"
"CF-001","2009-09","3.27"
"CF-001","2009-10","3.41"
"CF-001","2009-11","3.36"
"CF-001","2009-12","3.49"
"CF-001","2010-01","3.5"
"CF-001","2010-02","3.48"
"CF-001","2010-03","3.63"
"CF-001","2010-04","3.73"
"CF-001","2010-05","3.82"
"CF-001","2010-06","4.21"
"CF-001","2010-07","4.48"
"CF-001","2010-08","4.66"
"CF-001","2010-09","4.91"
"CF-001","2010-10","4.8"
"CF-001","2010-11","5.15"
"CF-001","2010-12","5.47"
"CF-001","2011-01","5.82"
"CF-001","2011-02","6.35"
"CF-001","2011-03","6.44"
"CF-001","2011-04","6.62"
"CF-001","2011-05","6.42"
"CF-001","2011-06","6.06"
"CF-001","2011-07","5.91"
"CF-001","2011-08","5.96"
"CF-001","2011-09","6.06"
"CF-001","2011-10","5.46"
"CF-001","2011-11","5.4"
"CF-001","2011-12","5.22"
"CF-001","2012-01","5.23"
"CF-001","2012-02","4.94"
"CF-001","2012-03","4.44"
"CF-001","2012-04","4.22"
"CF-001","2012-05","4.07"
"CF-001","2012-06","3.72"
"CF-001","2012-07","4.2"
"CF-001","2012-08","3.85"
"CF-001","2012-09","3.95"
"CF-001","2012-10","3.82"
"CF-001","2012-11","3.53"
"CF-001","2012-12","3.37"
"CF-001","2013-01","3.47"
"CF-001","2013-02","3.3"
"CF-001","2013-03","3.3"
"CF-001","2013-04","3.3"
"CF-001","2013-05","3.24"
"CF-001","2013-06","3.05"
"CF-001","2013-07","3.05"
"CF-001","2013-08","2.98"
"CF-001","2013-09","2.92"
"CF-001","2013-10","2.84"
"CF-001","2013-11","2.69"
"CF-001","2013-12","2.78"
"CF-001","2014-01","2.93"
"CF-001","2014-02","3.83"
"CF-001","2014-03","4.72"
"CF-001","2014-04","4.93"
"CF-001","2014-05","4.72"
"CF-001","2014-06","4.36"
"CF-001","2014-07","4.34"
"CF-001","2014-08","4.7"
"CF-001","2014-09","4.64"
"CF-001","2014-10","4.97"
"CF-001","2014-11","4.62"
"CF-001","2014-12","4.34"
"CF-001","2015-01","4.19"
"CF-001","2015-02","3.94"
"CF-001","2015-03","3.54"
"CF-001","2015-04","3.62"
"CF-001","2015-05","3.49"
"CF-001","2015-06","3.52"
"CF-001","2015-07","3.41"
"CF-001","2015-08","3.46"
"CF-001","2015-09","3.22"
"CF-001","2015-10","3.38"
"CF-001","2015-11","3.26"
"CF-001","2015-12","3.28"
"CF-001","2016-01","3.2"
"CF-001","2016-02","3.26"
"CF-001","2016-03","3.47"
"CF-001","2016-04","3.4"
"CF-001","2016-05","3.42"
"CF-001","2016-06","3.65"
"CF-001","2016-07","3.79"
"CF-001","2016-08","3.69"
"CF-001","2016-09","3.89"
"CF-001","2016-10","3.95"
"CF-001","2016-11","4.06"
"CF-001","2016-12","3.57"
"CF-001","2017-01","3.72"
"CF-001","2017-02","3.67"
"CF-001","2017-03","3.53"
"CF-001","2017-04","3.43"
"CF-001","2017-05","3.31"
"CF-001","2017-06","3.16"
"CF-001","2017-07","3.3"
"CF-001","2017-08","3.3"
"CF-001","2017-09","3.23"
"CF-001","2017-10","3.1"
"CF-001","2017-11","3.11"
"CF-001","2017-12","3.03"
"CF-001","2018-01","3.06"
"CF-001","2018-02","3"
"CF-001","2018-03","2.98"
"CF-001","2018-04","2.96"
"CF-001","2018-05","2.99"
"CF-001","2018-06","2.95"
"CF-001","2018-07","2.88"
"CF-001","2018-08","2.76"
"CF-001","2018-09","2.67"
"CF-001","2018-10","3.03"
"CF-001","2018-11","3.02"
"CF-001","2018-12","2.8"
"CF-001","2019-01","2.83"
"CF-001","2019-02","2.83"
"CF-001","2019-03","2.73"
"CF-001","2019-04","2.67"
"CF-001","2019-05","2.66"
"CF-001","2019-06","2.86"
"CF-001","2019-07","2.99"
"CF-001","2019-08","2.78"
"CF-001","2019-09","2.84"
"CF-001","2019-10","2.8"
"CF-001","2019-11","3.11"
"CF-001","2019-12","3.46"
"CF-001","2020-01","3.13"
"CF-001","2020-02","2.99"
"CF-001","2020-03","3.27"
"CF-001","2020-04","3.41"
"CF-001","2020-05","3.3"
"CF-001","2020-06","3.12"
"CF-001","2020-07","3.24"
"CF-001","2020-08","3.6"
"CF-001","2020-09","3.67"
"CF-001","2020-10","3.35"
"CF-001","2020-11","3.32"
"CF-001","2020-12","3.48"
"CF-001","2021-01","3.54"
"CF-001","2021-02","3.67"
"CF-001","2021-03","3.68"
"CF-001","2021-04","3.72"
"CF-001","2021-05","4.11"
"CF-001","2021-06","4.24"
"CF-001","2021-07","4.5"
"CF-001","2021-08","4.77"
"CF-001","2021-09","4.97"
"CF-001","2021-10","5.31"
"CF-001","2021-11","5.71"
"CF-001","2021-12","5.91"
"CF-001","2022-01","5.98"
"CF-001","2022-02","6.17"
"CF-001","2022-03","5.7"
"CF-001","2022-04","5.85"
"CF-001","2022-05","5.74"
"CF-001","2022-06","6.03"
"CF-001","2022-07","5.64"
"CF-001","2022-08","5.92"
"CF-001","2022-09","5.9"
"CF-001","2022-10","5.29"
"CF-001","2022-11","4.72"
"CF-001","2022-12","4.63"
"CF-001","2023-01","4.56"
"CF-001","2023-02","5.06"
"CF-001","2023-03","4.9"
"CF-001","2023-04","5.06"
"CF-001","2023-05","4.85"
"CF-001","2023-06","4.57"
"CF-001","2023-07","4.27"
"CF-001","2023-08","4.12"
"CF-001","2023-09","4.05"
"CF-001","2023-10","4.05"
"CF-001","2023-11","4.35"
"CF-001","2023-12","4.65"
"CF-001","2024-01","4.47"
"CF-001","2024-02","4.6"
"CF-001","2024-03","4.61"
"CF-001","2024-04","5.27"
"CF-001","2024-05","5.08"
"CF-001","2024-06","5.48"
"CF-001","2024-07","5.67"
"CF-001","2024-08","5.76"
"CF-001","2024-09","6.12"
"CF-001","2024-10","6.1"
"CF-001","2024-11","6.72"
"CF-001","2024-12","7.57"
"CF-001","2025-01","7.81"
"CF-001","2025-02","9.05"
"CF-001","2025-03","8.92"
"CF-001","2025-04","8.64"
"CF-001","2025-05","8.77"
"CF-001","2025-06","8.01"
"CF-001","2025-07","7.18"
"CF-001","2025-08","8.08"
"CF-001","2025-09","8.83"
"CF-001","2025-10","8.9"
"CF-001","2025-11","9.05"
"CF-001","2025-12","8.4"
"CF-001","2026-01","8.02"
"CF-001","2026-02","7.08"
"CF-001","2026-03","7.37"
"CF-001","2026-04","7.3"
"CF-001","2026-05","6.95"
"CF-001","2026-06","6.79"
"CF-002","1960-01","0.7"
"CF-002","1960-02","0.69"
"CF-002","1960-03","0.69"
"CF-002","1960-04","0.68"
"CF-002","1960-05","0.69"
"CF-002","1960-06","0.7"
"CF-002","1960-07","0.69"
"CF-002","1960-08","0.7"
"CF-002","1960-09","0.7"
"CF-002","1960-10","0.71"
"CF-002","1960-11","0.71"
"CF-002","1960-12","0.7"
"CF-002","1961-01","0.68"
"CF-002","1961-02","0.68"
"CF-002","1961-03","0.67"
"CF-002","1961-04","0.66"
"CF-002","1961-05","0.66"
"CF-002","1961-06","0.67"
"CF-002","1961-07","0.67"
"CF-002","1961-08","0.67"
"CF-002","1961-09","0.67"
"CF-002","1961-10","0.67"
"CF-002","1961-11","0.67"
"CF-002","1961-12","0.67"
"CF-002","1962-01","0.67"
"CF-002","1962-02","0.67"
"CF-002","1962-03","0.67"
"CF-002","1962-04","0.67"
"CF-002","1962-05","0.67"
"CF-002","1962-06","0.67"
"CF-002","1962-07","0.68"
"CF-002","1962-08","0.68"
"CF-002","1962-09","0.69"
"CF-002","1962-10","0.69"
"CF-002","1962-11","0.69"
"CF-002","1962-12","0.72"
"CF-002","1963-01","0.65"
"CF-002","1963-02","0.61"
"CF-002","1963-03","0.62"
"CF-002","1963-04","0.62"
"CF-002","1963-05","0.61"
"CF-002","1963-06","0.61"
"CF-002","1963-07","0.62"
"CF-002","1963-08","0.61"
"CF-002","1963-09","0.62"
"CF-002","1963-10","0.63"
"CF-002","1963-11","0.63"
"CF-002","1963-12","0.65"
"CF-002","1964-01","0.7"
"CF-002","1964-02","0.72"
"CF-002","1964-03","0.78"
"CF-002","1964-04","0.82"
"CF-002","1964-05","0.83"
"CF-002","1964-06","0.85"
"CF-002","1964-07","0.82"
"CF-002","1964-08","0.82"
"CF-002","1964-09","0.79"
"CF-002","1964-10","0.77"
"CF-002","1964-11","0.79"
"CF-002","1964-12","0.76"
"CF-002","1965-01","0.63"
"CF-002","1965-02","0.64"
"CF-002","1965-03","0.58"
"CF-002","1965-04","0.55"
"CF-002","1965-05","0.49"
"CF-002","1965-06","0.61"
"CF-002","1965-07","0.72"
"CF-002","1965-08","0.79"
"CF-002","1965-09","0.78"
"CF-002","1965-10","0.81"
"CF-002","1965-11","0.76"
"CF-002","1965-12","0.79"
"CF-002","1966-01","0.8"
"CF-002","1966-02","0.76"
"CF-002","1966-03","0.74"
"CF-002","1966-04","0.76"
"CF-002","1966-05","0.77"
"CF-002","1966-06","0.74"
"CF-002","1966-07","0.73"
"CF-002","1966-08","0.72"
"CF-002","1966-09","0.7"
"CF-002","1966-10","0.72"
"CF-002","1966-11","0.72"
"CF-002","1966-12","0.72"
"CF-002","1967-01","0.71"
"CF-002","1967-02","0.73"
"CF-002","1967-03","0.73"
"CF-002","1967-04","0.75"
"CF-002","1967-05","0.77"
"CF-002","1967-06","0.78"
"CF-002","1967-07","0.74"
"CF-002","1967-08","0.72"
"CF-002","1967-09","0.72"
"CF-002","1967-10","0.73"
"CF-002","1967-11","0.75"
"CF-002","1967-12","0.75"
"CF-002","1968-01","0.76"
"CF-002","1968-02","0.76"
"CF-002","1968-03","0.75"
"CF-002","1968-04","0.75"
"CF-002","1968-05","0.76"
"CF-002","1968-06","0.76"
"CF-002","1968-07","0.75"
"CF-002","1968-08","0.75"
"CF-002","1968-09","0.75"
"CF-002","1968-10","0.74"
"CF-002","1968-11","0.72"
"CF-002","1968-12","0.71"
"CF-002","1969-01","0.71"
"CF-002","1969-02","0.71"
"CF-002","1969-03","0.69"
"CF-002","1969-04","0.66"
"CF-002","1969-05","0.65"
"CF-002","1969-06","0.68"
"CF-002","1969-07","0.69"
"CF-002","1969-08","0.72"
"CF-002","1969-09","0.76"
"CF-002","1969-10","0.85"
"CF-002","1969-11","0.82"
"CF-002","1969-12","0.83"
"CF-002","1970-01","0.86"
"CF-002","1970-02","0.85"
"CF-002","1970-03","0.87"
"CF-002","1970-04","0.91"
"CF-002","1970-05","0.94"
"CF-002","1970-06","0.93"
"CF-002","1970-07","0.94"
"CF-002","1970-08","0.94"
"CF-002","1970-09","0.94"
"CF-002","1970-10","0.94"
"CF-002","1970-11","0.92"
"CF-002","1970-12","0.92"
"CF-002","1971-01","0.93"
"CF-002","1971-02","0.93"
"CF-002","1971-03","0.94"
"CF-002","1971-04","0.94"
"CF-002","1971-05","0.94"
"CF-002","1971-06","0.93"
"CF-002","1971-07","0.93"
"CF-002","1971-08","0.93"
"CF-002","1971-09","0.92"
"CF-002","1971-10","0.92"
"CF-002","1971-11","0.93"
"CF-002","1971-12","0.94"
"CF-002","1972-01","0.93"
"CF-002","1972-02","0.93"
"CF-002","1972-03","0.95"
"CF-002","1972-04","0.96"
"CF-002","1972-05","0.96"
"CF-002","1972-06","0.96"
"CF-002","1972-07","1.04"
"CF-002","1972-08","1.04"
"CF-002","1972-09","1.03"
"CF-002","1972-10","1.04"
"CF-002","1972-11","1.04"
"CF-002","1972-12","1.05"
"CF-002","1973-01","1.05"
"CF-002","1973-02","1.09"
"CF-002","1973-03","1.11"
"CF-002","1973-04","1.08"
"CF-002","1973-05","1.07"
"CF-002","1973-06","1.08"
"CF-002","1973-07","1.06"
"CF-002","1973-08","1.04"
"CF-002","1973-09","1.1"
"CF-002","1973-10","1.15"
"CF-002","1973-11","1.17"
"CF-002","1973-12","1.19"
"CF-002","1974-01","1.23"
"CF-002","1974-02","1.33"
"CF-002","1974-03","1.38"
"CF-002","1974-04","1.41"
"CF-002","1974-05","1.42"
"CF-002","1974-06","1.36"
"CF-002","1974-07","1.3"
"CF-002","1974-08","1.23"
"CF-002","1974-09","1.19"
"CF-002","1974-10","1.21"
"CF-002","1974-11","1.23"
"CF-002","1974-12","1.22"
"CF-002","1975-01","1.2"
"CF-002","1975-02","1.15"
"CF-002","1975-03","1.09"
"CF-002","1975-04","1.08"
"CF-002","1975-05","1.05"
"CF-002","1975-06","1.09"
"CF-002","1975-07","1.29"
"CF-002","1975-08","1.7"
"CF-002","1975-09","1.68"
"CF-002","1975-10","1.61"
"CF-002","1975-11","1.57"
"CF-002","1975-12","1.63"
"CF-002","1976-01","1.74"
"CF-002","1976-02","1.82"
"CF-002","1976-03","1.82"
"CF-002","1976-04","2.38"
"CF-002","1976-05","2.68"
"CF-002","1976-06","2.87"
"CF-002","1976-07","2.78"
"CF-002","1976-08","2.92"
"CF-002","1976-09","3.02"
"CF-002","1976-10","3.35"
"CF-002","1976-11","3.89"
"CF-002","1976-12","4.5"
"CF-002","1977-01","4.77"
"CF-002","1977-02","5.43"
"CF-002","1977-03","6.75"
"CF-002","1977-04","6.88"
"CF-002","1977-05","5.94"
"CF-002","1977-06","4.94"
"CF-002","1977-07","4.33"
"CF-002","1977-08","4.48"
"CF-002","1977-09","4.44"
"CF-002","1977-10","3.83"
"CF-002","1977-11","3.68"
"CF-002","1977-12","3.72"
"CF-002","1978-01","3.9"
"CF-002","1978-02","3.85"
"CF-002","1978-03","3.48"
"CF-002","1978-04","3.19"
"CF-002","1978-05","3"
"CF-002","1978-06","3.33"
"CF-002","1978-07","2.79"
"CF-002","1978-08","2.83"
"CF-002","1978-09","3.24"
"CF-002","1978-10","3.31"
"CF-002","1978-11","3.18"
"CF-002","1978-12","2.91"
"CF-002","1979-01","2.94"
"CF-002","1979-02","2.92"
"CF-002","1979-03","2.98"
"CF-002","1979-04","3.13"
"CF-002","1979-05","3.26"
"CF-002","1979-06","4.16"
"CF-002","1979-07","4.32"
"CF-002","1979-08","4.01"
"CF-002","1979-09","4.23"
"CF-002","1979-10","4.06"
"CF-002","1979-11","3.91"
"CF-002","1979-12","3.9"
"CF-002","1980-01","3.57"
"CF-002","1980-02","3.55"
"CF-002","1980-03","3.72"
"CF-002","1980-04","3.65"
"CF-002","1980-05","3.88"
"CF-002","1980-06","3.76"
"CF-002","1980-07","3.28"
"CF-002","1980-08","2.95"
"CF-002","1980-09","2.76"
"CF-002","1980-10","2.72"
"CF-002","1980-11","2.52"
"CF-002","1980-12","2.55"
"CF-002","1981-01","2.63"
"CF-002","1981-02","2.49"
"CF-002","1981-03","2.47"
"CF-002","1981-04","2.45"
"CF-002","1981-05","2.35"
"CF-002","1981-06","1.86"
"CF-002","1981-07","1.94"
"CF-002","1981-08","1.98"
"CF-002","1981-09","1.97"
"CF-002","1981-10","2.17"
"CF-002","1981-11","2.31"
"CF-002","1981-12","2.27"
"CF-002","1982-01","2.31"
"CF-002","1982-02","2.52"
"CF-002","1982-03","2.47"
"CF-002","1982-04","2.35"
"CF-002","1982-05","2.28"
"CF-002","1982-06","2.24"
"CF-002","1982-07","2.17"
"CF-002","1982-08","2.25"
"CF-002","1982-09","2.41"
"CF-002","1982-10","2.59"
"CF-002","1982-11","2.69"
"CF-002","1982-12","2.82"
"CF-002","1983-01","2.75"
"CF-002","1983-02","2.68"
"CF-002","1983-03","2.67"
"CF-002","1983-04","2.67"
"CF-002","1983-05","2.72"
"CF-002","1983-06","2.65"
"CF-002","1983-07","2.65"
"CF-002","1983-08","2.65"
"CF-002","1983-09","2.69"
"CF-002","1983-10","2.87"
"CF-002","1983-11","2.85"
"CF-002","1983-12","2.93"
"CF-002","1984-01","2.93"
"CF-002","1984-02","3"
"CF-002","1984-03","3.04"
"CF-002","1984-04","3.03"
"CF-002","1984-05","3.23"
"CF-002","1984-06","3.17"
"CF-002","1984-07","3.04"
"CF-002","1984-08","3.1"
"CF-002","1984-09","3.12"
"CF-002","1984-10","2.98"
"CF-002","1984-11","3"
"CF-002","1984-12","2.8"
"CF-002","1985-01","2.77"
"CF-002","1985-02","2.7"
"CF-002","1985-03","2.71"
"CF-002","1985-04","2.7"
"CF-002","1985-05","2.67"
"CF-002","1985-06","2.65"
"CF-002","1985-07","2.34"
"CF-002","1985-08","2.35"
"CF-002","1985-09","2.29"
"CF-002","1985-10","2.45"
"CF-002","1985-11","2.78"
"CF-002","1985-12","3.37"
"CF-002","1986-01","3.75"
"CF-002","1986-02","3.57"
"CF-002","1986-03","3.72"
"CF-002","1986-04","3.47"
"CF-002","1986-05","3.14"
"CF-002","1986-06","2.76"
"CF-002","1986-07","2.78"
"CF-002","1986-08","2.98"
"CF-002","1986-09","3.61"
"CF-002","1986-10","3.28"
"CF-002","1986-11","3.13"
"CF-002","1986-12","2.75"
"CF-002","1987-01","2.5"
"CF-002","1987-02","2.43"
"CF-002","1987-03","2.16"
"CF-002","1987-04","2.23"
"CF-002","1987-05","2.33"
"CF-002","1987-06","2.16"
"CF-002","1987-07","2.04"
"CF-002","1987-08","2.08"
"CF-002","1987-09","2.19"
"CF-002","1987-10","2.28"
"CF-002","1987-11","2.31"
"CF-002","1987-12","2.27"
"CF-002","1988-01","2.25"
"CF-002","1988-02","2.27"
"CF-002","1988-03","2.18"
"CF-002","1988-04","2.12"
"CF-002","1988-05","2.07"
"CF-002","1988-06","2.06"
"CF-002","1988-07","1.88"
"CF-002","1988-08","1.8"
"CF-002","1988-09","1.98"
"CF-002","1988-10","2.07"
"CF-002","1988-11","2.04"
"CF-002","1988-12","2.22"
"CF-002","1989-01","2.23"
"CF-002","1989-02","2.12"
"CF-002","1989-03","2.08"
"CF-002","1989-04","2.01"
"CF-002","1989-05","2.01"
"CF-002","1989-06","1.85"
"CF-002","1989-07","1.44"
"CF-002","1989-08","1.31"
"CF-002","1989-09","1.32"
"CF-002","1989-10","1.18"
"CF-002","1989-11","1.17"
"CF-002","1989-12","1.13"
"CF-002","1990-01","1.09"
"CF-002","1990-02","1.1"
"CF-002","1990-03","1.23"
"CF-002","1990-04","1.23"
"CF-002","1990-05","1.18"
"CF-002","1990-06","1.12"
"CF-002","1990-07","1.1"
"CF-002","1990-08","1.19"
"CF-002","1990-09","1.23"
"CF-002","1990-10","1.24"
"CF-002","1990-11","1.22"
"CF-002","1990-12","1.24"
"CF-002","1991-01","1.16"
"CF-002","1991-02","1.14"
"CF-002","1991-03","1.13"
"CF-002","1991-04","1.12"
"CF-002","1991-05","1.04"
"CF-002","1991-06","1"
"CF-002","1991-07","1"
"CF-002","1991-08","0.99"
"CF-002","1991-09","1.03"
"CF-002","1991-10","1.01"
"CF-002","1991-11","1.11"
"CF-002","1991-12","1.12"
"CF-002","1992-01","1.08"
"CF-002","1992-02","0.94"
"CF-002","1992-03","0.94"
"CF-002","1992-04","0.91"
"CF-002","1992-05","0.83"
"CF-002","1992-06","0.82"
"CF-002","1992-07","0.86"
"CF-002","1992-08","0.86"
"CF-002","1992-09","0.9"
"CF-002","1992-10","0.97"
"CF-002","1992-11","1.05"
"CF-002","1992-12","1.12"
"CF-002","1993-01","1.03"
"CF-002","1993-02","1.04"
"CF-002","1993-03","1.01"
"CF-002","1993-04","0.99"
"CF-002","1993-05","1.02"
"CF-002","1993-06","1.03"
"CF-002","1993-07","1.09"
"CF-002","1993-08","1.29"
"CF-002","1993-09","1.38"
"CF-002","1993-10","1.3"
"CF-002","1993-11","1.36"
"CF-002","1993-12","1.36"
"CF-002","1994-01","1.31"
"CF-002","1994-02","1.34"
"CF-002","1994-03","1.43"
"CF-002","1994-04","1.58"
"CF-002","1994-05","2.09"
"CF-002","1994-06","2.48"
"CF-002","1994-07","3.62"
"CF-002","1994-08","3.59"
"CF-002","1994-09","4.03"
"CF-002","1994-10","3.74"
"CF-002","1994-11","3.38"
"CF-002","1994-12","2.86"
"CF-002","1995-01","2.9"
"CF-002","1995-02","2.97"
"CF-002","1995-03","3.22"
"CF-002","1995-04","3.19"
"CF-002","1995-05","3.11"
"CF-002","1995-06","2.84"
"CF-002","1995-07","2.64"
"CF-002","1995-08","2.87"
"CF-002","1995-09","2.54"
"CF-002","1995-10","2.49"
"CF-002","1995-11","2.44"
"CF-002","1995-12","2.05"
"CF-002","1996-01","1.98"
"CF-002","1996-02","2.14"
"CF-002","1996-03","2"
"CF-002","1996-04","2"
"CF-002","1996-05","2.01"
"CF-002","1996-06","1.9"
"CF-002","1996-07","1.71"
"CF-002","1996-08","1.75"
"CF-002","1996-09","1.64"
"CF-002","1996-10","1.61"
"CF-002","1996-11","1.55"
"CF-002","1996-12","1.39"
"CF-002","1997-01","1.48"
"CF-002","1997-02","1.66"
"CF-002","1997-03","1.77"
"CF-002","1997-04","1.71"
"CF-002","1997-05","2.06"
"CF-002","1997-06","1.96"
"CF-002","1997-07","1.76"
"CF-002","1997-08","1.64"
"CF-002","1997-09","1.66"
"CF-002","1997-10","1.64"
"CF-002","1997-11","1.68"
"CF-002","1997-12","1.82"
"CF-002","1998-01","1.84"
"CF-002","1998-02","1.84"
"CF-002","1998-03","1.81"
"CF-002","1998-04","1.96"
"CF-002","1998-05","2"
"CF-002","1998-06","1.82"
"CF-002","1998-07","1.7"
"CF-002","1998-08","1.75"
"CF-002","1998-09","1.76"
"CF-002","1998-10","1.77"
"CF-002","1998-11","1.77"
"CF-002","1998-12","1.85"
"CF-002","1999-01","1.81"
"CF-002","1999-02","1.75"
"CF-002","1999-03","1.62"
"CF-002","1999-04","1.53"
"CF-002","1999-05","1.5"
"CF-002","1999-06","1.45"
"CF-002","1999-07","1.36"
"CF-002","1999-08","1.39"
"CF-002","1999-09","1.31"
"CF-002","1999-10","1.29"
"CF-002","1999-11","1.39"
"CF-002","1999-12","1.47"
"CF-002","2000-01","1.17"
"CF-002","2000-02","1.08"
"CF-002","2000-03","1.02"
"CF-002","2000-04","0.98"
"CF-002","2000-05","0.98"
"CF-002","2000-06","0.94"
"CF-002","2000-07","0.9"
"CF-002","2000-08","0.84"
"CF-002","2000-09","0.86"
"CF-002","2000-10","0.8"
"CF-002","2000-11","0.72"
"CF-002","2000-12","0.67"
"CF-002","2001-01","0.71"
"CF-002","2001-02","0.7"
"CF-002","2001-03","0.67"
"CF-002","2001-04","0.63"
"CF-002","2001-05","0.65"
"CF-002","2001-06","0.64"
"CF-002","2001-07","0.6"
"CF-002","2001-08","0.57"
"CF-002","2001-09","0.54"
"CF-002","2001-10","0.51"
"CF-002","2001-11","0.52"
"CF-002","2001-12","0.54"
"CF-002","2002-01","0.5"
"CF-002","2002-02","0.54"
"CF-002","2002-03","0.64"
"CF-002","2002-04","0.65"
"CF-002","2002-05","0.62"
"CF-002","2002-06","0.63"
"CF-002","2002-07","0.63"
"CF-002","2002-08","0.61"
"CF-002","2002-09","0.71"
"CF-002","2002-10","0.73"
"CF-002","2002-11","0.84"
"CF-002","2002-12","0.84"
"CF-002","2003-01","0.91"
"CF-002","2003-02","0.9"
"CF-002","2003-03","0.82"
"CF-002","2003-04","0.82"
"CF-002","2003-05","0.83"
"CF-002","2003-06","0.75"
"CF-002","2003-07","0.78"
"CF-002","2003-08","0.8"
"CF-002","2003-09","0.82"
"CF-002","2003-10","0.79"
"CF-002","2003-11","0.75"
"CF-002","2003-12","0.79"
"CF-002","2004-01","0.88"
"CF-002","2004-02","0.82"
"CF-002","2004-03","0.81"
"CF-002","2004-04","0.8"
"CF-002","2004-05","0.81"
"CF-002","2004-06","0.88"
"CF-002","2004-07","0.79"
"CF-002","2004-08","0.75"
"CF-002","2004-09","0.75"
"CF-002","2004-10","0.7"
"CF-002","2004-11","0.72"
"CF-002","2004-12","0.81"
"CF-002","2005-01","0.81"
"CF-002","2005-02","0.91"
"CF-002","2005-03","1.09"
"CF-002","2005-04","1.12"
"CF-002","2005-05","1.24"
"CF-002","2005-06","1.32"
"CF-002","2005-07","1.28"
"CF-002","2005-08","1.15"
"CF-002","2005-09","1.03"
"CF-002","2005-10","1.05"
"CF-002","2005-11","1.13"
"CF-002","2005-12","1.24"
"CF-002","2006-01","1.4"
"CF-002","2006-02","1.39"
"CF-002","2006-03","1.31"
"CF-002","2006-04","1.33"
"CF-002","2006-05","1.32"
"CF-002","2006-06","1.33"
"CF-002","2006-07","1.42"
"CF-002","2006-08","1.62"
"CF-002","2006-09","1.7"
"CF-002","2006-10","1.66"
"CF-002","2006-11","1.69"
"CF-002","2006-12","1.69"
"CF-002","2007-01","1.74"
"CF-002","2007-02","1.74"
"CF-002","2007-03","1.7"
"CF-002","2007-04","1.75"
"CF-002","2007-05","1.85"
"CF-002","2007-06","2.04"
"CF-002","2007-07","2.04"
"CF-002","2007-08","1.93"
"CF-002","2007-09","2.05"
"CF-002","2007-10","2.01"
"CF-002","2007-11","2.04"
"CF-002","2007-12","2.01"
"CF-002","2008-01","2.19"
"CF-002","2008-02","2.55"
"CF-002","2008-03","2.69"
"CF-002","2008-04","2.45"
"CF-002","2008-05","2.4"
"CF-002","2008-06","2.45"
"CF-002","2008-07","2.54"
"CF-002","2008-08","2.48"
"CF-002","2008-09","2.32"
"CF-002","2008-10","1.96"
"CF-002","2008-11","2"
"CF-002","2008-12","1.82"
"CF-002","2009-01","1.82"
"CF-002","2009-02","1.77"
"CF-002","2009-03","1.68"
"CF-002","2009-04","1.67"
"CF-002","2009-05","1.67"
"CF-002","2009-06","1.63"
"CF-002","2009-07","1.58"
"CF-002","2009-08","1.6"
"CF-002","2009-09","1.63"
"CF-002","2009-10","1.62"
"CF-002","2009-11","1.53"
"CF-002","2009-12","1.54"
"CF-002","2010-01","1.54"
"CF-002","2010-02","1.5"
"CF-002","2010-03","1.48"
"CF-002","2010-04","1.58"
"CF-002","2010-05","1.56"
"CF-002","2010-06","1.7"
"CF-002","2010-07","1.88"
"CF-002","2010-08","1.82"
"CF-002","2010-09","1.79"
"CF-002","2010-10","1.88"
"CF-002","2010-11","2.03"
"CF-002","2010-12","2.07"
"CF-002","2011-01","2.23"
"CF-002","2011-02","2.41"
"CF-002","2011-03","2.6"
"CF-002","2011-04","2.59"
"CF-002","2011-05","2.69"
"CF-002","2011-06","2.6"
"CF-002","2011-07","2.49"
"CF-002","2011-08","2.47"
"CF-002","2011-09","2.34"
"CF-002","2011-10","2.16"
"CF-002","2011-11","2.14"
"CF-002","2011-12","2.17"
"CF-002","2012-01","2.13"
"CF-002","2012-02","2.25"
"CF-002","2012-03","2.28"
"CF-002","2012-04","2.24"
"CF-002","2012-05","2.36"
"CF-002","2012-06","2.33"
"CF-002","2012-07","2.36"
"CF-002","2012-08","2.35"
"CF-002","2012-09","2.31"
"CF-002","2012-10","2.3"
"CF-002","2012-11","2.15"
"CF-002","2012-12","2.13"
"CF-002","2013-01","2.2"
"CF-002","2013-02","2.29"
"CF-002","2013-03","2.34"
"CF-002","2013-04","2.24"
"CF-002","2013-05","2.19"
"CF-002","2013-06","2"
"CF-002","2013-07","2.1"
"CF-002","2013-08","2.07"
"CF-002","2013-09","1.94"
"CF-002","2013-10","1.85"
"CF-002","2013-11","1.76"
"CF-002","2013-12","1.94"
"CF-002","2014-01","1.93"
"CF-002","2014-02","2.11"
"CF-002","2014-03","2.32"
"CF-002","2014-04","2.33"
"CF-002","2014-05","2.27"
"CF-002","2014-06","2.18"
"CF-002","2014-07","2.24"
"CF-002","2014-08","2.21"
"CF-002","2014-09","2.22"
"CF-002","2014-10","2.31"
"CF-002","2014-11","2.27"
"CF-002","2014-12","2.2"
"CF-002","2015-01","2.16"
"CF-002","2015-02","2.17"
"CF-002","2015-03","2.03"
"CF-002","2015-04","2.03"
"CF-002","2015-05","1.93"
"CF-002","2015-06","1.99"
"CF-002","2015-07","1.92"
"CF-002","2015-08","1.89"
"CF-002","2015-09","1.8"
"CF-002","2015-10","1.82"
"CF-002","2015-11","1.8"
"CF-002","2015-12","1.75"
"CF-002","2016-01","1.65"
"CF-002","2016-02","1.63"
"CF-002","2016-03","1.67"
"CF-002","2016-04","1.77"
"CF-002","2016-05","1.85"
"CF-002","2016-06","1.89"
"CF-002","2016-07","2"
"CF-002","2016-08","2.02"
"CF-002","2016-09","2.14"
"CF-002","2016-10","2.29"
"CF-002","2016-11","2.29"
"CF-002","2016-12","2.25"
"CF-002","2017-01","2.39"
"CF-002","2017-02","2.35"
"CF-002","2017-03","2.35"
"CF-002","2017-04","2.28"
"CF-002","2017-05","2.17"
"CF-002","2017-06","2.25"
"CF-002","2017-07","2.31"
"CF-002","2017-08","2.3"
"CF-002","2017-09","2.19"
"CF-002","2017-10","2.17"
"CF-002","2017-11","2.01"
"CF-002","2017-12","1.93"
"CF-002","2018-01","1.95"
"CF-002","2018-02","1.97"
"CF-002","2018-03","1.94"
"CF-002","2018-04","1.95"
"CF-002","2018-05","1.96"
"CF-002","2018-06","1.9"
"CF-002","2018-07","1.86"
"CF-002","2018-08","1.78"
"CF-002","2018-09","1.69"
"CF-002","2018-10","1.88"
"CF-002","2018-11","1.84"
"CF-002","2018-12","1.71"
"CF-002","2019-01","1.72"
"CF-002","2019-02","1.73"
"CF-002","2019-03","1.7"
"CF-002","2019-04","1.62"
"CF-002","2019-05","1.57"
"CF-002","2019-06","1.63"
"CF-002","2019-07","1.63"
"CF-002","2019-08","1.56"
"CF-002","2019-09","1.56"
"CF-002","2019-10","1.51"
"CF-002","2019-11","1.62"
"CF-002","2019-12","1.61"
"CF-002","2020-01","1.56"
"CF-002","2020-02","1.5"
"CF-002","2020-03","1.49"
"CF-002","2020-04","1.41"
"CF-002","2020-05","1.42"
"CF-002","2020-06","1.42"
"CF-002","2020-07","1.49"
"CF-002","2020-08","1.6"
"CF-002","2020-09","1.6"
"CF-002","2020-10","1.51"
"CF-002","2020-11","1.6"
"CF-002","2020-12","1.59"
"CF-002","2021-01","1.56"
"CF-002","2021-02","1.62"
"CF-002","2021-03","1.63"
"CF-002","2021-04","1.64"
"CF-002","2021-05","1.76"
"CF-002","2021-06","1.87"
"CF-002","2021-07","2.08"
"CF-002","2021-08","2.1"
"CF-002","2021-09","2.31"
"CF-002","2021-10","2.32"
"CF-002","2021-11","2.41"
"CF-002","2021-12","2.48"
"CF-002","2022-01","2.43"
"CF-002","2022-02","2.41"
"CF-002","2022-03","2.29"
"CF-002","2022-04","2.29"
"CF-002","2022-05","2.27"
"CF-002","2022-06","2.29"
"CF-002","2022-07","2.21"
"CF-002","2022-08","2.42"
"CF-002","2022-09","2.46"
"CF-002","2022-10","2.27"
"CF-002","2022-11","2.04"
"CF-002","2022-12","2.05"
"CF-002","2023-01","2.12"
"CF-002","2023-02","2.29"
"CF-002","2023-03","2.35"
"CF-002","2023-04","2.55"
"CF-002","2023-05","2.7"
"CF-002","2023-06","2.91"
"CF-002","2023-07","2.81"
"CF-002","2023-08","2.75"
"CF-002","2023-09","2.73"
"CF-002","2023-10","2.62"
"CF-002","2023-11","2.7"
"CF-002","2023-12","2.99"
"CF-002","2024-01","3.26"
"CF-002","2024-02","3.38"
"CF-002","2024-03","3.66"
"CF-002","2024-04","4.23"
"CF-002","2024-05","4.04"
"CF-002","2024-06","4.5"
"CF-002","2024-07","4.73"
"CF-002","2024-08","4.73"
"CF-002","2024-09","5.33"
"CF-002","2024-10","4.89"
"CF-002","2024-11","4.98"
"CF-002","2024-12","5.22"
"CF-002","2025-01","5.41"
"CF-002","2025-02","5.81"
"CF-002","2025-03","5.69"
"CF-002","2025-04","5.43"
"CF-002","2025-05","5.24"
"CF-002","2025-06","4.33"
"CF-002","2025-07","3.69"
"CF-002","2025-08","4.39"
"CF-002","2025-09","4.66"
"CF-002","2025-10","4.74"
"CF-002","2025-11","4.74"
"CF-002","2025-12","4.2"
"CF-002","2026-01","4.24"
"CF-002","2026-02","3.96"
"CF-002","2026-03","3.9"
"CF-002","2026-04","3.63"
"CF-002","2026-05","3.67"
"CF-002","2026-06","3.73"
"CO-001","1960-01","0.63"
"CO-001","1960-02","0.61"
"CO-001","1960-03","0.58"
"CO-001","1960-04","0.6"
"CO-001","1960-05","0.6"
"CO-001","1960-06","0.59"
"CO-001","1960-07","0.6"
"CO-001","1960-08","0.59"
"CO-001","1960-09","0.58"
"CO-001","1960-10","0.59"
"CO-001","1960-11","0.57"
"CO-001","1960-12","0.52"
"CO-001","1961-01","0.49"
"CO-001","1961-02","0.49"
"CO-001","1961-03","0.46"
"CO-001","1961-04","0.44"
"CO-001","1961-05","0.48"
"CO-001","1961-06","0.49"
"CO-001","1961-07","0.48"
"CO-001","1961-08","0.48"
"CO-001","1961-09","0.47"
"CO-001","1961-10","0.46"
"CO-001","1961-11","0.48"
"CO-001","1961-12","0.54"
"CO-001","1962-01","0.46"
"CO-001","1962-02","0.49"
"CO-001","1962-03","0.44"
"CO-001","1962-04","0.46"
"CO-001","1962-05","0.47"
"CO-001","1962-06","0.47"
"CO-001","1962-07","0.46"
"CO-001","1962-08","0.46"
"CO-001","1962-09","0.45"
"CO-001","1962-10","0.44"
"CO-001","1962-11","0.44"
"CO-001","1962-12","0.45"
"CO-001","1963-01","0.5"
"CO-001","1963-02","0.54"
"CO-001","1963-03","0.53"
"CO-001","1963-04","0.56"
"CO-001","1963-05","0.61"
"CO-001","1963-06","0.56"
"CO-001","1963-07","0.52"
"CO-001","1963-08","0.52"
"CO-001","1963-09","0.55"
"CO-001","1963-10","0.58"
"CO-001","1963-11","0.57"
"CO-001","1963-12","0.57"
"CO-001","1964-01","0.55"
"CO-001","1964-02","0.51"
"CO-001","1964-03","0.51"
"CO-001","1964-04","0.48"
"CO-001","1964-05","0.48"
"CO-001","1964-06","0.5"
"CO-001","1964-07","0.51"
"CO-001","1964-08","0.5"
"CO-001","1964-09","0.51"
"CO-001","1964-10","0.51"
"CO-001","1964-11","0.52"
"CO-001","1964-12","0.5"
"CO-001","1965-01","0.47"
"CO-001","1965-02","0.42"
"CO-001","1965-03","0.35"
"CO-001","1965-04","0.35"
"CO-001","1965-05","0.33"
"CO-001","1965-06","0.29"
"CO-001","1965-07","0.26"
"CO-001","1965-08","0.33"
"CO-001","1965-09","0.36"
"CO-001","1965-10","0.37"
"CO-001","1965-11","0.4"
"CO-001","1965-12","0.46"
"CO-001","1966-01","0.47"
"CO-001","1966-02","0.47"
"CO-001","1966-03","0.49"
"CO-001","1966-04","0.53"
"CO-001","1966-05","0.51"
"CO-001","1966-06","0.53"
"CO-001","1966-07","0.58"
"CO-001","1966-08","0.57"
"CO-001","1966-09","0.5"
"CO-001","1966-10","0.51"
"CO-001","1966-11","0.5"
"CO-001","1966-12","0.55"
"CO-001","1967-01","0.57"
"CO-001","1967-02","0.61"
"CO-001","1967-03","0.6"
"CO-001","1967-04","0.58"
"CO-001","1967-05","0.57"
"CO-001","1967-06","0.58"
"CO-001","1967-07","0.57"
"CO-001","1967-08","0.59"
"CO-001","1967-09","0.62"
"CO-001","1967-10","0.61"
"CO-001","1967-11","0.64"
"CO-001","1967-12","0.65"
"CO-001","1968-01","0.65"
"CO-001","1968-02","0.63"
"CO-001","1968-03","0.62"
"CO-001","1968-04","0.63"
"CO-001","1968-05","0.62"
"CO-001","1968-06","0.61"
"CO-001","1968-07","0.63"
"CO-001","1968-08","0.65"
"CO-001","1968-09","0.77"
"CO-001","1968-10","0.83"
"CO-001","1968-11","0.97"
"CO-001","1968-12","1.02"
"CO-001","1969-01","0.94"
"CO-001","1969-02","0.91"
"CO-001","1969-03","0.9"
"CO-001","1969-04","0.88"
"CO-001","1969-05","0.81"
"CO-001","1969-06","0.89"
"CO-001","1969-07","0.93"
"CO-001","1969-08","0.91"
"CO-001","1969-09","0.9"
"CO-001","1969-10","0.92"
"CO-001","1969-11","0.93"
"CO-001","1969-12","0.85"
"CO-001","1970-01","0.68"
"CO-001","1970-02","0.68"
"CO-001","1970-03","0.68"
"CO-001","1970-04","0.68"
"CO-001","1970-05","0.68"
"CO-001","1970-06","0.68"
"CO-001","1970-07","0.68"
"CO-001","1970-08","0.68"
"CO-001","1970-09","0.68"
"CO-001","1970-10","0.68"
"CO-001","1970-11","0.68"
"CO-001","1970-12","0.68"
"CO-001","1971-01","0.54"
"CO-001","1971-02","0.54"
"CO-001","1971-03","0.54"
"CO-001","1971-04","0.54"
"CO-001","1971-05","0.54"
"CO-001","1971-06","0.54"
"CO-001","1971-07","0.54"
"CO-001","1971-08","0.54"
"CO-001","1971-09","0.54"
"CO-001","1971-10","0.54"
"CO-001","1971-11","0.54"
"CO-001","1971-12","0.54"
"CO-001","1972-01","0.64"
"CO-001","1972-02","0.64"
"CO-001","1972-03","0.64"
"CO-001","1972-04","0.64"
"CO-001","1972-05","0.64"
"CO-001","1972-06","0.64"
"CO-001","1972-07","0.64"
"CO-001","1972-08","0.64"
"CO-001","1972-09","0.64"
"CO-001","1972-10","0.64"
"CO-001","1972-11","0.64"
"CO-001","1972-12","0.64"
"CO-001","1973-01","1.13"
"CO-001","1973-02","1.13"
"CO-001","1973-03","1.13"
"CO-001","1973-04","1.13"
"CO-001","1973-05","1.13"
"CO-001","1973-06","1.13"
"CO-001","1973-07","1.13"
"CO-001","1973-08","1.13"
"CO-001","1973-09","1.13"
"CO-001","1973-10","1.13"
"CO-001","1973-11","1.13"
"CO-001","1973-12","1.13"
"CO-001","1974-01","1.56"
"CO-001","1974-02","1.56"
"CO-001","1974-03","1.56"
"CO-001","1974-04","1.56"
"CO-001","1974-05","1.56"
"CO-001","1974-06","1.56"
"CO-001","1974-07","1.56"
"CO-001","1974-08","1.56"
"CO-001","1974-09","1.56"
"CO-001","1974-10","1.56"
"CO-001","1974-11","1.56"
"CO-001","1974-12","1.56"
"CO-001","1975-01","1.25"
"CO-001","1975-02","1.25"
"CO-001","1975-03","1.25"
"CO-001","1975-04","1.25"
"CO-001","1975-05","1.25"
"CO-001","1975-06","1.25"
"CO-001","1975-07","1.25"
"CO-001","1975-08","1.25"
"CO-001","1975-09","1.25"
"CO-001","1975-10","1.25"
"CO-001","1975-11","1.25"
"CO-001","1975-12","1.25"
"CO-001","1976-01","1.4"
"CO-001","1976-02","1.43"
"CO-001","1976-03","1.42"
"CO-001","1976-04","1.64"
"CO-001","1976-05","1.77"
"CO-001","1976-06","1.92"
"CO-001","1976-07","1.96"
"CO-001","1976-08","2.12"
"CO-001","1976-09","2.39"
"CO-001","1976-10","2.59"
"CO-001","1976-11","2.93"
"CO-001","1976-12","2.98"
"CO-001","1977-01","3.45"
"CO-001","1977-02","3.82"
"CO-001","1977-03","4.03"
"CO-001","1977-04","3.59"
"CO-001","1977-05","3.78"
"CO-001","1977-06","4.25"
"CO-001","1977-07","4.36"
"CO-001","1977-08","3.97"
"CO-001","1977-09","3.85"
"CO-001","1977-10","3.69"
"CO-001","1977-11","3.48"
"CO-001","1977-12","3.19"
"CO-001","1978-01","2.98"
"CO-001","1978-02","2.83"
"CO-001","1978-03","3.38"
"CO-001","1978-04","3.44"
"CO-001","1978-05","3.14"
"CO-001","1978-06","2.99"
"CO-001","1978-07","3.16"
"CO-001","1978-08","3.36"
"CO-001","1978-09","3.75"
"CO-001","1978-10","3.83"
"CO-001","1978-11","4.03"
"CO-001","1978-12","3.95"
"CO-001","1979-01","3.66"
"CO-001","1979-02","3.5"
"CO-001","1979-03","3.4"
"CO-001","1979-04","3.25"
"CO-001","1979-05","3.36"
"CO-001","1979-06","3.48"
"CO-001","1979-07","3.25"
"CO-001","1979-08","3.14"
"CO-001","1979-09","3.22"
"CO-001","1979-10","3.06"
"CO-001","1979-11","3.02"
"CO-001","1979-12","3.19"
"CO-001","1980-01","3.17"
"CO-001","1980-02","3.24"
"CO-001","1980-03","3.09"
"CO-001","1980-04","2.91"
"CO-001","1980-05","2.59"
"CO-001","1980-06","2.5"
"CO-001","1980-07","2.46"
"CO-001","1980-08","2.31"
"CO-001","1980-09","2.39"
"CO-001","1980-10","2.31"
"CO-001","1980-11","2.17"
"CO-001","1980-12","2.11"
"CO-001","1981-01","2.09"
"CO-001","1981-02","2.04"
"CO-001","1981-03","2.12"
"CO-001","1981-04","2.11"
"CO-001","1981-05","1.93"
"CO-001","1981-06","1.66"
"CO-001","1981-07","2.05"
"CO-001","1981-08","2.25"
"CO-001","1981-09","2.36"
"CO-001","1981-10","2.17"
"CO-001","1981-11","2.06"
"CO-001","1981-12","2.11"
"CO-001","1982-01","2.19"
"CO-001","1982-02","2.09"
"CO-001","1982-03","1.95"
"CO-001","1982-04","1.74"
"CO-001","1982-05","1.72"
"CO-001","1982-06","1.55"
"CO-001","1982-07","1.56"
"CO-001","1982-08","1.55"
"CO-001","1982-09","1.69"
"CO-001","1982-10","1.63"
"CO-001","1982-11","1.54"
"CO-001","1982-12","1.63"
"CO-001","1983-01","1.78"
"CO-001","1983-02","1.94"
"CO-001","1983-03","1.87"
"CO-001","1983-04","1.88"
"CO-001","1983-05","2.07"
"CO-001","1983-06","2.3"
"CO-001","1983-07","2.3"
"CO-001","1983-08","2.3"
"CO-001","1983-09","2.15"
"CO-001","1983-10","2.1"
"CO-001","1983-11","2.22"
"CO-001","1983-12","2.54"
"CO-001","1984-01","2.62"
"CO-001","1984-02","2.5"
"CO-001","1984-03","2.53"
"CO-001","1984-04","2.54"
"CO-001","1984-05","2.68"
"CO-001","1984-06","2.49"
"CO-001","1984-07","2.21"
"CO-001","1984-08","2.21"
"CO-001","1984-09","2.31"
"CO-001","1984-10","2.26"
"CO-001","1984-11","2.26"
"CO-001","1984-12","2.14"
"CO-001","1985-01","2.22"
"CO-001","1985-02","2.27"
"CO-001","1985-03","2.23"
"CO-001","1985-04","2.24"
"CO-001","1985-05","2.13"
"CO-001","1985-06","2.09"
"CO-001","1985-07","2.21"
"CO-001","1985-08","2.27"
"CO-001","1985-09","2.35"
"CO-001","1985-10","2.36"
"CO-001","1985-11","2.3"
"CO-001","1985-12","2.38"
"CO-001","1986-01","2.32"
"CO-001","1986-02","2.23"
"CO-001","1986-03","2.11"
"CO-001","1986-04","1.99"
"CO-001","1986-05","1.91"
"CO-001","1986-06","1.91"
"CO-001","1986-07","2.02"
"CO-001","1986-08","2.07"
"CO-001","1986-09","2.21"
"CO-001","1986-10","2.07"
"CO-001","1986-11","2.02"
"CO-001","1986-12","1.98"
"CO-001","1987-01","1.97"
"CO-001","1987-02","1.96"
"CO-001","1987-03","2.01"
"CO-001","1987-04","2.07"
"CO-001","1987-05","2.07"
"CO-001","1987-06","2"
"CO-001","1987-07","2.12"
"CO-001","1987-08","2.02"
"CO-001","1987-09","1.99"
"CO-001","1987-10","1.91"
"CO-001","1987-11","1.93"
"CO-001","1987-12","1.9"
"CO-001","1988-01","1.97"
"CO-001","1988-02","1.8"
"CO-001","1988-03","1.69"
"CO-001","1988-04","1.65"
"CO-001","1988-05","1.71"
"CO-001","1988-06","1.62"
"CO-001","1988-07","1.61"
"CO-001","1988-08","1.45"
"CO-001","1988-09","1.24"
"CO-001","1988-10","1.3"
"CO-001","1988-11","1.47"
"CO-001","1988-12","1.5"
"CO-001","1989-01","1.43"
"CO-001","1989-02","1.48"
"CO-001","1989-03","1.41"
"CO-001","1989-04","1.29"
"CO-001","1989-05","1.21"
"CO-001","1989-06","1.25"
"CO-001","1989-07","1.35"
"CO-001","1989-08","1.29"
"CO-001","1989-09","1.14"
"CO-001","1989-10","1.06"
"CO-001","1989-11","1.01"
"CO-001","1989-12","0.97"
"CO-001","1990-01","0.99"
"CO-001","1990-02","1.03"
"CO-001","1990-03","1.13"
"CO-001","1990-04","1.33"
"CO-001","1990-05","1.44"
"CO-001","1990-06","1.32"
"CO-001","1990-07","1.35"
"CO-001","1990-08","1.29"
"CO-001","1990-09","1.37"
"CO-001","1990-10","1.31"
"CO-001","1990-11","1.35"
"CO-001","1990-12","1.3"
"CO-001","1991-01","1.24"
"CO-001","1991-02","1.21"
"CO-001","1991-03","1.21"
"CO-001","1991-04","1.15"
"CO-001","1991-05","1.06"
"CO-001","1991-06","1.04"
"CO-001","1991-07","1.03"
"CO-001","1991-08","1.14"
"CO-001","1991-09","1.27"
"CO-001","1991-10","1.3"
"CO-001","1991-11","1.31"
"CO-001","1991-12","1.37"
"CO-001","1992-01","1.28"
"CO-001","1992-02","1.19"
"CO-001","1992-03","1.13"
"CO-001","1992-04","1.04"
"CO-001","1992-05","0.99"
"CO-001","1992-06","0.97"
"CO-001","1992-07","1.1"
"CO-001","1992-08","1.18"
"CO-001","1992-09","1.13"
"CO-001","1992-10","1.07"
"CO-001","1992-11","1.08"
"CO-001","1992-12","1.03"
"CO-001","1993-01","1.04"
"CO-001","1993-02","1"
"CO-001","1993-03","0.98"
"CO-001","1993-04","1.01"
"CO-001","1993-05","1"
"CO-001","1993-06","0.99"
"CO-001","1993-07","1.06"
"CO-001","1993-08","1.1"
"CO-001","1993-09","1.27"
"CO-001","1993-10","1.29"
"CO-001","1993-11","1.32"
"CO-001","1993-12","1.36"
"CO-001","1994-01","1.26"
"CO-001","1994-02","1.23"
"CO-001","1994-03","1.31"
"CO-001","1994-04","1.24"
"CO-001","1994-05","1.38"
"CO-001","1994-06","1.46"
"CO-001","1994-07","1.55"
"CO-001","1994-08","1.55"
"CO-001","1994-09","1.49"
"CO-001","1994-10","1.45"
"CO-001","1994-11","1.44"
"CO-001","1994-12","1.4"
"CO-001","1995-01","1.47"
"CO-001","1995-02","1.51"
"CO-001","1995-03","1.49"
"CO-001","1995-04","1.46"
"CO-001","1995-05","1.45"
"CO-001","1995-06","1.44"
"CO-001","1995-07","1.36"
"CO-001","1995-08","1.41"
"CO-001","1995-09","1.4"
"CO-001","1995-10","1.39"
"CO-001","1995-11","1.44"
"CO-001","1995-12","1.38"
"CO-001","1996-01","1.35"
"CO-001","1996-02","1.37"
"CO-001","1996-03","1.34"
"CO-001","1996-04","1.46"
"CO-001","1996-05","1.52"
"CO-001","1996-06","1.54"
"CO-001","1996-07","1.5"
"CO-001","1996-08","1.5"
"CO-001","1996-09","1.48"
"CO-001","1996-10","1.48"
"CO-001","1996-11","1.47"
"CO-001","1996-12","1.47"
"CO-001","1997-01","1.43"
"CO-001","1997-02","1.37"
"CO-001","1997-03","1.52"
"CO-001","1997-04","1.57"
"CO-001","1997-05","1.57"
"CO-001","1997-06","1.69"
"CO-001","1997-07","1.68"
"CO-001","1997-08","1.65"
"CO-001","1997-09","1.77"
"CO-001","1997-10","1.74"
"CO-001","1997-11","1.7"
"CO-001","1997-12","1.74"
"CO-001","1998-01","1.67"
"CO-001","1998-02","1.64"
"CO-001","1998-03","1.72"
"CO-001","1998-04","1.72"
"CO-001","1998-05","1.78"
"CO-001","1998-06","1.72"
"CO-001","1998-07","1.72"
"CO-001","1998-08","1.68"
"CO-001","1998-09","1.69"
"CO-001","1998-10","1.65"
"CO-001","1998-11","1.6"
"CO-001","1998-12","1.52"
"CO-001","1999-01","1.46"
"CO-001","1999-02","1.41"
"CO-001","1999-03","1.31"
"CO-001","1999-04","1.18"
"CO-001","1999-05","1.07"
"CO-001","1999-06","1.16"
"CO-001","1999-07","1.11"
"CO-001","1999-08","1"
"CO-001","1999-09","1.06"
"CO-001","1999-10","1.02"
"CO-001","1999-11","0.92"
"CO-001","1999-12","0.92"
"CO-001","2000-01","0.92"
"CO-001","2000-02","0.86"
"CO-001","2000-03","0.93"
"CO-001","2000-04","0.91"
"CO-001","2000-05","0.92"
"CO-001","2000-06","0.95"
"CO-001","2000-07","0.97"
"CO-001","2000-08","0.89"
"CO-001","2000-09","0.88"
"CO-001","2000-10","0.88"
"CO-001","2000-11","0.88"
"CO-001","2000-12","0.89"
"CO-001","2001-01","1"
"CO-001","2001-02","0.89"
"CO-001","2001-03","1.12"
"CO-001","2001-04","1.08"
"CO-001","2001-05","1.08"
"CO-001","2001-06","0.97"
"CO-001","2001-07","0.97"
"CO-001","2001-08","1.03"
"CO-001","2001-09","1.02"
"CO-001","2001-10","1.08"
"CO-001","2001-11","1.23"
"CO-001","2001-12","1.34"
"CO-001","2002-01","1.39"
"CO-001","2002-02","1.49"
"CO-001","2002-03","1.59"
"CO-001","2002-04","1.57"
"CO-001","2002-05","1.6"
"CO-001","2002-06","1.66"
"CO-001","2002-07","1.87"
"CO-001","2002-08","1.96"
"CO-001","2002-09","2.16"
"CO-001","2002-10","2.2"
"CO-001","2002-11","1.81"
"CO-001","2002-12","2.03"
"CO-001","2003-01","2.18"
"CO-001","2003-02","2.28"
"CO-001","2003-03","1.95"
"CO-001","2003-04","1.92"
"CO-001","2003-05","1.74"
"CO-001","2003-06","1.57"
"CO-001","2003-07","1.56"
"CO-001","2003-08","1.55"
"CO-001","2003-09","1.64"
"CO-001","2003-10","1.48"
"CO-001","2003-11","1.51"
"CO-001","2003-12","1.63"
"CO-001","2004-01","1.63"
"CO-001","2004-02","1.57"
"CO-001","2004-03","1.5"
"CO-001","2004-04","1.44"
"CO-001","2004-05","1.42"
"CO-001","2004-06","1.4"
"CO-001","2004-07","1.56"
"CO-001","2004-08","1.73"
"CO-001","2004-09","1.55"
"CO-001","2004-10","1.48"
"CO-001","2004-11","1.66"
"CO-001","2004-12","1.66"
"CO-001","2005-01","1.55"
"CO-001","2005-02","1.63"
"CO-001","2005-03","1.76"
"CO-001","2005-04","1.59"
"CO-001","2005-05","1.51"
"CO-001","2005-06","1.54"
"CO-001","2005-07","1.49"
"CO-001","2005-08","1.48"
"CO-001","2005-09","1.5"
"CO-001","2005-10","1.46"
"CO-001","2005-11","1.44"
"CO-001","2005-12","1.51"
"CO-001","2006-01","1.57"
"CO-001","2006-02","1.55"
"CO-001","2006-03","1.55"
"CO-001","2006-04","1.55"
"CO-001","2006-05","1.6"
"CO-001","2006-06","1.61"
"CO-001","2006-07","1.68"
"CO-001","2006-08","1.62"
"CO-001","2006-09","1.57"
"CO-001","2006-10","1.53"
"CO-001","2006-11","1.58"
"CO-001","2006-12","1.71"
"CO-001","2007-01","1.7"
"CO-001","2007-02","1.82"
"CO-001","2007-03","1.92"
"CO-001","2007-04","1.98"
"CO-001","2007-05","2"
"CO-001","2007-06","2.02"
"CO-001","2007-07","2.16"
"CO-001","2007-08","1.91"
"CO-001","2007-09","1.93"
"CO-001","2007-10","1.91"
"CO-001","2007-11","1.97"
"CO-001","2007-12","2.11"
"CO-001","2008-01","2.2"
"CO-001","2008-02","2.5"
"CO-001","2008-03","2.73"
"CO-001","2008-04","2.61"
"CO-001","2008-05","2.68"
"CO-001","2008-06","3"
"CO-001","2008-07","2.97"
"CO-001","2008-08","2.82"
"CO-001","2008-09","2.7"
"CO-001","2008-10","2.27"
"CO-001","2008-11","2.05"
"CO-001","2008-12","2.39"
"CO-001","2009-01","2.63"
"CO-001","2009-02","2.65"
"CO-001","2009-03","2.51"
"CO-001","2009-04","2.56"
"CO-001","2009-05","2.48"
"CO-001","2009-06","2.7"
"CO-001","2009-07","2.79"
"CO-001","2009-08","2.96"
"CO-001","2009-09","3.14"
"CO-001","2009-10","3.37"
"CO-001","2009-11","3.38"
"CO-001","2009-12","3.5"
"CO-001","2010-01","3.53"
"CO-001","2010-02","3.28"
"CO-001","2010-03","3.09"
"CO-001","2010-04","3.22"
"CO-001","2010-05","3.18"
"CO-001","2010-06","3.23"
"CO-001","2010-07","3.23"
"CO-001","2010-08","3.07"
"CO-001","2010-09","2.88"
"CO-001","2010-10","2.93"
"CO-001","2010-11","2.91"
"CO-001","2010-12","3.06"
"CO-001","2011-01","3.16"
"CO-001","2011-02","3.47"
"CO-001","2011-03","3.39"
"CO-001","2011-04","3.13"
"CO-001","2011-05","3.07"
"CO-001","2011-06","3.02"
"CO-001","2011-07","3.17"
"CO-001","2011-08","3.06"
"CO-001","2011-09","2.87"
"CO-001","2011-10","2.68"
"CO-001","2011-11","2.53"
"CO-001","2011-12","2.2"
"CO-001","2012-01","2.31"
"CO-001","2012-02","2.36"
"CO-001","2012-03","2.36"
"CO-001","2012-04","2.27"
"CO-001","2012-05","2.31"
"CO-001","2012-06","2.26"
"CO-001","2012-07","2.35"
"CO-001","2012-08","2.51"
"CO-001","2012-09","2.62"
"CO-001","2012-10","2.46"
"CO-001","2012-11","2.48"
"CO-001","2012-12","2.41"
"CO-001","2013-01","2.28"
"CO-001","2013-02","2.2"
"CO-001","2013-03","2.15"
"CO-001","2013-04","2.29"
"CO-001","2013-05","2.34"
"CO-001","2013-06","2.28"
"CO-001","2013-07","2.31"
"CO-001","2013-08","2.48"
"CO-001","2013-09","2.62"
"CO-001","2013-10","2.73"
"CO-001","2013-11","2.76"
"CO-001","2013-12","2.82"
"CO-001","2014-01","2.82"
"CO-001","2014-02","2.99"
"CO-001","2014-03","3.04"
"CO-001","2014-04","3.05"
"CO-001","2014-05","3.03"
"CO-001","2014-06","3.17"
"CO-001","2014-07","3.2"
"CO-001","2014-08","3.27"
"CO-001","2014-09","3.21"
"CO-001","2014-10","3.1"
"CO-001","2014-11","2.91"
"CO-001","2014-12","2.95"
"CO-001","2015-01","2.92"
"CO-001","2015-02","2.96"
"CO-001","2015-03","2.88"
"CO-001","2015-04","2.87"
"CO-001","2015-05","3.1"
"CO-001","2015-06","3.24"
"CO-001","2015-07","3.33"
"CO-001","2015-08","3.15"
"CO-001","2015-09","3.28"
"CO-001","2015-10","3.2"
"CO-001","2015-11","3.36"
"CO-001","2015-12","3.35"
"CO-001","2016-01","2.95"
"CO-001","2016-02","2.92"
"CO-001","2016-03","3.07"
"CO-001","2016-04","3.08"
"CO-001","2016-05","3.1"
"CO-001","2016-06","3.12"
"CO-001","2016-07","3.05"
"CO-001","2016-08","3.03"
"CO-001","2016-09","2.88"
"CO-001","2016-10","2.71"
"CO-001","2016-11","2.48"
"CO-001","2016-12","2.3"
"CO-001","2017-01","2.19"
"CO-001","2017-02","2.03"
"CO-001","2017-03","2.06"
"CO-001","2017-04","1.96"
"CO-001","2017-05","1.98"
"CO-001","2017-06","2"
"CO-001","2017-07","1.99"
"CO-001","2017-08","1.99"
"CO-001","2017-09","2"
"CO-001","2017-10","2.1"
"CO-001","2017-11","2.13"
"CO-001","2017-12","1.92"
"CO-001","2018-01","1.95"
"CO-001","2018-02","2.12"
"CO-001","2018-03","2.5"
"CO-001","2018-04","2.62"
"CO-001","2018-05","2.66"
"CO-001","2018-06","2.41"
"CO-001","2018-07","2.36"
"CO-001","2018-08","2.17"
"CO-001","2018-09","2.19"
"CO-001","2018-10","2.13"
"CO-001","2018-11","2.19"
"CO-001","2018-12","2.21"
"CO-001","2019-01","2.26"
"CO-001","2019-02","2.26"
"CO-001","2019-03","2.2"
"CO-001","2019-04","2.33"
"CO-001","2019-05","2.32"
"CO-001","2019-06","2.41"
"CO-001","2019-07","2.42"
"CO-001","2019-08","2.19"
"CO-001","2019-09","2.31"
"CO-001","2019-10","2.44"
"CO-001","2019-11","2.52"
"CO-001","2019-12","2.44"
"CO-001","2020-01","2.6"
"CO-001","2020-02","2.72"
"CO-001","2020-03","2.34"
"CO-001","2020-04","2.27"
"CO-001","2020-05","2.32"
"CO-001","2020-06","2.23"
"CO-001","2020-07","2.1"
"CO-001","2020-08","2.35"
"CO-001","2020-09","2.46"
"CO-001","2020-10","2.29"
"CO-001","2020-11","2.36"
"CO-001","2020-12","2.41"
"CO-001","2021-01","2.39"
"CO-001","2021-02","2.41"
"CO-001","2021-03","2.46"
"CO-001","2021-04","2.37"
"CO-001","2021-05","2.41"
"CO-001","2021-06","2.37"
"CO-001","2021-07","2.33"
"CO-001","2021-08","2.48"
"CO-001","2021-09","2.56"
"CO-001","2021-10","2.57"
"CO-001","2021-11","2.39"
"CO-001","2021-12","2.38"
"CO-001","2022-01","2.47"
"CO-001","2022-02","2.55"
"CO-001","2022-03","2.46"
"CO-001","2022-04","2.46"
"CO-001","2022-05","2.37"
"CO-001","2022-06","2.32"
"CO-001","2022-07","2.24"
"CO-001","2022-08","2.32"
"CO-001","2022-09","2.3"
"CO-001","2022-10","2.31"
"CO-001","2022-11","2.41"
"CO-001","2022-12","2.51"
"CO-001","2023-01","2.62"
"CO-001","2023-02","2.65"
"CO-001","2023-03","2.75"
"CO-001","2023-04","2.88"
"CO-001","2023-05","2.96"
"CO-001","2023-06","3.17"
"CO-001","2023-07","3.39"
"CO-001","2023-08","3.46"
"CO-001","2023-09","3.61"
"CO-001","2023-10","3.63"
"CO-001","2023-11","4.03"
"CO-001","2023-12","4.21"
"CO-001","2024-01","4.4"
"CO-001","2024-02","5.56"
"CO-001","2024-03","7.09"
"CO-001","2024-04","9.74"
"CO-001","2024-05","7.54"
"CO-001","2024-06","8.27"
"CO-001","2024-07","7.09"
"CO-001","2024-08","6.88"
"CO-001","2024-09","6.52"
"CO-001","2024-10","6.66"
"CO-001","2024-11","7.89"
"CO-001","2024-12","10.32"
"CO-001","2025-01","10.75"
"CO-001","2025-02","9.86"
"CO-001","2025-03","8.08"
"CO-001","2025-04","8.15"
"CO-001","2025-05","8.99"
"CO-001","2025-06","8.4"
"CO-001","2025-07","7.37"
"CO-001","2025-08","7.6"
"CO-001","2025-09","7.03"
"CO-001","2025-10","5.95"
"CO-001","2025-11","5.61"
"CO-001","2025-12","5.78"
"CO-001","2026-01","4.97"
"CO-001","2026-02","3.59"
"CO-001","2026-03","3.24"
"CO-001","2026-04","3.4"
"CO-001","2026-05","4.16"
"CO-001","2026-06","4.4"
"DY-001","2020-01-12","363.5"
"DY-001","2020-01-19","365.26"
"DY-001","2020-01-26","362.48"
"DY-001","2020-02-02","363.28"
"DY-001","2020-02-09","361.47"
"DY-001","2020-02-16","360.21"
"DY-001","2020-02-23","355.14"
"DY-001","2020-03-01","352.59"
"DY-001","2020-03-08","351.06"
"DY-001","2020-03-15","350.2"
"DY-001","2020-03-22","349.26"
"DY-001","2020-03-29","342.28"
"DY-001","2020-04-05","325.09"
"DY-001","2020-04-12","299.93"
"DY-001","2020-04-19","295.05"
"DY-001","2020-04-26","292.34"
"DY-001","2020-05-03","290.68"
"DY-001","2020-05-10","281.17"
"DY-001","2020-05-17","287.94"
"DY-001","2020-05-24","295.43"
"DY-001","2020-05-31","295.64"
"DY-001","2020-06-07","309.01"
"DY-001","2020-06-14","318.24"
"DY-001","2020-06-21","317.2"
"DY-001","2020-06-28","321.56"
"DY-001","2020-07-05","330.84"
"DY-001","2020-07-12","329.92"
"DY-001","2020-07-19","336.43"
"DY-001","2020-07-26","335.96"
"DY-001","2020-08-02","341.7"
"DY-001","2020-08-09","340.97"
"DY-001","2020-08-16","340.38"
"DY-001","2020-08-23","339.92"
"DY-001","2020-08-30","342.77"
"DY-001","2020-09-06","342.83"
"DY-001","2020-09-13","348.5"
"DY-001","2020-09-20","349.83"
"DY-001","2020-09-27","350.32"
"DY-001","2020-10-04","344.8"
"DY-001","2020-10-11","347.43"
"DY-001","2020-10-18","345.49"
"DY-001","2020-10-25","344.93"
"DY-001","2020-11-01","347.48"
"DY-001","2020-11-08","347.96"
"DY-001","2020-11-15","348.65"
"DY-001","2020-11-22","348.15"
"DY-001","2020-11-29","347.06"
"DY-001","2020-12-06","340.31"
"DY-001","2020-12-13","339.29"
"DY-001","2020-12-20","337.94"
"DY-001","2020-12-27","335.87"
"DY-001","2021-01-03","335.21"
"DY-001","2021-01-10","336.27"
"DY-001","2021-01-17","342.21"
"DY-001","2021-01-24","345.33"
"DY-001","2021-01-31","348.51"
"DY-001","2021-02-07","354.49"
"DY-001","2021-02-14","354.57"
"DY-001","2021-02-21","358.37"
"DY-001","2021-02-28","363.09"
"DY-001","2021-03-07","380.13"
"DY-001","2021-03-14","388.78"
"DY-001","2021-03-21","392.45"
"DY-001","2021-03-28","389.07"
"DY-001","2021-04-04","400.35"
"DY-001","2021-04-11","401.02"
"DY-001","2021-04-18","398.79"
"DY-001","2021-04-25","398.81"
"DY-001","2021-05-02","403.85"
"DY-001","2021-05-09","402.59"
"DY-001","2021-05-16","407.22"
"DY-001","2021-05-23","409.89"
"DY-001","2021-05-30","411.74"
"DY-001","2021-06-06","413.07"
"DY-001","2021-06-13","409.76"
"DY-001","2021-06-20","409.81"
"DY-001","2021-06-27","406.16"
"DY-001","2021-07-04","400.45"
"DY-001","2021-07-11","397.49"
"DY-001","2021-07-18","396.85"
"DY-001","2021-07-25","393.33"
"DY-001","2021-08-01","393.18"
"DY-001","2021-08-08","393.08"
"DY-001","2021-08-15","395.74"
"DY-001","2021-08-22","394.16"
"DY-001","2021-08-29","401.12"
"DY-001","2021-09-05","400.53"
"DY-001","2021-09-12","404.81"
"DY-001","2021-09-19","414.7"
"DY-001","2021-09-26","410.96"
"DY-001","2021-10-03","427.82"
"DY-001","2021-10-10","432.42"
"DY-001","2021-10-17","453.57"
"DY-001","2021-10-24","476.22"
"DY-001","2021-10-31","491.48"
"DY-001","2021-11-07","494.37"
"DY-001","2021-11-14","523.25"
"DY-001","2021-11-21","498.06"
"DY-001","2021-11-28","524.65"
"DY-001","2021-12-05","534.46"
"DY-001","2021-12-12","546.64"
"DY-001","2021-12-19","550.03"
"DY-001","2021-12-26","553.27"
"DY-001","2022-01-02","558.79"
"DY-001","2022-01-09","570.99"
"DY-001","2022-01-16","573.37"
"DY-001","2022-01-23","576.19"
"DY-001","2022-01-30","579.38"
"DY-001","2022-02-06","589.44"
"DY-001","2022-02-13","594.04"
"DY-001","2022-02-20","594.47"
"DY-001","2022-02-27","597.68"
"DY-001","2022-03-06","597.7"
"DY-001","2022-03-13","614.16"
"DY-001","2022-03-20","630.81"
"DY-001","2022-03-27","645.05"
"DY-001","2022-04-03","664.24"
"DY-001","2022-04-10","684.76"
"DY-001","2022-04-17","691.39"
"DY-001","2022-04-24","692.95"
"DY-001","2022-05-01","681.7"
"DY-001","2022-05-08","688.07"
"DY-001","2022-05-15","688.44"
"DY-001","2022-05-22","706.98"
"DY-001","2022-05-29","722.98"
"DY-001","2022-06-05","722.3"
"DY-001","2022-06-12","726.99"
"DY-001","2022-06-19","724.94"
"DY-001","2022-06-26","722.11"
"DY-001","2022-07-03","726.51"
"DY-001","2022-07-10","722.43"
"DY-001","2022-07-17","719.52"
"DY-001","2022-07-24","714.56"
"DY-001","2022-07-31","711.42"
"DY-001","2022-08-07","711.09"
"DY-001","2022-08-14","717.3"
"DY-001","2022-08-21","713.83"
"DY-001","2022-08-28","715.94"
"DY-001","2022-09-04","725.03"
"DY-001","2022-09-11","716.04"
"DY-001","2022-09-18","723.9"
"DY-001","2022-09-25","723.24"
"DY-001","2022-10-02","721.91"
"DY-001","2022-10-09","716.57"
"DY-001","2022-10-16","704.92"
"DY-001","2022-10-23","691.54"
"DY-001","2022-10-30","686.63"
"DY-001","2022-11-06","669.27"
"DY-001","2022-11-13","672.38"
"DY-001","2022-11-20","656.29"
"DY-001","2022-11-27","636.43"
"DY-001","2022-12-04","617.84"
"DY-001","2022-12-11","599.29"
"DY-001","2022-12-18","595.22"
"DY-001","2022-12-25","576.77"
"DY-001","2023-01-01","562.87"
"DY-001","2023-01-08","574.25"
"DY-001","2023-01-15","539.18"
"DY-001","2023-01-22","511.59"
"DY-001","2023-01-29","481.63"
"DY-001","2023-02-05","477.48"
"DY-001","2023-02-12","480.16"
"DY-001","2023-02-19","484.18"
"DY-001","2023-02-26","481.14"
"DY-001","2023-03-05","474.64"
"DY-001","2023-03-12","478.42"
"DY-001","2023-03-19","478.09"
"DY-001","2023-03-26","474.51"
"DY-001","2023-04-02","470.89"
"DY-001","2023-04-09","474.22"
"DY-001","2023-04-16","472.32"
"DY-001","2023-04-23","470.59"
"DY-001","2023-04-30","463.54"
"DY-001","2023-05-07","462.31"
"DY-001","2023-05-14","464.74"
"DY-001","2023-05-21","464.42"
"DY-001","2023-05-28","473.54"
"DY-001","2023-06-04","477.5"
"DY-001","2023-06-11","470.06"
"DY-001","2023-06-18","474.13"
"DY-001","2023-06-25","470.43"
"DY-001","2023-07-02","465.76"
"DY-001","2023-07-09","467.59"
"DY-001","2023-07-16","459.46"
"DY-001","2023-07-23","453.74"
"DY-001","2023-07-30","457.84"
"DY-001","2023-08-06","458.21"
"DY-001","2023-08-13","453.81"
"DY-001","2023-08-20","449.04"
"DY-001","2023-08-27","445.65"
"DY-001","2023-09-03","441.13"
"DY-001","2023-09-10","437.74"
"DY-001","2023-09-17","440.53"
"DY-001","2023-09-24","447.16"
"DY-001","2023-10-01","456.5"
"DY-001","2023-10-08","462.6"
"DY-001","2023-10-15","470.61"
"DY-001","2023-10-22","483.68"
"DY-001","2023-10-29","487.91"
"DY-001","2023-11-05","497.51"
"DY-001","2023-11-12","508.13"
"DY-001","2023-11-19","526.18"
"DY-001","2023-11-26","527.81"
"DY-001","2023-12-03","538.57"
"DY-001","2023-12-10","548.36"
"DY-001","2023-12-17","542.21"
"DY-001","2023-12-24","545.64"
"DY-001","2023-12-31","546.3"
"DY-001","2024-01-07","548.55"
"DY-001","2024-01-14","544.55"
"DY-001","2024-01-21","543.85"
"DY-001","2024-01-28","537.32"
"DY-001","2024-02-04","537.84"
"DY-001","2024-02-11","540.24"
"DY-001","2024-02-18","550.66"
"DY-001","2024-02-25","559.28"
"DY-001","2024-03-03","563.15"
"DY-001","2024-03-10","566.56"
"DY-001","2024-03-17","562.37"
"DY-001","2024-03-24","561.42"
"DY-001","2024-03-31","562.57"
"DY-001","2024-04-07","569.73"
"DY-001","2024-04-14","576.86"
"DY-001","2024-04-21","574.47"
"DY-001","2024-04-28","574.87"
"DY-001","2024-05-05","579.39"
"DY-001","2024-05-12","583.82"
"DY-001","2024-05-19","597.1"
"DY-001","2024-05-26","609.91"
"DY-001","2024-06-02","628.33"
"DY-001","2024-06-09","630.93"
"DY-001","2024-06-16","637.36"
"DY-001","2024-06-23","638.54"
"DY-001","2024-06-30","641.12"
"DY-001","2024-07-07","644.62"
"DY-001","2024-07-14","654.52"
"DY-001","2024-07-21","654.47"
"DY-001","2024-07-28","657.73"
"DY-001","2024-08-04","671.56"
"DY-001","2024-08-11","678.44"
"DY-001","2024-08-18","694.95"
"DY-001","2024-08-25","707.38"
"DY-001","2024-09-01","736.97"
"DY-001","2024-09-08","747.6"
"DY-001","2024-09-15","751.77"
"DY-001","2024-09-22","779.75"
"DY-001","2024-09-29","767.68"
"DY-001","2024-10-06","779.51"
"DY-001","2024-10-13","787.54"
"DY-001","2024-10-20","785.83"
"DY-001","2024-10-27","771.48"
"DY-001","2024-11-03","759.5"
"DY-001","2024-11-10","764.64"
"DY-001","2024-11-17","780.08"
"DY-001","2024-11-24","774.69"
"DY-001","2024-12-01","786.06"
"DY-001","2024-12-08","787.94"
"DY-001","2024-12-15","766"
"DY-001","2024-12-22","767.32"
"DY-001","2024-12-29","756.69"
"DY-001","2025-01-05","742.63"
"DY-001","2025-01-12","744.32"
"DY-001","2025-01-19","740.01"
"DY-001","2025-01-26","740.88"
"DY-001","2025-02-02","741.13"
"DY-001","2025-02-09","723.27"
"DY-001","2025-02-16","718.21"
"DY-001","2025-02-23","719.85"
"DY-001","2025-03-02","724.39"
"DY-001","2025-03-09","727.81"
"DY-001","2025-03-16","737.85"
"DY-001","2025-03-23","739.48"
"DY-001","2025-03-30","742.29"
"DY-001","2025-04-06","741.09"
"DY-001","2025-04-13","738.47"
"DY-001","2025-04-20","739.35"
"DY-001","2025-04-27","736.53"
"DY-001","2025-05-04","729.39"
"DY-001","2025-05-11","723.54"
"DY-001","2025-05-18","732.69"
"DY-001","2025-05-25","735.33"
"DY-001","2025-06-01","730.52"
"DY-001","2025-06-08","735.92"
"DY-001","2025-06-15","737.94"
"DY-001","2025-06-22","739.29"
"DY-001","2025-06-29","738.78"
"DY-001","2025-07-06","739.72"
"DY-001","2025-07-13","731.99"
"DY-001","2025-07-20","733.71"
"DY-001","2025-07-27","723.91"
"DY-001","2025-08-03","711.74"
"DY-001","2025-08-10","712.42"
"DY-001","2025-08-17","722.31"
"DY-001","2025-08-24","710.2"
"DY-001","2025-08-31","705.52"
"DY-001","2025-09-07","659.79"
"DY-001","2025-09-14","638.17"
"DY-001","2025-09-21","615.35"
"DY-001","2025-09-28","609.27"
"DY-001","2025-10-05","598.74"
"DY-001","2025-10-12","580.3"
"DY-001","2025-10-19","579.81"
"DY-001","2025-10-26","573.01"
"DY-001","2025-11-02","543.31"
"DY-001","2025-11-09","550.1"
"DY-001","2025-11-16","570.53"
"DY-001","2025-11-23","543.94"
"DY-001","2025-11-30","499.53"
"DY-001","2025-12-07","467.28"
"DY-001","2025-12-14","456.8"
"DY-001","2025-12-21","449.42"
"DY-001","2025-12-28","446.84"
"DY-001","2026-01-04","440.21"
"DY-001","2026-01-11","426.92"
"DY-001","2026-01-18","429.27"
"DY-001","2026-01-25","419.04"
"DY-001","2026-02-01","406.07"
"DY-001","2026-02-08","414.41"
"DY-001","2026-02-15","412.86"
"DY-001","2026-02-22","418.1"
"DY-001","2026-03-01","425.15"
"DY-001","2026-03-08","435.48"
"DY-001","2026-03-15","433.96"
"DY-001","2026-03-22","437.8"
"DY-001","2026-03-29","436.02"
"DY-001","2026-04-05","437.74"
"DY-001","2026-04-12","416.56"
"DY-001","2026-04-19","421.53"
"DY-001","2026-04-26","408.54"
"DY-001","2026-05-03","400.76"
"DY-001","2026-05-10","397.96"
"DY-001","2026-05-17","394.88"
"DY-001","2026-05-24","394.33"
"DY-001","2026-05-31","395.27"
"DY-001","2026-06-07","404.84"
"DY-001","2026-06-14","392.47"
"DY-001","2026-06-21","385.4"
"DY-001","2026-06-28","383.15"
"DY-002","2020-01-12","257.14"
"DY-002","2020-01-19","258.63"
"DY-002","2020-01-26","260.45"
"DY-002","2020-02-02","260.43"
"DY-002","2020-02-09","260.66"
"DY-002","2020-02-16","258.56"
"DY-002","2020-02-23","256.12"
"DY-002","2020-03-01","253.76"
"DY-002","2020-03-08","248.44"
"DY-002","2020-03-15","242.03"
"DY-002","2020-03-22","229.25"
"DY-002","2020-03-29","219.81"
"DY-002","2020-04-05","211.85"
"DY-002","2020-04-12","201.4"
"DY-002","2020-04-19","195.56"
"DY-002","2020-04-26","197.8"
"DY-002","2020-05-03","196.85"
"DY-002","2020-05-10","196.18"
"DY-002","2020-05-17","199.26"
"DY-002","2020-05-24","203.93"
"DY-002","2020-05-31","204.75"
"DY-002","2020-06-07","215.19"
"DY-002","2020-06-14","212.95"
"DY-002","2020-06-21","213.38"
"DY-002","2020-06-28","211.2"
"DY-002","2020-07-05","216.09"
"DY-002","2020-07-12","209.78"
"DY-002","2020-07-19","210.94"
"DY-002","2020-07-26","209.7"
"DY-002","2020-08-02","212.5"
"DY-002","2020-08-09","208.02"
"DY-002","2020-08-16","208.14"
"DY-002","2020-08-23","212.18"
"DY-002","2020-08-30","214.63"
"DY-002","2020-09-06","214.19"
"DY-002","2020-09-13","215.25"
"DY-002","2020-09-20","215.13"
"DY-002","2020-09-27","215.19"
"DY-002","2020-10-04","217.1"
"DY-002","2020-10-11","217.51"
"DY-002","2020-10-18","217.05"
"DY-002","2020-10-25","217.64"
"DY-002","2020-11-01","216.51"
"DY-002","2020-11-08","215.54"
"DY-002","2020-11-15","215.18"
"DY-002","2020-11-22","216.71"
"DY-002","2020-11-29","216.64"
"DY-002","2020-12-06","217.98"
"DY-002","2020-12-13","218.52"
"DY-002","2020-12-20","220.89"
"DY-002","2020-12-27","218.62"
"DY-002","2021-01-03","218.78"
"DY-002","2021-01-10","222.56"
"DY-002","2021-01-17","225.35"
"DY-002","2021-01-24","227.9"
"DY-002","2021-01-31","231.79"
"DY-002","2021-02-07","233.3"
"DY-002","2021-02-14","234.94"
"DY-002","2021-02-21","233.9"
"DY-002","2021-02-28","234.55"
"DY-002","2021-03-07","237.69"
"DY-002","2021-03-14","242.4"
"DY-002","2021-03-21","244.54"
"DY-002","2021-03-28","244.64"
"DY-002","2021-04-04","244.67"
"DY-002","2021-04-11","246.33"
"DY-002","2021-04-18","248.69"
"DY-002","2021-04-25","248.78"
"DY-002","2021-05-02","252.91"
"DY-002","2021-05-09","254.23"
"DY-002","2021-05-16","255.19"
"DY-002","2021-05-23","256.34"
"DY-002","2021-05-30","257.3"
"DY-002","2021-06-06","258.97"
"DY-002","2021-06-13","258.49"
"DY-002","2021-06-20","256.99"
"DY-002","2021-06-27","255.7"
"DY-002","2021-07-04","255.05"
"DY-002","2021-07-11","252.92"
"DY-002","2021-07-18","251.21"
"DY-002","2021-07-25","248.21"
"DY-002","2021-08-01","248.45"
"DY-002","2021-08-08","249.07"
"DY-002","2021-08-15","250.04"
"DY-002","2021-08-22","252.49"
"DY-002","2021-08-29","252.76"
"DY-002","2021-09-05","257.46"
"DY-002","2021-09-12","260.04"
"DY-002","2021-09-19","263.07"
"DY-002","2021-09-26","265.23"
"DY-002","2021-10-03","268.78"
"DY-002","2021-10-10","273.1"
"DY-002","2021-10-17","280.53"
"DY-002","2021-10-24","287.64"
"DY-002","2021-10-31","291.76"
"DY-002","2021-11-07","296.16"
"DY-002","2021-11-14","300.33"
"DY-002","2021-11-21","306.23"
"DY-002","2021-11-28","310.22"
"DY-002","2021-12-05","315.8"
"DY-002","2021-12-12","320.33"
"DY-002","2021-12-19","323.3"
"DY-002","2021-12-26","327.95"
"DY-002","2022-01-02","326.09"
"DY-002","2022-01-09","335.16"
"DY-002","2022-01-16","335.85"
"DY-002","2022-01-23","341.36"
"DY-002","2022-01-30","344.95"
"DY-002","2022-02-06","349.68"
"DY-002","2022-02-13","357.94"
"DY-002","2022-02-20","358.02"
"DY-002","2022-02-27","365.89"
"DY-002","2022-03-06","370.01"
"DY-002","2022-03-13","378.14"
"DY-002","2022-03-20","389.57"
"DY-002","2022-03-27","396.43"
"DY-002","2022-04-03","404.5"
"DY-002","2022-04-10","411.89"
"DY-002","2022-04-17","412.69"
"DY-002","2022-04-24","405.16"
"DY-002","2022-05-01","407.17"
"DY-002","2022-05-08","401.88"
"DY-002","2022-05-15","396.3"
"DY-002","2022-05-22","401.64"
"DY-002","2022-05-29","403.12"
"DY-002","2022-06-05","403.12"
"DY-002","2022-06-12","404.38"
"DY-002","2022-06-19","405.01"
"DY-002","2022-06-26","401.09"
"DY-002","2022-07-03","399.29"
"DY-002","2022-07-10","394.4"
"DY-002","2022-07-17","391.27"
"DY-002","2022-07-24","385.16"
"DY-002","2022-07-31","379.5"
"DY-002","2022-08-07","377.63"
"DY-002","2022-08-14","371.58"
"DY-002","2022-08-21","364.53"
"DY-002","2022-08-28","373.28"
"DY-002","2022-09-04","376.75"
"DY-002","2022-09-11","377.44"
"DY-002","2022-09-18","375.85"
"DY-002","2022-09-25","372.71"
"DY-002","2022-10-02","371.35"
"DY-002","2022-10-09","369.16"
"DY-002","2022-10-16","360.81"
"DY-002","2022-10-23","357.22"
"DY-002","2022-10-30","341.54"
"DY-002","2022-11-06","327.39"
"DY-002","2022-11-13","319.41"
"DY-002","2022-11-20","318.03"
"DY-002","2022-11-27","311.28"
"DY-002","2022-12-04","305.28"
"DY-002","2022-12-11","301.69"
"DY-002","2022-12-18","296.98"
"DY-002","2022-12-25","296.29"
"DY-002","2023-01-01","292.24"
"DY-002","2023-01-08","289.73"
"DY-002","2023-01-15","276.88"
"DY-002","2023-01-22","267.31"
"DY-002","2023-01-29","256.81"
"DY-002","2023-02-05","252.13"
"DY-002","2023-02-12","254.53"
"DY-002","2023-02-19","259.97"
"DY-002","2023-02-26","262.21"
"DY-002","2023-03-05","261.9"
"DY-002","2023-03-12","262.44"
"DY-002","2023-03-19","254.44"
"DY-002","2023-03-26","252.53"
"DY-002","2023-04-02","245.64"
"DY-002","2023-04-09","246.19"
"DY-002","2023-04-16","240.16"
"DY-002","2023-04-23","242.19"
"DY-002","2023-04-30","241.54"
"DY-002","2023-05-07","243.16"
"DY-002","2023-05-14","245.56"
"DY-002","2023-05-21","245.33"
"DY-002","2023-05-28","247.89"
"DY-002","2023-06-04","248.8"
"DY-002","2023-06-11","249.83"
"DY-002","2023-06-18","250.35"
"DY-002","2023-06-25","247.8"
"DY-002","2023-07-02","244.28"
"DY-002","2023-07-09","239.53"
"DY-002","2023-07-16","239.6"
"DY-002","2023-07-23","228.06"
"DY-002","2023-07-30","230.27"
"DY-002","2023-08-06","230.59"
"DY-002","2023-08-13","229.45"
"DY-002","2023-08-20","227.99"
"DY-002","2023-08-27","227.82"
"DY-002","2023-09-03","226.69"
"DY-002","2023-09-10","226.92"
"DY-002","2023-09-17","228.62"
"DY-002","2023-09-24","232.74"
"DY-002","2023-10-01","244.68"
"DY-002","2023-10-08","244.72"
"DY-002","2023-10-15","249.32"
"DY-002","2023-10-22","254.45"
"DY-002","2023-10-29","255.33"
"DY-002","2023-11-05","260.46"
"DY-002","2023-11-12","260.38"
"DY-002","2023-11-19","260.37"
"DY-002","2023-11-26","259.43"
"DY-002","2023-12-03","260.28"
"DY-002","2023-12-10","260.57"
"DY-002","2023-12-17","259.27"
"DY-002","2023-12-24","260.58"
"DY-002","2023-12-31","261.77"
"DY-002","2024-01-07","255.66"
"DY-002","2024-01-14","255.21"
"DY-002","2024-01-21","252.35"
"DY-002","2024-01-28","250.96"
"DY-002","2024-02-04","249.65"
"DY-002","2024-02-11","248.69"
"DY-002","2024-02-18","250.97"
"DY-002","2024-02-25","253.81"
"DY-002","2024-03-03","250.9"
"DY-002","2024-03-10","247.72"
"DY-002","2024-03-17","245.45"
"DY-002","2024-03-24","241.23"
"DY-002","2024-03-31","239.12"
"DY-002","2024-04-07","242.17"
"DY-002","2024-04-14","240.56"
"DY-002","2024-04-21","239.17"
"DY-002","2024-04-28","237.62"
"DY-002","2024-05-05","237.7"
"DY-002","2024-05-12","240.08"
"DY-002","2024-05-19","243.42"
"DY-002","2024-05-26","245.02"
"DY-002","2024-06-02","247.14"
"DY-002","2024-06-09","247.92"
"DY-002","2024-06-16","245.77"
"DY-002","2024-06-23","243.47"
"DY-002","2024-06-30","240.5"
"DY-002","2024-07-07","239.45"
"DY-002","2024-07-14","238.06"
"DY-002","2024-07-21","235.48"
"DY-002","2024-07-28","237.47"
"DY-002","2024-08-04","239.55"
"DY-002","2024-08-11","241.45"
"DY-002","2024-08-18","243.79"
"DY-002","2024-08-25","246.77"
"DY-002","2024-09-01","250.46"
"DY-002","2024-09-08","255.76"
"DY-002","2024-09-15","254.48"
"DY-002","2024-09-22","256.93"
"DY-002","2024-09-29","256.4"
"DY-002","2024-10-06","255.01"
"DY-002","2024-10-13","249.5"
"DY-002","2024-10-20","249.97"
"DY-002","2024-10-27","248.82"
"DY-002","2024-11-03","248.18"
"DY-002","2024-11-10","254.7"
"DY-002","2024-11-17","258.83"
"DY-002","2024-11-24","259.71"
"DY-002","2024-12-01","261.3"
"DY-002","2024-12-08","258.62"
"DY-002","2024-12-15","255.57"
"DY-002","2024-12-22","257.22"
"DY-002","2024-12-29","257.19"
"DY-002","2025-01-05","261.57"
"DY-002","2025-01-12","255.43"
"DY-002","2025-01-19","253.15"
"DY-002","2025-01-26","254.61"
"DY-002","2025-02-02","254.66"
"DY-002","2025-02-09","253.88"
"DY-002","2025-02-16","254.94"
"DY-002","2025-02-23","256.07"
"DY-002","2025-03-02","253.09"
"DY-002","2025-03-09","250.36"
"DY-002","2025-03-16","250.11"
"DY-002","2025-03-23","252.43"
"DY-002","2025-03-30","247.41"
"DY-002","2025-04-06","248.51"
"DY-002","2025-04-13","244.36"
"DY-002","2025-04-20","245.37"
"DY-002","2025-04-27","245.88"
"DY-002","2025-05-04","241.61"
"DY-002","2025-05-11","246.5"
"DY-002","2025-05-18","244.68"
"DY-002","2025-05-25","245.96"
"DY-002","2025-06-01","242.3"
"DY-002","2025-06-08","244.98"
"DY-002","2025-06-15","244.74"
"DY-002","2025-06-22","239.78"
"DY-002","2025-06-29","242.26"
"DY-002","2025-07-06","238.76"
"DY-002","2025-07-13","238.8"
"DY-002","2025-07-20","237.9"
"DY-002","2025-07-27","239.74"
"DY-002","2025-08-03","240.61"
"DY-002","2025-08-10","238.24"
"DY-002","2025-08-17","239.44"
"DY-002","2025-08-24","240.86"
"DY-002","2025-08-31","241.96"
"DY-002","2025-09-07","236.69"
"DY-002","2025-09-14","231.01"
"DY-002","2025-09-21","227.81"
"DY-002","2025-09-28","225.61"
"DY-002","2025-10-05","223.27"
"DY-002","2025-10-12","221.1"
"DY-002","2025-10-19","217.85"
"DY-002","2025-10-26","216.23"
"DY-002","2025-11-02","215.17"
"DY-002","2025-11-09","212.92"
"DY-002","2025-11-16","214.96"
"DY-002","2025-11-23","211.94"
"DY-002","2025-11-30","209.96"
"DY-002","2025-12-07","204.99"
"DY-002","2025-12-14","201.86"
"DY-002","2025-12-21","201.26"
"DY-002","2025-12-28","203.59"
"DY-002","2026-01-04","206.81"
"DY-002","2026-01-11","207.35"
"DY-002","2026-01-18","208.36"
"DY-002","2026-01-25","210.83"
"DY-002","2026-02-01","216.59"
"DY-002","2026-02-08","224.72"
"DY-002","2026-02-15","225.75"
"DY-002","2026-02-22","237.17"
"DY-002","2026-03-01","237.73"
"DY-002","2026-03-08","241.97"
"DY-002","2026-03-15","253"
"DY-002","2026-03-22","259.63"
"DY-002","2026-03-29","259.18"
"DY-002","2026-04-05","257.71"
"DY-002","2026-04-12","258.97"
"DY-002","2026-04-19","257.92"
"DY-002","2026-04-26","266.35"
"DY-002","2026-05-03","270.35"
"DY-002","2026-05-10","278.35"
"DY-002","2026-05-17","278.71"
"DY-002","2026-05-24","279.95"
"DY-002","2026-05-31","282.58"
"DY-002","2026-06-07","279.18"
"DY-002","2026-06-14","273.51"
"DY-002","2026-06-21","272.12"
"DY-002","2026-06-28","268.02"
"EG-001","2022-01-09","158.48"
"EG-001","2022-01-16","157.98"
"EG-001","2022-01-23","157.98"
"EG-001","2022-01-30","155.97"
"EG-001","2022-02-06","157.65"
"EG-001","2022-02-13","159.94"
"EG-001","2022-02-20","163.41"
"EG-001","2022-02-27","167.45"
"EG-001","2022-03-06","170.08"
"EG-001","2022-03-13","176.18"
"EG-001","2022-03-20","184.26"
"EG-001","2022-03-27","197.03"
"EG-001","2022-04-03","203.19"
"EG-001","2022-04-10","207.86"
"EG-001","2022-04-17","207.35"
"EG-001","2022-04-24","205.07"
"EG-001","2022-05-01","202.35"
"EG-001","2022-05-08","200.32"
"EG-001","2022-05-15","199.71"
"EG-001","2022-05-22","198.75"
"EG-001","2022-05-29","198.13"
"EG-001","2022-06-05","198.62"
"EG-001","2022-06-12","196.57"
"EG-001","2022-06-19","197.48"
"EG-001","2022-06-26","198.14"
"EG-001","2022-07-03","197.92"
"EG-001","2022-07-10","197.32"
"EG-001","2022-07-17","197.53"
"EG-001","2022-07-24","197.42"
"EG-001","2022-07-31","193.04"
"EG-001","2022-08-07","198.75"
"EG-001","2022-08-14","198.68"
"EG-001","2022-08-21","199.65"
"EG-001","2022-08-28","200.34"
"EG-001","2022-09-04","203.22"
"EG-001","2022-09-11","208.87"
"EG-001","2022-09-18","211.68"
"EG-001","2022-09-25","217.17"
"EG-001","2022-10-02","220.6"
"EG-001","2022-10-09","228.6"
"EG-001","2022-10-16","237.04"
"EG-001","2022-10-23","242.58"
"EG-001","2022-10-30","245.64"
"EG-001","2022-11-06","249.69"
"EG-001","2022-11-13","253.26"
"EG-001","2022-11-20","253.99"
"EG-001","2022-11-27","253.44"
"EG-001","2022-12-04","255.97"
"EG-001","2022-12-11","257.66"
"EG-001","2022-12-18","258.99"
"EG-001","2022-12-25","260.84"
"EG-001","2023-01-01","261.33"
"EG-001","2023-01-08","259.74"
"EG-001","2023-01-15","261.97"
"EG-001","2023-01-22","262.39"
"EG-001","2023-01-29","262.37"
"EG-001","2023-02-05","264.35"
"EG-001","2023-02-12","265.7"
"EG-001","2023-02-19","270.54"
"EG-001","2023-02-26","273.64"
"EG-001","2023-03-05","274.84"
"EG-001","2023-03-12","278.68"
"EG-001","2023-03-19","278.64"
"EG-001","2023-03-26","278.31"
"EG-001","2023-04-02","279.03"
"EG-001","2023-04-09","276.94"
"EG-001","2023-04-16","275.75"
"EG-001","2023-04-23","274.96"
"EG-001","2023-04-30","272.76"
"EG-001","2023-05-07","270.55"
"EG-001","2023-05-14","266.57"
"EG-001","2023-05-21","264.77"
"EG-001","2023-05-28","262.69"
"EG-001","2023-06-04","258.62"
"EG-001","2023-06-11","255.47"
"EG-001","2023-06-18","252.06"
"EG-001","2023-06-25","248.58"
"EG-001","2023-07-02","245.97"
"EG-001","2023-07-09","238.91"
"EG-001","2023-07-16","234.16"
"EG-001","2023-07-23","231.29"
"EG-001","2023-07-30","228.53"
"EG-001","2023-08-06","227.02"
"EG-001","2023-08-13","228.22"
"EG-001","2023-08-20","228.29"
"EG-001","2023-08-27","230.45"
"EG-001","2023-09-03","233.34"
"EG-001","2023-09-10","233.9"
"EG-001","2023-09-17","235.98"
"EG-001","2023-09-24","235.82"
"EG-001","2023-10-01","237.79"
"EG-001","2023-10-08","238.68"
"EG-001","2023-10-15","237.7"
"EG-001","2023-10-22","238.51"
"EG-001","2023-10-29","239.12"
"EG-001","2023-11-05","239.55"
"EG-001","2023-11-12","241.61"
"EG-001","2023-11-19","242.3"
"EG-001","2023-11-26","242.41"
"EG-001","2023-12-03","242.74"
"EG-001","2023-12-10","243.28"
"EG-001","2023-12-17","245.42"
"EG-001","2023-12-24","246.95"
"EG-001","2023-12-31","246.36"
"EG-001","2024-01-07","245.01"
"EG-001","2024-01-14","241.52"
"EG-001","2024-01-21","242.08"
"EG-001","2024-01-28","240.01"
"EG-001","2024-02-04","240.96"
"EG-001","2024-02-11","240.17"
"EG-001","2024-02-18","241.86"
"EG-001","2024-02-25","242.83"
"EG-001","2024-03-03","243.18"
"EG-001","2024-03-10","245.38"
"EG-001","2024-03-17","247.19"
"EG-001","2024-03-24","247.88"
"EG-001","2024-03-31","247.94"
"EG-001","2024-04-07","240.5"
"EG-001","2024-04-14","237.63"
"EG-001","2024-04-21","233.44"
"EG-001","2024-04-28","230.82"
"EG-001","2024-05-05","229.05"
"EG-001","2024-05-12","223.44"
"EG-001","2024-05-19","223.47"
"EG-001","2024-05-26","223.33"
"EG-001","2024-06-02","221.88"
"EG-001","2024-06-09","219.35"
"EG-001","2024-06-16","217.14"
"EG-001","2024-06-23","217.45"
"EG-001","2024-06-30","215.68"
"EG-001","2024-07-07","213.73"
"EG-001","2024-07-14","215.04"
"EG-001","2024-07-21","214.43"
"EG-001","2024-07-28","214.66"
"EG-001","2024-08-04","213.5"
"EG-001","2024-08-11","213.67"
"EG-001","2024-08-18","213.32"
"EG-001","2024-08-25","215.15"
"EG-001","2024-09-01","216.97"
"EG-001","2024-09-08","218.03"
"EG-001","2024-09-15","219.52"
"EG-001","2024-09-22","221.26"
"EG-001","2024-09-29","225.36"
"EG-001","2024-10-06","228.64"
"EG-001","2024-10-13","232.07"
"EG-001","2024-10-20","235.97"
"EG-001","2024-10-27","241.46"
"EG-001","2024-11-03","246.38"
"EG-001","2024-11-10","254.52"
"EG-001","2024-11-17","257.77"
"EG-001","2024-11-24","258.42"
"EG-001","2024-12-01","260.01"
"EG-001","2024-12-08","261.68"
"EG-001","2024-12-15","260.8"
"EG-001","2024-12-22","260.32"
"EG-001","2024-12-29","254.31"
"EG-001","2025-01-05","255.89"
"EG-001","2025-01-12","252.98"
"EG-001","2025-01-19","252.92"
"EG-001","2025-01-26","254.28"
"EG-001","2025-02-02","255.85"
"EG-001","2025-02-09","259.34"
"EG-001","2025-02-16","259.32"
"EG-001","2025-02-23","268.54"
"EG-001","2025-03-02","279.33"
"EG-001","2025-03-09","287.51"
"EG-001","2025-03-16","293.56"
"EG-001","2025-03-23","296.68"
"EG-001","2025-03-30","296.8"
"EG-001","2025-04-06","298.41"
"EG-001","2025-04-13","297.09"
"EG-001","2025-04-20","295.13"
"EG-001","2025-04-27","292.9"
"EG-001","2025-05-04","287.93"
"EG-001","2025-05-11","282.09"
"EG-001","2025-05-18","280.36"
"EG-001","2025-05-25","278.47"
"EG-001","2025-06-01","276.53"
"EG-001","2025-06-08","274.7"
"EG-001","2025-06-15","274.22"
"EG-001","2025-06-22","273.65"
"EG-001","2025-06-29","272.65"
"EG-001","2025-07-06","272.42"
"EG-001","2025-07-13","271.84"
"EG-001","2025-07-20","271.72"
"EG-001","2025-07-27","270.02"
"EG-001","2025-08-03","269.98"
"EG-001","2025-08-10","268.77"
"EG-001","2025-08-17","269.45"
"EG-001","2025-08-24","270.37"
"EG-001","2025-08-31","271.26"
"EG-001","2025-09-07","272.61"
"EG-001","2025-09-14","274.95"
"EG-001","2025-09-21","278.35"
"EG-001","2025-09-28","281.57"
"EG-001","2025-10-05","286.63"
"EG-001","2025-10-12","296.25"
"EG-001","2025-10-19","298.52"
"EG-001","2025-10-26","303.57"
"EG-001","2025-11-02","305.08"
"EG-001","2025-11-09","305.13"
"EG-001","2025-11-16","306.95"
"EG-001","2025-11-23","311.6"
"EG-001","2025-11-30","312.55"
"EG-001","2025-12-07","313.69"
"EG-001","2025-12-14","312.48"
"EG-001","2025-12-21","311.47"
"EG-001","2025-12-28","311.53"
"EG-001","2026-01-04","311.98"
"EG-001","2026-01-11","303.69"
"EG-001","2026-01-18","301.83"
"EG-001","2026-01-25","304.96"
"EG-001","2026-02-01","308.4"
"EG-001","2026-02-08","312.82"
"EG-001","2026-02-15","313.5"
"EG-001","2026-02-22","316.41"
"EG-001","2026-03-01","319.26"
"EG-001","2026-03-08","321.52"
"EG-001","2026-03-15","324"
"EG-001","2026-03-22","326.45"
"EG-001","2026-03-29","326.6"
"EG-001","2026-04-05","325.76"
"EG-001","2026-04-12","324.22"
"EG-001","2026-04-19","319.65"
"EG-001","2026-04-26","316.82"
"EG-001","2026-05-03","313.55"
"EG-001","2026-05-10","308.5"
"EG-001","2026-05-17","305"
"EG-001","2026-05-24","300.24"
"EG-001","2026-05-31","297.4"
"EG-001","2026-06-07","292.08"
"EG-001","2026-06-14","283.56"
"EG-001","2026-06-21","279.98"
"EG-001","2026-06-28","276.18"
"EG-002","2015-01","2.113"
"EG-002","2015-02","2.088"
"EG-002","2015-03","2.133"
"EG-002","2015-04","2.065"
"EG-002","2015-05","1.962"
"EG-002","2015-06","2.57"
"EG-002","2015-07","2.57"
"EG-002","2015-08","2.943"
"EG-002","2015-09","2.966"
"EG-002","2015-10","2.808"
"EG-002","2015-11","2.664"
"EG-002","2015-12","2.751"
"EG-002","2016-01","2.328"
"EG-002","2016-02","2.267"
"EG-002","2016-03","2.081"
"EG-002","2016-04","1.793"
"EG-002","2016-05","1.684"
"EG-002","2016-06","1.491"
"EG-002","2016-07","1.546"
"EG-002","2016-08","1.455"
"EG-002","2016-09","1.471"
"EG-002","2016-10","1.39"
"EG-002","2016-11","1.321"
"EG-002","2016-12","1.383"
"EG-002","2017-01","1.599"
"EG-002","2017-02","1.464"
"EG-002","2017-03","1.404"
"EG-002","2017-04","1.409"
"EG-002","2017-05","1.414"
"EG-002","2017-06","1.332"
"EG-002","2017-07","1.333"
"EG-002","2017-08","1.367"
"EG-002","2017-09","1.422"
"EG-002","2017-10","1.54"
"EG-002","2017-11","1.506"
"EG-002","2017-12","1.815"
"EG-002","2018-01","1.769"
"EG-002","2018-02","1.755"
"EG-002","2018-03","1.831"
"EG-002","2018-04","2.081"
"EG-002","2018-05","1.987"
"EG-002","2018-06","1.628"
"EG-002","2018-07","1.725"
"EG-002","2018-08","1.622"
"EG-002","2018-09","1.651"
"EG-002","2018-10","1.66"
"EG-002","2018-11","1.596"
"EG-002","2018-12","1.595"
"EG-002","2019-01","1.554"
"EG-002","2019-02","1.557"
"EG-002","2019-03","1.544"
"EG-002","2019-04","1.463"
"EG-002","2019-05","1.362"
"EG-002","2019-06","1.203"
"EG-002","2019-07","1.243"
"EG-002","2019-08","1.219"
"EG-002","2019-09","1.383"
"EG-002","2019-10","1.282"
"EG-002","2019-11","1.405"
"EG-002","2019-12","1.535"
"EG-002","2020-01","1.461"
"EG-002","2020-02","1.449"
"EG-002","2020-03","1.525"
"EG-002","2020-04","2.019"
"EG-002","2020-05","1.64"
"EG-002","2020-06","1.554"
"EG-002","2020-07","1.401"
"EG-002","2020-08","1.328"
"EG-002","2020-09","1.353"
"EG-002","2020-10","1.408"
"EG-002","2020-11","1.45"
"EG-002","2020-12","1.481"
"EG-002","2021-01","1.466"
"EG-002","2021-02","1.597"
"EG-002","2021-03","1.625"
"EG-002","2021-04","1.62"
"EG-002","2021-05","1.625"
"EG-002","2021-06","1.642"
"EG-002","2021-07","1.642"
"EG-002","2021-08","1.709"
"EG-002","2021-09","1.835"
"EG-002","2021-10","1.821"
"EG-002","2021-11","1.718"
"EG-002","2021-12","1.788"
"EG-002","2022-01","1.929"
"EG-002","2022-02","2.005"
"EG-002","2022-03","2.046"
"EG-002","2022-04","2.52"
"EG-002","2022-05","2.863"
"EG-002","2022-06","2.707"
"EG-002","2022-07","2.936"
"EG-002","2022-08","3.116"
"EG-002","2022-09","2.902"
"EG-002","2022-10","3.419"
"EG-002","2022-11","3.589"
"EG-002","2022-12","4.25"
"EG-002","2023-01","4.823"
"EG-002","2023-02","4.211"
"EG-002","2023-03","3.446"
"EG-002","2023-04","3.27"
"EG-002","2023-05","2.666"
"EG-002","2023-06","2.219"
"EG-002","2023-07","2.094"
"EG-002","2023-08","2.043"
"EG-002","2023-09","2.065"
"EG-002","2023-10","2.072"
"EG-002","2023-11","2.138"
"EG-002","2023-12","2.507"
"EG-002","2024-01","2.522"
"EG-002","2024-02","2.996"
"EG-002","2024-03","2.992"
"EG-002","2024-04","2.864"
"EG-002","2024-05","2.699"
"EG-002","2024-06","2.715"
"EG-002","2024-07","3.08"
"EG-002","2024-08","3.204"
"EG-002","2024-09","3.821"
"EG-002","2024-10","3.37"
"EG-002","2024-11","3.649"
"EG-002","2024-12","4.146"
"EG-002","2025-01","4.953"
"EG-002","2025-02","5.897"
"EG-002","2025-03","6.227"
"EG-002","2025-04","5.122"
"EG-002","2025-05","4.548"
"EG-002","2025-06","3.775"
"EG-002","2025-07","3.599"
"EG-002","2025-08","3.587"
"EG-002","2025-09","3.488"
"EG-002","2025-11","2.86"
"EG-002","2025-12","2.712"
"EG-002","2026-01","2.577"
"EG-002","2026-02","2.5"
"EG-002","2026-03","2.348"
"EG-002","2026-04","2.25"
"EG-002","2026-05","2.191"
"EN-001","1960-01","0.4"
"EN-001","1960-02","0.4"
"EN-001","1960-03","0.4"
"EN-001","1960-04","0.4"
"EN-001","1960-05","0.4"
"EN-001","1960-06","0.4"
"EN-001","1960-07","0.4"
"EN-001","1960-08","0.4"
"EN-001","1960-09","0.4"
"EN-001","1960-10","0.4"
"EN-001","1960-11","0.4"
"EN-001","1960-12","0.4"
"EN-001","1961-01","0.4"
"EN-001","1961-02","0.4"
"EN-001","1961-03","0.4"
"EN-001","1961-04","0.4"
"EN-001","1961-05","0.4"
"EN-001","1961-06","0.4"
"EN-001","1961-07","0.4"
"EN-001","1961-08","0.4"
"EN-001","1961-09","0.4"
"EN-001","1961-10","0.4"
"EN-001","1961-11","0.4"
"EN-001","1961-12","0.4"
"EN-001","1962-01","0.4"
"EN-001","1962-02","0.4"
"EN-001","1962-03","0.4"
"EN-001","1962-04","0.4"
"EN-001","1962-05","0.4"
"EN-001","1962-06","0.4"
"EN-001","1962-07","0.4"
"EN-001","1962-08","0.4"
"EN-001","1962-09","0.4"
"EN-001","1962-10","0.4"
"EN-001","1962-11","0.4"
"EN-001","1962-12","0.4"
"EN-001","1963-01","0.4"
"EN-001","1963-02","0.4"
"EN-001","1963-03","0.4"
"EN-001","1963-04","0.4"
"EN-001","1963-05","0.4"
"EN-001","1963-06","0.4"
"EN-001","1963-07","0.4"
"EN-001","1963-08","0.4"
"EN-001","1963-09","0.4"
"EN-001","1963-10","0.4"
"EN-001","1963-11","0.4"
"EN-001","1963-12","0.4"
"EN-001","1964-01","0.4"
"EN-001","1964-02","0.4"
"EN-001","1964-03","0.4"
"EN-001","1964-04","0.4"
"EN-001","1964-05","0.4"
"EN-001","1964-06","0.4"
"EN-001","1964-07","0.4"
"EN-001","1964-08","0.4"
"EN-001","1964-09","0.4"
"EN-001","1964-10","0.4"
"EN-001","1964-11","0.4"
"EN-001","1964-12","0.4"
"EN-001","1965-01","0.4"
"EN-001","1965-02","0.4"
"EN-001","1965-03","0.4"
"EN-001","1965-04","0.4"
"EN-001","1965-05","0.4"
"EN-001","1965-06","0.4"
"EN-001","1965-07","0.4"
"EN-001","1965-08","0.4"
"EN-001","1965-09","0.4"
"EN-001","1965-10","0.4"
"EN-001","1965-11","0.4"
"EN-001","1965-12","0.4"
"EN-001","1966-01","0.4"
"EN-001","1966-02","0.4"
"EN-001","1966-03","0.4"
"EN-001","1966-04","0.4"
"EN-001","1966-05","0.4"
"EN-001","1966-06","0.4"
"EN-001","1966-07","0.4"
"EN-001","1966-08","0.4"
"EN-001","1966-09","0.4"
"EN-001","1966-10","0.4"
"EN-001","1966-11","0.4"
"EN-001","1966-12","0.4"
"EN-001","1967-01","0.5"
"EN-001","1967-02","0.5"
"EN-001","1967-03","0.5"
"EN-001","1967-04","0.5"
"EN-001","1967-05","0.5"
"EN-001","1967-06","0.5"
"EN-001","1967-07","0.5"
"EN-001","1967-08","0.5"
"EN-001","1967-09","0.5"
"EN-001","1967-10","0.5"
"EN-001","1967-11","0.5"
"EN-001","1967-12","0.5"
"EN-001","1968-01","0.5"
"EN-001","1968-02","0.5"
"EN-001","1968-03","0.5"
"EN-001","1968-04","0.5"
"EN-001","1968-05","0.5"
"EN-001","1968-06","0.5"
"EN-001","1968-07","0.5"
"EN-001","1968-08","0.5"
"EN-001","1968-09","0.5"
"EN-001","1968-10","0.5"
"EN-001","1968-11","0.5"
"EN-001","1968-12","0.5"
"EN-001","1969-01","0.5"
"EN-001","1969-02","0.5"
"EN-001","1969-03","0.5"
"EN-001","1969-04","0.5"
"EN-001","1969-05","0.5"
"EN-001","1969-06","0.5"
"EN-001","1969-07","0.5"
"EN-001","1969-08","0.5"
"EN-001","1969-09","0.5"
"EN-001","1969-10","0.5"
"EN-001","1969-11","0.5"
"EN-001","1969-12","0.5"
"EN-001","1970-01","0.4"
"EN-001","1970-02","0.4"
"EN-001","1970-03","0.4"
"EN-001","1970-04","0.4"
"EN-001","1970-05","0.4"
"EN-001","1970-06","0.4"
"EN-001","1970-07","0.4"
"EN-001","1970-08","0.4"
"EN-001","1970-09","0.4"
"EN-001","1970-10","0.4"
"EN-001","1970-11","0.4"
"EN-001","1970-12","0.4"
"EN-001","1971-01","0.5"
"EN-001","1971-02","0.5"
"EN-001","1971-03","0.5"
"EN-001","1971-04","0.5"
"EN-001","1971-05","0.5"
"EN-001","1971-06","0.5"
"EN-001","1971-07","0.5"
"EN-001","1971-08","0.5"
"EN-001","1971-09","0.5"
"EN-001","1971-10","0.5"
"EN-001","1971-11","0.5"
"EN-001","1971-12","0.5"
"EN-001","1972-01","0.5"
"EN-001","1972-02","0.5"
"EN-001","1972-03","0.5"
"EN-001","1972-04","0.5"
"EN-001","1972-05","0.5"
"EN-001","1972-06","0.5"
"EN-001","1972-07","0.5"
"EN-001","1972-08","0.5"
"EN-001","1972-09","0.5"
"EN-001","1972-10","0.5"
"EN-001","1972-11","0.5"
"EN-001","1972-12","0.5"
"EN-001","1973-01","0.7"
"EN-001","1973-02","0.7"
"EN-001","1973-03","0.7"
"EN-001","1973-04","0.7"
"EN-001","1973-05","0.7"
"EN-001","1973-06","0.7"
"EN-001","1973-07","0.7"
"EN-001","1973-08","0.7"
"EN-001","1973-09","0.7"
"EN-001","1973-10","0.7"
"EN-001","1973-11","0.7"
"EN-001","1973-12","0.7"
"EN-001","1974-01","1.7"
"EN-001","1974-02","1.7"
"EN-001","1974-03","1.7"
"EN-001","1974-04","1.7"
"EN-001","1974-05","1.7"
"EN-001","1974-06","1.7"
"EN-001","1974-07","1.7"
"EN-001","1974-08","1.7"
"EN-001","1974-09","1.7"
"EN-001","1974-10","1.7"
"EN-001","1974-11","1.7"
"EN-001","1974-12","1.7"
"EN-001","1975-01","1.7"
"EN-001","1975-02","1.7"
"EN-001","1975-03","1.7"
"EN-001","1975-04","1.7"
"EN-001","1975-05","1.7"
"EN-001","1975-06","1.7"
"EN-001","1975-07","1.7"
"EN-001","1975-08","1.7"
"EN-001","1975-09","1.7"
"EN-001","1975-10","1.7"
"EN-001","1975-11","1.7"
"EN-001","1975-12","1.7"
"EN-001","1976-01","1.7"
"EN-001","1976-02","1.7"
"EN-001","1976-03","1.7"
"EN-001","1976-04","1.7"
"EN-001","1976-05","1.7"
"EN-001","1976-06","1.7"
"EN-001","1976-07","1.7"
"EN-001","1976-08","1.7"
"EN-001","1976-09","1.7"
"EN-001","1976-10","1.7"
"EN-001","1976-11","1.7"
"EN-001","1976-12","1.7"
"EN-001","1977-01","1.8"
"EN-001","1977-02","1.8"
"EN-001","1977-03","1.8"
"EN-001","1977-04","1.8"
"EN-001","1977-05","1.8"
"EN-001","1977-06","1.8"
"EN-001","1977-07","1.8"
"EN-001","1977-08","1.8"
"EN-001","1977-09","1.8"
"EN-001","1977-10","1.8"
"EN-001","1977-11","1.8"
"EN-001","1977-12","1.8"
"EN-001","1978-01","2.3"
"EN-001","1978-02","2.3"
"EN-001","1978-03","2.3"
"EN-001","1978-04","2.3"
"EN-001","1978-05","2.3"
"EN-001","1978-06","2.3"
"EN-001","1978-07","2.3"
"EN-001","1978-08","2.3"
"EN-001","1978-09","2.3"
"EN-001","1978-10","2.3"
"EN-001","1978-11","2.3"
"EN-001","1978-12","2.3"
"EN-001","1979-01","3.3"
"EN-001","1979-02","3.3"
"EN-001","1979-03","3.3"
"EN-001","1979-04","3.3"
"EN-001","1979-05","3.3"
"EN-001","1979-06","3.3"
"EN-001","1979-07","3.3"
"EN-001","1979-08","3.3"
"EN-001","1979-09","3.3"
"EN-001","1979-10","3.3"
"EN-001","1979-11","3.3"
"EN-001","1979-12","3.3"
"EN-001","1980-01","4.2"
"EN-001","1980-02","4.2"
"EN-001","1980-03","4.2"
"EN-001","1980-04","4.2"
"EN-001","1980-05","4.2"
"EN-001","1980-06","4.2"
"EN-001","1980-07","4.2"
"EN-001","1980-08","4.2"
"EN-001","1980-09","4.2"
"EN-001","1980-10","4.2"
"EN-001","1980-11","4.2"
"EN-001","1980-12","4.2"
"EN-001","1981-01","4.6"
"EN-001","1981-02","4.6"
"EN-001","1981-03","4.6"
"EN-001","1981-04","4.6"
"EN-001","1981-05","4.6"
"EN-001","1981-06","4.6"
"EN-001","1981-07","4.6"
"EN-001","1981-08","4.6"
"EN-001","1981-09","4.6"
"EN-001","1981-10","4.6"
"EN-001","1981-11","4.6"
"EN-001","1981-12","4.6"
"EN-001","1982-01","4.5"
"EN-001","1982-02","4.5"
"EN-001","1982-03","4.5"
"EN-001","1982-04","4.5"
"EN-001","1982-05","4.5"
"EN-001","1982-06","4.5"
"EN-001","1982-07","4.5"
"EN-001","1982-08","4.5"
"EN-001","1982-09","4.5"
"EN-001","1982-10","4.5"
"EN-001","1982-11","4.5"
"EN-001","1982-12","4.5"
"EN-001","1983-01","4.1"
"EN-001","1983-02","4.1"
"EN-001","1983-03","4.1"
"EN-001","1983-04","4.1"
"EN-001","1983-05","4.1"
"EN-001","1983-06","4.1"
"EN-001","1983-07","4.1"
"EN-001","1983-08","4.1"
"EN-001","1983-09","4.1"
"EN-001","1983-10","4.1"
"EN-001","1983-11","4.1"
"EN-001","1983-12","4.1"
"EN-001","1984-01","3.8"
"EN-001","1984-02","3.8"
"EN-001","1984-03","3.8"
"EN-001","1984-04","3.8"
"EN-001","1984-05","3.8"
"EN-001","1984-06","3.8"
"EN-001","1984-07","3.8"
"EN-001","1984-08","3.8"
"EN-001","1984-09","3.8"
"EN-001","1984-10","3.8"
"EN-001","1984-11","3.8"
"EN-001","1984-12","3.8"
"EN-001","1985-01","3.7"
"EN-001","1985-02","3.7"
"EN-001","1985-03","3.7"
"EN-001","1985-04","3.7"
"EN-001","1985-05","3.7"
"EN-001","1985-06","3.7"
"EN-001","1985-07","3.7"
"EN-001","1985-08","3.7"
"EN-001","1985-09","3.7"
"EN-001","1985-10","3.7"
"EN-001","1985-11","3.7"
"EN-001","1985-12","3.7"
"EN-001","1986-01","3.7"
"EN-001","1986-02","3.7"
"EN-001","1986-03","3.7"
"EN-001","1986-04","3.7"
"EN-001","1986-05","3.7"
"EN-001","1986-06","3.7"
"EN-001","1986-07","3.7"
"EN-001","1986-08","3.7"
"EN-001","1986-09","3.7"
"EN-001","1986-10","3.7"
"EN-001","1986-11","3.7"
"EN-001","1986-12","3.7"
"EN-001","1987-01","2.6"
"EN-001","1987-02","2.6"
"EN-001","1987-03","2.6"
"EN-001","1987-04","2.6"
"EN-001","1987-05","2.6"
"EN-001","1987-06","2.6"
"EN-001","1987-07","2.6"
"EN-001","1987-08","2.6"
"EN-001","1987-09","2.6"
"EN-001","1987-10","2.6"
"EN-001","1987-11","2.6"
"EN-001","1987-12","2.6"
"EN-001","1988-01","2.4"
"EN-001","1988-02","2.4"
"EN-001","1988-03","2.4"
"EN-001","1988-04","2.4"
"EN-001","1988-05","2.4"
"EN-001","1988-06","2.4"
"EN-001","1988-07","2.4"
"EN-001","1988-08","2.4"
"EN-001","1988-09","2.4"
"EN-001","1988-10","2.4"
"EN-001","1988-11","2.4"
"EN-001","1988-12","2.4"
"EN-001","1989-01","2.1"
"EN-001","1989-02","2.1"
"EN-001","1989-03","2.1"
"EN-001","1989-04","2.1"
"EN-001","1989-05","2.1"
"EN-001","1989-06","2.1"
"EN-001","1989-07","2.1"
"EN-001","1989-08","2.1"
"EN-001","1989-09","2.1"
"EN-001","1989-10","2.1"
"EN-001","1989-11","2.1"
"EN-001","1989-12","2.1"
"EN-001","1990-01","2.8"
"EN-001","1990-02","2.8"
"EN-001","1990-03","2.8"
"EN-001","1990-04","2.8"
"EN-001","1990-05","2.8"
"EN-001","1990-06","2.8"
"EN-001","1990-07","2.8"
"EN-001","1990-08","2.8"
"EN-001","1990-09","2.8"
"EN-001","1990-10","2.8"
"EN-001","1990-11","2.8"
"EN-001","1990-12","2.8"
"EN-001","1991-01","3.4"
"EN-001","1991-02","3.4"
"EN-001","1991-03","3.3"
"EN-001","1991-04","3.5"
"EN-001","1991-05","3.4"
"EN-001","1991-06","3.3"
"EN-001","1991-07","3"
"EN-001","1991-08","3"
"EN-001","1991-09","3"
"EN-001","1991-10","2.7"
"EN-001","1991-11","2.7"
"EN-001","1991-12","2.7"
"EN-001","1992-01","2.6"
"EN-001","1992-02","2.5"
"EN-001","1992-03","2.6"
"EN-001","1992-04","2.5"
"EN-001","1992-05","2.5"
"EN-001","1992-06","2.5"
"EN-001","1992-07","2.6"
"EN-001","1992-08","2.6"
"EN-001","1992-09","2.6"
"EN-001","1992-10","2.6"
"EN-001","1992-11","2.6"
"EN-001","1992-12","2.6"
"EN-001","1993-01","2.8"
"EN-001","1993-02","2.7"
"EN-001","1993-03","2.8"
"EN-001","1993-04","2.7"
"EN-001","1993-05","2.7"
"EN-001","1993-06","2.7"
"EN-001","1993-07","2.7"
"EN-001","1993-08","2.7"
"EN-001","1993-09","2.6"
"EN-001","1993-10","2.6"
"EN-001","1993-11","2.6"
"EN-001","1993-12","2.6"
"EN-001","1994-01","2.5"
"EN-001","1994-02","2.4"
"EN-001","1994-03","2.4"
"EN-001","1994-04","2.4"
"EN-001","1994-05","2.4"
"EN-001","1994-06","2.4"
"EN-001","1994-07","2.4"
"EN-001","1994-08","2.5"
"EN-001","1994-09","2.5"
"EN-001","1994-10","2.6"
"EN-001","1994-11","2.6"
"EN-001","1994-12","2.6"
"EN-001","1995-01","2.7"
"EN-001","1995-02","2.7"
"EN-001","1995-03","2.7"
"EN-001","1995-04","2.7"
"EN-001","1995-05","2.7"
"EN-001","1995-06","2.7"
"EN-001","1995-07","2.8"
"EN-001","1995-08","2.8"
"EN-001","1995-09","2.8"
"EN-001","1995-10","2.8"
"EN-001","1995-11","2.8"
"EN-001","1995-12","2.7"
"EN-001","1996-01","2.8"
"EN-001","1996-02","2.8"
"EN-001","1996-03","2.7"
"EN-001","1996-04","3.1"
"EN-001","1996-05","2.8"
"EN-001","1996-06","2.8"
"EN-001","1996-07","2.8"
"EN-001","1996-08","2.8"
"EN-001","1996-09","2.8"
"EN-001","1996-10","2.9"
"EN-001","1996-11","3"
"EN-001","1996-12","3"
"EN-001","1997-01","2.9"
"EN-001","1997-02","2.9"
"EN-001","1997-03","2.8"
"EN-001","1997-04","2.8"
"EN-001","1997-05","2.7"
"EN-001","1997-06","2.8"
"EN-001","1997-07","2.7"
"EN-001","1997-08","2.7"
"EN-001","1997-09","2.7"
"EN-001","1997-10","2.6"
"EN-001","1997-11","2.7"
"EN-001","1997-12","2.7"
"EN-001","1998-01","2.7"
"EN-001","1998-02","2.6"
"EN-001","1998-03","2.6"
"EN-001","1998-04","2.5"
"EN-001","1998-05","2.5"
"EN-001","1998-06","2.5"
"EN-001","1998-07","2.4"
"EN-001","1998-08","2.4"
"EN-001","1998-09","2.3"
"EN-001","1998-10","2.2"
"EN-001","1998-11","2.2"
"EN-001","1998-12","2.1"
"EN-001","1999-01","2"
"EN-001","1999-02","2"
"EN-001","1999-03","2"
"EN-001","1999-04","1.9"
"EN-001","1999-05","1.9"
"EN-001","1999-06","1.9"
"EN-001","1999-07","2"
"EN-001","1999-08","2.1"
"EN-001","1999-09","2.2"
"EN-001","1999-10","2.5"
"EN-001","1999-11","2.5"
"EN-001","1999-12","2.7"
"EN-001","2000-01","3.4"
"EN-001","2000-02","3.5"
"EN-001","2000-03","3.5"
"EN-001","2000-04","3.7"
"EN-001","2000-05","3.6"
"EN-001","2000-06","3.6"
"EN-001","2000-07","4"
"EN-001","2000-08","4"
"EN-001","2000-09","4"
"EN-001","2000-10","4.3"
"EN-001","2000-11","4.4"
"EN-001","2000-12","4.4"
"EN-001","2001-01","4.7"
"EN-001","2001-02","4.6"
"EN-001","2001-03","4.6"
"EN-001","2001-04","4.5"
"EN-001","2001-05","4.4"
"EN-001","2001-06","4.3"
"EN-001","2001-07","3.8"
"EN-001","2001-08","3.8"
"EN-001","2001-09","3.8"
"EN-001","2001-10","3.5"
"EN-001","2001-11","3.5"
"EN-001","2001-12","3.4"
"EN-001","2002-01","3.1"
"EN-001","2002-02","3"
"EN-001","2002-03","3"
"EN-001","2002-04","2.8"
"EN-001","2002-05","2.8"
"EN-001","2002-06","2.9"
"EN-001","2002-07","3"
"EN-001","2002-08","3"
"EN-001","2002-09","3.1"
"EN-001","2002-10","3.3"
"EN-001","2002-11","3.3"
"EN-001","2002-12","3.4"
"EN-001","2003-01","3.6"
"EN-001","2003-02","3.7"
"EN-001","2003-03","3.7"
"EN-001","2003-04","4"
"EN-001","2003-05","4"
"EN-001","2003-06","4.1"
"EN-001","2003-07","4"
"EN-001","2003-08","4"
"EN-001","2003-09","4"
"EN-001","2003-10","3.9"
"EN-001","2003-11","3.9"
"EN-001","2003-12","4"
"EN-001","2004-01","3.9"
"EN-001","2004-02","3.9"
"EN-001","2004-03","3.9"
"EN-001","2004-04","3.9"
"EN-001","2004-05","4"
"EN-001","2004-06","4"
"EN-001","2004-07","4.3"
"EN-001","2004-08","4.3"
"EN-001","2004-09","4.4"
"EN-001","2004-10","4.8"
"EN-001","2004-11","5"
"EN-001","2004-12","5"
"EN-001","2005-01","5.5"
"EN-001","2005-02","5.5"
"EN-001","2005-03","5.5"
"EN-001","2005-04","5.9"
"EN-001","2005-05","5.9"
"EN-001","2005-06","5.9"
"EN-001","2005-07","6.4"
"EN-001","2005-08","6.6"
"EN-001","2005-09","6.6"
"EN-001","2005-10","7.3"
"EN-001","2005-11","7.5"
"EN-001","2005-12","7.5"
"EN-001","2006-01","8"
"EN-001","2006-02","8"
"EN-001","2006-03","8"
"EN-001","2006-04","8.2"
"EN-001","2006-05","8.3"
"EN-001","2006-06","8.3"
"EN-001","2006-07","8.6"
"EN-001","2006-08","8.7"
"EN-001","2006-09","8.8"
"EN-001","2006-10","9"
"EN-001","2006-11","9"
"EN-001","2006-12","8.9"
"EN-001","2007-01","8.6"
"EN-001","2007-02","8.6"
"EN-001","2007-03","8.4"
"EN-001","2007-04","8"
"EN-001","2007-05","8"
"EN-001","2007-06","8"
"EN-001","2007-07","8.1"
"EN-001","2007-08","8.3"
"EN-001","2007-09","8.5"
"EN-001","2007-10","9.2"
"EN-001","2007-11","9.5"
"EN-001","2007-12","9.5"
"EN-001","2008-01","10.7"
"EN-001","2008-02","10.8"
"EN-001","2008-03","11"
"EN-001","2008-04","12.2"
"EN-001","2008-05","12.4"
"EN-001","2008-06","12.6"
"EN-001","2008-07","14.4"
"EN-001","2008-08","14.6"
"EN-001","2008-09","14.9"
"EN-001","2008-10","15.9"
"EN-001","2008-11","15.8"
"EN-001","2008-12","15.5"
"EN-001","2009-01","13.9"
"EN-001","2009-02","11"
"EN-001","2009-03","10.9"
"EN-001","2009-04","8.5"
"EN-001","2009-05","8.1"
"EN-001","2009-06","8"
"EN-001","2009-07","6.7"
"EN-001","2009-08","6.9"
"EN-001","2009-09","7.1"
"EN-001","2009-10","7.6"
"EN-001","2009-11","7.8"
"EN-001","2009-12","8"
"EN-001","2010-01","8.8"
"EN-001","2010-02","8.8"
"EN-001","2010-03","8.9"
"EN-001","2010-04","7.5"
"EN-001","2010-05","7.3"
"EN-001","2010-06","7.7"
"EN-001","2010-07","8"
"EN-001","2010-08","8.5"
"EN-001","2010-09","8.3"
"EN-001","2010-10","8.3"
"EN-001","2010-11","8.6"
"EN-001","2010-12","8.7"
"EN-001","2011-01","9.6"
"EN-001","2011-02","9.4"
"EN-001","2011-03","9.4"
"EN-001","2011-04","10.4"
"EN-001","2011-05","10.3"
"EN-001","2011-06","10.3"
"EN-001","2011-07","11"
"EN-001","2011-08","10.8"
"EN-001","2011-09","10.9"
"EN-001","2011-10","11.4"
"EN-001","2011-11","11.3"
"EN-001","2011-12","11.5"
"EN-001","2012-01","11.5"
"EN-001","2012-02","11.1"
"EN-001","2012-03","12"
"EN-001","2012-04","11.4"
"EN-001","2012-05","11.6"
"EN-001","2012-06","11.5"
"EN-001","2012-07","11.1"
"EN-001","2012-08","11.2"
"EN-001","2012-09","11.1"
"EN-001","2012-10","11.6"
"EN-001","2012-11","11.8"
"EN-001","2012-12","11.8"
"EN-001","2013-01","11.9"
"EN-001","2013-02","11.8"
"EN-001","2013-03","11.9"
"EN-001","2013-04","12.9"
"EN-001","2013-05","12.3"
"EN-001","2013-06","11.9"
"EN-001","2013-07","11.6"
"EN-001","2013-08","11.6"
"EN-001","2013-09","11.3"
"EN-001","2013-10","11.4"
"EN-001","2013-11","11.4"
"EN-001","2013-12","11.6"
"EN-001","2014-01","11.6"
"EN-001","2014-02","11.3"
"EN-001","2014-03","10.9"
"EN-001","2014-04","10.7"
"EN-001","2014-05","10.2"
"EN-001","2014-06","9.8"
"EN-001","2014-07","9.3"
"EN-001","2014-08","9.1"
"EN-001","2014-09","9.2"
"EN-001","2014-10","9.8"
"EN-001","2014-11","8.9"
"EN-001","2014-12","9.8"
"EN-001","2015-01","9.3"
"EN-001","2015-02","8.3"
"EN-001","2015-03","8.3"
"EN-001","2015-04","6.8"
"EN-001","2015-05","6.7"
"EN-001","2015-06","6.7"
"EN-001","2015-07","6.7"
"EN-001","2015-08","6.3"
"EN-001","2015-09","6.3"
"EN-001","2015-10","6"
"EN-001","2015-11","5.5"
"EN-001","2015-12","5.1"
"EN-001","2016-01","4.4"
"EN-001","2016-02","4"
"EN-001","2016-03","3.9"
"EN-001","2016-04","4"
"EN-001","2016-05","4.3"
"EN-001","2016-06","4.8"
"EN-001","2016-07","4.7"
"EN-001","2016-08","4"
"EN-001","2016-09","4.3"
"EN-001","2016-10","5.3"
"EN-001","2016-11","5.7"
"EN-001","2016-12","5.4"
"EN-001","2017-01","6.1"
"EN-001","2017-02","6.1"
"EN-001","2017-03","5"
"EN-001","2017-04","5"
"EN-001","2017-05","5.1"
"EN-001","2017-06","4.9"
"EN-001","2017-07","5"
"EN-001","2017-08","5.5"
"EN-001","2017-09","6"
"EN-001","2017-10","6.2"
"EN-001","2017-11","6.7"
"EN-001","2017-12","7.1"
"EN-001","2018-01","6.7"
"EN-001","2018-02","6.7"
"EN-001","2018-03","6.7"
"EN-001","2018-04","6.9"
"EN-001","2018-05","7.5"
"EN-001","2018-06","7.4"
"EN-001","2018-07","7.6"
"EN-001","2018-08","8.1"
"EN-001","2018-09","9.5"
"EN-001","2018-10","8.8"
"EN-001","2018-11","8.3"
"EN-001","2018-12","8"
"EN-001","2019-01","7.3"
"EN-001","2019-02","6"
"EN-001","2019-03","5.2"
"EN-001","2019-04","4.9"
"EN-001","2019-05","4.3"
"EN-001","2019-06","3.6"
"EN-001","2019-07","3.6"
"EN-001","2019-08","3.7"
"EN-001","2019-09","4.2"
"EN-001","2019-10","5.1"
"EN-001","2019-11","5.2"
"EN-001","2019-12","4.6"
"EN-001","2020-01","3.6"
"EN-001","2020-02","2.9"
"EN-001","2020-03","2.7"
"EN-001","2020-04","2.1"
"EN-001","2020-05","1.6"
"EN-001","2020-06","1.8"
"EN-001","2020-07","1.8"
"EN-001","2020-08","2.9"
"EN-001","2020-09","4"
"EN-001","2020-10","4.9"
"EN-001","2020-11","4.8"
"EN-001","2020-12","5.9"
"EN-001","2021-01","7.3"
"EN-001","2021-02","6.2"
"EN-001","2021-03","6.1"
"EN-001","2021-04","7.1"
"EN-001","2021-05","8.9"
"EN-001","2021-06","10.3"
"EN-001","2021-07","12.5"
"EN-001","2021-08","15.4"
"EN-001","2021-09","22.8"
"EN-001","2021-10","31.1"
"EN-001","2021-11","27.6"
"EN-001","2021-12","38"
"EN-001","2022-01","28.3"
"EN-001","2022-02","27.2"
"EN-001","2022-03","42.4"
"EN-001","2022-04","32.2"
"EN-001","2022-05","29.2"
"EN-001","2022-06","33.6"
"EN-001","2022-07","51.3"
"EN-001","2022-08","70"
"EN-001","2022-09","59.1"
"EN-001","2022-10","39"
"EN-001","2022-11","35.7"
"EN-001","2022-12","36"
"EN-001","2023-01","20.2"
"EN-001","2023-02","16.5"
"EN-001","2023-03","13.8"
"EN-001","2023-04","13.5"
"EN-001","2023-05","10.1"
"EN-001","2023-06","10.4"
"EN-001","2023-07","9.5"
"EN-001","2023-08","11.2"
"EN-001","2023-09","11.5"
"EN-001","2023-10","14.6"
"EN-001","2023-11","14.5"
"EN-001","2023-12","11.5"
"EN-001","2024-01","9.6"
"EN-001","2024-02","8.1"
"EN-001","2024-03","8.6"
"EN-001","2024-04","9.1"
"EN-001","2024-05","10.1"
"EN-001","2024-06","10.9"
"EN-001","2024-07","10.3"
"EN-001","2024-08","12.4"
"EN-001","2024-09","11.8"
"EN-001","2024-10","12.9"
"EN-001","2024-11","13.9"
"EN-001","2024-12","13.9"
"EN-001","2025-01","14.7"
"EN-001","2025-02","15.3"
"EN-001","2025-03","13.2"
"EN-001","2025-04","11.6"
"EN-001","2025-05","11.7"
"EN-001","2025-06","12.4"
"EN-001","2025-07","11.6"
"EN-001","2025-08","11.1"
"EN-001","2025-09","11.1"
"EN-001","2025-10","10.9"
"EN-001","2025-11","10.4"
"EN-001","2025-12","9.5"
"EN-001","2026-01","11.8"
"EN-001","2026-02","11.2"
"EN-001","2026-03","17.9"
"EN-001","2026-04","15.4"
"EN-001","2026-05","16.2"
"EN-001","2026-06","15.2"
"EN-003","1986-01-03","25.78"
"EN-003","1986-01-10","25.99"
"EN-003","1986-01-17","24.57"
"EN-003","1986-01-24","20.31"
"EN-003","1986-01-31","19.69"
"EN-003","1986-02-07","16.72"
"EN-003","1986-02-14","16.25"
"EN-003","1986-02-21","14.39"
"EN-003","1986-02-28","14.25"
"EN-003","1986-03-07","12.27"
"EN-003","1986-03-14","13.07"
"EN-003","1986-03-21","13.45"
"EN-003","1986-03-28","12"
"EN-003","1986-04-04","11.44"
"EN-003","1986-04-11","13.46"
"EN-003","1986-04-18","12.16"
"EN-003","1986-04-25","13.44"
"EN-003","1986-05-02","13.76"
"EN-003","1986-05-09","15.08"
"EN-003","1986-05-16","15.74"
"EN-003","1986-05-23","16.37"
"EN-003","1986-05-30","14.64"
"EN-003","1986-06-06","13.25"
"EN-003","1986-06-13","13.21"
"EN-003","1986-06-20","13.82"
"EN-003","1986-06-27","13.56"
"EN-003","1986-07-04","12.23"
"EN-003","1986-07-11","11.13"
"EN-003","1986-07-18","12.17"
"EN-003","1986-07-25","11.31"
"EN-003","1986-08-01","11.45"
"EN-003","1986-08-08","14.63"
"EN-003","1986-08-15","15.39"
"EN-003","1986-08-22","15.3"
"EN-003","1986-08-29","15.77"
"EN-003","1986-09-05","16.07"
"EN-003","1986-09-12","15.13"
"EN-003","1986-09-19","14.23"
"EN-003","1986-09-26","14.3"
"EN-003","1986-10-03","15.02"
"EN-003","1986-10-10","15.16"
"EN-003","1986-10-17","14.69"
"EN-003","1986-10-24","15.01"
"EN-003","1986-10-31","14.53"
"EN-003","1986-11-07","14.98"
"EN-003","1986-11-14","15.45"
"EN-003","1986-11-21","15.4"
"EN-003","1986-11-28","15.01"
"EN-003","1986-12-05","15.2"
"EN-003","1986-12-12","15.34"
"EN-003","1986-12-19","16.23"
"EN-003","1986-12-26","17.05"
"EN-003","1987-01-02","17.86"
"EN-003","1987-01-09","18.38"
"EN-003","1987-01-16","19.04"
"EN-003","1987-01-23","18.68"
"EN-003","1987-01-30","18.62"
"EN-003","1987-02-06","18.45"
"EN-003","1987-02-13","18.14"
"EN-003","1987-02-20","17.63"
"EN-003","1987-02-27","16.75"
"EN-003","1987-03-06","17.47"
"EN-003","1987-03-13","18.31"
"EN-003","1987-03-20","18.72"
"EN-003","1987-03-27","18.59"
"EN-003","1987-04-03","18.77"
"EN-003","1987-04-10","18.6"
"EN-003","1987-04-17","18.3"
"EN-003","1987-04-24","18.94"
"EN-003","1987-05-01","18.76"
"EN-003","1987-05-08","19.14"
"EN-003","1987-05-15","19.52"
"EN-003","1987-05-22","19.85"
"EN-003","1987-05-29","19.34"
"EN-003","1987-06-05","19.73"
"EN-003","1987-06-12","19.88"
"EN-003","1987-06-19","20.38"
"EN-003","1987-06-26","20.21"
"EN-003","1987-07-03","20.46"
"EN-003","1987-07-10","21.06"
"EN-003","1987-07-17","22.03"
"EN-003","1987-07-24","21.5"
"EN-003","1987-07-31","21.25"
"EN-003","1987-08-07","21.52"
"EN-003","1987-08-14","20.8"
"EN-003","1987-08-21","19.61"
"EN-003","1987-08-28","19.42"
"EN-003","1987-09-04","19.56"
"EN-003","1987-09-11","19.38"
"EN-003","1987-09-18","19.63"
"EN-003","1987-09-25","19.57"
"EN-003","1987-10-02","19.64"
"EN-003","1987-10-09","19.65"
"EN-003","1987-10-16","19.82"
"EN-003","1987-10-23","19.98"
"EN-003","1987-10-30","20.03"
"EN-003","1987-11-06","19.17"
"EN-003","1987-11-13","18.88"
"EN-003","1987-11-20","18.6"
"EN-003","1987-11-27","18.83"
"EN-003","1987-12-04","18.62"
"EN-003","1987-12-11","18.34"
"EN-003","1987-12-18","16.35"
"EN-003","1987-12-25","16.23"
"EN-003","1988-01-01","16.78"
"EN-003","1988-01-08","17.6"
"EN-003","1988-01-15","16.79"
"EN-003","1988-01-22","17.2"
"EN-003","1988-01-29","16.92"
"EN-003","1988-02-05","17.08"
"EN-003","1988-02-12","17.24"
"EN-003","1988-02-19","16.7"
"EN-003","1988-02-26","16.33"
"EN-003","1988-03-04","15.64"
"EN-003","1988-03-11","15.74"
"EN-003","1988-03-18","16.08"
"EN-003","1988-03-25","16.58"
"EN-003","1988-04-01","17.07"
"EN-003","1988-04-08","16.89"
"EN-003","1988-04-15","18.15"
"EN-003","1988-04-22","18.16"
"EN-003","1988-04-29","18.25"
"EN-003","1988-05-06","17.34"
"EN-003","1988-05-13","17.51"
"EN-003","1988-05-20","17.53"
"EN-003","1988-05-27","17.29"
"EN-003","1988-06-03","17.55"
"EN-003","1988-06-10","17.15"
"EN-003","1988-06-17","16.58"
"EN-003","1988-06-24","15.95"
"EN-003","1988-07-01","15.47"
"EN-003","1988-07-08","15.45"
"EN-003","1988-07-15","14.64"
"EN-003","1988-07-22","15.86"
"EN-003","1988-07-29","16.14"
"EN-003","1988-08-05","15.45"
"EN-003","1988-08-12","15.67"
"EN-003","1988-08-19","15.58"
"EN-003","1988-08-26","15.54"
"EN-003","1988-09-02","15.13"
"EN-003","1988-09-09","14.4"
"EN-003","1988-09-16","14.75"
"EN-003","1988-09-23","14.9"
"EN-003","1988-09-30","13.94"
"EN-003","1988-10-07","12.85"
"EN-003","1988-10-14","14.08"
"EN-003","1988-10-21","14.76"
"EN-003","1988-10-28","13.44"
"EN-003","1988-11-04","13.75"
"EN-003","1988-11-11","13.93"
"EN-003","1988-11-18","13.75"
"EN-003","1988-11-25","14.43"
"EN-003","1988-12-02","15.33"
"EN-003","1988-12-09","15.61"
"EN-003","1988-12-16","16.31"
"EN-003","1988-12-23","17.04"
"EN-003","1988-12-30","16.99"
"EN-003","1989-01-06","17.35"
"EN-003","1989-01-13","18.06"
"EN-003","1989-01-20","19.05"
"EN-003","1989-01-27","17.85"
"EN-003","1989-02-03","17.41"
"EN-003","1989-02-10","17.39"
"EN-003","1989-02-17","18.08"
"EN-003","1989-02-24","18.46"
"EN-003","1989-03-03","18.4"
"EN-003","1989-03-10","18.5"
"EN-003","1989-03-17","19.71"
"EN-003","1989-03-24","20"
"EN-003","1989-03-31","20.4"
"EN-003","1989-04-07","20.11"
"EN-003","1989-04-14","20.56"
"EN-003","1989-04-21","22.73"
"EN-003","1989-04-28","20.87"
"EN-003","1989-05-05","20.23"
"EN-003","1989-05-12","19.75"
"EN-003","1989-05-19","20.42"
"EN-003","1989-05-26","20.28"
"EN-003","1989-06-02","19.89"
"EN-003","1989-06-09","20.08"
"EN-003","1989-06-16","19.94"
"EN-003","1989-06-23","19.95"
"EN-003","1989-06-30","20.25"
"EN-003","1989-07-07","20.59"
"EN-003","1989-07-14","20.42"
"EN-003","1989-07-21","20.06"
"EN-003","1989-07-28","18.34"
"EN-003","1989-08-04","18.15"
"EN-003","1989-08-11","18.25"
"EN-003","1989-08-18","18.77"
"EN-003","1989-08-25","18.96"
"EN-003","1989-09-01","18.77"
"EN-003","1989-09-08","19.31"
"EN-003","1989-09-15","19.8"
"EN-003","1989-09-22","19.63"
"EN-003","1989-09-29","19.77"
"EN-003","1989-10-06","20.03"
"EN-003","1989-10-13","20.37"
"EN-003","1989-10-20","20.46"
"EN-003","1989-10-27","19.65"
"EN-003","1989-11-03","19.99"
"EN-003","1989-11-10","19.89"
"EN-003","1989-11-17","19.74"
"EN-003","1989-11-24","20.02"
"EN-003","1989-12-01","19.7"
"EN-003","1989-12-08","20.36"
"EN-003","1989-12-15","20.81"
"EN-003","1989-12-22","21.76"
"EN-003","1989-12-29","21.78"
"EN-003","1990-01-05","23.29"
"EN-003","1990-01-12","22.62"
"EN-003","1990-01-19","22.71"
"EN-003","1990-01-26","23.08"
"EN-003","1990-02-02","22.7"
"EN-003","1990-02-09","22.23"
"EN-003","1990-02-16","22.27"
"EN-003","1990-02-23","21.81"
"EN-003","1990-03-02","21.51"
"EN-003","1990-03-09","21.01"
"EN-003","1990-03-16","20.19"
"EN-003","1990-03-23","19.73"
"EN-003","1990-03-30","20.26"
"EN-003","1990-04-06","19.83"
"EN-003","1990-04-13","17.96"
"EN-003","1990-04-20","17.6"
"EN-003","1990-04-27","18.2"
"EN-003","1990-05-04","18.37"
"EN-003","1990-05-11","18.71"
"EN-003","1990-05-18","19.19"
"EN-003","1990-05-25","16.83"
"EN-003","1990-06-01","17.72"
"EN-003","1990-06-08","16.77"
"EN-003","1990-06-15","17.11"
"EN-003","1990-06-22","15.9"
"EN-003","1990-06-29","16.84"
"EN-003","1990-07-06","16.68"
"EN-003","1990-07-13","17.64"
"EN-003","1990-07-20","18.83"
"EN-003","1990-07-27","19.89"
"EN-003","1990-08-03","21.98"
"EN-003","1990-08-10","27.32"
"EN-003","1990-08-17","27.27"
"EN-003","1990-08-24","30.08"
"EN-003","1990-08-31","27.13"
"EN-003","1990-09-07","29.67"
"EN-003","1990-09-14","30.99"
"EN-003","1990-09-21","34.21"
"EN-003","1990-09-28","39.16"
"EN-003","1990-10-05","36.64"
"EN-003","1990-10-12","39.88"
"EN-003","1990-10-19","36.84"
"EN-003","1990-10-26","31.32"
"EN-003","1990-11-02","34.95"
"EN-003","1990-11-09","33.89"
"EN-003","1990-11-16","31.5"
"EN-003","1990-11-23","30.69"
"EN-003","1990-11-30","32.32"
"EN-003","1990-12-07","27.72"
"EN-003","1990-12-14","26.39"
"EN-003","1990-12-21","27.56"
"EN-003","1990-12-28","27.21"
"EN-003","1991-01-04","26.38"
"EN-003","1991-01-11","27.55"
"EN-003","1991-01-18","26.85"
"EN-003","1991-01-25","24.08"
"EN-003","1991-02-01","21.41"
"EN-003","1991-02-08","21.3"
"EN-003","1991-02-15","22.12"
"EN-003","1991-02-22","19.38"
"EN-003","1991-03-01","18.73"
"EN-003","1991-03-08","19.86"
"EN-003","1991-03-15","19.89"
"EN-003","1991-03-22","20.3"
"EN-003","1991-03-29","19.58"
"EN-003","1991-04-05","19.63"
"EN-003","1991-04-12","20.89"
"EN-003","1991-04-19","21.48"
"EN-003","1991-04-26","21.19"
"EN-003","1991-05-03","21.23"
"EN-003","1991-05-10","21.69"
"EN-003","1991-05-17","20.95"
"EN-003","1991-05-24","21.04"
"EN-003","1991-05-31","21.21"
"EN-003","1991-06-07","20.63"
"EN-003","1991-06-14","19.84"
"EN-003","1991-06-21","20.08"
"EN-003","1991-06-28","20.21"
"EN-003","1991-07-05","20.8"
"EN-003","1991-07-12","21.43"
"EN-003","1991-07-19","21.91"
"EN-003","1991-07-26","21.4"
"EN-003","1991-08-02","21.46"
"EN-003","1991-08-09","21.5"
"EN-003","1991-08-16","21.44"
"EN-003","1991-08-23","21.99"
"EN-003","1991-08-30","21.98"
"EN-003","1991-09-06","21.84"
"EN-003","1991-09-13","21.54"
"EN-003","1991-09-20","21.85"
"EN-003","1991-09-27","22.24"
"EN-003","1991-10-04","22.41"
"EN-003","1991-10-11","23.08"
"EN-003","1991-10-18","23.82"
"EN-003","1991-10-25","23.46"
"EN-003","1991-11-01","23.32"
"EN-003","1991-11-08","23.47"
"EN-003","1991-11-15","22.57"
"EN-003","1991-11-22","22.04"
"EN-003","1991-11-29","21.49"
"EN-003","1991-12-06","20.55"
"EN-003","1991-12-13","19.64"
"EN-003","1991-12-20","19.2"
"EN-003","1991-12-27","18.68"
"EN-003","1992-01-03","19.11"
"EN-003","1992-01-10","18.41"
"EN-003","1992-01-17","18.81"
"EN-003","1992-01-24","18.66"
"EN-003","1992-01-31","19.05"
"EN-003","1992-02-07","19.42"
"EN-003","1992-02-14","19.49"
"EN-003","1992-02-21","18.62"
"EN-003","1992-02-28","18.51"
"EN-003","1992-03-06","18.55"
"EN-003","1992-03-13","18.76"
"EN-003","1992-03-20","19.1"
"EN-003","1992-03-27","19.09"
"EN-003","1992-04-03","19.73"
"EN-003","1992-04-10","20.43"
"EN-003","1992-04-17","20.06"
"EN-003","1992-04-24","20.06"
"EN-003","1992-05-01","20.63"
"EN-003","1992-05-08","20.86"
"EN-003","1992-05-15","20.8"
"EN-003","1992-05-22","20.49"
"EN-003","1992-05-29","21.98"
"EN-003","1992-06-05","22.38"
"EN-003","1992-06-12","22.35"
"EN-003","1992-06-19","22.26"
"EN-003","1992-06-26","22.68"
"EN-003","1992-07-03","22.03"
"EN-003","1992-07-10","21.48"
"EN-003","1992-07-17","21.58"
"EN-003","1992-07-24","21.95"
"EN-003","1992-07-31","21.95"
"EN-003","1992-08-07","21.34"
"EN-003","1992-08-14","21.18"
"EN-003","1992-08-21","21.39"
"EN-003","1992-08-28","21.43"
"EN-003","1992-09-04","21.66"
"EN-003","1992-09-11","21.94"
"EN-003","1992-09-18","22.21"
"EN-003","1992-09-25","21.71"
"EN-003","1992-10-02","21.81"
"EN-003","1992-10-09","21.9"
"EN-003","1992-10-16","22.25"
"EN-003","1992-10-23","21.58"
"EN-003","1992-10-30","20.95"
"EN-003","1992-11-06","20.52"
"EN-003","1992-11-13","20.37"
"EN-003","1992-11-20","20.35"
"EN-003","1992-11-27","20.16"
"EN-003","1992-12-04","19.38"
"EN-003","1992-12-11","19.01"
"EN-003","1992-12-18","19.38"
"EN-003","1992-12-25","19.91"
"EN-003","1993-01-01","19.63"
"EN-003","1993-01-08","19"
"EN-003","1993-01-15","18.62"
"EN-003","1993-01-22","18.61"
"EN-003","1993-01-29","19.9"
"EN-003","1993-02-05","20.22"
"EN-003","1993-02-12","20.13"
"EN-003","1993-02-19","19.51"
"EN-003","1993-02-26","20.4"
"EN-003","1993-03-05","20.69"
"EN-003","1993-03-12","20.45"
"EN-003","1993-03-19","20.14"
"EN-003","1993-03-26","20"
"EN-003","1993-04-02","20.44"
"EN-003","1993-04-09","20.37"
"EN-003","1993-04-16","20.28"
"EN-003","1993-04-23","19.95"
"EN-003","1993-04-30","20.3"
"EN-003","1993-05-07","20.47"
"EN-003","1993-05-14","20.06"
"EN-003","1993-05-21","19.43"
"EN-003","1993-05-28","19.84"
"EN-003","1993-06-04","19.95"
"EN-003","1993-06-11","19.43"
"EN-003","1993-06-18","18.76"
"EN-003","1993-06-25","18.52"
"EN-003","1993-07-02","18.61"
"EN-003","1993-07-09","18.02"
"EN-003","1993-07-16","17.72"
"EN-003","1993-07-23","17.54"
"EN-003","1993-07-30","18.18"
"EN-003","1993-08-06","17.67"
"EN-003","1993-08-13","17.87"
"EN-003","1993-08-20","17.84"
"EN-003","1993-08-27","18.49"
"EN-003","1993-09-03","18.1"
"EN-003","1993-09-10","16.96"
"EN-003","1993-09-17","16.94"
"EN-003","1993-09-24","17.67"
"EN-003","1993-10-01","18.33"
"EN-003","1993-10-08","18.46"
"EN-003","1993-10-15","18.57"
"EN-003","1993-10-22","18.12"
"EN-003","1993-10-29","17.37"
"EN-003","1993-11-05","17.29"
"EN-003","1993-11-12","16.71"
"EN-003","1993-11-19","16.75"
"EN-003","1993-11-26","16.08"
"EN-003","1993-12-03","15.21"
"EN-003","1993-12-10","14.68"
"EN-003","1993-12-17","14.31"
"EN-003","1993-12-24","14.4"
"EN-003","1993-12-31","14.21"
"EN-003","1994-01-07","15.03"
"EN-003","1994-01-14","14.67"
"EN-003","1994-01-21","15.02"
"EN-003","1994-01-28","15.34"
"EN-003","1994-02-04","15.76"
"EN-003","1994-02-11","14.87"
"EN-003","1994-02-18","14.13"
"EN-003","1994-02-25","14.44"
"EN-003","1994-03-04","14.68"
"EN-003","1994-03-11","14.24"
"EN-003","1994-03-18","14.82"
"EN-003","1994-03-25","15.15"
"EN-003","1994-04-01","14.44"
"EN-003","1994-04-08","15.65"
"EN-003","1994-04-15","16.07"
"EN-003","1994-04-22","17.02"
"EN-003","1994-04-29","16.93"
"EN-003","1994-05-06","17.2"
"EN-003","1994-05-13","17.93"
"EN-003","1994-05-20","18.21"
"EN-003","1994-05-27","18.14"
"EN-003","1994-06-03","18.24"
"EN-003","1994-06-10","18.26"
"EN-003","1994-06-17","19.61"
"EN-003","1994-06-24","19.8"
"EN-003","1994-07-01","19.16"
"EN-003","1994-07-08","19.39"
"EN-003","1994-07-15","20.16"
"EN-003","1994-07-22","19.39"
"EN-003","1994-07-29","19.66"
"EN-003","1994-08-05","20.09"
"EN-003","1994-08-12","18.88"
"EN-003","1994-08-19","17.85"
"EN-003","1994-08-26","17.23"
"EN-003","1994-09-02","17.52"
"EN-003","1994-09-09","17.65"
"EN-003","1994-09-16","16.93"
"EN-003","1994-09-23","17.38"
"EN-003","1994-09-30","17.83"
"EN-003","1994-10-07","18.13"
"EN-003","1994-10-14","17.37"
"EN-003","1994-10-21","17.35"
"EN-003","1994-10-28","17.93"
"EN-003","1994-11-04","18.69"
"EN-003","1994-11-11","18.25"
"EN-003","1994-11-18","17.51"
"EN-003","1994-11-25","17.73"
"EN-003","1994-12-02","17.78"
"EN-003","1994-12-09","16.99"
"EN-003","1994-12-16","16.86"
"EN-003","1994-12-23","17.1"
"EN-003","1994-12-30","17.71"
"EN-003","1995-01-06","17.62"
"EN-003","1995-01-13","17.55"
"EN-003","1995-01-20","18.45"
"EN-003","1995-01-27","18.34"
"EN-003","1995-02-03","18.5"
"EN-003","1995-02-10","18.42"
"EN-003","1995-02-17","18.55"
"EN-003","1995-02-24","18.75"
"EN-003","1995-03-03","18.5"
"EN-003","1995-03-10","18.27"
"EN-003","1995-03-17","18.13"
"EN-003","1995-03-24","18.69"
"EN-003","1995-03-31","19.12"
"EN-003","1995-04-07","19.43"
"EN-003","1995-04-14","19.53"
"EN-003","1995-04-21","20.26"
"EN-003","1995-04-28","20.29"
"EN-003","1995-05-05","20.24"
"EN-003","1995-05-12","19.74"
"EN-003","1995-05-19","19.98"
"EN-003","1995-05-26","19.37"
"EN-003","1995-06-02","18.92"
"EN-003","1995-06-09","19.05"
"EN-003","1995-06-16","18.91"
"EN-003","1995-06-23","17.88"
"EN-003","1995-06-30","17.71"
"EN-003","1995-07-07","17.28"
"EN-003","1995-07-14","17.34"
"EN-003","1995-07-21","17.21"
"EN-003","1995-07-28","17.41"
"EN-003","1995-08-04","17.72"
"EN-003","1995-08-11","17.81"
"EN-003","1995-08-18","17.6"
"EN-003","1995-08-25","19.02"
"EN-003","1995-09-01","17.88"
"EN-003","1995-09-08","18.37"
"EN-003","1995-09-15","18.72"
"EN-003","1995-09-22","18.32"
"EN-003","1995-09-29","17.55"
"EN-003","1995-10-06","17.29"
"EN-003","1995-10-13","17.28"
"EN-003","1995-10-20","17.51"
"EN-003","1995-10-27","17.56"
"EN-003","1995-11-03","17.79"
"EN-003","1995-11-10","17.76"
"EN-003","1995-11-17","18.06"
"EN-003","1995-11-24","17.99"
"EN-003","1995-12-01","18.32"
"EN-003","1995-12-08","18.74"
"EN-003","1995-12-15","19.02"
"EN-003","1995-12-22","19.12"
"EN-003","1995-12-29","19.44"
"EN-003","1996-01-05","19.99"
"EN-003","1996-01-12","19.43"
"EN-003","1996-01-19","18.64"
"EN-003","1996-01-26","18.35"
"EN-003","1996-02-02","17.64"
"EN-003","1996-02-09","17.72"
"EN-003","1996-02-16","18.8"
"EN-003","1996-02-23","21.45"
"EN-003","1996-03-01","19.49"
"EN-003","1996-03-08","19.72"
"EN-003","1996-03-15","20.8"
"EN-003","1996-03-22","23.16"
"EN-003","1996-03-29","22.03"
"EN-003","1996-04-05","22.49"
"EN-003","1996-04-12","23.95"
"EN-003","1996-04-19","24.34"
"EN-003","1996-04-26","23.8"
"EN-003","1996-05-03","21.16"
"EN-003","1996-05-10","20.98"
"EN-003","1996-05-17","21.06"
"EN-003","1996-05-24","22.24"
"EN-003","1996-05-31","20.37"
"EN-003","1996-06-07","20.04"
"EN-003","1996-06-14","20.15"
"EN-003","1996-06-21","20.95"
"EN-003","1996-06-28","20.55"
"EN-003","1996-07-05","21.4"
"EN-003","1996-07-12","21.65"
"EN-003","1996-07-19","21.8"
"EN-003","1996-07-26","20.96"
"EN-003","1996-08-02","20.66"
"EN-003","1996-08-09","21.35"
"EN-003","1996-08-16","22.25"
"EN-003","1996-08-23","22.5"
"EN-003","1996-08-30","21.82"
"EN-003","1996-09-06","23.48"
"EN-003","1996-09-13","24.42"
"EN-003","1996-09-20","23.52"
"EN-003","1996-09-27","24.33"
"EN-003","1996-10-04","24.44"
"EN-003","1996-10-11","24.93"
"EN-003","1996-10-18","25.45"
"EN-003","1996-10-25","25.15"
"EN-003","1996-11-01","23.91"
"EN-003","1996-11-08","22.92"
"EN-003","1996-11-15","23.9"
"EN-003","1996-11-22","24.03"
"EN-003","1996-11-29","24.21"
"EN-003","1996-12-06","25.14"
"EN-003","1996-12-13","24.2"
"EN-003","1996-12-20","26.02"
"EN-003","1996-12-27","25.44"
"EN-003","1997-01-03","25.59"
"EN-003","1997-01-10","26.3"
"EN-003","1997-01-17","25.42"
"EN-003","1997-01-24","24.4"
"EN-003","1997-01-31","24.24"
"EN-003","1997-02-07","23.49"
"EN-003","1997-02-14","22.21"
"EN-003","1997-02-21","22.18"
"EN-003","1997-02-28","20.83"
"EN-003","1997-03-07","20.77"
"EN-003","1997-03-14","20.64"
"EN-003","1997-03-21","21.72"
"EN-003","1997-03-28","20.83"
"EN-003","1997-04-04","19.76"
"EN-003","1997-04-11","19.38"
"EN-003","1997-04-18","19.65"
"EN-003","1997-04-25","19.85"
"EN-003","1997-05-02","19.99"
"EN-003","1997-05-09","19.94"
"EN-003","1997-05-16","21.45"
"EN-003","1997-05-23","21.43"
"EN-003","1997-05-30","20.9"
"EN-003","1997-06-06","20.12"
"EN-003","1997-06-13","18.88"
"EN-003","1997-06-20","18.93"
"EN-003","1997-06-27","19"
"EN-003","1997-07-04","19.95"
"EN-003","1997-07-11","19.44"
"EN-003","1997-07-18","19.49"
"EN-003","1997-07-25","19.52"
"EN-003","1997-08-01","20.13"
"EN-003","1997-08-08","20.35"
"EN-003","1997-08-15","19.99"
"EN-003","1997-08-22","19.92"
"EN-003","1997-08-29","19.5"
"EN-003","1997-09-05","19.61"
"EN-003","1997-09-12","19.44"
"EN-003","1997-09-19","19.44"
"EN-003","1997-09-26","20.12"
"EN-003","1997-10-03","21.62"
"EN-003","1997-10-10","22.01"
"EN-003","1997-10-17","21.03"
"EN-003","1997-10-24","21"
"EN-003","1997-10-31","20.92"
"EN-003","1997-11-07","20.65"
"EN-003","1997-11-14","20.66"
"EN-003","1997-11-21","19.81"
"EN-003","1997-11-28","19.3"
"EN-003","1997-12-05","18.69"
"EN-003","1997-12-12","18.44"
"EN-003","1997-12-19","18.31"
"EN-003","1997-12-26","18.31"
"EN-003","1998-01-02","17.58"
"EN-003","1998-01-09","16.83"
"EN-003","1998-01-16","16.47"
"EN-003","1998-01-23","16.02"
"EN-003","1998-01-30","17.3"
"EN-003","1998-02-06","16.65"
"EN-003","1998-02-13","16.25"
"EN-003","1998-02-20","16.03"
"EN-003","1998-02-27","15.3"
"EN-003","1998-03-06","15.23"
"EN-003","1998-03-13","14.4"
"EN-003","1998-03-20","14.04"
"EN-003","1998-03-27","16.42"
"EN-003","1998-04-03","15.98"
"EN-003","1998-04-10","15.55"
"EN-003","1998-04-17","15.53"
"EN-003","1998-04-24","14.5"
"EN-003","1998-05-01","15.71"
"EN-003","1998-05-08","15.48"
"EN-003","1998-05-15","15.03"
"EN-003","1998-05-22","13.91"
"EN-003","1998-05-29","14.99"
"EN-003","1998-06-05","15.02"
"EN-003","1998-06-12","13.42"
"EN-003","1998-06-19","12.04"
"EN-003","1998-06-26","14.17"
"EN-003","1998-07-03","14.41"
"EN-003","1998-07-10","13.94"
"EN-003","1998-07-17","14.48"
"EN-003","1998-07-24","13.89"
"EN-003","1998-07-31","14.24"
"EN-003","1998-08-07","13.83"
"EN-003","1998-08-14","13.12"
"EN-003","1998-08-21","13.33"
"EN-003","1998-08-28","13.65"
"EN-003","1998-09-04","13.98"
"EN-003","1998-09-11","14.45"
"EN-003","1998-09-18","14.88"
"EN-003","1998-09-25","15.78"
"EN-003","1998-10-02","15.83"
"EN-003","1998-10-09","15.02"
"EN-003","1998-10-16","14.21"
"EN-003","1998-10-23","13.81"
"EN-003","1998-10-30","14.34"
"EN-003","1998-11-06","14.13"
"EN-003","1998-11-13","13.63"
"EN-003","1998-11-20","12.4"
"EN-003","1998-11-27","11.62"
"EN-003","1998-12-04","11.28"
"EN-003","1998-12-11","11.16"
"EN-003","1998-12-18","11.5"
"EN-003","1998-12-25","11"
"EN-003","1999-01-01","11.83"
"EN-003","1999-01-08","12.67"
"EN-003","1999-01-15","12.62"
"EN-003","1999-01-22","12.26"
"EN-003","1999-01-29","12.46"
"EN-003","1999-02-05","12.16"
"EN-003","1999-02-12","11.81"
"EN-003","1999-02-19","11.66"
"EN-003","1999-02-26","12.36"
"EN-003","1999-03-05","12.9"
"EN-003","1999-03-12","14.19"
"EN-003","1999-03-19","14.91"
"EN-003","1999-03-26","15.55"
"EN-003","1999-04-02","16.61"
"EN-003","1999-04-09","16.45"
"EN-003","1999-04-16","16.77"
"EN-003","1999-04-23","17.93"
"EN-003","1999-04-30","18.23"
"EN-003","1999-05-07","18.62"
"EN-003","1999-05-14","18"
"EN-003","1999-05-21","17.18"
"EN-003","1999-05-28","17.07"
"EN-003","1999-06-04","16.77"
"EN-003","1999-06-11","17.96"
"EN-003","1999-06-18","18.21"
"EN-003","1999-06-25","18.05"
"EN-003","1999-07-02","19.04"
"EN-003","1999-07-09","19.87"
"EN-003","1999-07-16","20.21"
"EN-003","1999-07-23","19.89"
"EN-003","1999-07-30","20.62"
"EN-003","1999-08-06","20.54"
"EN-003","1999-08-13","21.44"
"EN-003","1999-08-20","21.62"
"EN-003","1999-08-27","21.21"
"EN-003","1999-09-03","21.88"
"EN-003","1999-09-10","23"
"EN-003","1999-09-17","24.28"
"EN-003","1999-09-24","24.53"
"EN-003","1999-10-01","24.58"
"EN-003","1999-10-08","22.72"
"EN-003","1999-10-15","22.54"
"EN-003","1999-10-22","22.65"
"EN-003","1999-10-29","22.5"
"EN-003","1999-11-05","22.72"
"EN-003","1999-11-12","24.22"
"EN-003","1999-11-19","26.05"
"EN-003","1999-11-26","27.35"
"EN-003","1999-12-03","25.46"
"EN-003","1999-12-10","26.19"
"EN-003","1999-12-17","26.2"
"EN-003","1999-12-24","26.07"
"EN-003","1999-12-31","26.34"
"EN-003","2000-01-07","24.95"
"EN-003","2000-01-14","26.27"
"EN-003","2000-01-21","29.37"
"EN-003","2000-01-28","28.34"
"EN-003","2000-02-04","28.08"
"EN-003","2000-02-11","28.83"
"EN-003","2000-02-18","29.87"
"EN-003","2000-02-25","30.1"
"EN-003","2000-03-03","31.07"
"EN-003","2000-03-10","32.14"
"EN-003","2000-03-17","31.29"
"EN-003","2000-03-24","27.99"
"EN-003","2000-03-31","26.92"
"EN-003","2000-04-07","25.6"
"EN-003","2000-04-14","24.87"
"EN-003","2000-04-21","26.66"
"EN-003","2000-04-28","25.95"
"EN-003","2000-05-05","26.75"
"EN-003","2000-05-12","28.7"
"EN-003","2000-05-19","29.88"
"EN-003","2000-05-26","29.46"
"EN-003","2000-06-02","29.98"
"EN-003","2000-06-09","29.79"
"EN-003","2000-06-16","32.45"
"EN-003","2000-06-23","33.55"
"EN-003","2000-06-30","32.12"
"EN-003","2000-07-07","30.4"
"EN-003","2000-07-14","30.44"
"EN-003","2000-07-21","30.65"
"EN-003","2000-07-28","28.02"
"EN-003","2000-08-04","28.5"
"EN-003","2000-08-11","30.14"
"EN-003","2000-08-18","31.82"
"EN-003","2000-08-25","32.46"
"EN-003","2000-09-01","33.08"
"EN-003","2000-09-08","34.42"
"EN-003","2000-09-15","34.7"
"EN-003","2000-09-22","35.49"
"EN-003","2000-09-29","31.13"
"EN-003","2000-10-06","31.27"
"EN-003","2000-10-13","33.9"
"EN-003","2000-10-20","33.48"
"EN-003","2000-10-27","33.92"
"EN-003","2000-11-03","32.78"
"EN-003","2000-11-10","33.46"
"EN-003","2000-11-17","35"
"EN-003","2000-11-24","35.91"
"EN-003","2000-12-01","34.1"
"EN-003","2000-12-08","29.69"
"EN-003","2000-12-15","29.05"
"EN-003","2000-12-22","27.38"
"EN-003","2000-12-29","26.52"
"EN-003","2001-01-05","27.8"
"EN-003","2001-01-12","28.81"
"EN-003","2001-01-19","30.63"
"EN-003","2001-01-26","31.35"
"EN-003","2001-02-02","29.59"
"EN-003","2001-02-09","30.92"
"EN-003","2001-02-16","29.67"
"EN-003","2001-02-23","28.65"
"EN-003","2001-03-02","27.91"
"EN-003","2001-03-09","28.45"
"EN-003","2001-03-16","27.02"
"EN-003","2001-03-23","26.42"
"EN-003","2001-03-30","26.86"
"EN-003","2001-04-06","26.76"
"EN-003","2001-04-13","28.27"
"EN-003","2001-04-20","27.89"
"EN-003","2001-04-27","26.99"
"EN-003","2001-05-04","28.36"
"EN-003","2001-05-11","28.12"
"EN-003","2001-05-18","29.08"
"EN-003","2001-05-25","28.92"
"EN-003","2001-06-01","28.44"
"EN-003","2001-06-08","27.98"
"EN-003","2001-06-15","28.9"
"EN-003","2001-06-22","27.09"
"EN-003","2001-06-29","26.37"
"EN-003","2001-07-06","26.87"
"EN-003","2001-07-13","27.07"
"EN-003","2001-07-20","25.26"
"EN-003","2001-07-27","26.5"
"EN-003","2001-08-03","27.1"
"EN-003","2001-08-10","27.87"
"EN-003","2001-08-17","27.52"
"EN-003","2001-08-24","27.25"
"EN-003","2001-08-31","26.84"
"EN-003","2001-09-07","27.38"
"EN-003","2001-09-14","28.22"
"EN-003","2001-09-21","27.09"
"EN-003","2001-09-28","22.35"
"EN-003","2001-10-05","22.6"
"EN-003","2001-10-12","22.66"
"EN-003","2001-10-19","21.92"
"EN-003","2001-10-26","21.78"
"EN-003","2001-11-02","21.17"
"EN-003","2001-11-09","20.7"
"EN-003","2001-11-16","19.61"
"EN-003","2001-11-23","18.28"
"EN-003","2001-11-30","19.13"
"EN-003","2001-12-07","19.47"
"EN-003","2001-12-14","18.45"
"EN-003","2001-12-21","19.2"
"EN-003","2001-12-28","20.94"
"EN-003","2002-01-04","20.8"
"EN-003","2002-01-11","20.54"
"EN-003","2002-01-18","18.61"
"EN-003","2002-01-25","19.21"
"EN-003","2002-02-01","19.71"
"EN-003","2002-02-08","19.97"
"EN-003","2002-02-15","21.18"
"EN-003","2002-02-22","20.7"
"EN-003","2002-03-01","21.43"
"EN-003","2002-03-08","23.31"
"EN-003","2002-03-15","24.4"
"EN-003","2002-03-22","25.25"
"EN-003","2002-03-29","25.86"
"EN-003","2002-04-05","26.99"
"EN-003","2002-04-12","25.24"
"EN-003","2002-04-19","25.54"
"EN-003","2002-04-26","26.46"
"EN-003","2002-05-03","26.88"
"EN-003","2002-05-10","27.27"
"EN-003","2002-05-17","28.43"
"EN-003","2002-05-24","27.18"
"EN-003","2002-05-31","25.22"
"EN-003","2002-06-07","25.01"
"EN-003","2002-06-14","24.94"
"EN-003","2002-06-21","25.61"
"EN-003","2002-06-28","26.52"
"EN-003","2002-07-05","26.81"
"EN-003","2002-07-12","26.7"
"EN-003","2002-07-19","27.62"
"EN-003","2002-07-26","26.64"
"EN-003","2002-08-02","26.87"
"EN-003","2002-08-09","26.77"
"EN-003","2002-08-16","28.52"
"EN-003","2002-08-23","30.09"
"EN-003","2002-08-30","28.84"
"EN-003","2002-09-06","28.65"
"EN-003","2002-09-13","29.59"
"EN-003","2002-09-20","29.39"
"EN-003","2002-09-27","30.63"
"EN-003","2002-10-04","30.25"
"EN-003","2002-10-11","29.37"
"EN-003","2002-10-18","29.65"
"EN-003","2002-10-25","27.88"
"EN-003","2002-11-01","27.03"
"EN-003","2002-11-08","25.97"
"EN-003","2002-11-15","25.68"
"EN-003","2002-11-22","26.98"
"EN-003","2002-11-29","26.83"
"EN-003","2002-12-06","27.14"
"EN-003","2002-12-13","27.82"
"EN-003","2002-12-20","30.35"
"EN-003","2002-12-27","32.38"
"EN-003","2003-01-03","31.96"
"EN-003","2003-01-10","31.54"
"EN-003","2003-01-17","33.04"
"EN-003","2003-01-24","34.46"
"EN-003","2003-01-31","33.19"
"EN-003","2003-02-07","33.95"
"EN-003","2003-02-14","35.79"
"EN-003","2003-02-21","36.78"
"EN-003","2003-02-28","36.98"
"EN-003","2003-03-07","36.98"
"EN-003","2003-03-14","36.66"
"EN-003","2003-03-21","30.46"
"EN-003","2003-03-28","30.43"
"EN-003","2003-04-04","29.33"
"EN-003","2003-04-11","28.03"
"EN-003","2003-04-18","29.28"
"EN-003","2003-04-25","28.43"
"EN-003","2003-05-02","25.69"
"EN-003","2003-05-09","26.58"
"EN-003","2003-05-16","28.54"
"EN-003","2003-05-23","29.29"
"EN-003","2003-05-30","29.1"
"EN-003","2003-06-06","30.68"
"EN-003","2003-06-13","31.46"
"EN-003","2003-06-20","30.6"
"EN-003","2003-06-27","30.01"
"EN-003","2003-07-04","30.31"
"EN-003","2003-07-11","30.73"
"EN-003","2003-07-18","31.48"
"EN-003","2003-07-25","30.61"
"EN-003","2003-08-01","30.73"
"EN-003","2003-08-08","32.11"
"EN-003","2003-08-15","31.31"
"EN-003","2003-08-22","31.19"
"EN-003","2003-08-29","31.56"
"EN-003","2003-09-05","29.2"
"EN-003","2003-09-12","28.92"
"EN-003","2003-09-19","27.39"
"EN-003","2003-09-26","27.73"
"EN-003","2003-10-03","29.43"
"EN-003","2003-10-10","30.69"
"EN-003","2003-10-17","31.49"
"EN-003","2003-10-24","30.17"
"EN-003","2003-10-31","29.28"
"EN-003","2003-11-07","29.79"
"EN-003","2003-11-14","31.56"
"EN-003","2003-11-21","32.58"
"EN-003","2003-11-28","30.11"
"EN-003","2003-12-05","30.63"
"EN-003","2003-12-12","32.16"
"EN-003","2003-12-19","33.2"
"EN-003","2003-12-26","32.24"
"EN-003","2004-01-02","32.68"
"EN-003","2004-01-09","33.89"
"EN-003","2004-01-16","34.51"
"EN-003","2004-01-23","35.45"
"EN-003","2004-01-30","33.61"
"EN-003","2004-02-06","33.41"
"EN-003","2004-02-13","33.88"
"EN-003","2004-02-20","35.54"
"EN-003","2004-02-27","36.08"
"EN-003","2004-03-05","36.67"
"EN-003","2004-03-12","36.44"
"EN-003","2004-03-19","37.78"
"EN-003","2004-03-26","36.65"
"EN-003","2004-04-02","35.23"
"EN-003","2004-04-09","35.7"
"EN-003","2004-04-16","37.39"
"EN-003","2004-04-23","37.32"
"EN-003","2004-04-30","37.31"
"EN-003","2004-05-07","39.24"
"EN-003","2004-05-14","40.37"
"EN-003","2004-05-21","40.84"
"EN-003","2004-05-28","40.65"
"EN-003","2004-06-04","40.01"
"EN-003","2004-06-11","37.99"
"EN-003","2004-06-18","37.86"
"EN-003","2004-06-25","37.7"
"EN-003","2004-07-02","37.14"
"EN-003","2004-07-09","39.73"
"EN-003","2004-07-16","40.33"
"EN-003","2004-07-23","41.27"
"EN-003","2004-07-30","42.5"
"EN-003","2004-08-06","43.81"
"EN-003","2004-08-13","45.24"
"EN-003","2004-08-20","47.28"
"EN-003","2004-08-27","44.34"
"EN-003","2004-09-03","43.28"
"EN-003","2004-09-10","43.33"
"EN-003","2004-09-17","44.39"
"EN-003","2004-09-24","47.82"
"EN-003","2004-10-01","49.71"
"EN-003","2004-10-08","51.77"
"EN-003","2004-10-15","54.12"
"EN-003","2004-10-22","54.43"
"EN-003","2004-10-29","53.43"
"EN-003","2004-11-05","49.81"
"EN-003","2004-11-12","48"
"EN-003","2004-11-19","47.02"
"EN-003","2004-11-26","48.79"
"EN-003","2004-12-03","46.06"
"EN-003","2004-12-10","41.91"
"EN-003","2004-12-17","43.5"
"EN-003","2004-12-24","44.39"
"EN-003","2004-12-31","42.52"
"EN-003","2005-01-07","44.07"
"EN-003","2005-01-14","46.79"
"EN-003","2005-01-21","47.85"
"EN-003","2005-01-28","48.56"
"EN-003","2005-02-04","46.97"
"EN-003","2005-02-11","46.08"
"EN-003","2005-02-18","47.82"
"EN-003","2005-02-25","51.75"
"EN-003","2005-03-04","52.74"
"EN-003","2005-03-11","54.22"
"EN-003","2005-03-18","55.93"
"EN-003","2005-03-25","52.95"
"EN-003","2005-04-01","54.97"
"EN-003","2005-04-08","55.24"
"EN-003","2005-04-15","51.44"
"EN-003","2005-04-22","52.39"
"EN-003","2005-04-29","52"
"EN-003","2005-05-06","50.64"
"EN-003","2005-05-13","50.33"
"EN-003","2005-05-20","47.77"
"EN-003","2005-05-27","50.15"
"EN-003","2005-06-03","53.76"
"EN-003","2005-06-10","53.74"
"EN-003","2005-06-17","56.18"
"EN-003","2005-06-24","59.04"
"EN-003","2005-07-01","58.21"
"EN-003","2005-07-08","60.36"
"EN-003","2005-07-15","59.18"
"EN-003","2005-07-22","57.3"
"EN-003","2005-07-29","59.39"
"EN-003","2005-08-05","61.64"
"EN-003","2005-08-12","64.85"
"EN-003","2005-08-19","64.92"
"EN-003","2005-08-26","66.34"
"EN-003","2005-09-02","68.47"
"EN-003","2005-09-09","64.81"
"EN-003","2005-09-16","63.84"
"EN-003","2005-09-23","66.43"
"EN-003","2005-09-30","66.06"
"EN-003","2005-10-07","63.06"
"EN-003","2005-10-14","62.87"
"EN-003","2005-10-21","62.28"
"EN-003","2005-10-28","61.33"
"EN-003","2005-11-04","60.34"
"EN-003","2005-11-11","58.8"
"EN-003","2005-11-18","57"
"EN-003","2005-11-25","58.13"
"EN-003","2005-12-02","57.78"
"EN-003","2005-12-09","59.83"
"EN-003","2005-12-16","60.32"
"EN-003","2005-12-23","57.97"
"EN-003","2005-12-30","59.82"
"EN-003","2006-01-06","63.39"
"EN-003","2006-01-13","63.74"
"EN-003","2006-01-20","66.79"
"EN-003","2006-01-27","66.82"
"EN-003","2006-02-03","66.59"
"EN-003","2006-02-10","63.06"
"EN-003","2006-02-17","59.37"
"EN-003","2006-02-24","59.93"
"EN-003","2006-03-03","62.27"
"EN-003","2006-03-10","60.89"
"EN-003","2006-03-17","62.64"
"EN-003","2006-03-24","61.36"
"EN-003","2006-03-31","65.67"
"EN-003","2006-04-07","66.56"
"EN-003","2006-04-14","68.85"
"EN-003","2006-04-21","71.87"
"EN-003","2006-04-28","70.38"
"EN-003","2006-05-05","72.14"
"EN-003","2006-05-12","71.5"
"EN-003","2006-05-19","69.07"
"EN-003","2006-05-26","70.35"
"EN-003","2006-06-02","71.53"
"EN-003","2006-06-09","71.54"
"EN-003","2006-06-16","69.48"
"EN-003","2006-06-23","69.94"
"EN-003","2006-06-30","72.65"
"EN-003","2006-07-07","74.65"
"EN-003","2006-07-14","75.21"
"EN-003","2006-07-21","73.98"
"EN-003","2006-07-28","73.87"
"EN-003","2006-08-04","75.2"
"EN-003","2006-08-11","75.63"
"EN-003","2006-08-18","71.79"
"EN-003","2006-08-25","72.12"
"EN-003","2006-09-01","70.01"
"EN-003","2006-09-08","67.53"
"EN-003","2006-09-15","63.98"
"EN-003","2006-09-22","61.4"
"EN-003","2006-09-29","61.94"
"EN-003","2006-10-06","59.77"
"EN-003","2006-10-13","58.58"
"EN-003","2006-10-20","58.48"
"EN-003","2006-10-27","58.88"
"EN-003","2006-11-03","58.55"
"EN-003","2006-11-10","59.96"
"EN-003","2006-11-17","57.56"
"EN-003","2006-11-24","57.24"
"EN-003","2006-12-01","62.02"
"EN-003","2006-12-08","62.32"
"EN-003","2006-12-15","61.91"
"EN-003","2006-12-22","62.4"
"EN-003","2006-12-29","60.66"
"EN-003","2007-01-05","57.76"
"EN-003","2007-01-12","54.11"
"EN-003","2007-01-19","51.51"
"EN-003","2007-01-26","53.57"
"EN-003","2007-02-02","57.11"
"EN-003","2007-02-09","58.99"
"EN-003","2007-02-16","58.41"
"EN-003","2007-02-23","59.57"
"EN-003","2007-03-02","61.64"
"EN-003","2007-03-09","60.85"
"EN-003","2007-03-16","57.94"
"EN-003","2007-03-23","58.26"
"EN-003","2007-03-30","64.18"
"EN-003","2007-04-06","64.82"
"EN-003","2007-04-13","62.58"
"EN-003","2007-04-20","63.06"
"EN-003","2007-04-27","65.26"
"EN-003","2007-05-04","63.82"
"EN-003","2007-05-11","61.9"
"EN-003","2007-05-18","63.61"
"EN-003","2007-05-25","64.89"
"EN-003","2007-06-01","63.94"
"EN-003","2007-06-08","65.9"
"EN-003","2007-06-15","66.62"
"EN-003","2007-06-22","68.78"
"EN-003","2007-06-29","69.13"
"EN-003","2007-07-06","71.78"
"EN-003","2007-07-13","72.79"
"EN-003","2007-07-20","74.92"
"EN-003","2007-07-27","75.15"
"EN-003","2007-08-03","76.75"
"EN-003","2007-08-10","71.92"
"EN-003","2007-08-17","72.05"
"EN-003","2007-08-24","70.19"
"EN-003","2007-08-31","72.93"
"EN-003","2007-09-07","75.96"
"EN-003","2007-09-14","78.95"
"EN-003","2007-09-21","82.26"
"EN-003","2007-09-28","81.7"
"EN-003","2007-10-05","80.59"
"EN-003","2007-10-12","81.46"
"EN-003","2007-10-19","87.8"
"EN-003","2007-10-26","89.23"
"EN-003","2007-11-02","93.46"
"EN-003","2007-11-09","95.81"
"EN-003","2007-11-16","93.56"
"EN-003","2007-11-23","97.93"
"EN-003","2007-11-30","92.47"
"EN-003","2007-12-07","88.71"
"EN-003","2007-12-14","91.18"
"EN-003","2007-12-21","91.16"
"EN-003","2007-12-28","95.64"
"EN-003","2008-01-04","98.17"
"EN-003","2008-01-11","94.76"
"EN-003","2008-01-18","91.51"
"EN-003","2008-01-25","89.41"
"EN-003","2008-02-01","91.14"
"EN-003","2008-02-08","89.08"
"EN-003","2008-02-15","94.13"
"EN-003","2008-02-22","99.61"
"EN-003","2008-02-29","100.84"
"EN-003","2008-03-07","103.44"
"EN-003","2008-03-14","109.35"
"EN-003","2008-03-21","105.28"
"EN-003","2008-03-28","104.49"
"EN-003","2008-04-04","103.46"
"EN-003","2008-04-11","109.71"
"EN-003","2008-04-18","114.33"
"EN-003","2008-04-25","118.53"
"EN-003","2008-05-02","115.42"
"EN-003","2008-05-09","123.01"
"EN-003","2008-05-16","124.96"
"EN-003","2008-05-23","130.14"
"EN-003","2008-05-30","128.47"
"EN-003","2008-06-06","128.16"
"EN-003","2008-06-13","134.8"
"EN-003","2008-06-20","134.34"
"EN-003","2008-06-27","137"
"EN-003","2008-07-04","142.52"
"EN-003","2008-07-11","139.95"
"EN-003","2008-07-18","135.37"
"EN-003","2008-07-25","125.92"
"EN-003","2008-08-01","124.57"
"EN-003","2008-08-08","118.8"
"EN-003","2008-08-15","114.4"
"EN-003","2008-08-22","115.7"
"EN-003","2008-08-29","116.09"
"EN-003","2008-09-05","108.37"
"EN-003","2008-09-12","102.88"
"EN-003","2008-09-19","97.19"
"EN-003","2008-09-26","111.12"
"EN-003","2008-10-03","96.59"
"EN-003","2008-10-10","86.24"
"EN-003","2008-10-17","75.19"
"EN-003","2008-10-24","68.56"
"EN-003","2008-10-31","65.21"
"EN-003","2008-11-07","64.31"
"EN-003","2008-11-14","58.6"
"EN-003","2008-11-21","52.26"
"EN-003","2008-11-28","53.27"
"EN-003","2008-12-05","45.6"
"EN-003","2008-12-12","44.57"
"EN-003","2008-12-19","39.7"
"EN-003","2008-12-26","32.98"
"EN-003","2009-01-02","42.4"
"EN-003","2009-01-09","44.46"
"EN-003","2009-01-16","36.73"
"EN-003","2009-01-23","42.15"
"EN-003","2009-01-30","42.7"
"EN-003","2009-02-06","40.78"
"EN-003","2009-02-13","36.94"
"EN-003","2009-02-20","37.15"
"EN-003","2009-02-27","41.1"
"EN-003","2009-03-06","43.18"
"EN-003","2009-03-13","45.66"
"EN-003","2009-03-20","49.49"
"EN-003","2009-03-27","52.99"
"EN-003","2009-04-03","50.34"
"EN-003","2009-04-10","50.46"
"EN-003","2009-04-17","49.86"
"EN-003","2009-04-24","47.8"
"EN-003","2009-05-01","50.2"
"EN-003","2009-05-08","55.96"
"EN-003","2009-05-15","57.94"
"EN-003","2009-05-22","60.32"
"EN-003","2009-05-29","64.32"
"EN-003","2009-06-05","68.11"
"EN-003","2009-06-12","70.85"
"EN-003","2009-06-19","70.62"
"EN-003","2009-06-26","68.58"
"EN-003","2009-07-03","69.32"
"EN-003","2009-07-10","61.48"
"EN-003","2009-07-17","61.29"
"EN-003","2009-07-24","65.28"
"EN-003","2009-07-31","67.03"
"EN-003","2009-08-07","71.58"
"EN-003","2009-08-14","69.64"
"EN-003","2009-08-21","70.8"
"EN-003","2009-08-28","72.37"
"EN-003","2009-09-04","68.39"
"EN-003","2009-09-11","70.91"
"EN-003","2009-09-18","71.32"
"EN-003","2009-09-25","68.33"
"EN-003","2009-10-02","68.84"
"EN-003","2009-10-09","70.8"
"EN-003","2009-10-16","75.73"
"EN-003","2009-10-23","80.06"
"EN-003","2009-10-30","78.47"
"EN-003","2009-11-06","79"
"EN-003","2009-11-13","78.24"
"EN-003","2009-11-20","78.37"
"EN-003","2009-11-27","76.14"
"EN-003","2009-12-04","76.81"
"EN-003","2009-12-11","71.51"
"EN-003","2009-12-18","71.72"
"EN-003","2009-12-25","74.76"
"EN-003","2010-01-01","79.07"
"EN-003","2010-01-08","82.34"
"EN-003","2010-01-15","80.06"
"EN-003","2010-01-22","76.62"
"EN-003","2010-01-29","73.94"
"EN-003","2010-02-05","74.57"
"EN-003","2010-02-12","73.88"
"EN-003","2010-02-19","78.25"
"EN-003","2010-02-26","79.22"
"EN-003","2010-03-05","80.19"
"EN-003","2010-03-12","81.76"
"EN-003","2010-03-19","81.44"
"EN-003","2010-03-26","80.65"
"EN-003","2010-04-02","83.01"
"EN-003","2010-04-09","85.66"
"EN-003","2010-04-16","84.34"
"EN-003","2010-04-23","82.9"
"EN-003","2010-04-30","84.22"
"EN-003","2010-05-07","80.24"
"EN-003","2010-05-14","74.98"
"EN-003","2010-05-21","69.14"
"EN-003","2010-05-28","70.62"
"EN-003","2010-06-04","72.91"
"EN-003","2010-06-11","73.44"
"EN-003","2010-06-18","76.7"
"EN-003","2010-06-25","77.06"
"EN-003","2010-07-02","74.96"
"EN-003","2010-07-09","74.39"
"EN-003","2010-07-16","76.35"
"EN-003","2010-07-23","77.56"
"EN-003","2010-07-30","78.12"
"EN-003","2010-08-06","81.79"
"EN-003","2010-08-13","78.17"
"EN-003","2010-08-20","74.84"
"EN-003","2010-08-27","72.91"
"EN-003","2010-09-03","74.02"
"EN-003","2010-09-10","74.82"
"EN-003","2010-09-17","75.62"
"EN-003","2010-09-24","73.76"
"EN-003","2010-10-01","78.41"
"EN-003","2010-10-08","82.29"
"EN-003","2010-10-15","82.16"
"EN-003","2010-10-22","81.15"
"EN-003","2010-10-29","82.03"
"EN-003","2010-11-05","84.93"
"EN-003","2010-11-12","86.91"
"EN-003","2010-11-19","82.23"
"EN-003","2010-11-26","82.28"
"EN-003","2010-12-03","86.75"
"EN-003","2010-12-10","88.5"
"EN-003","2010-12-17","88.27"
"EN-003","2010-12-24","89.66"
"EN-003","2010-12-31","90.97"
"EN-003","2011-01-07","89.54"
"EN-003","2011-01-14","91.02"
"EN-003","2011-01-21","89.75"
"EN-003","2011-01-28","86.11"
"EN-003","2011-02-04","89.52"
"EN-003","2011-02-11","85.51"
"EN-003","2011-02-18","84.13"
"EN-003","2011-02-25","95.26"
"EN-003","2011-03-04","101.05"
"EN-003","2011-03-11","103.74"
"EN-003","2011-03-18","99.79"
"EN-003","2011-03-25","104.41"
"EN-003","2011-04-01","105.08"
"EN-003","2011-04-08","109.29"
"EN-003","2011-04-15","107.75"
"EN-003","2011-04-22","109.11"
"EN-003","2011-04-29","112.3"
"EN-003","2011-05-06","105.84"
"EN-003","2011-05-13","99.87"
"EN-003","2011-05-20","97.99"
"EN-003","2011-05-27","99.55"
"EN-003","2011-06-03","100.92"
"EN-003","2011-06-10","100.05"
"EN-003","2011-06-17","95.87"
"EN-003","2011-06-24","92.7"
"EN-003","2011-07-01","93.7"
"EN-003","2011-07-08","97.12"
"EN-003","2011-07-15","96.72"
"EN-003","2011-07-22","98.01"
"EN-003","2011-07-29","97.83"
"EN-003","2011-08-05","90.85"
"EN-003","2011-08-12","82.86"
"EN-003","2011-08-19","85.36"
"EN-003","2011-08-26","85.06"
"EN-003","2011-09-02","88.07"
"EN-003","2011-09-09","87.91"
"EN-003","2011-09-16","88.93"
"EN-003","2011-09-23","83.65"
"EN-003","2011-09-30","81.18"
"EN-003","2011-10-07","79.43"
"EN-003","2011-10-14","85.35"
"EN-003","2011-10-21","86.82"
"EN-003","2011-10-28","92.32"
"EN-003","2011-11-04","93.24"
"EN-003","2011-11-11","96.97"
"EN-003","2011-11-18","99.32"
"EN-003","2011-11-25","96.89"
"EN-003","2011-12-02","99.91"
"EN-003","2011-12-09","100.08"
"EN-003","2011-12-16","96.06"
"EN-003","2011-12-23","97.74"
"EN-003","2011-12-30","99.81"
"EN-003","2012-01-06","102.39"
"EN-003","2012-01-13","100.43"
"EN-003","2012-01-20","99.95"
"EN-003","2012-01-27","99.35"
"EN-003","2012-02-03","97.8"
"EN-003","2012-02-10","98.56"
"EN-003","2012-02-17","101.73"
"EN-003","2012-02-24","107.18"
"EN-003","2012-03-02","107.52"
"EN-003","2012-03-09","106.32"
"EN-003","2012-03-16","106.15"
"EN-003","2012-03-23","106.41"
"EN-003","2012-03-30","105.12"
"EN-003","2012-04-06","103.52"
"EN-003","2012-04-13","102.55"
"EN-003","2012-04-20","103.15"
"EN-003","2012-04-27","103.78"
"EN-003","2012-05-04","103.47"
"EN-003","2012-05-11","96.98"
"EN-003","2012-05-18","93.11"
"EN-003","2012-05-25","90.88"
"EN-003","2012-06-01","87.06"
"EN-003","2012-06-08","84.43"
"EN-003","2012-06-15","83.27"
"EN-003","2012-06-22","81.11"
"EN-003","2012-06-29","80.23"
"EN-003","2012-07-06","85.74"
"EN-003","2012-07-13","85.78"
"EN-003","2012-07-20","90.34"
"EN-003","2012-07-27","88.88"
"EN-003","2012-08-03","89.1"
"EN-003","2012-08-10","93.14"
"EN-003","2012-08-17","94.43"
"EN-003","2012-08-24","96.22"
"EN-003","2012-08-31","95.68"
"EN-003","2012-09-07","95.68"
"EN-003","2012-09-14","97.56"
"EN-003","2012-09-21","93.7"
"EN-003","2012-09-28","91.35"
"EN-003","2012-10-05","90.81"
"EN-003","2012-10-12","91.42"
"EN-003","2012-10-19","91.59"
"EN-003","2012-10-26","86.35"
"EN-003","2012-11-02","85.87"
"EN-003","2012-11-09","85.98"
"EN-003","2012-11-16","85.87"
"EN-003","2012-11-23","87.4"
"EN-003","2012-11-30","87.27"
"EN-003","2012-12-07","87"
"EN-003","2012-12-14","85.71"
"EN-003","2012-12-21","88.24"
"EN-003","2012-12-28","90.14"
"EN-003","2013-01-04","92.77"
"EN-003","2013-01-11","93.38"
"EN-003","2013-01-18","94.58"
"EN-003","2013-01-25","95.41"
"EN-003","2013-02-01","97.33"
"EN-003","2013-02-08","96.18"
"EN-003","2013-02-15","96.95"
"EN-003","2013-02-22","94.38"
"EN-003","2013-03-01","92.19"
"EN-003","2013-03-08","91"
"EN-003","2013-03-15","92.7"
"EN-003","2013-03-22","93.05"
"EN-003","2013-03-29","96.08"
"EN-003","2013-04-05","95.07"
"EN-003","2013-04-12","93.36"
"EN-003","2013-04-19","88"
"EN-003","2013-04-26","91"
"EN-003","2013-05-03","93.4"
"EN-003","2013-05-10","95.84"
"EN-003","2013-05-17","94.65"
"EN-003","2013-05-24","94.76"
"EN-003","2013-05-31","93.32"
"EN-003","2013-06-07","94.25"
"EN-003","2013-06-14","96.36"
"EN-003","2013-06-21","96.65"
"EN-003","2013-06-28","95.83"
"EN-003","2013-07-05","100.65"
"EN-003","2013-07-12","104.7"
"EN-003","2013-07-19","106.88"
"EN-003","2013-07-26","105.88"
"EN-003","2013-08-02","105.54"
"EN-003","2013-08-09","105.17"
"EN-003","2013-08-16","106.97"
"EN-003","2013-08-23","105.48"
"EN-003","2013-08-30","108.33"
"EN-003","2013-09-06","108.77"
"EN-003","2013-09-13","108.36"
"EN-003","2013-09-20","106.22"
"EN-003","2013-09-27","103.1"
"EN-003","2013-10-04","103.14"
"EN-003","2013-10-11","102.7"
"EN-003","2013-10-18","101.51"
"EN-003","2013-10-25","97.57"
"EN-003","2013-11-01","96.94"
"EN-003","2013-11-08","94.31"
"EN-003","2013-11-15","93.94"
"EN-003","2013-11-22","93.92"
"EN-003","2013-11-29","92.97"
"EN-003","2013-12-06","96.21"
"EN-003","2013-12-13","97.23"
"EN-003","2013-12-20","97.85"
"EN-003","2013-12-27","99.15"
"EN-003","2014-01-03","96.47"
"EN-003","2014-01-10","92.42"
"EN-003","2014-01-17","92.98"
"EN-003","2014-01-24","96.19"
"EN-003","2014-01-31","97.29"
"EN-003","2014-02-07","97.78"
"EN-003","2014-02-14","100.21"
"EN-003","2014-02-21","102.93"
"EN-003","2014-02-28","102.77"
"EN-003","2014-03-07","103.07"
"EN-003","2014-03-14","99.55"
"EN-003","2014-03-21","99.77"
"EN-003","2014-03-28","100.66"
"EN-003","2014-04-04","100.46"
"EN-003","2014-04-11","102.72"
"EN-003","2014-04-18","103.95"
"EN-003","2014-04-25","102.11"
"EN-003","2014-05-02","100.51"
"EN-003","2014-05-09","100.29"
"EN-003","2014-05-16","101.92"
"EN-003","2014-05-23","103.82"
"EN-003","2014-05-30","103.95"
"EN-003","2014-06-06","103.23"
"EN-003","2014-06-13","105.97"
"EN-003","2014-06-20","107.23"
"EN-003","2014-06-27","106.69"
"EN-003","2014-07-04","105.52"
"EN-003","2014-07-11","103.25"
"EN-003","2014-07-18","102.37"
"EN-003","2014-07-25","104.35"
"EN-003","2014-08-01","102.19"
"EN-003","2014-08-08","97.5"
"EN-003","2014-08-15","97.17"
"EN-003","2014-08-22","94.95"
"EN-003","2014-08-29","96.25"
"EN-003","2014-09-05","94.06"
"EN-003","2014-09-12","92.43"
"EN-003","2014-09-19","93.52"
"EN-003","2014-09-26","93.15"
"EN-003","2014-10-03","91.44"
"EN-003","2014-10-10","87.63"
"EN-003","2014-10-17","82.88"
"EN-003","2014-10-24","82.12"
"EN-003","2014-10-31","81.29"
"EN-003","2014-11-07","78.24"
"EN-003","2014-11-14","76.5"
"EN-003","2014-11-21","75.38"
"EN-003","2014-11-28","72.36"
"EN-003","2014-12-05","67.18"
"EN-003","2014-12-12","61.14"
"EN-003","2014-12-19","55.89"
"EN-003","2014-12-26","55.58"
"EN-003","2015-01-02","53.44"
"EN-003","2015-01-09","48.77"
"EN-003","2015-01-16","47.07"
"EN-003","2015-01-23","46.46"
"EN-003","2015-01-30","45.32"
"EN-003","2015-02-06","50.58"
"EN-003","2015-02-13","51.14"
"EN-003","2015-02-20","51.69"
"EN-003","2015-02-27","49.16"
"EN-003","2015-03-06","50.38"
"EN-003","2015-03-13","47.69"
"EN-003","2015-03-20","44.39"
"EN-003","2015-03-27","48.68"
"EN-003","2015-04-03","48.91"
"EN-003","2015-04-10","51.78"
"EN-003","2015-04-17","54.78"
"EN-003","2015-04-24","56.14"
"EN-003","2015-05-01","57.98"
"EN-003","2015-05-08","59.73"
"EN-003","2015-05-15","60.01"
"EN-003","2015-05-22","58.95"
"EN-003","2015-05-29","58.19"
"EN-003","2015-06-05","59.66"
"EN-003","2015-06-12","60.07"
"EN-003","2015-06-19","59.89"
"EN-003","2015-06-26","60.01"
"EN-003","2015-07-03","57.92"
"EN-003","2015-07-10","52.38"
"EN-003","2015-07-17","51.68"
"EN-003","2015-07-24","49.21"
"EN-003","2015-07-31","47.91"
"EN-003","2015-08-07","44.94"
"EN-003","2015-08-14","43.2"
"EN-003","2015-08-21","41.34"
"EN-003","2015-08-28","40.73"
"EN-003","2015-09-04","46.73"
"EN-003","2015-09-11","45.16"
"EN-003","2015-09-18","45.48"
"EN-003","2015-09-25","45.57"
"EN-003","2015-10-02","45"
"EN-003","2015-10-09","48.36"
"EN-003","2015-10-16","46.82"
"EN-003","2015-10-23","45.16"
"EN-003","2015-10-30","44.99"
"EN-003","2015-11-06","45.98"
"EN-003","2015-11-13","42.7"
"EN-003","2015-11-20","40.62"
"EN-003","2015-11-27","40.49"
"EN-003","2015-12-04","40.4"
"EN-003","2015-12-11","36.93"
"EN-003","2015-12-18","35.78"
"EN-003","2015-12-25","36.26"
"EN-003","2016-01-01","36.99"
"EN-003","2016-01-08","34.65"
"EN-003","2016-01-15","30.59"
"EN-003","2016-01-22","29.19"
"EN-003","2016-01-29","31.81"
"EN-003","2016-02-05","31.26"
"EN-003","2016-02-12","28.14"
"EN-003","2016-02-19","30.02"
"EN-003","2016-02-26","31.32"
"EN-003","2016-03-04","34.43"
"EN-003","2016-03-11","37.69"
"EN-003","2016-03-18","38.32"
"EN-003","2016-03-25","39.45"
"EN-003","2016-04-01","36.82"
"EN-003","2016-04-08","36.72"
"EN-003","2016-04-15","41.23"
"EN-003","2016-04-22","41.86"
"EN-003","2016-04-29","44.3"
"EN-003","2016-05-06","44.22"
"EN-003","2016-05-13","45.44"
"EN-003","2016-05-20","47.99"
"EN-003","2016-05-27","48.72"
"EN-003","2016-06-03","49"
"EN-003","2016-06-10","50.18"
"EN-003","2016-06-17","47.89"
"EN-003","2016-06-24","48.71"
"EN-003","2016-07-01","48.17"
"EN-003","2016-07-08","46.17"
"EN-003","2016-07-15","45.6"
"EN-003","2016-07-22","44.44"
"EN-003","2016-07-29","41.83"
"EN-003","2016-08-05","40.82"
"EN-003","2016-08-12","43.11"
"EN-003","2016-08-19","47.16"
"EN-003","2016-08-26","47.05"
"EN-003","2016-09-02","45.11"
"EN-003","2016-09-09","45.96"
"EN-003","2016-09-16","44.34"
"EN-003","2016-09-23","44.59"
"EN-003","2016-09-30","46.55"
"EN-003","2016-10-07","49.48"
"EN-003","2016-10-14","50.29"
"EN-003","2016-10-21","50.56"
"EN-003","2016-10-28","49.36"
"EN-003","2016-11-04","45.51"
"EN-003","2016-11-11","44.61"
"EN-003","2016-11-18","45.15"
"EN-003","2016-11-25","47.25"
"EN-003","2016-12-02","48.63"
"EN-003","2016-12-09","50.97"
"EN-003","2016-12-16","51.91"
"EN-003","2016-12-23","51.95"
"EN-003","2016-12-30","53.6"
"EN-003","2017-01-06","53.34"
"EN-003","2017-01-13","52.07"
"EN-003","2017-01-20","51.82"
"EN-003","2017-01-27","52.74"
"EN-003","2017-02-03","53.33"
"EN-003","2017-02-10","52.88"
"EN-003","2017-02-17","53.22"
"EN-003","2017-02-24","54.03"
"EN-003","2017-03-03","53.56"
"EN-003","2017-03-10","50.5"
"EN-003","2017-03-17","48.03"
"EN-003","2017-03-24","47.28"
"EN-003","2017-03-31","49.14"
"EN-003","2017-04-07","51.26"
"EN-003","2017-04-14","53.19"
"EN-003","2017-04-21","51.09"
"EN-003","2017-04-28","49.12"
"EN-003","2017-05-05","47.21"
"EN-003","2017-05-12","47.04"
"EN-003","2017-05-19","49.24"
"EN-003","2017-05-26","50.21"
"EN-003","2017-06-02","48.48"
"EN-003","2017-06-09","46.57"
"EN-003","2017-06-16","45.3"
"EN-003","2017-06-23","43.09"
"EN-003","2017-06-30","44.63"
"EN-003","2017-07-07","44.96"
"EN-003","2017-07-14","45.51"
"EN-003","2017-07-21","46.41"
"EN-003","2017-07-28","48.27"
"EN-003","2017-08-04","49.52"
"EN-003","2017-08-11","49.08"
"EN-003","2017-08-18","47.52"
"EN-003","2017-08-25","47.68"
"EN-003","2017-09-01","46.68"
"EN-003","2017-09-08","48.58"
"EN-003","2017-09-15","49.07"
"EN-003","2017-09-22","50.12"
"EN-003","2017-09-29","51.77"
"EN-003","2017-10-06","50.23"
"EN-003","2017-10-13","50.77"
"EN-003","2017-10-20","51.74"
"EN-003","2017-10-27","52.51"
"EN-003","2017-11-03","54.59"
"EN-003","2017-11-10","57.05"
"EN-003","2017-11-17","55.81"
"EN-003","2017-11-24","57.47"
"EN-003","2017-12-01","57.81"
"EN-003","2017-12-08","56.92"
"EN-003","2017-12-15","57.17"
"EN-003","2017-12-22","57.87"
"EN-003","2017-12-29","59.88"
"EN-003","2018-01-05","61.36"
"EN-003","2018-01-12","63.26"
"EN-003","2018-01-19","63.77"
"EN-003","2018-01-26","65.14"
"EN-003","2018-02-02","65.32"
"EN-003","2018-02-09","62.01"
"EN-003","2018-02-16","60.56"
"EN-003","2018-02-23","62.47"
"EN-003","2018-03-02","62.07"
"EN-003","2018-03-09","61.65"
"EN-003","2018-03-16","61.28"
"EN-003","2018-03-23","64.11"
"EN-003","2018-03-30","64.97"
"EN-003","2018-04-06","63.07"
"EN-003","2018-04-13","66.02"
"EN-003","2018-04-20","67.55"
"EN-003","2018-04-27","67.91"
"EN-003","2018-05-04","68.38"
"EN-003","2018-05-11","70.56"
"EN-003","2018-05-18","71.3"
"EN-003","2018-05-25","70.98"
"EN-003","2018-06-01","66.96"
"EN-003","2018-06-08","65.35"
"EN-003","2018-06-15","66.21"
"EN-003","2018-06-22","66.32"
"EN-003","2018-06-29","74.03"
"EN-003","2018-07-06","73.73"
"EN-003","2018-07-13","71.96"
"EN-003","2018-07-20","68.95"
"EN-003","2018-07-27","70.01"
"EN-003","2018-08-03","69.46"
"EN-003","2018-08-10","67.9"
"EN-003","2018-08-17","66.15"
"EN-003","2018-08-24","68.1"
"EN-003","2018-08-31","69.66"
"EN-003","2018-09-07","68.51"
"EN-003","2018-09-14","68.96"
"EN-003","2018-09-21","70.28"
"EN-003","2018-09-28","72.84"
"EN-003","2018-10-05","75.13"
"EN-003","2018-10-12","72.96"
"EN-003","2018-10-19","70.24"
"EN-003","2018-10-26","67.43"
"EN-003","2018-11-02","65.06"
"EN-003","2018-11-09","61.57"
"EN-003","2018-11-16","56.92"
"EN-003","2018-11-23","54.99"
"EN-003","2018-11-30","51.01"
"EN-003","2018-12-07","52.63"
"EN-003","2018-12-14","51.54"
"EN-003","2018-12-21","46.98"
"EN-003","2018-12-28","45.22"
"EN-003","2019-01-04","47"
"EN-003","2019-01-11","50.78"
"EN-003","2019-01-18","51.92"
"EN-003","2019-01-25","52.88"
"EN-003","2019-02-01","53.63"
"EN-003","2019-02-08","53.53"
"EN-003","2019-02-15","53.88"
"EN-003","2019-02-22","56.74"
"EN-003","2019-03-01","56.12"
"EN-003","2019-03-08","56.35"
"EN-003","2019-03-15","57.81"
"EN-003","2019-03-22","59.44"
"EN-003","2019-03-29","59.49"
"EN-003","2019-04-05","62.36"
"EN-003","2019-04-12","64.1"
"EN-003","2019-04-19","63.8"
"EN-003","2019-04-26","65.28"
"EN-003","2019-05-03","62.9"
"EN-003","2019-05-10","61.81"
"EN-003","2019-05-17","62.1"
"EN-003","2019-05-24","60.72"
"EN-003","2019-05-31","56.93"
"EN-003","2019-06-07","52.97"
"EN-003","2019-06-14","52.52"
"EN-003","2019-06-21","54.75"
"EN-003","2019-06-28","58.38"
"EN-003","2019-07-05","57.32"
"EN-003","2019-07-12","59.02"
"EN-003","2019-07-19","56.74"
"EN-003","2019-07-26","56.05"
"EN-003","2019-08-02","56.55"
"EN-003","2019-08-09","53.28"
"EN-003","2019-08-16","55.31"
"EN-003","2019-08-23","55.5"
"EN-003","2019-08-30","55.21"
"EN-003","2019-09-06","55.73"
"EN-003","2019-09-13","56.16"
"EN-003","2019-09-20","59.33"
"EN-003","2019-09-27","56.9"
"EN-003","2019-10-04","53.12"
"EN-003","2019-10-11","53.27"
"EN-003","2019-10-18","53.49"
"EN-003","2019-10-25","55.2"
"EN-003","2019-11-01","55.17"
"EN-003","2019-11-08","56.69"
"EN-003","2019-11-15","56.85"
"EN-003","2019-11-22","56.9"
"EN-003","2019-11-29","58.07"
"EN-003","2019-12-06","57.64"
"EN-003","2019-12-13","59.25"
"EN-003","2019-12-20","60.75"
"EN-003","2019-12-27","61.29"
"EN-003","2020-01-03","61.74"
"EN-003","2020-01-10","60.84"
"EN-003","2020-01-17","58.29"
"EN-003","2020-01-24","56.15"
"EN-003","2020-01-31","52.69"
"EN-003","2020-02-07","50.36"
"EN-003","2020-02-14","50.83"
"EN-003","2020-02-21","53.14"
"EN-003","2020-02-28","48.36"
"EN-003","2020-03-06","45.57"
"EN-003","2020-03-13","32.39"
"EN-003","2020-03-20","24.19"
"EN-003","2020-03-27","19.44"
"EN-003","2020-04-03","21.69"
"EN-003","2020-04-10","24.41"
"EN-003","2020-04-17","20.12"
"EN-003","2020-04-24","3.32"
"EN-003","2020-05-01","15.71"
"EN-003","2020-05-08","23.46"
"EN-003","2020-05-15","26.4"
"EN-003","2020-05-22","33.1"
"EN-003","2020-05-29","34.19"
"EN-003","2020-06-05","37.32"
"EN-003","2020-06-12","37.87"
"EN-003","2020-06-19","38.35"
"EN-003","2020-06-26","39.22"
"EN-003","2020-07-03","39.85"
"EN-003","2020-07-10","40.44"
"EN-003","2020-07-17","40.57"
"EN-003","2020-07-24","41.34"
"EN-003","2020-07-31","40.69"
"EN-003","2020-08-07","41.57"
"EN-003","2020-08-14","42.08"
"EN-003","2020-08-21","42.73"
"EN-003","2020-08-28","42.93"
"EN-003","2020-09-04","41.84"
"EN-003","2020-09-11","37.38"
"EN-003","2020-09-18","39.55"
"EN-003","2020-09-25","39.78"
"EN-003","2020-10-02","38.99"
"EN-003","2020-10-09","40.19"
"EN-003","2020-10-16","40.33"
"EN-003","2020-10-23","40.43"
"EN-003","2020-10-30","37.32"
"EN-003","2020-11-06","37.71"
"EN-003","2020-11-13","40.66"
"EN-003","2020-11-20","41.52"
"EN-003","2020-11-27","44.4"
"EN-003","2020-12-04","45.37"
"EN-003","2020-12-11","46.04"
"EN-003","2020-12-18","47.97"
"EN-003","2020-12-25","47.73"
"EN-003","2021-01-01","47.98"
"EN-003","2021-01-08","50.09"
"EN-003","2021-01-15","52.75"
"EN-003","2021-01-22","52.82"
"EN-003","2021-01-29","52.52"
"EN-003","2021-02-05","55.39"
"EN-003","2021-02-12","58.54"
"EN-003","2021-02-19","60.17"
"EN-003","2021-02-26","62.3"
"EN-003","2021-03-05","62.29"
"EN-003","2021-03-12","65.02"
"EN-003","2021-03-19","63.22"
"EN-003","2021-03-26","59.95"
"EN-003","2021-04-02","60.66"
"EN-003","2021-04-09","59.35"
"EN-003","2021-04-16","61.93"
"EN-003","2021-04-23","62.18"
"EN-003","2021-04-30","63.47"
"EN-003","2021-05-07","65.1"
"EN-003","2021-05-14","65.07"
"EN-003","2021-05-21","64.11"
"EN-003","2021-05-28","66.4"
"EN-003","2021-06-04","68.74"
"EN-003","2021-06-11","70.11"
"EN-003","2021-06-18","71.55"
"EN-003","2021-06-25","73.48"
"EN-003","2021-07-02","74.07"
"EN-003","2021-07-09","73.35"
"EN-003","2021-07-16","73.19"
"EN-003","2021-07-23","69.68"
"EN-003","2021-07-30","72.75"
"EN-003","2021-08-06","69.5"
"EN-003","2021-08-13","68.33"
"EN-003","2021-08-20","65.05"
"EN-003","2021-08-27","67.59"
"EN-003","2021-09-03","69.15"
"EN-003","2021-09-10","68.98"
"EN-003","2021-09-17","71.69"
"EN-003","2021-09-24","72.18"
"EN-003","2021-10-01","75.45"
"EN-003","2021-10-08","78.5"
"EN-003","2021-10-15","81.18"
"EN-003","2021-10-22","83.48"
"EN-003","2021-10-29","83.84"
"EN-003","2021-11-05","81.79"
"EN-003","2021-11-12","81.93"
"EN-003","2021-11-19","78.99"
"EN-003","2021-11-26","77.79"
"EN-003","2021-12-03","66.89"
"EN-003","2021-12-10","71.31"
"EN-003","2021-12-17","71.18"
"EN-003","2021-12-24","71.63"
"EN-003","2021-12-31","76.05"
"EN-003","2022-01-07","77.86"
"EN-003","2022-01-14","81.52"
"EN-003","2022-01-21","85.93"
"EN-003","2022-01-28","86.94"
"EN-003","2022-02-04","89.6"
"EN-003","2022-02-11","90.61"
"EN-003","2022-02-18","92.89"
"EN-003","2022-02-25","92.18"
"EN-003","2022-03-04","106.8"
"EN-003","2022-03-11","113.39"
"EN-003","2022-03-18","100.43"
"EN-003","2022-03-25","113.69"
"EN-003","2022-04-01","103.89"
"EN-003","2022-04-08","99.21"
"EN-003","2022-04-15","101.46"
"EN-003","2022-04-22","104.02"
"EN-003","2022-04-29","102.85"
"EN-003","2022-05-06","106.69"
"EN-003","2022-05-13","105"
"EN-003","2022-05-20","112.18"
"EN-003","2022-05-27","113.38"
"EN-003","2022-06-03","116.37"
"EN-003","2022-06-10","120.43"
"EN-003","2022-06-17","116.46"
"EN-003","2022-06-24","107.88"
"EN-003","2022-07-01","110.96"
"EN-003","2022-07-08","103.32"
"EN-003","2022-07-15","99.92"
"EN-003","2022-07-22","102.24"
"EN-003","2022-07-29","99.6"
"EN-003","2022-08-05","94.01"
"EN-003","2022-08-12","94.65"
"EN-003","2022-08-19","91.81"
"EN-003","2022-08-26","94.47"
"EN-003","2022-09-02","90.79"
"EN-003","2022-09-09","85.29"
"EN-003","2022-09-16","87.24"
"EN-003","2022-09-23","83.46"
"EN-003","2022-09-30","80.08"
"EN-003","2022-10-07","88.22"
"EN-003","2022-10-14","88.97"
"EN-003","2022-10-21","85.36"
"EN-003","2022-10-28","87.87"
"EN-003","2022-11-04","89.14"
"EN-003","2022-11-11","88.41"
"EN-003","2022-11-18","84.02"
"EN-003","2022-11-25","78.74"
"EN-003","2022-12-02","79.29"
"EN-003","2022-12-09","73.06"
"EN-003","2022-12-16","75.12"
"EN-003","2022-12-23","77.28"
"EN-003","2022-12-30","79.23"
"EN-003","2023-01-06","74.27"
"EN-003","2023-01-13","77.1"
"EN-003","2023-01-20","80.34"
"EN-003","2023-01-27","80.33"
"EN-003","2023-02-03","76.51"
"EN-003","2023-02-10","77.51"
"EN-003","2023-02-17","78.51"
"EN-003","2023-02-24","75.42"
"EN-003","2023-03-03","77.54"
"EN-003","2023-03-10","77.31"
"EN-003","2023-03-17","69.6"
"EN-003","2023-03-24","69.33"
"EN-003","2023-03-31","73.79"
"EN-003","2023-04-07","80.62"
"EN-003","2023-04-14","81.87"
"EN-003","2023-04-21","79.22"
"EN-003","2023-04-28","76.31"
"EN-003","2023-05-05","71.16"
"EN-003","2023-05-12","72.03"
"EN-003","2023-05-19","71.62"
"EN-003","2023-05-26","72.62"
"EN-003","2023-06-02","69.85"
"EN-003","2023-06-09","71.56"
"EN-003","2023-06-16","69.42"
"EN-003","2023-06-23","70.41"
"EN-003","2023-06-30","69.36"
"EN-003","2023-07-07","71.79"
"EN-003","2023-07-14","75.2"
"EN-003","2023-07-21","75.61"
"EN-003","2023-07-28","79.68"
"EN-003","2023-08-04","81.4"
"EN-003","2023-08-11","83.04"
"EN-003","2023-08-18","80.93"
"EN-003","2023-08-25","79.97"
"EN-003","2023-09-01","82.5"
"EN-003","2023-09-08","87.17"
"EN-003","2023-09-15","89.14"
"EN-003","2023-09-22","90.28"
"EN-003","2023-09-29","91.44"
"EN-003","2023-10-06","85.5"
"EN-003","2023-10-13","85.03"
"EN-003","2023-10-20","88.03"
"EN-003","2023-10-27","85.2"
"EN-003","2023-11-03","81.99"
"EN-003","2023-11-10","77.92"
"EN-003","2023-11-17","76.98"
"EN-003","2023-11-24","77.02"
"EN-003","2023-12-01","75.49"
"EN-003","2023-12-08","70.71"
"EN-003","2023-12-15","70.11"
"EN-003","2023-12-22","73.23"
"EN-003","2023-12-29","73.52"
"EN-003","2024-01-05","72.49"
"EN-003","2024-01-12","72.03"
"EN-003","2024-01-19","73.36"
"EN-003","2024-01-26","76.36"
"EN-003","2024-02-02","75.78"
"EN-003","2024-02-09","75.05"
"EN-003","2024-02-16","78.17"
"EN-003","2024-02-23","78.71"
"EN-003","2024-03-01","79.58"
"EN-003","2024-03-08","79.53"
"EN-003","2024-03-15","80.43"
"EN-003","2024-03-22","82.79"
"EN-003","2024-03-29","82.73"
"EN-003","2024-04-05","86.35"
"EN-003","2024-04-12","86.5"
"EN-003","2024-04-19","84.65"
"EN-003","2024-04-26","84.48"
"EN-003","2024-05-03","81.74"
"EN-003","2024-05-10","80.26"
"EN-003","2024-05-17","80.61"
"EN-003","2024-05-24","79.43"
"EN-003","2024-05-31","79.52"
"EN-003","2024-06-07","75.53"
"EN-003","2024-06-14","79.24"
"EN-003","2024-06-21","82.26"
"EN-003","2024-06-28","82.53"
"EN-003","2024-07-05","84.61"
"EN-003","2024-07-12","83.44"
"EN-003","2024-07-19","82.98"
"EN-003","2024-07-26","79.26"
"EN-003","2024-08-02","77.11"
"EN-003","2024-08-09","76.33"
"EN-003","2024-08-16","79.49"
"EN-003","2024-08-23","74.68"
"EN-003","2024-08-30","76.36"
"EN-003","2024-09-06","70.02"
"EN-003","2024-09-13","68.82"
"EN-003","2024-09-20","72.14"
"EN-003","2024-09-27","70.22"
"EN-003","2024-10-04","71.83"
"EN-003","2024-10-11","75.69"
"EN-003","2024-10-18","70.81"
"EN-003","2024-10-25","71.59"
"EN-003","2024-11-01","68.69"
"EN-003","2024-11-08","71.89"
"EN-003","2024-11-15","68.38"
"EN-003","2024-11-22","70.11"
"EN-003","2024-11-29","68.94"
"EN-003","2024-12-06","68.89"
"EN-003","2024-12-13","69.97"
"EN-003","2024-12-20","70.39"
"EN-003","2024-12-27","70.51"
"EN-003","2025-01-03","73.15"
"EN-003","2025-01-10","75.14"
"EN-003","2025-01-17","79.28"
"EN-003","2025-01-24","75.73"
"EN-003","2025-01-31","73.31"
"EN-003","2025-02-07","72.05"
"EN-003","2025-02-14","72.17"
"EN-003","2025-02-21","72.1"
"EN-003","2025-02-28","69.93"
"EN-003","2025-03-07","67.52"
"EN-003","2025-03-14","66.95"
"EN-003","2025-03-21","67.96"
"EN-003","2025-03-28","69.81"
"EN-003","2025-04-04","69.09"
"EN-003","2025-04-11","61.24"
"EN-003","2025-04-18","62.92"
"EN-003","2025-04-25","63.62"
"EN-003","2025-05-02","60.99"
"EN-003","2025-05-09","60.39"
"EN-003","2025-05-16","63.94"
"EN-003","2025-05-23","63.26"
"EN-003","2025-05-30","61.82"
"EN-003","2025-06-06","64.06"
"EN-003","2025-06-13","68.63"
"EN-003","2025-06-20","74.94"
"EN-003","2025-06-27","66.78"
"EN-003","2025-07-04","67.43"
"EN-003","2025-07-11","69.15"
"EN-003","2025-07-18","68.07"
"EN-003","2025-07-25","67.11"
"EN-003","2025-08-01","69.58"
"EN-003","2025-08-08","65.75"
"EN-003","2025-08-15","64.34"
"EN-003","2025-08-22","64.14"
"EN-003","2025-08-29","64.52"
"EN-003","2025-09-05","64.09"
"EN-003","2025-09-12","63.06"
"EN-003","2025-09-19","63.98"
"EN-003","2025-09-26","64.83"
"EN-003","2025-10-03","62.59"
"EN-003","2025-10-10","62.1"
"EN-003","2025-10-17","58.8"
"EN-003","2025-10-24","60.2"
"EN-003","2025-10-31","61.49"
"EN-003","2025-11-07","60.87"
"EN-003","2025-11-14","60.16"
"EN-003","2025-11-21","60.27"
"EN-003","2025-11-28","58.69"
"EN-003","2025-12-05","59.48"
"EN-003","2025-12-12","58.3"
"EN-003","2025-12-19","56.3"
"EN-003","2025-12-26","58.01"
"EN-003","2026-01-02","57.54"
"EN-003","2026-01-09","57.56"
"EN-003","2026-01-16","60.12"
"EN-003","2026-01-23","60.16"
"EN-003","2026-01-30","62.9"
"EN-003","2026-02-06","63.09"
"EN-003","2026-02-13","63.93"
"EN-003","2026-02-20","65.3"
"EN-003","2026-02-27","65.87"
"EN-003","2026-03-06","78.37"
"EN-003","2026-03-13","91.85"
"EN-003","2026-03-20","96.07"
"EN-003","2026-03-27","94.29"
"EN-003","2026-04-03","105.67"
"EN-003","2026-04-10","104.54"
"EN-003","2026-04-17","93.84"
"EN-003","2026-04-24","95.43"
"EN-003","2026-05-01","105.57"
"EN-003","2026-05-08","102.28"
"EN-003","2026-05-15","105.1"
"EN-003","2026-05-22","105.32"
"EN-003","2026-05-29","93.45"
"EN-003","2026-06-05","96.87"
"EN-003","2026-06-12","92.16"
"EN-003","2026-06-19","81.36"
"EN-003","2026-06-26","73.59"
"EN-004","1997-01-10","3.79"
"EN-004","1997-01-17","4.19"
"EN-004","1997-01-24","2.98"
"EN-004","1997-01-31","2.91"
"EN-004","1997-02-07","2.53"
"EN-004","1997-02-14","2.3"
"EN-004","1997-02-21","1.91"
"EN-004","1997-02-28","1.82"
"EN-004","1997-03-07","1.86"
"EN-004","1997-03-14","1.96"
"EN-004","1997-03-21","1.91"
"EN-004","1997-03-28","1.84"
"EN-004","1997-04-04","1.88"
"EN-004","1997-04-11","1.98"
"EN-004","1997-04-18","2.04"
"EN-004","1997-04-25","2.14"
"EN-004","1997-05-02","2.15"
"EN-004","1997-05-09","2.29"
"EN-004","1997-05-16","2.22"
"EN-004","1997-05-23","2.22"
"EN-004","1997-05-30","2.28"
"EN-004","1997-06-06","2.17"
"EN-004","1997-06-13","2.16"
"EN-004","1997-06-20","2.22"
"EN-004","1997-06-27","2.27"
"EN-004","1997-07-04","2.15"
"EN-004","1997-07-11","2.15"
"EN-004","1997-07-18","2.24"
"EN-004","1997-07-25","2.2"
"EN-004","1997-08-01","2.22"
"EN-004","1997-08-08","2.37"
"EN-004","1997-08-15","2.53"
"EN-004","1997-08-22","2.54"
"EN-004","1997-08-29","2.58"
"EN-004","1997-09-05","2.77"
"EN-004","1997-09-12","2.76"
"EN-004","1997-09-19","2.85"
"EN-004","1997-09-26","3.08"
"EN-004","1997-10-03","3"
"EN-004","1997-10-10","2.83"
"EN-004","1997-10-17","2.89"
"EN-004","1997-10-24","3.21"
"EN-004","1997-10-31","3.42"
"EN-004","1997-11-07","3.16"
"EN-004","1997-11-14","3.25"
"EN-004","1997-11-21","2.89"
"EN-004","1997-11-28","2.55"
"EN-004","1997-12-05","2.51"
"EN-004","1997-12-12","2.34"
"EN-004","1997-12-19","2.34"
"EN-004","1997-12-26","2.21"
"EN-004","1998-01-02","2.26"
"EN-004","1998-01-09","2.11"
"EN-004","1998-01-16","2.05"
"EN-004","1998-01-23","2.11"
"EN-004","1998-01-30","2.08"
"EN-004","1998-02-06","2.28"
"EN-004","1998-02-13","2.21"
"EN-004","1998-02-20","2.2"
"EN-004","1998-02-27","2.22"
"EN-004","1998-03-06","2.18"
"EN-004","1998-03-13","2.22"
"EN-004","1998-03-20","2.23"
"EN-004","1998-03-27","2.3"
"EN-004","1998-04-03","2.41"
"EN-004","1998-04-10","2.57"
"EN-004","1998-04-17","2.46"
"EN-004","1998-04-24","2.4"
"EN-004","1998-05-01","2.23"
"EN-004","1998-05-08","2.14"
"EN-004","1998-05-15","2.2"
"EN-004","1998-05-22","2.13"
"EN-004","1998-05-29","2.09"
"EN-004","1998-06-05","2.1"
"EN-004","1998-06-12","2"
"EN-004","1998-06-19","2.11"
"EN-004","1998-06-26","2.38"
"EN-004","1998-07-03","2.39"
"EN-004","1998-07-10","2.36"
"EN-004","1998-07-17","2.21"
"EN-004","1998-07-24","2.05"
"EN-004","1998-07-31","1.95"
"EN-004","1998-08-07","1.86"
"EN-004","1998-08-14","1.85"
"EN-004","1998-08-21","1.93"
"EN-004","1998-08-28","1.81"
"EN-004","1998-09-04","1.72"
"EN-004","1998-09-11","1.83"
"EN-004","1998-09-18","2.07"
"EN-004","1998-09-25","2.24"
"EN-004","1998-10-02","2.2"
"EN-004","1998-10-09","1.99"
"EN-004","1998-10-16","1.73"
"EN-004","1998-10-23","1.9"
"EN-004","1998-10-30","1.89"
"EN-004","1998-11-06","2.11"
"EN-004","1998-11-13","2.27"
"EN-004","1998-11-20","2.12"
"EN-004","1998-11-27","2.08"
"EN-004","1998-12-04","1.34"
"EN-004","1998-12-11","1.6"
"EN-004","1998-12-18","1.93"
"EN-004","1998-12-25","1.95"
"EN-004","1999-01-01","1.84"
"EN-004","1999-01-08","2"
"EN-004","1999-01-15","1.81"
"EN-004","1999-01-22","1.81"
"EN-004","1999-01-29","1.76"
"EN-004","1999-02-05","1.79"
"EN-004","1999-02-12","1.81"
"EN-004","1999-02-19","1.79"
"EN-004","1999-02-26","1.7"
"EN-004","1999-03-05","1.69"
"EN-004","1999-03-12","1.87"
"EN-004","1999-03-19","1.75"
"EN-004","1999-03-26","1.79"
"EN-004","1999-04-02","1.92"
"EN-004","1999-04-09","2.04"
"EN-004","1999-04-16","2.12"
"EN-004","1999-04-23","2.18"
"EN-004","1999-04-30","2.3"
"EN-004","1999-05-07","2.3"
"EN-004","1999-05-14","2.24"
"EN-004","1999-05-21","2.27"
"EN-004","1999-05-28","2.23"
"EN-004","1999-06-04","2.34"
"EN-004","1999-06-11","2.37"
"EN-004","1999-06-18","2.27"
"EN-004","1999-06-25","2.25"
"EN-004","1999-07-02","2.29"
"EN-004","1999-07-09","2.21"
"EN-004","1999-07-16","2.14"
"EN-004","1999-07-23","2.29"
"EN-004","1999-07-30","2.58"
"EN-004","1999-08-06","2.63"
"EN-004","1999-08-13","2.75"
"EN-004","1999-08-20","2.8"
"EN-004","1999-08-27","2.98"
"EN-004","1999-09-03","2.69"
"EN-004","1999-09-10","2.7"
"EN-004","1999-09-17","2.58"
"EN-004","1999-09-24","2.42"
"EN-004","1999-10-01","2.46"
"EN-004","1999-10-08","2.45"
"EN-004","1999-10-15","2.67"
"EN-004","1999-10-22","2.92"
"EN-004","1999-10-29","2.94"
"EN-004","1999-11-05","2.75"
"EN-004","1999-11-12","2.39"
"EN-004","1999-11-19","2.24"
"EN-004","1999-11-26","2"
"EN-004","1999-12-03","2.2"
"EN-004","1999-12-10","2.21"
"EN-004","1999-12-17","2.49"
"EN-004","1999-12-24","2.53"
"EN-004","1999-12-31","2.33"
"EN-004","2000-01-07","2.18"
"EN-004","2000-01-14","2.25"
"EN-004","2000-01-21","2.46"
"EN-004","2000-01-28","2.71"
"EN-004","2000-02-04","2.81"
"EN-004","2000-02-11","2.67"
"EN-004","2000-02-18","2.64"
"EN-004","2000-02-25","2.52"
"EN-004","2000-03-03","2.7"
"EN-004","2000-03-10","2.74"
"EN-004","2000-03-17","2.81"
"EN-004","2000-03-24","2.77"
"EN-004","2000-03-31","2.88"
"EN-004","2000-04-07","2.92"
"EN-004","2000-04-14","3.03"
"EN-004","2000-04-21","3.11"
"EN-004","2000-04-28","3.11"
"EN-004","2000-05-05","3.15"
"EN-004","2000-05-12","3.26"
"EN-004","2000-05-19","3.56"
"EN-004","2000-05-26","4.04"
"EN-004","2000-06-02","4.36"
"EN-004","2000-06-09","4.19"
"EN-004","2000-06-16","4.3"
"EN-004","2000-06-23","4.28"
"EN-004","2000-06-30","4.39"
"EN-004","2000-07-07","4.15"
"EN-004","2000-07-14","4.18"
"EN-004","2000-07-21","3.98"
"EN-004","2000-07-28","3.72"
"EN-004","2000-08-04","4.01"
"EN-004","2000-08-11","4.44"
"EN-004","2000-08-18","4.33"
"EN-004","2000-08-25","4.63"
"EN-004","2000-09-01","4.66"
"EN-004","2000-09-08","4.82"
"EN-004","2000-09-15","5.05"
"EN-004","2000-09-22","5.17"
"EN-004","2000-09-29","5.21"
"EN-004","2000-10-06","5.2"
"EN-004","2000-10-13","5.26"
"EN-004","2000-10-20","5.17"
"EN-004","2000-10-27","4.68"
"EN-004","2000-11-03","4.49"
"EN-004","2000-11-10","4.96"
"EN-004","2000-11-17","5.78"
"EN-004","2000-11-24","6.29"
"EN-004","2000-12-01","6.18"
"EN-004","2000-12-08","8.16"
"EN-004","2000-12-15","8.37"
"EN-004","2000-12-22","9.86"
"EN-004","2000-12-29","9.88"
"EN-004","2001-01-05","9.79"
"EN-004","2001-01-12","9.57"
"EN-004","2001-01-19","7.68"
"EN-004","2001-01-26","7.07"
"EN-004","2001-02-02","6.23"
"EN-004","2001-02-09","5.98"
"EN-004","2001-02-16","5.63"
"EN-004","2001-02-23","5.13"
"EN-004","2001-03-02","5.14"
"EN-004","2001-03-09","5.24"
"EN-004","2001-03-16","5.12"
"EN-004","2001-03-23","5.2"
"EN-004","2001-03-30","5.39"
"EN-004","2001-04-06","5.27"
"EN-004","2001-04-13","5.44"
"EN-004","2001-04-20","5.21"
"EN-004","2001-04-27","4.99"
"EN-004","2001-05-04","4.56"
"EN-004","2001-05-11","4.22"
"EN-004","2001-05-18","4.31"
"EN-004","2001-05-25","4.05"
"EN-004","2001-06-01","3.74"
"EN-004","2001-06-08","3.79"
"EN-004","2001-06-15","3.97"
"EN-004","2001-06-22","3.81"
"EN-004","2001-06-29","3.3"
"EN-004","2001-07-06","3"
"EN-004","2001-07-13","3.19"
"EN-004","2001-07-20","3.07"
"EN-004","2001-07-27","3.08"
"EN-004","2001-08-03","3.21"
"EN-004","2001-08-10","3.09"
"EN-004","2001-08-17","3.18"
"EN-004","2001-08-24","3.04"
"EN-004","2001-08-31","2.45"
"EN-004","2001-09-07","2.34"
"EN-004","2001-09-14","2.4"
"EN-004","2001-09-21","2.15"
"EN-004","2001-09-28","1.9"
"EN-004","2001-10-05","1.96"
"EN-004","2001-10-12","2.21"
"EN-004","2001-10-19","2.42"
"EN-004","2001-10-26","2.86"
"EN-004","2001-11-02","3.06"
"EN-004","2001-11-09","2.72"
"EN-004","2001-11-16","2.16"
"EN-004","2001-11-23","2.18"
"EN-004","2001-11-30","2"
"EN-004","2001-12-07","1.98"
"EN-004","2001-12-14","2.45"
"EN-004","2001-12-21","2.4"
"EN-004","2001-12-28","2.4"
"EN-004","2002-01-04","2.53"
"EN-004","2002-01-11","2.38"
"EN-004","2002-01-18","2.34"
"EN-004","2002-01-25","2.18"
"EN-004","2002-02-01","2.18"
"EN-004","2002-02-08","2.22"
"EN-004","2002-02-15","2.28"
"EN-004","2002-02-22","2.38"
"EN-004","2002-03-01","2.47"
"EN-004","2002-03-08","2.67"
"EN-004","2002-03-15","2.92"
"EN-004","2002-03-22","3.31"
"EN-004","2002-03-29","3.4"
"EN-004","2002-04-05","3.54"
"EN-004","2002-04-12","3.21"
"EN-004","2002-04-19","3.4"
"EN-004","2002-04-26","3.5"
"EN-004","2002-05-03","3.65"
"EN-004","2002-05-10","3.65"
"EN-004","2002-05-17","3.57"
"EN-004","2002-05-24","3.35"
"EN-004","2002-05-31","3.24"
"EN-004","2002-06-07","3.24"
"EN-004","2002-06-14","3.11"
"EN-004","2002-06-21","3.26"
"EN-004","2002-06-28","3.43"
"EN-004","2002-07-05","3.18"
"EN-004","2002-07-12","2.96"
"EN-004","2002-07-19","2.9"
"EN-004","2002-07-26","2.97"
"EN-004","2002-08-02","3.01"
"EN-004","2002-08-09","2.78"
"EN-004","2002-08-16","2.99"
"EN-004","2002-08-23","3.28"
"EN-004","2002-08-30","3.33"
"EN-004","2002-09-06","3.21"
"EN-004","2002-09-13","3.3"
"EN-004","2002-09-20","3.71"
"EN-004","2002-09-27","3.8"
"EN-004","2002-10-04","4.17"
"EN-004","2002-10-11","3.85"
"EN-004","2002-10-18","4.14"
"EN-004","2002-10-25","4.22"
"EN-004","2002-11-01","4.23"
"EN-004","2002-11-08","3.88"
"EN-004","2002-11-15","3.86"
"EN-004","2002-11-22","4.25"
"EN-004","2002-11-29","4.25"
"EN-004","2002-12-06","4.31"
"EN-004","2002-12-13","4.64"
"EN-004","2002-12-20","5.12"
"EN-004","2002-12-27","4.96"
"EN-004","2003-01-03","4.85"
"EN-004","2003-01-10","5.03"
"EN-004","2003-01-17","5.37"
"EN-004","2003-01-24","5.91"
"EN-004","2003-01-31","5.68"
"EN-004","2003-02-07","6.11"
"EN-004","2003-02-14","6.08"
"EN-004","2003-02-21","6.33"
"EN-004","2003-02-28","12.03"
"EN-004","2003-03-07","7.8"
"EN-004","2003-03-14","5.94"
"EN-004","2003-03-21","5.18"
"EN-004","2003-03-28","4.99"
"EN-004","2003-04-04","4.91"
"EN-004","2003-04-11","5.15"
"EN-004","2003-04-18","5.5"
"EN-004","2003-04-25","5.51"
"EN-004","2003-05-02","5.25"
"EN-004","2003-05-09","5.57"
"EN-004","2003-05-16","6.05"
"EN-004","2003-05-23","6.02"
"EN-004","2003-05-30","5.83"
"EN-004","2003-06-06","6.26"
"EN-004","2003-06-13","5.94"
"EN-004","2003-06-20","5.57"
"EN-004","2003-06-27","5.61"
"EN-004","2003-07-04","5.14"
"EN-004","2003-07-11","5.36"
"EN-004","2003-07-18","5.06"
"EN-004","2003-07-25","4.91"
"EN-004","2003-08-01","4.68"
"EN-004","2003-08-08","4.83"
"EN-004","2003-08-15","5.05"
"EN-004","2003-08-22","5.07"
"EN-004","2003-08-29","5.05"
"EN-004","2003-09-05","4.69"
"EN-004","2003-09-12","4.76"
"EN-004","2003-09-19","4.56"
"EN-004","2003-09-26","4.49"
"EN-004","2003-10-03","4.49"
"EN-004","2003-10-10","4.72"
"EN-004","2003-10-17","4.84"
"EN-004","2003-10-24","4.7"
"EN-004","2003-10-31","4.38"
"EN-004","2003-11-07","4.36"
"EN-004","2003-11-14","4.59"
"EN-004","2003-11-21","4.36"
"EN-004","2003-11-28","4.64"
"EN-004","2003-12-05","5.58"
"EN-004","2003-12-12","6.51"
"EN-004","2003-12-19","6.73"
"EN-004","2003-12-26","5.8"
"EN-004","2004-01-02","5.73"
"EN-004","2004-01-09","6.65"
"EN-004","2004-01-16","5.95"
"EN-004","2004-01-23","6.07"
"EN-004","2004-01-30","5.88"
"EN-004","2004-02-06","5.57"
"EN-004","2004-02-13","5.45"
"EN-004","2004-02-20","5.31"
"EN-004","2004-02-27","5.14"
"EN-004","2004-03-05","5.27"
"EN-004","2004-03-12","5.39"
"EN-004","2004-03-19","5.58"
"EN-004","2004-03-26","5.31"
"EN-004","2004-04-02","5.56"
"EN-004","2004-04-09","5.78"
"EN-004","2004-04-16","5.76"
"EN-004","2004-04-23","5.53"
"EN-004","2004-04-30","5.76"
"EN-004","2004-05-07","6.1"
"EN-004","2004-05-14","6.33"
"EN-004","2004-05-21","6.33"
"EN-004","2004-05-28","6.57"
"EN-004","2004-06-04","6.39"
"EN-004","2004-06-11","6.08"
"EN-004","2004-06-18","6.39"
"EN-004","2004-06-25","6.34"
"EN-004","2004-07-02","6"
"EN-004","2004-07-09","6.13"
"EN-004","2004-07-16","5.88"
"EN-004","2004-07-23","5.86"
"EN-004","2004-07-30","5.91"
"EN-004","2004-08-06","5.66"
"EN-004","2004-08-13","5.55"
"EN-004","2004-08-20","5.34"
"EN-004","2004-08-27","5.23"
"EN-004","2004-09-03","4.84"
"EN-004","2004-09-10","4.56"
"EN-004","2004-09-17","5.04"
"EN-004","2004-09-24","5.44"
"EN-004","2004-10-01","5.73"
"EN-004","2004-10-08","5.92"
"EN-004","2004-10-15","5.61"
"EN-004","2004-10-22","6.7"
"EN-004","2004-10-29","7.38"
"EN-004","2004-11-05","6.92"
"EN-004","2004-11-12","6.12"
"EN-004","2004-11-19","5.81"
"EN-004","2004-11-26","5.16"
"EN-004","2004-12-03","6.61"
"EN-004","2004-12-10","6.08"
"EN-004","2004-12-17","7.03"
"EN-004","2004-12-24","7"
"EN-004","2004-12-31","6.26"
"EN-004","2005-01-07","5.74"
"EN-004","2005-01-14","6.11"
"EN-004","2005-01-21","6.4"
"EN-004","2005-01-28","6.4"
"EN-004","2005-02-04","6.25"
"EN-004","2005-02-11","6.08"
"EN-004","2005-02-18","6"
"EN-004","2005-02-25","6.13"
"EN-004","2005-03-04","6.62"
"EN-004","2005-03-11","6.82"
"EN-004","2005-03-18","7.09"
"EN-004","2005-03-25","7.15"
"EN-004","2005-04-01","7.22"
"EN-004","2005-04-08","7.49"
"EN-004","2005-04-15","7.11"
"EN-004","2005-04-22","7"
"EN-004","2005-04-29","6.95"
"EN-004","2005-05-06","6.58"
"EN-004","2005-05-13","6.59"
"EN-004","2005-05-20","6.42"
"EN-004","2005-05-27","6.33"
"EN-004","2005-06-03","6.49"
"EN-004","2005-06-10","7.11"
"EN-004","2005-06-17","7.36"
"EN-004","2005-06-24","7.52"
"EN-004","2005-07-01","7.09"
"EN-004","2005-07-08","7.64"
"EN-004","2005-07-15","7.79"
"EN-004","2005-07-22","7.65"
"EN-004","2005-07-29","7.56"
"EN-004","2005-08-05","8.46"
"EN-004","2005-08-12","9.07"
"EN-004","2005-08-19","9.53"
"EN-004","2005-08-26","9.81"
"EN-004","2005-09-02","11.6"
"EN-004","2005-09-09","11.14"
"EN-004","2005-09-16","10.94"
"EN-004","2005-09-23","13.46"
"EN-004","2005-10-07","13.67"
"EN-004","2005-10-14","13.4"
"EN-004","2005-10-21","13.36"
"EN-004","2005-10-28","13.71"
"EN-004","2005-11-04","10.86"
"EN-004","2005-11-11","9.22"
"EN-004","2005-11-18","10.26"
"EN-004","2005-11-25","10.88"
"EN-004","2005-12-02","11.89"
"EN-004","2005-12-09","14.21"
"EN-004","2005-12-16","14.49"
"EN-004","2005-12-23","13.06"
"EN-004","2005-12-30","9.93"
"EN-004","2006-01-06","9.42"
"EN-004","2006-01-13","8.63"
"EN-004","2006-01-20","8.67"
"EN-004","2006-01-27","8.22"
"EN-004","2006-02-03","8.36"
"EN-004","2006-02-10","7.8"
"EN-004","2006-02-17","7.25"
"EN-004","2006-02-24","7.39"
"EN-004","2006-03-03","6.71"
"EN-004","2006-03-10","6.44"
"EN-004","2006-03-17","7.06"
"EN-004","2006-03-24","7.1"
"EN-004","2006-03-31","7.11"
"EN-004","2006-04-07","6.98"
"EN-004","2006-04-14","6.81"
"EN-004","2006-04-21","7.63"
"EN-004","2006-04-28","7.17"
"EN-004","2006-05-05","6.61"
"EN-004","2006-05-12","6.55"
"EN-004","2006-05-19","5.92"
"EN-004","2006-05-26","5.96"
"EN-004","2006-06-02","6.16"
"EN-004","2006-06-09","6.06"
"EN-004","2006-06-16","6.3"
"EN-004","2006-06-23","6.5"
"EN-004","2006-06-30","5.97"
"EN-004","2006-07-07","5.39"
"EN-004","2006-07-14","5.74"
"EN-004","2006-07-21","6.04"
"EN-004","2006-07-28","6.82"
"EN-004","2006-08-04","8.08"
"EN-004","2006-08-11","7.43"
"EN-004","2006-08-18","6.84"
"EN-004","2006-08-25","7.09"
"EN-004","2006-09-01","6.04"
"EN-004","2006-09-08","5.53"
"EN-004","2006-09-15","5.15"
"EN-004","2006-09-22","4.8"
"EN-004","2006-09-29","4.17"
"EN-004","2006-10-06","4.32"
"EN-004","2006-10-13","5.07"
"EN-004","2006-10-20","6.22"
"EN-004","2006-10-27","7.39"
"EN-004","2006-11-03","7.11"
"EN-004","2006-11-10","7.04"
"EN-004","2006-11-17","7.39"
"EN-004","2006-11-24","7.59"
"EN-004","2006-12-01","7.93"
"EN-004","2006-12-08","7.51"
"EN-004","2006-12-15","7.01"
"EN-004","2006-12-22","6.26"
"EN-004","2006-12-29","5.6"
"EN-004","2007-01-05","5.5"
"EN-004","2007-01-12","6.13"
"EN-004","2007-01-19","6.52"
"EN-004","2007-01-26","7.29"
"EN-004","2007-02-02","7.71"
"EN-004","2007-02-09","8.31"
"EN-004","2007-02-16","8.43"
"EN-004","2007-02-23","7.46"
"EN-004","2007-03-02","7.34"
"EN-004","2007-03-09","7.32"
"EN-004","2007-03-16","6.86"
"EN-004","2007-03-23","6.91"
"EN-004","2007-03-30","7.32"
"EN-004","2007-04-06","7.55"
"EN-004","2007-04-13","7.83"
"EN-004","2007-04-20","7.51"
"EN-004","2007-04-27","7.48"
"EN-004","2007-05-04","7.68"
"EN-004","2007-05-11","7.56"
"EN-004","2007-05-18","7.74"
"EN-004","2007-05-25","7.56"
"EN-004","2007-06-01","7.65"
"EN-004","2007-06-08","7.76"
"EN-004","2007-06-15","7.51"
"EN-004","2007-06-22","7.36"
"EN-004","2007-06-29","6.71"
"EN-004","2007-07-06","6.27"
"EN-004","2007-07-13","6.4"
"EN-004","2007-07-20","6.37"
"EN-004","2007-07-27","5.76"
"EN-004","2007-08-03","6.3"
"EN-004","2007-08-10","6.35"
"EN-004","2007-08-17","7.08"
"EN-004","2007-08-24","5.93"
"EN-004","2007-08-31","5.51"
"EN-004","2007-09-07","5.66"
"EN-004","2007-09-14","6.03"
"EN-004","2007-09-21","6.21"
"EN-004","2007-09-28","6.33"
"EN-004","2007-10-05","6.65"
"EN-004","2007-10-12","6.68"
"EN-004","2007-10-19","7.1"
"EN-004","2007-10-26","6.39"
"EN-004","2007-11-02","6.93"
"EN-004","2007-11-09","6.95"
"EN-004","2007-11-16","7.19"
"EN-004","2007-11-23","6.88"
"EN-004","2007-11-30","7.44"
"EN-004","2007-12-07","7.12"
"EN-004","2007-12-14","7.17"
"EN-004","2007-12-21","7.12"
"EN-004","2007-12-28","6.97"
"EN-004","2008-01-04","7.57"
"EN-004","2008-01-11","7.84"
"EN-004","2008-01-18","8.33"
"EN-004","2008-01-25","7.87"
"EN-004","2008-02-01","8.02"
"EN-004","2008-02-08","7.87"
"EN-004","2008-02-15","8.47"
"EN-004","2008-02-22","8.89"
"EN-004","2008-02-29","9.16"
"EN-004","2008-03-07","9.43"
"EN-004","2008-03-14","9.74"
"EN-004","2008-03-21","9.09"
"EN-004","2008-03-28","9.24"
"EN-004","2008-04-04","9.68"
"EN-004","2008-04-11","9.88"
"EN-004","2008-04-18","10.13"
"EN-004","2008-04-25","10.54"
"EN-004","2008-05-02","10.75"
"EN-004","2008-05-09","11.11"
"EN-004","2008-05-16","11.36"
"EN-004","2008-05-23","11.31"
"EN-004","2008-05-30","11.67"
"EN-004","2008-06-06","12.29"
"EN-004","2008-06-13","12.59"
"EN-004","2008-06-20","12.88"
"EN-004","2008-06-27","12.89"
"EN-004","2008-07-04","13.2"
"EN-004","2008-07-11","12.3"
"EN-004","2008-07-18","11.3"
"EN-004","2008-07-25","9.93"
"EN-004","2008-08-01","9.15"
"EN-004","2008-08-08","8.71"
"EN-004","2008-08-15","8.1"
"EN-004","2008-08-22","7.9"
"EN-004","2008-08-29","8.16"
"EN-004","2008-09-05","7.54"
"EN-004","2008-09-12","7.69"
"EN-004","2008-09-19","7.91"
"EN-004","2008-09-26","7.74"
"EN-004","2008-10-03","7.3"
"EN-004","2008-10-10","6.68"
"EN-004","2008-10-17","6.68"
"EN-004","2008-10-24","6.75"
"EN-004","2008-10-31","6.44"
"EN-004","2008-11-07","6.76"
"EN-004","2008-11-14","6.68"
"EN-004","2008-11-21","6.67"
"EN-004","2008-11-28","6.61"
"EN-004","2008-12-05","6.44"
"EN-004","2008-12-12","5.68"
"EN-004","2008-12-19","5.72"
"EN-004","2008-12-26","5.41"
"EN-004","2009-01-02","5.64"
"EN-004","2009-01-09","5.88"
"EN-004","2009-01-16","5.42"
"EN-004","2009-01-23","4.8"
"EN-004","2009-01-30","4.74"
"EN-004","2009-02-06","4.81"
"EN-004","2009-02-13","4.72"
"EN-004","2009-02-20","4.34"
"EN-004","2009-02-27","4.15"
"EN-004","2009-03-06","4.23"
"EN-004","2009-03-13","3.89"
"EN-004","2009-03-20","3.8"
"EN-004","2009-03-27","4.06"
"EN-004","2009-04-03","3.62"
"EN-004","2009-04-10","3.61"
"EN-004","2009-04-17","3.53"
"EN-004","2009-04-24","3.45"
"EN-004","2009-05-01","3.29"
"EN-004","2009-05-08","3.78"
"EN-004","2009-05-15","4.24"
"EN-004","2009-05-22","3.79"
"EN-004","2009-05-29","3.58"
"EN-004","2009-06-05","3.76"
"EN-004","2009-06-12","3.53"
"EN-004","2009-06-19","4.04"
"EN-004","2009-06-26","3.87"
"EN-004","2009-07-03","3.68"
"EN-004","2009-07-10","3.27"
"EN-004","2009-07-17","3.29"
"EN-004","2009-07-24","3.5"
"EN-004","2009-07-31","3.41"
"EN-004","2009-08-07","3.58"
"EN-004","2009-08-14","3.39"
"EN-004","2009-08-21","3.01"
"EN-004","2009-08-28","2.72"
"EN-004","2009-09-04","2.18"
"EN-004","2009-09-11","2.69"
"EN-004","2009-09-18","3.21"
"EN-004","2009-09-25","3.46"
"EN-004","2009-10-02","3.06"
"EN-004","2009-10-09","3.6"
"EN-004","2009-10-16","3.93"
"EN-004","2009-10-23","4.7"
"EN-004","2009-10-30","4.37"
"EN-004","2009-11-06","4.28"
"EN-004","2009-11-13","3.38"
"EN-004","2009-11-20","3.3"
"EN-004","2009-11-27","3.52"
"EN-004","2009-12-04","4.5"
"EN-004","2009-12-11","5.08"
"EN-004","2009-12-18","5.61"
"EN-004","2009-12-25","5.66"
"EN-004","2010-01-01","5.88"
"EN-004","2010-01-08","6.56"
"EN-004","2010-01-15","5.68"
"EN-004","2010-01-22","5.56"
"EN-004","2010-01-29","5.47"
"EN-004","2010-02-05","5.47"
"EN-004","2010-02-12","5.55"
"EN-004","2010-02-19","5.41"
"EN-004","2010-02-26","4.87"
"EN-004","2010-03-05","4.74"
"EN-004","2010-03-12","4.45"
"EN-004","2010-03-19","4.23"
"EN-004","2010-03-26","4.01"
"EN-004","2010-04-02","3.82"
"EN-004","2010-04-09","4"
"EN-004","2010-04-16","4.06"
"EN-004","2010-04-23","3.99"
"EN-004","2010-04-30","4.16"
"EN-004","2010-05-07","3.94"
"EN-004","2010-05-14","4.19"
"EN-004","2010-05-21","4.26"
"EN-004","2010-05-28","4.18"
"EN-004","2010-06-04","4.44"
"EN-004","2010-06-11","4.73"
"EN-004","2010-06-18","5.1"
"EN-004","2010-06-25","4.93"
"EN-004","2010-07-02","4.66"
"EN-004","2010-07-09","4.65"
"EN-004","2010-07-16","4.48"
"EN-004","2010-07-23","4.64"
"EN-004","2010-07-30","4.75"
"EN-004","2010-08-06","4.8"
"EN-004","2010-08-13","4.42"
"EN-004","2010-08-20","4.3"
"EN-004","2010-08-27","3.96"
"EN-004","2010-09-03","3.76"
"EN-004","2010-09-10","3.8"
"EN-004","2010-09-17","4.01"
"EN-004","2010-09-24","4.01"
"EN-004","2010-10-01","3.79"
"EN-004","2010-10-08","3.52"
"EN-004","2010-10-15","3.49"
"EN-004","2010-10-22","3.37"
"EN-004","2010-10-29","3.31"
"EN-004","2010-11-05","3.39"
"EN-004","2010-11-12","3.7"
"EN-004","2010-11-19","3.73"
"EN-004","2010-11-26","3.9"
"EN-004","2010-12-03","4.2"
"EN-004","2010-12-10","4.46"
"EN-004","2010-12-17","4.26"
"EN-004","2010-12-24","4.09"
"EN-004","2010-12-31","4.16"
"EN-004","2011-01-07","4.52"
"EN-004","2011-01-14","4.46"
"EN-004","2011-01-21","4.57"
"EN-004","2011-01-28","4.45"
"EN-004","2011-02-04","4.51"
"EN-004","2011-02-11","4.17"
"EN-004","2011-02-18","3.9"
"EN-004","2011-02-25","3.84"
"EN-004","2011-03-04","3.82"
"EN-004","2011-03-11","3.8"
"EN-004","2011-03-18","3.88"
"EN-004","2011-03-25","4.12"
"EN-004","2011-04-01","4.3"
"EN-004","2011-04-08","4.15"
"EN-004","2011-04-15","4.12"
"EN-004","2011-04-22","4.27"
"EN-004","2011-04-29","4.39"
"EN-004","2011-05-06","4.5"
"EN-004","2011-05-13","4.18"
"EN-004","2011-05-20","4.15"
"EN-004","2011-05-27","4.35"
"EN-004","2011-06-03","4.65"
"EN-004","2011-06-10","4.83"
"EN-004","2011-06-17","4.56"
"EN-004","2011-06-24","4.33"
"EN-004","2011-07-01","4.32"
"EN-004","2011-07-08","4.3"
"EN-004","2011-07-15","4.41"
"EN-004","2011-07-22","4.58"
"EN-004","2011-07-29","4.4"
"EN-004","2011-08-05","4.21"
"EN-004","2011-08-12","4.08"
"EN-004","2011-08-19","4.01"
"EN-004","2011-08-26","4.01"
"EN-004","2011-09-02","4.01"
"EN-004","2011-09-09","3.96"
"EN-004","2011-09-16","3.95"
"EN-004","2011-09-23","3.77"
"EN-004","2011-09-30","3.81"
"EN-004","2011-10-07","3.53"
"EN-004","2011-10-14","3.48"
"EN-004","2011-10-21","3.62"
"EN-004","2011-10-28","3.62"
"EN-004","2011-11-04","3.47"
"EN-004","2011-11-11","3.42"
"EN-004","2011-11-18","3.1"
"EN-004","2011-11-25","2.92"
"EN-004","2011-12-02","3.37"
"EN-004","2011-12-09","3.39"
"EN-004","2011-12-16","3.08"
"EN-004","2011-12-23","3.04"
"EN-004","2011-12-30","3.04"
"EN-004","2012-01-06","2.92"
"EN-004","2012-01-13","2.81"
"EN-004","2012-01-20","2.4"
"EN-004","2012-01-27","2.57"
"EN-004","2012-02-03","2.45"
"EN-004","2012-02-10","2.51"
"EN-004","2012-02-17","2.52"
"EN-004","2012-02-24","2.63"
"EN-004","2012-03-02","2.45"
"EN-004","2012-03-09","2.26"
"EN-004","2012-03-16","2.11"
"EN-004","2012-03-23","2.16"
"EN-004","2012-03-30","2.06"
"EN-004","2012-04-06","1.97"
"EN-004","2012-04-13","1.93"
"EN-004","2012-04-20","1.86"
"EN-004","2012-04-27","2"
"EN-004","2012-05-04","2.26"
"EN-004","2012-05-11","2.33"
"EN-004","2012-05-18","2.49"
"EN-004","2012-05-25","2.59"
"EN-004","2012-06-01","2.37"
"EN-004","2012-06-08","2.33"
"EN-004","2012-06-15","2.24"
"EN-004","2012-06-22","2.52"
"EN-004","2012-06-29","2.76"
"EN-004","2012-07-06","2.84"
"EN-004","2012-07-13","2.82"
"EN-004","2012-07-20","2.92"
"EN-004","2012-07-27","3.13"
"EN-004","2012-08-03","3.12"
"EN-004","2012-08-10","2.92"
"EN-004","2012-08-17","2.77"
"EN-004","2012-08-24","2.79"
"EN-004","2012-08-31","2.72"
"EN-004","2012-09-07","2.82"
"EN-004","2012-09-14","2.88"
"EN-004","2012-09-21","2.76"
"EN-004","2012-09-28","2.93"
"EN-004","2012-10-05","3.22"
"EN-004","2012-10-12","3.26"
"EN-004","2012-10-19","3.31"
"EN-004","2012-10-26","3.41"
"EN-004","2012-11-02","3.44"
"EN-004","2012-11-09","3.4"
"EN-004","2012-11-16","3.54"
"EN-004","2012-11-23","3.61"
"EN-004","2012-11-30","3.66"
"EN-004","2012-12-07","3.41"
"EN-004","2012-12-14","3.3"
"EN-004","2012-12-21","3.3"
"EN-004","2012-12-28","3.34"
"EN-004","2013-01-04","3.28"
"EN-004","2013-01-11","3.18"
"EN-004","2013-01-18","3.44"
"EN-004","2013-01-25","3.54"
"EN-004","2013-02-01","3.26"
"EN-004","2013-02-08","3.33"
"EN-004","2013-02-15","3.26"
"EN-004","2013-02-22","3.28"
"EN-004","2013-03-01","3.48"
"EN-004","2013-03-08","3.57"
"EN-004","2013-03-15","3.74"
"EN-004","2013-03-22","3.99"
"EN-004","2013-03-29","4.05"
"EN-004","2013-04-05","3.99"
"EN-004","2013-04-12","4.13"
"EN-004","2013-04-19","4.25"
"EN-004","2013-04-26","4.24"
"EN-004","2013-05-03","4.23"
"EN-004","2013-05-10","3.89"
"EN-004","2013-05-17","3.95"
"EN-004","2013-05-24","4.14"
"EN-004","2013-05-31","4.12"
"EN-004","2013-06-07","3.94"
"EN-004","2013-06-14","3.77"
"EN-004","2013-06-21","3.87"
"EN-004","2013-06-28","3.72"
"EN-004","2013-07-05","3.54"
"EN-004","2013-07-12","3.66"
"EN-004","2013-07-19","3.69"
"EN-004","2013-07-26","3.67"
"EN-004","2013-08-02","3.45"
"EN-004","2013-08-09","3.32"
"EN-004","2013-08-16","3.35"
"EN-004","2013-08-23","3.49"
"EN-004","2013-08-30","3.55"
"EN-004","2013-09-06","3.64"
"EN-004","2013-09-13","3.61"
"EN-004","2013-09-20","3.71"
"EN-004","2013-09-27","3.55"
"EN-004","2013-10-04","3.56"
"EN-004","2013-10-11","3.7"
"EN-004","2013-10-18","3.79"
"EN-004","2013-10-25","3.69"
"EN-004","2013-11-01","3.55"
"EN-004","2013-11-08","3.47"
"EN-004","2013-11-15","3.62"
"EN-004","2013-11-22","3.68"
"EN-004","2013-11-29","3.87"
"EN-004","2013-12-06","3.94"
"EN-004","2013-12-13","4.31"
"EN-004","2013-12-20","4.25"
"EN-004","2013-12-27","4.45"
"EN-004","2014-01-03","4.36"
"EN-004","2014-01-10","4.31"
"EN-004","2014-01-17","4.39"
"EN-004","2014-01-24","5.08"
"EN-004","2014-01-31","5.29"
"EN-004","2014-02-07","6.35"
"EN-004","2014-02-14","6.55"
"EN-004","2014-02-21","6"
"EN-004","2014-02-28","5.1"
"EN-004","2014-03-07","6.24"
"EN-004","2014-03-14","4.58"
"EN-004","2014-03-21","4.43"
"EN-004","2014-03-28","4.46"
"EN-004","2014-04-04","4.45"
"EN-004","2014-04-11","4.63"
"EN-004","2014-04-18","4.65"
"EN-004","2014-04-25","4.8"
"EN-004","2014-05-02","4.76"
"EN-004","2014-05-09","4.74"
"EN-004","2014-05-16","4.46"
"EN-004","2014-05-23","4.52"
"EN-004","2014-05-30","4.52"
"EN-004","2014-06-06","4.61"
"EN-004","2014-06-13","4.61"
"EN-004","2014-06-20","4.66"
"EN-004","2014-06-27","4.52"
"EN-004","2014-07-04","4.41"
"EN-004","2014-07-11","4.19"
"EN-004","2014-07-18","4.11"
"EN-004","2014-07-25","3.84"
"EN-004","2014-08-01","3.79"
"EN-004","2014-08-08","3.92"
"EN-004","2014-08-15","3.9"
"EN-004","2014-08-22","3.85"
"EN-004","2014-08-29","4.01"
"EN-004","2014-09-05","3.93"
"EN-004","2014-09-12","3.91"
"EN-004","2014-09-19","3.95"
"EN-004","2014-09-26","3.88"
"EN-004","2014-10-03","4.02"
"EN-004","2014-10-10","3.87"
"EN-004","2014-10-17","3.82"
"EN-004","2014-10-24","3.63"
"EN-004","2014-10-31","3.65"
"EN-004","2014-11-07","3.83"
"EN-004","2014-11-14","4.16"
"EN-004","2014-11-21","4.34"
"EN-004","2014-11-28","4.16"
"EN-004","2014-12-05","3.75"
"EN-004","2014-12-12","3.66"
"EN-004","2014-12-19","3.69"
"EN-004","2014-12-26","2.94"
"EN-004","2015-01-02","3.09"
"EN-004","2015-01-09","3.03"
"EN-004","2015-01-16","3.08"
"EN-004","2015-01-23","2.95"
"EN-004","2015-01-30","2.91"
"EN-004","2015-02-06","2.72"
"EN-004","2015-02-13","2.75"
"EN-004","2015-02-20","2.9"
"EN-004","2015-02-27","3.13"
"EN-004","2015-03-06","3.04"
"EN-004","2015-03-13","2.76"
"EN-004","2015-03-20","2.8"
"EN-004","2015-03-27","2.79"
"EN-004","2015-04-03","2.64"
"EN-004","2015-04-10","2.67"
"EN-004","2015-04-17","2.61"
"EN-004","2015-04-24","2.6"
"EN-004","2015-05-01","2.57"
"EN-004","2015-05-08","2.75"
"EN-004","2015-05-15","2.88"
"EN-004","2015-05-22","2.99"
"EN-004","2015-05-29","2.8"
"EN-004","2015-06-05","2.65"
"EN-004","2015-06-12","2.78"
"EN-004","2015-06-19","2.9"
"EN-004","2015-06-26","2.8"
"EN-004","2015-07-03","2.79"
"EN-004","2015-07-10","2.75"
"EN-004","2015-07-17","2.89"
"EN-004","2015-07-24","2.88"
"EN-004","2015-07-31","2.87"
"EN-004","2015-08-07","2.8"
"EN-004","2015-08-14","2.88"
"EN-004","2015-08-21","2.75"
"EN-004","2015-08-28","2.69"
"EN-004","2015-09-04","2.69"
"EN-004","2015-09-11","2.7"
"EN-004","2015-09-18","2.7"
"EN-004","2015-09-25","2.61"
"EN-004","2015-10-02","2.49"
"EN-004","2015-10-09","2.38"
"EN-004","2015-10-16","2.48"
"EN-004","2015-10-23","2.38"
"EN-004","2015-10-30","2.12"
"EN-004","2015-11-06","2.02"
"EN-004","2015-11-13","2.11"
"EN-004","2015-11-20","2.09"
"EN-004","2015-11-27","2.15"
"EN-004","2015-12-04","2.13"
"EN-004","2015-12-11","1.96"
"EN-004","2015-12-18","1.72"
"EN-004","2015-12-25","1.68"
"EN-004","2016-01-01","2.27"
"EN-004","2016-01-08","2.38"
"EN-004","2016-01-15","2.32"
"EN-004","2016-01-22","2.2"
"EN-004","2016-01-29","2.22"
"EN-004","2016-02-05","2.11"
"EN-004","2016-02-12","2.16"
"EN-004","2016-02-19","1.94"
"EN-004","2016-02-26","1.82"
"EN-004","2016-03-04","1.57"
"EN-004","2016-03-11","1.64"
"EN-004","2016-03-18","1.79"
"EN-004","2016-03-25","1.79"
"EN-004","2016-04-01","1.86"
"EN-004","2016-04-08","1.96"
"EN-004","2016-04-15","1.9"
"EN-004","2016-04-22","1.91"
"EN-004","2016-04-29","1.92"
"EN-004","2016-05-06","1.96"
"EN-004","2016-05-13","2"
"EN-004","2016-05-20","1.89"
"EN-004","2016-05-27","1.84"
"EN-004","2016-06-03","2.15"
"EN-004","2016-06-10","2.36"
"EN-004","2016-06-17","2.59"
"EN-004","2016-06-24","2.75"
"EN-004","2016-07-01","2.89"
"EN-004","2016-07-08","2.82"
"EN-004","2016-07-15","2.81"
"EN-004","2016-07-22","2.79"
"EN-004","2016-07-29","2.85"
"EN-004","2016-08-05","2.88"
"EN-004","2016-08-12","2.77"
"EN-004","2016-08-19","2.73"
"EN-004","2016-08-26","2.82"
"EN-004","2016-09-02","2.94"
"EN-004","2016-09-09","2.87"
"EN-004","2016-09-16","3.02"
"EN-004","2016-09-23","3.11"
"EN-004","2016-09-30","3.01"
"EN-004","2016-10-07","2.91"
"EN-004","2016-10-14","3.17"
"EN-004","2016-10-21","3.14"
"EN-004","2016-10-28","2.72"
"EN-004","2016-11-04","2.5"
"EN-004","2016-11-11","2.22"
"EN-004","2016-11-18","2.44"
"EN-004","2016-11-25","2.76"
"EN-004","2016-12-02","3.21"
"EN-004","2016-12-09","3.69"
"EN-004","2016-12-16","3.57"
"EN-004","2016-12-23","3.51"
"EN-004","2016-12-30","3.69"
"EN-004","2017-01-06","3.47"
"EN-004","2017-01-13","3.27"
"EN-004","2017-01-20","3.29"
"EN-004","2017-01-27","3.27"
"EN-004","2017-02-03","3.12"
"EN-004","2017-02-10","3.04"
"EN-004","2017-02-17","2.87"
"EN-004","2017-02-24","2.62"
"EN-004","2017-03-03","2.52"
"EN-004","2017-03-10","2.75"
"EN-004","2017-03-17","2.96"
"EN-004","2017-03-24","2.99"
"EN-004","2017-03-31","3.03"
"EN-004","2017-04-07","3.18"
"EN-004","2017-04-14","3.05"
"EN-004","2017-04-21","3.1"
"EN-004","2017-04-28","3.09"
"EN-004","2017-05-05","3.14"
"EN-004","2017-05-12","3.12"
"EN-004","2017-05-19","3.21"
"EN-004","2017-05-26","3.18"
"EN-004","2017-06-02","3.03"
"EN-004","2017-06-09","2.98"
"EN-004","2017-06-16","3.03"
"EN-004","2017-06-23","2.89"
"EN-004","2017-06-30","3.01"
"EN-004","2017-07-07","2.95"
"EN-004","2017-07-14","2.96"
"EN-004","2017-07-21","3.09"
"EN-004","2017-07-28","2.96"
"EN-004","2017-08-04","2.8"
"EN-004","2017-08-11","2.85"
"EN-004","2017-08-18","2.95"
"EN-004","2017-08-25","2.97"
"EN-004","2017-09-01","2.93"
"EN-004","2017-09-08","2.91"
"EN-004","2017-09-15","2.96"
"EN-004","2017-09-22","3.09"
"EN-004","2017-09-29","2.96"
"EN-004","2017-10-06","2.84"
"EN-004","2017-10-13","2.92"
"EN-004","2017-10-20","2.84"
"EN-004","2017-10-27","2.91"
"EN-004","2017-11-03","2.78"
"EN-004","2017-11-10","3.12"
"EN-004","2017-11-17","3.1"
"EN-004","2017-11-24","3.05"
"EN-004","2017-12-01","2.94"
"EN-004","2017-12-08","2.84"
"EN-004","2017-12-15","2.77"
"EN-004","2017-12-22","2.69"
"EN-004","2017-12-29","3.03"
"EN-004","2018-01-05","5.71"
"EN-004","2018-01-12","3.24"
"EN-004","2018-01-19","4.12"
"EN-004","2018-01-26","3.43"
"EN-004","2018-02-02","3.3"
"EN-004","2018-02-09","2.75"
"EN-004","2018-02-16","2.54"
"EN-004","2018-02-23","2.62"
"EN-004","2018-03-02","2.64"
"EN-004","2018-03-09","2.74"
"EN-004","2018-03-16","2.71"
"EN-004","2018-03-23","2.66"
"EN-004","2018-03-30","2.67"
"EN-004","2018-04-06","2.79"
"EN-004","2018-04-13","2.78"
"EN-004","2018-04-20","2.83"
"EN-004","2018-04-27","2.8"
"EN-004","2018-05-04","2.75"
"EN-004","2018-05-11","2.76"
"EN-004","2018-05-18","2.8"
"EN-004","2018-05-25","2.83"
"EN-004","2018-06-01","2.88"
"EN-004","2018-06-08","2.92"
"EN-004","2018-06-15","2.99"
"EN-004","2018-06-22","2.99"
"EN-004","2018-06-29","2.98"
"EN-004","2018-07-06","2.91"
"EN-004","2018-07-13","2.89"
"EN-004","2018-07-20","2.78"
"EN-004","2018-07-27","2.79"
"EN-004","2018-08-03","2.8"
"EN-004","2018-08-10","2.96"
"EN-004","2018-08-17","3"
"EN-004","2018-08-24","3.01"
"EN-004","2018-08-31","2.97"
"EN-004","2018-09-07","2.94"
"EN-004","2018-09-14","2.93"
"EN-004","2018-09-21","3.03"
"EN-004","2018-09-28","3.06"
"EN-004","2018-10-05","3.23"
"EN-004","2018-10-12","3.3"
"EN-004","2018-10-19","3.26"
"EN-004","2018-10-26","3.32"
"EN-004","2018-11-02","3.28"
"EN-004","2018-11-09","3.58"
"EN-004","2018-11-16","4.23"
"EN-004","2018-11-23","4.67"
"EN-004","2018-11-30","4.43"
"EN-004","2018-12-07","4.49"
"EN-004","2018-12-14","4.38"
"EN-004","2018-12-21","3.73"
"EN-004","2018-12-28","3.26"
"EN-004","2019-01-04","2.92"
"EN-004","2019-01-11","2.89"
"EN-004","2019-01-18","3.5"
"EN-004","2019-01-25","3.19"
"EN-004","2019-02-01","2.9"
"EN-004","2019-02-08","2.59"
"EN-004","2019-02-15","2.65"
"EN-004","2019-02-22","2.71"
"EN-004","2019-03-01","2.91"
"EN-004","2019-03-08","3.28"
"EN-004","2019-03-15","2.89"
"EN-004","2019-03-22","2.86"
"EN-004","2019-03-29","2.71"
"EN-004","2019-04-05","2.7"
"EN-004","2019-04-12","2.72"
"EN-004","2019-04-19","2.62"
"EN-004","2019-04-26","2.56"
"EN-004","2019-05-03","2.59"
"EN-004","2019-05-10","2.6"
"EN-004","2019-05-17","2.67"
"EN-004","2019-05-24","2.66"
"EN-004","2019-05-31","2.66"
"EN-004","2019-06-07","2.45"
"EN-004","2019-06-14","2.41"
"EN-004","2019-06-21","2.4"
"EN-004","2019-06-28","2.34"
"EN-004","2019-07-05","2.31"
"EN-004","2019-07-12","2.47"
"EN-004","2019-07-19","2.44"
"EN-004","2019-07-26","2.3"
"EN-004","2019-08-02","2.24"
"EN-004","2019-08-09","2.11"
"EN-004","2019-08-16","2.21"
"EN-004","2019-08-23","2.27"
"EN-004","2019-08-30","2.28"
"EN-004","2019-09-06","2.46"
"EN-004","2019-09-13","2.64"
"EN-004","2019-09-20","2.63"
"EN-004","2019-09-27","2.52"
"EN-004","2019-10-04","2.33"
"EN-004","2019-10-11","2.26"
"EN-004","2019-10-18","2.25"
"EN-004","2019-10-25","2.25"
"EN-004","2019-11-01","2.62"
"EN-004","2019-11-08","2.82"
"EN-004","2019-11-15","2.73"
"EN-004","2019-11-22","2.58"
"EN-004","2019-11-29","2.49"
"EN-004","2019-12-06","2.38"
"EN-004","2019-12-13","2.24"
"EN-004","2019-12-20","2.28"
"EN-004","2019-12-27","2.03"
"EN-004","2020-01-03","2.06"
"EN-004","2020-01-10","2.1"
"EN-004","2020-01-17","2.06"
"EN-004","2020-01-24","1.93"
"EN-004","2020-01-31","1.95"
"EN-004","2020-02-07","1.89"
"EN-004","2020-02-14","1.9"
"EN-004","2020-02-21","2"
"EN-004","2020-02-28","1.88"
"EN-004","2020-03-06","1.8"
"EN-004","2020-03-13","1.87"
"EN-004","2020-03-20","1.79"
"EN-004","2020-03-27","1.73"
"EN-004","2020-04-03","1.62"
"EN-004","2020-04-10","1.77"
"EN-004","2020-04-17","1.72"
"EN-004","2020-04-24","1.85"
"EN-004","2020-05-01","1.71"
"EN-004","2020-05-08","1.84"
"EN-004","2020-05-15","1.63"
"EN-004","2020-05-22","1.78"
"EN-004","2020-05-29","1.76"
"EN-004","2020-06-05","1.7"
"EN-004","2020-06-12","1.7"
"EN-004","2020-06-19","1.52"
"EN-004","2020-06-26","1.57"
"EN-004","2020-07-03","1.67"
"EN-004","2020-07-10","1.78"
"EN-004","2020-07-17","1.77"
"EN-004","2020-07-24","1.72"
"EN-004","2020-07-31","1.82"
"EN-004","2020-08-07","2.13"
"EN-004","2020-08-14","2.17"
"EN-004","2020-08-21","2.39"
"EN-004","2020-08-28","2.52"
"EN-004","2020-09-04","2.16"
"EN-004","2020-09-11","2.16"
"EN-004","2020-09-18","1.93"
"EN-004","2020-09-25","1.68"
"EN-004","2020-10-02","1.65"
"EN-004","2020-10-09","1.91"
"EN-004","2020-10-16","2.17"
"EN-004","2020-10-23","2.74"
"EN-004","2020-10-30","3.09"
"EN-004","2020-11-06","2.78"
"EN-004","2020-11-13","2.75"
"EN-004","2020-11-20","2.39"
"EN-004","2020-11-27","2.39"
"EN-004","2020-12-04","2.69"
"EN-004","2020-12-11","2.44"
"EN-004","2020-12-18","2.7"
"EN-004","2020-12-25","2.72"
"EN-004","2021-01-01","2.38"
"EN-004","2021-01-08","2.74"
"EN-004","2021-01-15","2.82"
"EN-004","2021-01-22","2.54"
"EN-004","2021-01-29","2.71"
"EN-004","2021-02-05","3.12"
"EN-004","2021-02-12","4.63"
"EN-004","2021-02-19","12.18"
"EN-004","2021-02-26","2.86"
"EN-004","2021-03-05","2.79"
"EN-004","2021-03-12","2.65"
"EN-004","2021-03-19","2.53"
"EN-004","2021-03-26","2.54"
"EN-004","2021-04-02","2.54"
"EN-004","2021-04-09","2.45"
"EN-004","2021-04-16","2.59"
"EN-004","2021-04-23","2.76"
"EN-004","2021-04-30","2.88"
"EN-004","2021-05-07","2.95"
"EN-004","2021-05-14","2.93"
"EN-004","2021-05-21","2.91"
"EN-004","2021-05-28","2.86"
"EN-004","2021-06-04","3.03"
"EN-004","2021-06-11","3.12"
"EN-004","2021-06-18","3.28"
"EN-004","2021-06-25","3.28"
"EN-004","2021-07-02","3.72"
"EN-004","2021-07-09","3.65"
"EN-004","2021-07-16","3.73"
"EN-004","2021-07-23","3.93"
"EN-004","2021-07-30","4.06"
"EN-004","2021-08-06","4.15"
"EN-004","2021-08-13","4.1"
"EN-004","2021-08-20","3.9"
"EN-004","2021-08-27","4.07"
"EN-004","2021-09-03","4.49"
"EN-004","2021-09-10","4.87"
"EN-004","2021-09-17","5.42"
"EN-004","2021-09-24","5.03"
"EN-004","2021-10-01","5.68"
"EN-004","2021-10-08","5.87"
"EN-004","2021-10-15","5.54"
"EN-004","2021-10-22","4.95"
"EN-004","2021-10-29","5.68"
"EN-004","2021-11-05","5.48"
"EN-004","2021-11-12","4.99"
"EN-004","2021-11-19","4.91"
"EN-004","2021-11-26","4.9"
"EN-004","2021-12-03","4.32"
"EN-004","2021-12-10","3.68"
"EN-004","2021-12-17","3.78"
"EN-004","2021-12-24","3.85"
"EN-004","2021-12-31","3.57"
"EN-004","2022-01-07","3.8"
"EN-004","2022-01-14","4.42"
"EN-004","2022-01-21","4.5"
"EN-004","2022-01-28","4.6"
"EN-004","2022-02-04","5.78"
"EN-004","2022-02-11","4.19"
"EN-004","2022-02-18","4.39"
"EN-004","2022-02-25","4.62"
"EN-004","2022-03-04","4.57"
"EN-004","2022-03-11","4.7"
"EN-004","2022-03-18","4.68"
"EN-004","2022-03-25","5.14"
"EN-004","2022-04-01","5.41"
"EN-004","2022-04-08","6.08"
"EN-004","2022-04-15","6.64"
"EN-004","2022-04-22","7.1"
"EN-004","2022-04-29","6.81"
"EN-004","2022-05-06","8.04"
"EN-004","2022-05-13","7.47"
"EN-004","2022-05-20","8.21"
"EN-004","2022-05-27","8.79"
"EN-004","2022-06-03","8.54"
"EN-004","2022-06-10","8.95"
"EN-004","2022-06-17","7.93"
"EN-004","2022-06-24","6.43"
"EN-004","2022-07-01","6.35"
"EN-004","2022-07-08","5.9"
"EN-004","2022-07-15","6.76"
"EN-004","2022-07-22","7.76"
"EN-004","2022-07-29","8.74"
"EN-004","2022-08-05","8.14"
"EN-004","2022-08-12","8.15"
"EN-004","2022-08-19","9.19"
"EN-004","2022-08-26","9.56"
"EN-004","2022-09-02","9.17"
"EN-004","2022-09-09","8.3"
"EN-004","2022-09-16","8.42"
"EN-004","2022-09-23","7.69"
"EN-004","2022-09-30","6.63"
"EN-004","2022-10-07","6.01"
"EN-004","2022-10-14","6.29"
"EN-004","2022-10-21","5.48"
"EN-004","2022-10-28","5.12"
"EN-004","2022-11-04","4.57"
"EN-004","2022-11-11","4.34"
"EN-004","2022-11-18","6.06"
"EN-004","2022-11-25","6.41"
"EN-004","2022-12-02","6.06"
"EN-004","2022-12-09","4.6"
"EN-004","2022-12-16","6.78"
"EN-004","2022-12-23","6.35"
"EN-004","2022-12-30","4.06"
"EN-004","2023-01-06","3.65"
"EN-004","2023-01-13","3.46"
"EN-004","2023-01-20","3.17"
"EN-004","2023-01-27","3.08"
"EN-004","2023-02-03","2.64"
"EN-004","2023-02-10","2.34"
"EN-004","2023-02-17","2.41"
"EN-004","2023-02-24","2.18"
"EN-004","2023-03-03","2.6"
"EN-004","2023-03-10","2.48"
"EN-004","2023-03-17","2.47"
"EN-004","2023-03-24","2.06"
"EN-004","2023-03-31","2.01"
"EN-004","2023-04-07","2.14"
"EN-004","2023-04-14","2.09"
"EN-004","2023-04-21","2.21"
"EN-004","2023-04-28","2.2"
"EN-004","2023-05-05","2.03"
"EN-004","2023-05-12","2.1"
"EN-004","2023-05-19","2.29"
"EN-004","2023-05-26","2.17"
"EN-004","2023-06-02","1.93"
"EN-004","2023-06-09","1.99"
"EN-004","2023-06-16","2.05"
"EN-004","2023-06-23","2.28"
"EN-004","2023-06-30","2.58"
"EN-004","2023-07-07","2.53"
"EN-004","2023-07-14","2.53"
"EN-004","2023-07-21","2.54"
"EN-004","2023-07-28","2.59"
"EN-004","2023-08-04","2.49"
"EN-004","2023-08-11","2.76"
"EN-004","2023-08-18","2.59"
"EN-004","2023-08-25","2.53"
"EN-004","2023-09-01","2.57"
"EN-004","2023-09-08","2.52"
"EN-004","2023-09-15","2.71"
"EN-004","2023-09-22","2.62"
"EN-004","2023-09-29","2.66"
"EN-004","2023-10-06","2.91"
"EN-004","2023-10-13","3.2"
"EN-004","2023-10-20","2.86"
"EN-004","2023-10-27","2.89"
"EN-004","2023-11-03","3.17"
"EN-004","2023-11-10","2.46"
"EN-004","2023-11-17","2.74"
"EN-004","2023-11-24","2.64"
"EN-004","2023-12-01","2.72"
"EN-004","2023-12-08","2.62"
"EN-004","2023-12-15","2.38"
"EN-004","2023-12-22","2.5"
"EN-004","2023-12-29","2.56"
"EN-004","2024-01-05","2.68"
"EN-004","2024-01-12","5.11"
"EN-004","2024-01-19","2.92"
"EN-004","2024-01-26","2.38"
"EN-004","2024-02-02","2.21"
"EN-004","2024-02-09","1.93"
"EN-004","2024-02-16","1.59"
"EN-004","2024-02-23","1.56"
"EN-004","2024-03-01","1.58"
"EN-004","2024-03-08","1.55"
"EN-004","2024-03-15","1.4"
"EN-004","2024-03-22","1.54"
"EN-004","2024-03-29","1.48"
"EN-004","2024-04-05","1.7"
"EN-004","2024-04-12","1.69"
"EN-004","2024-04-19","1.46"
"EN-004","2024-04-26","1.54"
"EN-004","2024-05-03","1.64"
"EN-004","2024-05-10","2"
"EN-004","2024-05-17","2.23"
"EN-004","2024-05-24","2.48"
"EN-004","2024-05-31","2.03"
"EN-004","2024-06-07","2.43"
"EN-004","2024-06-14","2.73"
"EN-004","2024-06-21","2.44"
"EN-004","2024-06-28","2.52"
"EN-004","2024-07-05","2.08"
"EN-004","2024-07-12","2.26"
"EN-004","2024-07-19","2.02"
"EN-004","2024-07-26","2.06"
"EN-004","2024-08-02","1.9"
"EN-004","2024-08-09","1.88"
"EN-004","2024-08-16","2.13"
"EN-004","2024-08-23","2.04"
"EN-004","2024-08-30","1.94"
"EN-004","2024-09-06","2.02"
"EN-004","2024-09-13","2.13"
"EN-004","2024-09-20","2.26"
"EN-004","2024-09-27","2.56"
"EN-004","2024-10-04","2.66"
"EN-004","2024-10-11","2.4"
"EN-004","2024-10-18","2.15"
"EN-004","2024-10-25","1.88"
"EN-004","2024-11-01","1.83"
"EN-004","2024-11-08","1.5"
"EN-004","2024-11-15","1.79"
"EN-004","2024-11-22","2.35"
"EN-004","2024-11-29","3.19"
"EN-004","2024-12-06","2.9"
"EN-004","2024-12-13","3.03"
"EN-004","2024-12-20","3"
"EN-004","2024-12-27","2.94"
"EN-004","2025-01-03","3.46"
"EN-004","2025-01-10","3.93"
"EN-004","2025-01-17","5.47"
"EN-004","2025-01-24","4.02"
"EN-004","2025-01-31","3.31"
"EN-004","2025-02-07","3.28"
"EN-004","2025-02-14","4.03"
"EN-004","2025-02-21","5.9"
"EN-004","2025-02-28","3.89"
"EN-004","2025-03-07","4.27"
"EN-004","2025-03-14","4.15"
"EN-004","2025-03-21","4.14"
"EN-004","2025-03-28","3.92"
"EN-004","2025-04-04","4.07"
"EN-004","2025-04-11","3.67"
"EN-004","2025-04-18","3.26"
"EN-004","2025-04-25","3"
"EN-004","2025-05-02","3.09"
"EN-004","2025-05-09","3.19"
"EN-004","2025-05-16","3.2"
"EN-004","2025-05-23","3.05"
"EN-004","2025-05-30","3.03"
"EN-004","2025-06-06","2.84"
"EN-004","2025-06-13","2.84"
"EN-004","2025-06-20","3.08"
"EN-004","2025-06-27","3.3"
"EN-004","2025-07-04","3.19"
"EN-004","2025-07-11","3.17"
"EN-004","2025-07-18","3.39"
"EN-004","2025-07-25","3.19"
"EN-004","2025-08-01","3.03"
"EN-004","2025-08-08","2.99"
"EN-004","2025-08-15","2.94"
"EN-004","2025-08-22","2.85"
"EN-004","2025-08-29","2.85"
"EN-004","2025-09-05","2.97"
"EN-004","2025-09-12","2.96"
"EN-004","2025-09-19","3.05"
"EN-004","2025-09-26","2.91"
"EN-004","2025-10-03","3.16"
"EN-004","2025-10-10","3.23"
"EN-004","2025-10-17","2.8"
"EN-004","2025-10-24","3.25"
"EN-004","2025-10-31","3.42"
"EN-004","2025-11-07","3.54"
"EN-004","2025-11-14","3.62"
"EN-004","2025-11-21","3.89"
"EN-004","2025-11-28","4.29"
"EN-004","2025-12-05","4.97"
"EN-004","2025-12-12","4.6"
"EN-004","2025-12-19","3.71"
"EN-004","2025-12-26","3.45"
"EN-004","2026-01-02","4.25"
"EN-004","2026-01-09","2.91"
"EN-004","2026-01-16","3"
"EN-004","2026-01-23","12.02"
"EN-004","2026-01-30","13.8"
"EN-004","2026-02-06","5.01"
"EN-004","2026-02-13","3.27"
"EN-004","2026-02-20","3.08"
"EN-004","2026-02-27","3.01"
"EN-004","2026-03-06","2.99"
"EN-004","2026-03-13","3.19"
"EN-004","2026-03-20","3.11"
"EN-004","2026-03-27","2.95"
"EN-004","2026-04-03","2.9"
"EN-004","2026-04-10","2.85"
"EN-004","2026-04-17","2.77"
"EN-004","2026-04-24","2.7"
"EN-004","2026-05-01","2.66"
"EN-004","2026-05-08","2.74"
"EN-004","2026-05-15","2.86"
"EN-004","2026-05-22","3.11"
"EN-004","2026-05-29","3.16"
"EN-004","2026-06-05","3.03"
"EN-004","2026-06-12","3.16"
"EN-004","2026-06-19","3.12"
"EN-004","2026-06-26","3.2"
"EN-005","1994-03-21","1.106"
"EN-005","1994-03-28","1.107"
"EN-005","1994-04-04","1.109"
"EN-005","1994-04-11","1.108"
"EN-005","1994-04-18","1.105"
"EN-005","1994-04-25","1.106"
"EN-005","1994-05-02","1.104"
"EN-005","1994-05-09","1.101"
"EN-005","1994-05-16","1.099"
"EN-005","1994-05-23","1.099"
"EN-005","1994-05-30","1.098"
"EN-005","1994-06-06","1.101"
"EN-005","1994-06-13","1.098"
"EN-005","1994-06-20","1.103"
"EN-005","1994-06-27","1.108"
"EN-005","1994-07-04","1.109"
"EN-005","1994-07-11","1.11"
"EN-005","1994-07-18","1.111"
"EN-005","1994-07-25","1.111"
"EN-005","1994-08-01","1.116"
"EN-005","1994-08-08","1.127"
"EN-005","1994-08-15","1.127"
"EN-005","1994-08-22","1.124"
"EN-005","1994-08-29","1.122"
"EN-005","1994-09-05","1.126"
"EN-005","1994-09-12","1.128"
"EN-005","1994-09-19","1.126"
"EN-005","1994-09-26","1.12"
"EN-005","1994-10-03","1.118"
"EN-005","1994-10-10","1.117"
"EN-005","1994-10-17","1.119"
"EN-005","1994-10-24","1.122"
"EN-005","1994-10-31","1.133"
"EN-005","1994-11-07","1.133"
"EN-005","1994-11-14","1.135"
"EN-005","1994-11-21","1.13"
"EN-005","1994-11-28","1.126"
"EN-005","1994-12-05","1.123"
"EN-005","1994-12-12","1.114"
"EN-005","1994-12-19","1.109"
"EN-005","1994-12-26","1.106"
"EN-005","1995-01-02","1.104"
"EN-005","1995-01-09","1.102"
"EN-005","1995-01-16","1.1"
"EN-005","1995-01-23","1.095"
"EN-005","1995-01-30","1.09"
"EN-005","1995-02-06","1.086"
"EN-005","1995-02-13","1.088"
"EN-005","1995-02-20","1.088"
"EN-005","1995-02-27","1.089"
"EN-005","1995-03-06","1.089"
"EN-005","1995-03-13","1.088"
"EN-005","1995-03-20","1.085"
"EN-005","1995-03-27","1.088"
"EN-005","1995-04-03","1.094"
"EN-005","1995-04-10","1.101"
"EN-005","1995-04-17","1.106"
"EN-005","1995-04-24","1.115"
"EN-005","1995-05-01","1.119"
"EN-005","1995-05-08","1.126"
"EN-005","1995-05-15","1.126"
"EN-005","1995-05-22","1.124"
"EN-005","1995-05-29","1.13"
"EN-005","1995-06-05","1.124"
"EN-005","1995-06-12","1.122"
"EN-005","1995-06-19","1.117"
"EN-005","1995-06-26","1.112"
"EN-005","1995-07-03","1.106"
"EN-005","1995-07-10","1.103"
"EN-005","1995-07-17","1.099"
"EN-005","1995-07-24","1.098"
"EN-005","1995-07-31","1.093"
"EN-005","1995-08-07","1.099"
"EN-005","1995-08-14","1.106"
"EN-005","1995-08-21","1.106"
"EN-005","1995-08-28","1.109"
"EN-005","1995-09-04","1.115"
"EN-005","1995-09-11","1.119"
"EN-005","1995-09-18","1.122"
"EN-005","1995-09-25","1.121"
"EN-005","1995-10-02","1.117"
"EN-005","1995-10-09","1.117"
"EN-005","1995-10-16","1.117"
"EN-005","1995-10-23","1.114"
"EN-005","1995-10-30","1.11"
"EN-005","1995-11-06","1.118"
"EN-005","1995-11-13","1.118"
"EN-005","1995-11-20","1.119"
"EN-005","1995-11-27","1.124"
"EN-005","1995-12-04","1.123"
"EN-005","1995-12-11","1.124"
"EN-005","1995-12-18","1.13"
"EN-005","1995-12-25","1.141"
"EN-005","1996-01-01","1.148"
"EN-005","1996-01-08","1.146"
"EN-005","1996-01-15","1.152"
"EN-005","1996-01-22","1.144"
"EN-005","1996-01-29","1.136"
"EN-005","1996-02-05","1.13"
"EN-005","1996-02-12","1.134"
"EN-005","1996-02-19","1.151"
"EN-005","1996-02-26","1.164"
"EN-005","1996-03-04","1.175"
"EN-005","1996-03-11","1.173"
"EN-005","1996-03-18","1.172"
"EN-005","1996-03-25","1.21"
"EN-005","1996-04-01","1.222"
"EN-005","1996-04-08","1.249"
"EN-005","1996-04-15","1.305"
"EN-005","1996-04-22","1.304"
"EN-005","1996-04-29","1.285"
"EN-005","1996-05-06","1.292"
"EN-005","1996-05-13","1.285"
"EN-005","1996-05-20","1.274"
"EN-005","1996-05-27","1.254"
"EN-005","1996-06-03","1.24"
"EN-005","1996-06-10","1.215"
"EN-005","1996-06-17","1.193"
"EN-005","1996-06-24","1.179"
"EN-005","1996-07-01","1.172"
"EN-005","1996-07-08","1.173"
"EN-005","1996-07-15","1.178"
"EN-005","1996-07-22","1.184"
"EN-005","1996-07-29","1.178"
"EN-005","1996-08-05","1.184"
"EN-005","1996-08-12","1.191"
"EN-005","1996-08-19","1.206"
"EN-005","1996-08-26","1.222"
"EN-005","1996-09-02","1.231"
"EN-005","1996-09-09","1.25"
"EN-005","1996-09-16","1.276"
"EN-005","1996-09-23","1.277"
"EN-005","1996-09-30","1.289"
"EN-005","1996-10-07","1.308"
"EN-005","1996-10-14","1.326"
"EN-005","1996-10-21","1.329"
"EN-005","1996-10-28","1.329"
"EN-005","1996-11-04","1.323"
"EN-005","1996-11-11","1.316"
"EN-005","1996-11-18","1.324"
"EN-005","1996-11-25","1.327"
"EN-005","1996-12-02","1.323"
"EN-005","1996-12-09","1.32"
"EN-005","1996-12-16","1.307"
"EN-005","1996-12-23","1.3"
"EN-005","1996-12-30","1.295"
"EN-005","1997-01-06","1.291"
"EN-005","1997-01-13","1.296"
"EN-005","1997-01-20","1.293"
"EN-005","1997-01-27","1.283"
"EN-005","1997-02-03","1.288"
"EN-005","1997-02-10","1.285"
"EN-005","1997-02-17","1.278"
"EN-005","1997-02-24","1.269"
"EN-005","1997-03-03","1.252"
"EN-005","1997-03-10","1.23"
"EN-005","1997-03-17","1.22"
"EN-005","1997-03-24","1.22"
"EN-005","1997-03-31","1.225"
"EN-005","1997-04-07","1.217"
"EN-005","1997-04-14","1.216"
"EN-005","1997-04-21","1.211"
"EN-005","1997-04-28","1.205"
"EN-005","1997-05-05","1.205"
"EN-005","1997-05-12","1.191"
"EN-005","1997-05-19","1.191"
"EN-005","1997-05-26","1.196"
"EN-005","1997-06-02","1.19"
"EN-005","1997-06-09","1.187"
"EN-005","1997-06-16","1.172"
"EN-005","1997-06-23","1.162"
"EN-005","1997-06-30","1.153"
"EN-005","1997-07-07","1.159"
"EN-005","1997-07-14","1.152"
"EN-005","1997-07-21","1.147"
"EN-005","1997-07-28","1.145"
"EN-005","1997-08-04","1.155"
"EN-005","1997-08-11","1.168"
"EN-005","1997-08-18","1.167"
"EN-005","1997-08-25","1.169"
"EN-005","1997-09-01","1.165"
"EN-005","1997-09-08","1.163"
"EN-005","1997-09-15","1.156"
"EN-005","1997-09-22","1.154"
"EN-005","1997-09-29","1.16"
"EN-005","1997-10-06","1.175"
"EN-005","1997-10-13","1.185"
"EN-005","1997-10-20","1.185"
"EN-005","1997-10-27","1.185"
"EN-005","1997-11-03","1.188"
"EN-005","1997-11-10","1.19"
"EN-005","1997-11-17","1.195"
"EN-005","1997-11-24","1.193"
"EN-005","1997-12-01","1.189"
"EN-005","1997-12-08","1.174"
"EN-005","1997-12-15","1.162"
"EN-005","1997-12-22","1.155"
"EN-005","1997-12-29","1.15"
"EN-005","1998-01-05","1.147"
"EN-005","1998-01-12","1.126"
"EN-005","1998-01-19","1.109"
"EN-005","1998-01-26","1.096"
"EN-005","1998-02-02","1.091"
"EN-005","1998-02-09","1.085"
"EN-005","1998-02-16","1.082"
"EN-005","1998-02-23","1.079"
"EN-005","1998-03-02","1.074"
"EN-005","1998-03-09","1.066"
"EN-005","1998-03-16","1.057"
"EN-005","1998-03-23","1.049"
"EN-005","1998-03-30","1.068"
"EN-005","1998-04-06","1.067"
"EN-005","1998-04-13","1.065"
"EN-005","1998-04-20","1.065"
"EN-005","1998-04-27","1.07"
"EN-005","1998-05-04","1.072"
"EN-005","1998-05-11","1.075"
"EN-005","1998-05-18","1.069"
"EN-005","1998-05-25","1.06"
"EN-005","1998-06-01","1.053"
"EN-005","1998-06-08","1.045"
"EN-005","1998-06-15","1.04"
"EN-005","1998-06-22","1.033"
"EN-005","1998-06-29","1.034"
"EN-005","1998-07-06","1.036"
"EN-005","1998-07-13","1.031"
"EN-005","1998-07-20","1.027"
"EN-005","1998-07-27","1.02"
"EN-005","1998-08-03","1.016"
"EN-005","1998-08-10","1.01"
"EN-005","1998-08-17","1.007"
"EN-005","1998-08-24","1.004"
"EN-005","1998-08-31","1"
"EN-005","1998-09-07","1.009"
"EN-005","1998-09-14","1.019"
"EN-005","1998-09-21","1.03"
"EN-005","1998-09-28","1.039"
"EN-005","1998-10-05","1.041"
"EN-005","1998-10-12","1.041"
"EN-005","1998-10-19","1.036"
"EN-005","1998-10-26","1.036"
"EN-005","1998-11-02","1.035"
"EN-005","1998-11-09","1.034"
"EN-005","1998-11-16","1.026"
"EN-005","1998-11-23","1.012"
"EN-005","1998-11-30","1.004"
"EN-005","1998-12-07","0.986"
"EN-005","1998-12-14","0.972"
"EN-005","1998-12-21","0.968"
"EN-005","1998-12-28","0.966"
"EN-005","1999-01-04","0.965"
"EN-005","1999-01-11","0.967"
"EN-005","1999-01-18","0.97"
"EN-005","1999-01-25","0.964"
"EN-005","1999-02-01","0.962"
"EN-005","1999-02-08","0.962"
"EN-005","1999-02-15","0.959"
"EN-005","1999-02-22","0.953"
"EN-005","1999-03-01","0.956"
"EN-005","1999-03-08","0.964"
"EN-005","1999-03-15","1"
"EN-005","1999-03-22","1.018"
"EN-005","1999-03-29","1.046"
"EN-005","1999-04-05","1.075"
"EN-005","1999-04-12","1.084"
"EN-005","1999-04-19","1.08"
"EN-005","1999-04-26","1.078"
"EN-005","1999-05-03","1.078"
"EN-005","1999-05-10","1.083"
"EN-005","1999-05-17","1.075"
"EN-005","1999-05-24","1.066"
"EN-005","1999-05-31","1.065"
"EN-005","1999-06-07","1.059"
"EN-005","1999-06-14","1.068"
"EN-005","1999-06-21","1.082"
"EN-005","1999-06-28","1.087"
"EN-005","1999-07-05","1.102"
"EN-005","1999-07-12","1.114"
"EN-005","1999-07-19","1.133"
"EN-005","1999-07-26","1.137"
"EN-005","1999-08-02","1.146"
"EN-005","1999-08-09","1.156"
"EN-005","1999-08-16","1.178"
"EN-005","1999-08-23","1.186"
"EN-005","1999-08-30","1.194"
"EN-005","1999-09-06","1.198"
"EN-005","1999-09-13","1.209"
"EN-005","1999-09-20","1.226"
"EN-005","1999-09-27","1.226"
"EN-005","1999-10-04","1.234"
"EN-005","1999-10-11","1.228"
"EN-005","1999-10-18","1.224"
"EN-005","1999-10-25","1.226"
"EN-005","1999-11-01","1.229"
"EN-005","1999-11-08","1.234"
"EN-005","1999-11-15","1.261"
"EN-005","1999-11-22","1.289"
"EN-005","1999-11-29","1.304"
"EN-005","1999-12-06","1.294"
"EN-005","1999-12-13","1.288"
"EN-005","1999-12-20","1.287"
"EN-005","1999-12-27","1.298"
"EN-005","2000-01-03","1.309"
"EN-005","2000-01-10","1.307"
"EN-005","2000-01-17","1.307"
"EN-005","2000-01-24","1.418"
"EN-005","2000-01-31","1.439"
"EN-005","2000-02-07","1.47"
"EN-005","2000-02-14","1.456"
"EN-005","2000-02-21","1.456"
"EN-005","2000-02-28","1.461"
"EN-005","2000-03-06","1.49"
"EN-005","2000-03-13","1.496"
"EN-005","2000-03-20","1.479"
"EN-005","2000-03-27","1.451"
"EN-005","2000-04-03","1.442"
"EN-005","2000-04-10","1.419"
"EN-005","2000-04-17","1.398"
"EN-005","2000-04-24","1.428"
"EN-005","2000-05-01","1.418"
"EN-005","2000-05-08","1.402"
"EN-005","2000-05-15","1.415"
"EN-005","2000-05-22","1.432"
"EN-005","2000-05-29","1.431"
"EN-005","2000-06-05","1.419"
"EN-005","2000-06-12","1.411"
"EN-005","2000-06-19","1.423"
"EN-005","2000-06-26","1.432"
"EN-005","2000-07-03","1.453"
"EN-005","2000-07-10","1.449"
"EN-005","2000-07-17","1.435"
"EN-005","2000-07-24","1.424"
"EN-005","2000-07-31","1.408"
"EN-005","2000-08-07","1.41"
"EN-005","2000-08-14","1.447"
"EN-005","2000-08-21","1.471"
"EN-005","2000-08-28","1.536"
"EN-005","2000-09-04","1.609"
"EN-005","2000-09-11","1.629"
"EN-005","2000-09-18","1.653"
"EN-005","2000-09-25","1.657"
"EN-005","2000-10-02","1.625"
"EN-005","2000-10-09","1.614"
"EN-005","2000-10-16","1.67"
"EN-005","2000-10-23","1.648"
"EN-005","2000-10-30","1.629"
"EN-005","2000-11-06","1.61"
"EN-005","2000-11-13","1.603"
"EN-005","2000-11-20","1.627"
"EN-005","2000-11-27","1.645"
"EN-005","2000-12-04","1.622"
"EN-005","2000-12-11","1.577"
"EN-005","2000-12-18","1.545"
"EN-005","2000-12-25","1.515"
"EN-005","2001-01-01","1.522"
"EN-005","2001-01-08","1.52"
"EN-005","2001-01-15","1.509"
"EN-005","2001-01-22","1.528"
"EN-005","2001-01-29","1.539"
"EN-005","2001-02-05","1.52"
"EN-005","2001-02-12","1.518"
"EN-005","2001-02-19","1.48"
"EN-005","2001-02-26","1.451"
"EN-005","2001-03-05","1.42"
"EN-005","2001-03-12","1.406"
"EN-005","2001-03-19","1.392"
"EN-005","2001-03-26","1.379"
"EN-005","2001-04-02","1.391"
"EN-005","2001-04-09","1.397"
"EN-005","2001-04-16","1.437"
"EN-005","2001-04-23","1.443"
"EN-005","2001-04-30","1.442"
"EN-005","2001-05-07","1.47"
"EN-005","2001-05-14","1.491"
"EN-005","2001-05-21","1.494"
"EN-005","2001-05-28","1.529"
"EN-005","2001-06-04","1.514"
"EN-005","2001-06-11","1.486"
"EN-005","2001-06-18","1.48"
"EN-005","2001-06-25","1.447"
"EN-005","2001-07-02","1.407"
"EN-005","2001-07-09","1.392"
"EN-005","2001-07-16","1.38"
"EN-005","2001-07-23","1.348"
"EN-005","2001-07-30","1.347"
"EN-005","2001-08-06","1.345"
"EN-005","2001-08-13","1.367"
"EN-005","2001-08-20","1.394"
"EN-005","2001-08-27","1.452"
"EN-005","2001-09-03","1.488"
"EN-005","2001-09-10","1.492"
"EN-005","2001-09-17","1.527"
"EN-005","2001-09-24","1.473"
"EN-005","2001-10-01","1.39"
"EN-005","2001-10-08","1.371"
"EN-005","2001-10-15","1.353"
"EN-005","2001-10-22","1.318"
"EN-005","2001-10-29","1.31"
"EN-005","2001-11-05","1.291"
"EN-005","2001-11-12","1.269"
"EN-005","2001-11-19","1.252"
"EN-005","2001-11-26","1.223"
"EN-005","2001-12-03","1.194"
"EN-005","2001-12-10","1.173"
"EN-005","2001-12-17","1.143"
"EN-005","2001-12-24","1.154"
"EN-005","2001-12-31","1.169"
"EN-005","2002-01-07","1.168"
"EN-005","2002-01-14","1.159"
"EN-005","2002-01-21","1.14"
"EN-005","2002-01-28","1.144"
"EN-005","2002-02-04","1.144"
"EN-005","2002-02-11","1.153"
"EN-005","2002-02-18","1.156"
"EN-005","2002-02-25","1.154"
"EN-005","2002-03-04","1.173"
"EN-005","2002-03-11","1.216"
"EN-005","2002-03-18","1.251"
"EN-005","2002-03-25","1.281"
"EN-005","2002-04-01","1.295"
"EN-005","2002-04-08","1.323"
"EN-005","2002-04-15","1.32"
"EN-005","2002-04-22","1.304"
"EN-005","2002-04-29","1.302"
"EN-005","2002-05-06","1.305"
"EN-005","2002-05-13","1.299"
"EN-005","2002-05-20","1.309"
"EN-005","2002-05-27","1.308"
"EN-005","2002-06-03","1.3"
"EN-005","2002-06-10","1.286"
"EN-005","2002-06-17","1.275"
"EN-005","2002-06-24","1.281"
"EN-005","2002-07-01","1.289"
"EN-005","2002-07-08","1.294"
"EN-005","2002-07-15","1.3"
"EN-005","2002-07-22","1.311"
"EN-005","2002-07-29","1.303"
"EN-005","2002-08-05","1.304"
"EN-005","2002-08-12","1.303"
"EN-005","2002-08-19","1.333"
"EN-005","2002-08-26","1.37"
"EN-005","2002-09-02","1.388"
"EN-005","2002-09-09","1.396"
"EN-005","2002-09-16","1.414"
"EN-005","2002-09-23","1.417"
"EN-005","2002-09-30","1.438"
"EN-005","2002-10-07","1.46"
"EN-005","2002-10-14","1.461"
"EN-005","2002-10-21","1.469"
"EN-005","2002-10-28","1.456"
"EN-005","2002-11-04","1.442"
"EN-005","2002-11-11","1.427"
"EN-005","2002-11-18","1.405"
"EN-005","2002-11-25","1.405"
"EN-005","2002-12-02","1.407"
"EN-005","2002-12-09","1.405"
"EN-005","2002-12-16","1.401"
"EN-005","2002-12-23","1.44"
"EN-005","2002-12-30","1.491"
"EN-005","2003-01-06","1.501"
"EN-005","2003-01-13","1.478"
"EN-005","2003-01-20","1.48"
"EN-005","2003-01-27","1.492"
"EN-005","2003-02-03","1.542"
"EN-005","2003-02-10","1.662"
"EN-005","2003-02-17","1.704"
"EN-005","2003-02-24","1.709"
"EN-005","2003-03-03","1.753"
"EN-005","2003-03-10","1.771"
"EN-005","2003-03-17","1.752"
"EN-005","2003-03-24","1.662"
"EN-005","2003-03-31","1.602"
"EN-005","2003-04-07","1.554"
"EN-005","2003-04-14","1.539"
"EN-005","2003-04-21","1.529"
"EN-005","2003-04-28","1.508"
"EN-005","2003-05-05","1.484"
"EN-005","2003-05-12","1.444"
"EN-005","2003-05-19","1.443"
"EN-005","2003-05-26","1.434"
"EN-005","2003-06-02","1.423"
"EN-005","2003-06-09","1.422"
"EN-005","2003-06-16","1.432"
"EN-005","2003-06-23","1.423"
"EN-005","2003-06-30","1.42"
"EN-005","2003-07-07","1.428"
"EN-005","2003-07-14","1.435"
"EN-005","2003-07-21","1.439"
"EN-005","2003-07-28","1.438"
"EN-005","2003-08-04","1.453"
"EN-005","2003-08-11","1.492"
"EN-005","2003-08-18","1.498"
"EN-005","2003-08-25","1.503"
"EN-005","2003-09-01","1.501"
"EN-005","2003-09-08","1.488"
"EN-005","2003-09-15","1.471"
"EN-005","2003-09-22","1.444"
"EN-005","2003-09-29","1.429"
"EN-005","2003-10-06","1.445"
"EN-005","2003-10-13","1.483"
"EN-005","2003-10-20","1.502"
"EN-005","2003-10-27","1.495"
"EN-005","2003-11-03","1.481"
"EN-005","2003-11-10","1.476"
"EN-005","2003-11-17","1.481"
"EN-005","2003-11-24","1.491"
"EN-005","2003-12-01","1.476"
"EN-005","2003-12-08","1.481"
"EN-005","2003-12-15","1.486"
"EN-005","2003-12-22","1.504"
"EN-005","2003-12-29","1.502"
"EN-005","2004-01-05","1.503"
"EN-005","2004-01-12","1.551"
"EN-005","2004-01-19","1.559"
"EN-005","2004-01-26","1.591"
"EN-005","2004-02-02","1.581"
"EN-005","2004-02-09","1.568"
"EN-005","2004-02-16","1.584"
"EN-005","2004-02-23","1.595"
"EN-005","2004-03-01","1.619"
"EN-005","2004-03-08","1.628"
"EN-005","2004-03-15","1.617"
"EN-005","2004-03-22","1.641"
"EN-005","2004-03-29","1.642"
"EN-005","2004-04-05","1.648"
"EN-005","2004-04-12","1.679"
"EN-005","2004-04-19","1.724"
"EN-005","2004-04-26","1.718"
"EN-005","2004-05-03","1.717"
"EN-005","2004-05-10","1.745"
"EN-005","2004-05-17","1.763"
"EN-005","2004-05-24","1.761"
"EN-005","2004-05-31","1.746"
"EN-005","2004-06-07","1.734"
"EN-005","2004-06-14","1.711"
"EN-005","2004-06-21","1.7"
"EN-005","2004-06-28","1.7"
"EN-005","2004-07-05","1.716"
"EN-005","2004-07-12","1.74"
"EN-005","2004-07-19","1.744"
"EN-005","2004-07-26","1.754"
"EN-005","2004-08-02","1.78"
"EN-005","2004-08-09","1.814"
"EN-005","2004-08-16","1.825"
"EN-005","2004-08-23","1.874"
"EN-005","2004-08-30","1.871"
"EN-005","2004-09-06","1.869"
"EN-005","2004-09-13","1.874"
"EN-005","2004-09-20","1.912"
"EN-005","2004-09-27","2.012"
"EN-005","2004-10-04","2.053"
"EN-005","2004-10-11","2.092"
"EN-005","2004-10-18","2.18"
"EN-005","2004-10-25","2.212"
"EN-005","2004-11-01","2.206"
"EN-005","2004-11-08","2.163"
"EN-005","2004-11-15","2.132"
"EN-005","2004-11-22","2.116"
"EN-005","2004-11-29","2.116"
"EN-005","2004-12-06","2.069"
"EN-005","2004-12-13","1.997"
"EN-005","2004-12-20","1.984"
"EN-005","2004-12-27","1.987"
"EN-005","2005-01-03","1.957"
"EN-005","2005-01-10","1.934"
"EN-005","2005-01-17","1.952"
"EN-005","2005-01-24","1.959"
"EN-005","2005-01-31","1.992"
"EN-005","2005-02-07","1.983"
"EN-005","2005-02-14","1.986"
"EN-005","2005-02-21","2.02"
"EN-005","2005-02-28","2.118"
"EN-005","2005-03-07","2.168"
"EN-005","2005-03-14","2.194"
"EN-005","2005-03-21","2.244"
"EN-005","2005-03-28","2.249"
"EN-005","2005-04-04","2.303"
"EN-005","2005-04-11","2.316"
"EN-005","2005-04-18","2.259"
"EN-005","2005-04-25","2.289"
"EN-005","2005-05-02","2.262"
"EN-005","2005-05-09","2.227"
"EN-005","2005-05-16","2.189"
"EN-005","2005-05-23","2.156"
"EN-005","2005-05-30","2.16"
"EN-005","2005-06-06","2.234"
"EN-005","2005-06-13","2.276"
"EN-005","2005-06-20","2.313"
"EN-005","2005-06-27","2.336"
"EN-005","2005-07-04","2.348"
"EN-005","2005-07-11","2.408"
"EN-005","2005-07-18","2.392"
"EN-005","2005-07-25","2.342"
"EN-005","2005-08-01","2.348"
"EN-005","2005-08-08","2.407"
"EN-005","2005-08-15","2.567"
"EN-005","2005-08-22","2.588"
"EN-005","2005-08-29","2.59"
"EN-005","2005-09-05","2.898"
"EN-005","2005-09-12","2.847"
"EN-005","2005-09-19","2.732"
"EN-005","2005-09-26","2.798"
"EN-005","2005-10-03","3.144"
"EN-005","2005-10-10","3.15"
"EN-005","2005-10-17","3.148"
"EN-005","2005-10-24","3.157"
"EN-005","2005-10-31","2.876"
"EN-005","2005-11-07","2.698"
"EN-005","2005-11-14","2.602"
"EN-005","2005-11-21","2.513"
"EN-005","2005-11-28","2.479"
"EN-005","2005-12-05","2.425"
"EN-005","2005-12-12","2.436"
"EN-005","2005-12-19","2.462"
"EN-005","2005-12-26","2.448"
"EN-005","2006-01-02","2.442"
"EN-005","2006-01-09","2.485"
"EN-005","2006-01-16","2.449"
"EN-005","2006-01-23","2.472"
"EN-005","2006-01-30","2.489"
"EN-005","2006-02-06","2.499"
"EN-005","2006-02-13","2.476"
"EN-005","2006-02-20","2.455"
"EN-005","2006-02-27","2.471"
"EN-005","2006-03-06","2.545"
"EN-005","2006-03-13","2.543"
"EN-005","2006-03-20","2.581"
"EN-005","2006-03-27","2.565"
"EN-005","2006-04-03","2.617"
"EN-005","2006-04-10","2.654"
"EN-005","2006-04-17","2.765"
"EN-005","2006-04-24","2.876"
"EN-005","2006-05-01","2.896"
"EN-005","2006-05-08","2.897"
"EN-005","2006-05-15","2.92"
"EN-005","2006-05-22","2.888"
"EN-005","2006-05-29","2.882"
"EN-005","2006-06-05","2.89"
"EN-005","2006-06-12","2.918"
"EN-005","2006-06-19","2.915"
"EN-005","2006-06-26","2.867"
"EN-005","2006-07-03","2.898"
"EN-005","2006-07-10","2.918"
"EN-005","2006-07-17","2.926"
"EN-005","2006-07-24","2.946"
"EN-005","2006-07-31","2.98"
"EN-005","2006-08-07","3.055"
"EN-005","2006-08-14","3.065"
"EN-005","2006-08-21","3.033"
"EN-005","2006-08-28","3.027"
"EN-005","2006-09-04","2.967"
"EN-005","2006-09-11","2.857"
"EN-005","2006-09-18","2.713"
"EN-005","2006-09-25","2.595"
"EN-005","2006-10-02","2.546"
"EN-005","2006-10-09","2.506"
"EN-005","2006-10-16","2.503"
"EN-005","2006-10-23","2.524"
"EN-005","2006-10-30","2.517"
"EN-005","2006-11-06","2.506"
"EN-005","2006-11-13","2.552"
"EN-005","2006-11-20","2.553"
"EN-005","2006-11-27","2.567"
"EN-005","2006-12-04","2.618"
"EN-005","2006-12-11","2.621"
"EN-005","2006-12-18","2.606"
"EN-005","2006-12-25","2.596"
"EN-005","2007-01-01","2.58"
"EN-005","2007-01-08","2.537"
"EN-005","2007-01-15","2.463"
"EN-005","2007-01-22","2.43"
"EN-005","2007-01-29","2.413"
"EN-005","2007-02-05","2.435"
"EN-005","2007-02-12","2.476"
"EN-005","2007-02-19","2.491"
"EN-005","2007-02-26","2.551"
"EN-005","2007-03-05","2.626"
"EN-005","2007-03-12","2.685"
"EN-005","2007-03-19","2.681"
"EN-005","2007-03-26","2.676"
"EN-005","2007-04-02","2.79"
"EN-005","2007-04-09","2.84"
"EN-005","2007-04-16","2.877"
"EN-005","2007-04-23","2.851"
"EN-005","2007-04-30","2.811"
"EN-005","2007-05-07","2.792"
"EN-005","2007-05-14","2.773"
"EN-005","2007-05-21","2.803"
"EN-005","2007-05-28","2.817"
"EN-005","2007-06-04","2.799"
"EN-005","2007-06-11","2.792"
"EN-005","2007-06-18","2.805"
"EN-005","2007-06-25","2.835"
"EN-005","2007-07-02","2.829"
"EN-005","2007-07-09","2.849"
"EN-005","2007-07-16","2.889"
"EN-005","2007-07-23","2.889"
"EN-005","2007-07-30","2.886"
"EN-005","2007-08-06","2.898"
"EN-005","2007-08-13","2.847"
"EN-005","2007-08-20","2.868"
"EN-005","2007-08-27","2.863"
"EN-005","2007-09-03","2.893"
"EN-005","2007-09-10","2.924"
"EN-005","2007-09-17","2.964"
"EN-005","2007-09-24","3.032"
"EN-005","2007-10-01","3.048"
"EN-005","2007-10-08","3.035"
"EN-005","2007-10-15","3.039"
"EN-005","2007-10-22","3.094"
"EN-005","2007-10-29","3.157"
"EN-005","2007-11-05","3.303"
"EN-005","2007-11-12","3.425"
"EN-005","2007-11-19","3.41"
"EN-005","2007-11-26","3.444"
"EN-005","2007-12-03","3.416"
"EN-005","2007-12-10","3.325"
"EN-005","2007-12-17","3.309"
"EN-005","2007-12-24","3.308"
"EN-005","2007-12-31","3.345"
"EN-005","2008-01-07","3.376"
"EN-005","2008-01-14","3.326"
"EN-005","2008-01-21","3.27"
"EN-005","2008-01-28","3.259"
"EN-005","2008-02-04","3.28"
"EN-005","2008-02-11","3.28"
"EN-005","2008-02-18","3.396"
"EN-005","2008-02-25","3.552"
"EN-005","2008-03-03","3.658"
"EN-005","2008-03-10","3.819"
"EN-005","2008-03-17","3.974"
"EN-005","2008-03-24","3.989"
"EN-005","2008-03-31","3.964"
"EN-005","2008-04-07","3.955"
"EN-005","2008-04-14","4.059"
"EN-005","2008-04-21","4.143"
"EN-005","2008-04-28","4.177"
"EN-005","2008-05-05","4.149"
"EN-005","2008-05-12","4.331"
"EN-005","2008-05-19","4.497"
"EN-005","2008-05-26","4.723"
"EN-005","2008-06-02","4.707"
"EN-005","2008-06-09","4.692"
"EN-005","2008-06-16","4.692"
"EN-005","2008-06-23","4.648"
"EN-005","2008-06-30","4.645"
"EN-005","2008-07-07","4.727"
"EN-005","2008-07-14","4.764"
"EN-005","2008-07-21","4.718"
"EN-005","2008-07-28","4.603"
"EN-005","2008-08-04","4.502"
"EN-005","2008-08-11","4.353"
"EN-005","2008-08-18","4.207"
"EN-005","2008-08-25","4.145"
"EN-005","2008-09-01","4.121"
"EN-005","2008-09-08","4.059"
"EN-005","2008-09-15","4.023"
"EN-005","2008-09-22","3.958"
"EN-005","2008-09-29","3.959"
"EN-005","2008-10-06","3.875"
"EN-005","2008-10-13","3.659"
"EN-005","2008-10-20","3.482"
"EN-005","2008-10-27","3.288"
"EN-005","2008-11-03","3.088"
"EN-005","2008-11-10","2.944"
"EN-005","2008-11-17","2.809"
"EN-005","2008-11-24","2.664"
"EN-005","2008-12-01","2.615"
"EN-005","2008-12-08","2.515"
"EN-005","2008-12-15","2.422"
"EN-005","2008-12-22","2.366"
"EN-005","2008-12-29","2.327"
"EN-005","2009-01-05","2.291"
"EN-005","2009-01-12","2.314"
"EN-005","2009-01-19","2.296"
"EN-005","2009-01-26","2.268"
"EN-005","2009-02-02","2.246"
"EN-005","2009-02-09","2.219"
"EN-005","2009-02-16","2.186"
"EN-005","2009-02-23","2.13"
"EN-005","2009-03-02","2.087"
"EN-005","2009-03-09","2.045"
"EN-005","2009-03-16","2.017"
"EN-005","2009-03-23","2.09"
"EN-005","2009-03-30","2.221"
"EN-005","2009-04-06","2.228"
"EN-005","2009-04-13","2.229"
"EN-005","2009-04-20","2.221"
"EN-005","2009-04-27","2.201"
"EN-005","2009-05-04","2.185"
"EN-005","2009-05-11","2.216"
"EN-005","2009-05-18","2.231"
"EN-005","2009-05-25","2.274"
"EN-005","2009-06-01","2.352"
"EN-005","2009-06-08","2.498"
"EN-005","2009-06-15","2.572"
"EN-005","2009-06-22","2.616"
"EN-005","2009-06-29","2.608"
"EN-005","2009-07-06","2.594"
"EN-005","2009-07-13","2.542"
"EN-005","2009-07-20","2.496"
"EN-005","2009-07-27","2.528"
"EN-005","2009-08-03","2.55"
"EN-005","2009-08-10","2.625"
"EN-005","2009-08-17","2.652"
"EN-005","2009-08-24","2.668"
"EN-005","2009-08-31","2.674"
"EN-005","2009-09-07","2.647"
"EN-005","2009-09-14","2.634"
"EN-005","2009-09-21","2.622"
"EN-005","2009-09-28","2.601"
"EN-005","2009-10-05","2.582"
"EN-005","2009-10-12","2.6"
"EN-005","2009-10-19","2.705"
"EN-005","2009-10-26","2.801"
"EN-005","2009-11-02","2.808"
"EN-005","2009-11-09","2.801"
"EN-005","2009-11-16","2.79"
"EN-005","2009-11-23","2.787"
"EN-005","2009-11-30","2.775"
"EN-005","2009-12-07","2.772"
"EN-005","2009-12-14","2.748"
"EN-005","2009-12-21","2.726"
"EN-005","2009-12-28","2.732"
"EN-005","2010-01-04","2.797"
"EN-005","2010-01-11","2.879"
"EN-005","2010-01-18","2.87"
"EN-005","2010-01-25","2.833"
"EN-005","2010-02-01","2.781"
"EN-005","2010-02-08","2.769"
"EN-005","2010-02-15","2.756"
"EN-005","2010-02-22","2.832"
"EN-005","2010-03-01","2.861"
"EN-005","2010-03-08","2.904"
"EN-005","2010-03-15","2.924"
"EN-005","2010-03-22","2.946"
"EN-005","2010-03-29","2.939"
"EN-005","2010-04-05","3.015"
"EN-005","2010-04-12","3.069"
"EN-005","2010-04-19","3.074"
"EN-005","2010-04-26","3.078"
"EN-005","2010-05-03","3.122"
"EN-005","2010-05-10","3.127"
"EN-005","2010-05-17","3.094"
"EN-005","2010-05-24","3.021"
"EN-005","2010-05-31","2.98"
"EN-005","2010-06-07","2.946"
"EN-005","2010-06-14","2.928"
"EN-005","2010-06-21","2.961"
"EN-005","2010-06-28","2.956"
"EN-005","2010-07-05","2.924"
"EN-005","2010-07-12","2.903"
"EN-005","2010-07-19","2.899"
"EN-005","2010-07-26","2.919"
"EN-005","2010-08-02","2.928"
"EN-005","2010-08-09","2.991"
"EN-005","2010-08-16","2.979"
"EN-005","2010-08-23","2.957"
"EN-005","2010-08-30","2.938"
"EN-005","2010-09-06","2.931"
"EN-005","2010-09-13","2.943"
"EN-005","2010-09-20","2.96"
"EN-005","2010-09-27","2.951"
"EN-005","2010-10-04","3"
"EN-005","2010-10-11","3.066"
"EN-005","2010-10-18","3.073"
"EN-005","2010-10-25","3.067"
"EN-005","2010-11-01","3.067"
"EN-005","2010-11-08","3.116"
"EN-005","2010-11-15","3.184"
"EN-005","2010-11-22","3.171"
"EN-005","2010-11-29","3.162"
"EN-005","2010-12-06","3.197"
"EN-005","2010-12-13","3.231"
"EN-005","2010-12-20","3.248"
"EN-005","2010-12-27","3.294"
"EN-005","2011-01-03","3.331"
"EN-005","2011-01-10","3.333"
"EN-005","2011-01-17","3.407"
"EN-005","2011-01-24","3.43"
"EN-005","2011-01-31","3.438"
"EN-005","2011-02-07","3.513"
"EN-005","2011-02-14","3.534"
"EN-005","2011-02-21","3.573"
"EN-005","2011-02-28","3.716"
"EN-005","2011-03-07","3.871"
"EN-005","2011-03-14","3.908"
"EN-005","2011-03-21","3.907"
"EN-005","2011-03-28","3.932"
"EN-005","2011-04-04","3.976"
"EN-005","2011-04-11","4.078"
"EN-005","2011-04-18","4.105"
"EN-005","2011-04-25","4.098"
"EN-005","2011-05-02","4.124"
"EN-005","2011-05-09","4.104"
"EN-005","2011-05-16","4.061"
"EN-005","2011-05-23","3.997"
"EN-005","2011-05-30","3.948"
"EN-005","2011-06-06","3.94"
"EN-005","2011-06-13","3.954"
"EN-005","2011-06-20","3.95"
"EN-005","2011-06-27","3.888"
"EN-005","2011-07-04","3.85"
"EN-005","2011-07-11","3.899"
"EN-005","2011-07-18","3.923"
"EN-005","2011-07-25","3.949"
"EN-005","2011-08-01","3.937"
"EN-005","2011-08-08","3.897"
"EN-005","2011-08-15","3.835"
"EN-005","2011-08-22","3.81"
"EN-005","2011-08-29","3.82"
"EN-005","2011-09-05","3.868"
"EN-005","2011-09-12","3.862"
"EN-005","2011-09-19","3.833"
"EN-005","2011-09-26","3.786"
"EN-005","2011-10-03","3.749"
"EN-005","2011-10-10","3.721"
"EN-005","2011-10-17","3.801"
"EN-005","2011-10-24","3.825"
"EN-005","2011-10-31","3.892"
"EN-005","2011-11-07","3.887"
"EN-005","2011-11-14","3.987"
"EN-005","2011-11-21","4.01"
"EN-005","2011-11-28","3.964"
"EN-005","2011-12-05","3.931"
"EN-005","2011-12-12","3.894"
"EN-005","2011-12-19","3.828"
"EN-005","2011-12-26","3.791"
"EN-005","2012-01-02","3.783"
"EN-005","2012-01-09","3.828"
"EN-005","2012-01-16","3.854"
"EN-005","2012-01-23","3.848"
"EN-005","2012-01-30","3.85"
"EN-005","2012-02-06","3.856"
"EN-005","2012-02-13","3.943"
"EN-005","2012-02-20","3.96"
"EN-005","2012-02-27","4.051"
"EN-005","2012-03-05","4.094"
"EN-005","2012-03-12","4.123"
"EN-005","2012-03-19","4.142"
"EN-005","2012-03-26","4.147"
"EN-005","2012-04-02","4.142"
"EN-005","2012-04-09","4.148"
"EN-005","2012-04-16","4.127"
"EN-005","2012-04-23","4.085"
"EN-005","2012-04-30","4.073"
"EN-005","2012-05-07","4.057"
"EN-005","2012-05-14","4.004"
"EN-005","2012-05-21","3.956"
"EN-005","2012-05-28","3.897"
"EN-005","2012-06-04","3.846"
"EN-005","2012-06-11","3.781"
"EN-005","2012-06-18","3.729"
"EN-005","2012-06-25","3.678"
"EN-005","2012-07-02","3.648"
"EN-005","2012-07-09","3.683"
"EN-005","2012-07-16","3.695"
"EN-005","2012-07-23","3.783"
"EN-005","2012-07-30","3.796"
"EN-005","2012-08-06","3.85"
"EN-005","2012-08-13","3.965"
"EN-005","2012-08-20","4.026"
"EN-005","2012-08-27","4.089"
"EN-005","2012-09-03","4.127"
"EN-005","2012-09-10","4.132"
"EN-005","2012-09-17","4.135"
"EN-005","2012-09-24","4.086"
"EN-005","2012-10-01","4.079"
"EN-005","2012-10-08","4.094"
"EN-005","2012-10-15","4.15"
"EN-005","2012-10-22","4.116"
"EN-005","2012-10-29","4.03"
"EN-005","2012-11-05","4.01"
"EN-005","2012-11-12","3.98"
"EN-005","2012-11-19","3.976"
"EN-005","2012-11-26","4.034"
"EN-005","2012-12-03","4.027"
"EN-005","2012-12-10","3.991"
"EN-005","2012-12-17","3.945"
"EN-005","2012-12-24","3.923"
"EN-005","2012-12-31","3.918"
"EN-005","2013-01-07","3.911"
"EN-005","2013-01-14","3.894"
"EN-005","2013-01-21","3.902"
"EN-005","2013-01-28","3.927"
"EN-005","2013-02-04","4.022"
"EN-005","2013-02-11","4.104"
"EN-005","2013-02-18","4.157"
"EN-005","2013-02-25","4.159"
"EN-005","2013-03-04","4.13"
"EN-005","2013-03-11","4.088"
"EN-005","2013-03-18","4.047"
"EN-005","2013-03-25","4.006"
"EN-005","2013-04-01","3.993"
"EN-005","2013-04-08","3.977"
"EN-005","2013-04-15","3.942"
"EN-005","2013-04-22","3.887"
"EN-005","2013-04-29","3.851"
"EN-005","2013-05-06","3.845"
"EN-005","2013-05-13","3.866"
"EN-005","2013-05-20","3.89"
"EN-005","2013-05-27","3.88"
"EN-005","2013-06-03","3.869"
"EN-005","2013-06-10","3.849"
"EN-005","2013-06-17","3.841"
"EN-005","2013-06-24","3.838"
"EN-005","2013-07-01","3.817"
"EN-005","2013-07-08","3.828"
"EN-005","2013-07-15","3.867"
"EN-005","2013-07-22","3.903"
"EN-005","2013-07-29","3.915"
"EN-005","2013-08-05","3.909"
"EN-005","2013-08-12","3.896"
"EN-005","2013-08-19","3.9"
"EN-005","2013-08-26","3.913"
"EN-005","2013-09-02","3.981"
"EN-005","2013-09-09","3.981"
"EN-005","2013-09-16","3.974"
"EN-005","2013-09-23","3.949"
"EN-005","2013-09-30","3.919"
"EN-005","2013-10-07","3.897"
"EN-005","2013-10-14","3.886"
"EN-005","2013-10-21","3.886"
"EN-005","2013-10-28","3.87"
"EN-005","2013-11-04","3.857"
"EN-005","2013-11-11","3.832"
"EN-005","2013-11-18","3.822"
"EN-005","2013-11-25","3.844"
"EN-005","2013-12-02","3.883"
"EN-005","2013-12-09","3.879"
"EN-005","2013-12-16","3.871"
"EN-005","2013-12-23","3.873"
"EN-005","2013-12-30","3.903"
"EN-005","2014-01-06","3.91"
"EN-005","2014-01-13","3.886"
"EN-005","2014-01-20","3.873"
"EN-005","2014-01-27","3.904"
"EN-005","2014-02-03","3.951"
"EN-005","2014-02-10","3.977"
"EN-005","2014-02-17","3.989"
"EN-005","2014-02-24","4.017"
"EN-005","2014-03-03","4.016"
"EN-005","2014-03-10","4.021"
"EN-005","2014-03-17","4.003"
"EN-005","2014-03-24","3.988"
"EN-005","2014-03-31","3.975"
"EN-005","2014-04-07","3.959"
"EN-005","2014-04-14","3.952"
"EN-005","2014-04-21","3.971"
"EN-005","2014-04-28","3.975"
"EN-005","2014-05-05","3.964"
"EN-005","2014-05-12","3.948"
"EN-005","2014-05-19","3.934"
"EN-005","2014-05-26","3.925"
"EN-005","2014-06-02","3.918"
"EN-005","2014-06-09","3.892"
"EN-005","2014-06-16","3.882"
"EN-005","2014-06-23","3.919"
"EN-005","2014-06-30","3.92"
"EN-005","2014-07-07","3.913"
"EN-005","2014-07-14","3.894"
"EN-005","2014-07-21","3.869"
"EN-005","2014-07-28","3.858"
"EN-005","2014-08-04","3.853"
"EN-005","2014-08-11","3.843"
"EN-005","2014-08-18","3.835"
"EN-005","2014-08-25","3.821"
"EN-005","2014-09-01","3.814"
"EN-005","2014-09-08","3.814"
"EN-005","2014-09-15","3.801"
"EN-005","2014-09-22","3.778"
"EN-005","2014-09-29","3.755"
"EN-005","2014-10-06","3.733"
"EN-005","2014-10-13","3.698"
"EN-005","2014-10-20","3.656"
"EN-005","2014-10-27","3.635"
"EN-005","2014-11-03","3.623"
"EN-005","2014-11-10","3.677"
"EN-005","2014-11-17","3.661"
"EN-005","2014-11-24","3.628"
"EN-005","2014-12-01","3.605"
"EN-005","2014-12-08","3.535"
"EN-005","2014-12-15","3.419"
"EN-005","2014-12-22","3.281"
"EN-005","2014-12-29","3.213"
"EN-005","2015-01-05","3.137"
"EN-005","2015-01-12","3.053"
"EN-005","2015-01-19","2.933"
"EN-005","2015-01-26","2.866"
"EN-005","2015-02-02","2.831"
"EN-005","2015-02-09","2.835"
"EN-005","2015-02-16","2.865"
"EN-005","2015-02-23","2.9"
"EN-005","2015-03-02","2.936"
"EN-005","2015-03-09","2.944"
"EN-005","2015-03-16","2.917"
"EN-005","2015-03-23","2.864"
"EN-005","2015-03-30","2.824"
"EN-005","2015-04-06","2.784"
"EN-005","2015-04-13","2.754"
"EN-005","2015-04-20","2.78"
"EN-005","2015-04-27","2.811"
"EN-005","2015-05-04","2.854"
"EN-005","2015-05-11","2.878"
"EN-005","2015-05-18","2.904"
"EN-005","2015-05-25","2.914"
"EN-005","2015-06-01","2.909"
"EN-005","2015-06-08","2.884"
"EN-005","2015-06-15","2.87"
"EN-005","2015-06-22","2.859"
"EN-005","2015-06-29","2.843"
"EN-005","2015-07-06","2.832"
"EN-005","2015-07-13","2.814"
"EN-005","2015-07-20","2.782"
"EN-005","2015-07-27","2.723"
"EN-005","2015-08-03","2.668"
"EN-005","2015-08-10","2.617"
"EN-005","2015-08-17","2.615"
"EN-005","2015-08-24","2.561"
"EN-005","2015-08-31","2.514"
"EN-005","2015-09-07","2.534"
"EN-005","2015-09-14","2.517"
"EN-005","2015-09-21","2.493"
"EN-005","2015-09-28","2.476"
"EN-005","2015-10-05","2.492"
"EN-005","2015-10-12","2.556"
"EN-005","2015-10-19","2.531"
"EN-005","2015-10-26","2.498"
"EN-005","2015-11-02","2.485"
"EN-005","2015-11-09","2.502"
"EN-005","2015-11-16","2.482"
"EN-005","2015-11-23","2.445"
"EN-005","2015-11-30","2.421"
"EN-005","2015-12-07","2.379"
"EN-005","2015-12-14","2.338"
"EN-005","2015-12-21","2.284"
"EN-005","2015-12-28","2.237"
"EN-005","2016-01-04","2.211"
"EN-005","2016-01-11","2.177"
"EN-005","2016-01-18","2.112"
"EN-005","2016-01-25","2.071"
"EN-005","2016-02-01","2.031"
"EN-005","2016-02-08","2.008"
"EN-005","2016-02-15","1.98"
"EN-005","2016-02-22","1.983"
"EN-005","2016-02-29","1.989"
"EN-005","2016-03-07","2.021"
"EN-005","2016-03-14","2.099"
"EN-005","2016-03-21","2.119"
"EN-005","2016-03-28","2.121"
"EN-005","2016-04-04","2.115"
"EN-005","2016-04-11","2.128"
"EN-005","2016-04-18","2.165"
"EN-005","2016-04-25","2.198"
"EN-005","2016-05-02","2.266"
"EN-005","2016-05-09","2.271"
"EN-005","2016-05-16","2.297"
"EN-005","2016-05-23","2.357"
"EN-005","2016-05-30","2.382"
"EN-005","2016-06-06","2.407"
"EN-005","2016-06-13","2.431"
"EN-005","2016-06-20","2.426"
"EN-005","2016-06-27","2.426"
"EN-005","2016-07-04","2.423"
"EN-005","2016-07-11","2.414"
"EN-005","2016-07-18","2.402"
"EN-005","2016-07-25","2.379"
"EN-005","2016-08-01","2.348"
"EN-005","2016-08-08","2.316"
"EN-005","2016-08-15","2.31"
"EN-005","2016-08-22","2.37"
"EN-005","2016-08-29","2.409"
"EN-005","2016-09-05","2.407"
"EN-005","2016-09-12","2.399"
"EN-005","2016-09-19","2.389"
"EN-005","2016-09-26","2.382"
"EN-005","2016-10-03","2.389"
"EN-005","2016-10-10","2.445"
"EN-005","2016-10-17","2.481"
"EN-005","2016-10-24","2.478"
"EN-005","2016-10-31","2.479"
"EN-005","2016-11-07","2.47"
"EN-005","2016-11-14","2.443"
"EN-005","2016-11-21","2.421"
"EN-005","2016-11-28","2.42"
"EN-005","2016-12-05","2.48"
"EN-005","2016-12-12","2.493"
"EN-005","2016-12-19","2.527"
"EN-005","2016-12-26","2.54"
"EN-005","2017-01-02","2.586"
"EN-005","2017-01-09","2.597"
"EN-005","2017-01-16","2.585"
"EN-005","2017-01-23","2.569"
"EN-005","2017-01-30","2.562"
"EN-005","2017-02-06","2.558"
"EN-005","2017-02-13","2.565"
"EN-005","2017-02-20","2.572"
"EN-005","2017-02-27","2.577"
"EN-005","2017-03-06","2.579"
"EN-005","2017-03-13","2.564"
"EN-005","2017-03-20","2.539"
"EN-005","2017-03-27","2.532"
"EN-005","2017-04-03","2.556"
"EN-005","2017-04-10","2.582"
"EN-005","2017-04-17","2.597"
"EN-005","2017-04-24","2.595"
"EN-005","2017-05-01","2.583"
"EN-005","2017-05-08","2.565"
"EN-005","2017-05-15","2.544"
"EN-005","2017-05-22","2.539"
"EN-005","2017-05-29","2.571"
"EN-005","2017-06-05","2.564"
"EN-005","2017-06-12","2.524"
"EN-005","2017-06-19","2.489"
"EN-005","2017-06-26","2.465"
"EN-005","2017-07-03","2.472"
"EN-005","2017-07-10","2.481"
"EN-005","2017-07-17","2.491"
"EN-005","2017-07-24","2.507"
"EN-005","2017-07-31","2.531"
"EN-005","2017-08-07","2.581"
"EN-005","2017-08-14","2.598"
"EN-005","2017-08-21","2.596"
"EN-005","2017-08-28","2.605"
"EN-005","2017-09-04","2.758"
"EN-005","2017-09-11","2.802"
"EN-005","2017-09-18","2.791"
"EN-005","2017-09-25","2.788"
"EN-005","2017-10-02","2.792"
"EN-005","2017-10-09","2.776"
"EN-005","2017-10-16","2.787"
"EN-005","2017-10-23","2.797"
"EN-005","2017-10-30","2.819"
"EN-005","2017-11-06","2.882"
"EN-005","2017-11-13","2.915"
"EN-005","2017-11-20","2.912"
"EN-005","2017-11-27","2.926"
"EN-005","2017-12-04","2.922"
"EN-005","2017-12-11","2.91"
"EN-005","2017-12-18","2.901"
"EN-005","2017-12-25","2.903"
"EN-005","2018-01-01","2.973"
"EN-005","2018-01-08","2.996"
"EN-005","2018-01-15","3.028"
"EN-005","2018-01-22","3.025"
"EN-005","2018-01-29","3.07"
"EN-005","2018-02-05","3.086"
"EN-005","2018-02-12","3.063"
"EN-005","2018-02-19","3.027"
"EN-005","2018-02-26","3.007"
"EN-005","2018-03-05","2.992"
"EN-005","2018-03-12","2.976"
"EN-005","2018-03-19","2.972"
"EN-005","2018-03-26","3.01"
"EN-005","2018-04-02","3.042"
"EN-005","2018-04-09","3.043"
"EN-005","2018-04-16","3.104"
"EN-005","2018-04-23","3.133"
"EN-005","2018-04-30","3.157"
"EN-005","2018-05-07","3.171"
"EN-005","2018-05-14","3.239"
"EN-005","2018-05-21","3.277"
"EN-005","2018-05-28","3.288"
"EN-005","2018-06-04","3.285"
"EN-005","2018-06-11","3.266"
"EN-005","2018-06-18","3.244"
"EN-005","2018-06-25","3.216"
"EN-005","2018-07-02","3.236"
"EN-005","2018-07-09","3.243"
"EN-005","2018-07-16","3.239"
"EN-005","2018-07-23","3.22"
"EN-005","2018-07-30","3.226"
"EN-005","2018-08-06","3.223"
"EN-005","2018-08-13","3.217"
"EN-005","2018-08-20","3.207"
"EN-005","2018-08-27","3.226"
"EN-005","2018-09-03","3.252"
"EN-005","2018-09-10","3.258"
"EN-005","2018-09-17","3.268"
"EN-005","2018-09-24","3.271"
"EN-005","2018-10-01","3.313"
"EN-005","2018-10-08","3.385"
"EN-005","2018-10-15","3.394"
"EN-005","2018-10-22","3.38"
"EN-005","2018-10-29","3.355"
"EN-005","2018-11-05","3.338"
"EN-005","2018-11-12","3.317"
"EN-005","2018-11-19","3.282"
"EN-005","2018-11-26","3.261"
"EN-005","2018-12-03","3.207"
"EN-005","2018-12-10","3.161"
"EN-005","2018-12-17","3.121"
"EN-005","2018-12-24","3.077"
"EN-005","2018-12-31","3.048"
"EN-005","2019-01-07","3.013"
"EN-005","2019-01-14","2.976"
"EN-005","2019-01-21","2.965"
"EN-005","2019-01-28","2.965"
"EN-005","2019-02-04","2.966"
"EN-005","2019-02-11","2.966"
"EN-005","2019-02-18","3.006"
"EN-005","2019-02-25","3.048"
"EN-005","2019-03-04","3.076"
"EN-005","2019-03-11","3.079"
"EN-005","2019-03-18","3.07"
"EN-005","2019-03-25","3.08"
"EN-005","2019-04-01","3.078"
"EN-005","2019-04-08","3.093"
"EN-005","2019-04-15","3.118"
"EN-005","2019-04-22","3.147"
"EN-005","2019-04-29","3.169"
"EN-005","2019-05-06","3.171"
"EN-005","2019-05-13","3.16"
"EN-005","2019-05-20","3.163"
"EN-005","2019-05-27","3.151"
"EN-005","2019-06-03","3.136"
"EN-005","2019-06-10","3.105"
"EN-005","2019-06-17","3.07"
"EN-005","2019-06-24","3.043"
"EN-005","2019-07-01","3.042"
"EN-005","2019-07-08","3.055"
"EN-005","2019-07-15","3.051"
"EN-005","2019-07-22","3.044"
"EN-005","2019-07-29","3.034"
"EN-005","2019-08-05","3.032"
"EN-005","2019-08-12","3.011"
"EN-005","2019-08-19","2.994"
"EN-005","2019-08-26","2.983"
"EN-005","2019-09-02","2.976"
"EN-005","2019-09-09","2.971"
"EN-005","2019-09-16","2.987"
"EN-005","2019-09-23","3.081"
"EN-005","2019-09-30","3.066"
"EN-005","2019-10-07","3.047"
"EN-005","2019-10-14","3.051"
"EN-005","2019-10-21","3.05"
"EN-005","2019-10-28","3.064"
"EN-005","2019-11-04","3.062"
"EN-005","2019-11-11","3.073"
"EN-005","2019-11-18","3.074"
"EN-005","2019-11-25","3.066"
"EN-005","2019-12-02","3.07"
"EN-005","2019-12-09","3.049"
"EN-005","2019-12-16","3.046"
"EN-005","2019-12-23","3.041"
"EN-005","2019-12-30","3.069"
"EN-005","2020-01-06","3.079"
"EN-005","2020-01-13","3.064"
"EN-005","2020-01-20","3.037"
"EN-005","2020-01-27","3.01"
"EN-005","2020-02-03","2.956"
"EN-005","2020-02-10","2.91"
"EN-005","2020-02-17","2.89"
"EN-005","2020-02-24","2.882"
"EN-005","2020-03-02","2.851"
"EN-005","2020-03-09","2.814"
"EN-005","2020-03-16","2.733"
"EN-005","2020-03-23","2.659"
"EN-005","2020-03-30","2.586"
"EN-005","2020-04-06","2.548"
"EN-005","2020-04-13","2.507"
"EN-005","2020-04-20","2.48"
"EN-005","2020-04-27","2.437"
"EN-005","2020-05-04","2.399"
"EN-005","2020-05-11","2.394"
"EN-005","2020-05-18","2.386"
"EN-005","2020-05-25","2.39"
"EN-005","2020-06-01","2.386"
"EN-005","2020-06-08","2.396"
"EN-005","2020-06-15","2.403"
"EN-005","2020-06-22","2.425"
"EN-005","2020-06-29","2.43"
"EN-005","2020-07-06","2.437"
"EN-005","2020-07-13","2.438"
"EN-005","2020-07-20","2.433"
"EN-005","2020-07-27","2.427"
"EN-005","2020-08-03","2.424"
"EN-005","2020-08-10","2.428"
"EN-005","2020-08-17","2.427"
"EN-005","2020-08-24","2.426"
"EN-005","2020-08-31","2.441"
"EN-005","2020-09-07","2.435"
"EN-005","2020-09-14","2.422"
"EN-005","2020-09-21","2.404"
"EN-005","2020-09-28","2.394"
"EN-005","2020-10-05","2.387"
"EN-005","2020-10-12","2.395"
"EN-005","2020-10-19","2.388"
"EN-005","2020-10-26","2.385"
"EN-005","2020-11-02","2.372"
"EN-005","2020-11-09","2.383"
"EN-005","2020-11-16","2.441"
"EN-005","2020-11-23","2.462"
"EN-005","2020-11-30","2.502"
"EN-005","2020-12-07","2.526"
"EN-005","2020-12-14","2.559"
"EN-005","2020-12-21","2.619"
"EN-005","2020-12-28","2.635"
"EN-005","2021-01-04","2.64"
"EN-005","2021-01-11","2.67"
"EN-005","2021-01-18","2.696"
"EN-005","2021-01-25","2.716"
"EN-005","2021-02-01","2.738"
"EN-005","2021-02-08","2.801"
"EN-005","2021-02-15","2.876"
"EN-005","2021-02-22","2.973"
"EN-005","2021-03-01","3.072"
"EN-005","2021-03-08","3.143"
"EN-005","2021-03-15","3.191"
"EN-005","2021-03-22","3.194"
"EN-005","2021-03-29","3.161"
"EN-005","2021-04-05","3.144"
"EN-005","2021-04-12","3.129"
"EN-005","2021-04-19","3.124"
"EN-005","2021-04-26","3.124"
"EN-005","2021-05-03","3.142"
"EN-005","2021-05-10","3.186"
"EN-005","2021-05-17","3.249"
"EN-005","2021-05-24","3.253"
"EN-005","2021-05-31","3.255"
"EN-005","2021-06-07","3.274"
"EN-005","2021-06-14","3.286"
"EN-005","2021-06-21","3.287"
"EN-005","2021-06-28","3.3"
"EN-005","2021-07-05","3.331"
"EN-005","2021-07-12","3.338"
"EN-005","2021-07-19","3.344"
"EN-005","2021-07-26","3.342"
"EN-005","2021-08-02","3.367"
"EN-005","2021-08-09","3.364"
"EN-005","2021-08-16","3.356"
"EN-005","2021-08-23","3.324"
"EN-005","2021-08-30","3.339"
"EN-005","2021-09-06","3.373"
"EN-005","2021-09-13","3.372"
"EN-005","2021-09-20","3.385"
"EN-005","2021-09-27","3.406"
"EN-005","2021-10-04","3.477"
"EN-005","2021-10-11","3.586"
"EN-005","2021-10-18","3.671"
"EN-005","2021-10-25","3.713"
"EN-005","2021-11-01","3.727"
"EN-005","2021-11-08","3.73"
"EN-005","2021-11-15","3.734"
"EN-005","2021-11-22","3.724"
"EN-005","2021-11-29","3.72"
"EN-005","2021-12-06","3.674"
"EN-005","2021-12-13","3.649"
"EN-005","2021-12-20","3.626"
"EN-005","2021-12-27","3.615"
"EN-005","2022-01-03","3.613"
"EN-005","2022-01-10","3.657"
"EN-005","2022-01-17","3.725"
"EN-005","2022-01-24","3.78"
"EN-005","2022-01-31","3.846"
"EN-005","2022-02-07","3.951"
"EN-005","2022-02-14","4.019"
"EN-005","2022-02-21","4.055"
"EN-005","2022-02-28","4.104"
"EN-005","2022-03-07","4.849"
"EN-005","2022-03-14","5.25"
"EN-005","2022-03-21","5.134"
"EN-005","2022-03-28","5.185"
"EN-005","2022-04-04","5.144"
"EN-005","2022-04-11","5.073"
"EN-005","2022-04-18","5.101"
"EN-005","2022-04-25","5.16"
"EN-005","2022-05-02","5.509"
"EN-005","2022-05-09","5.623"
"EN-005","2022-05-16","5.613"
"EN-005","2022-05-23","5.571"
"EN-005","2022-05-30","5.539"
"EN-005","2022-06-06","5.703"
"EN-005","2022-06-13","5.718"
"EN-005","2022-06-20","5.81"
"EN-005","2022-06-27","5.783"
"EN-005","2022-07-04","5.675"
"EN-005","2022-07-11","5.568"
"EN-005","2022-07-18","5.432"
"EN-005","2022-07-25","5.268"
"EN-005","2022-08-01","5.138"
"EN-005","2022-08-08","4.993"
"EN-005","2022-08-15","4.911"
"EN-005","2022-08-22","4.909"
"EN-005","2022-08-29","5.115"
"EN-005","2022-09-05","5.084"
"EN-005","2022-09-12","5.033"
"EN-005","2022-09-19","4.964"
"EN-005","2022-09-26","4.889"
"EN-005","2022-10-03","4.836"
"EN-005","2022-10-10","5.224"
"EN-005","2022-10-17","5.339"
"EN-005","2022-10-24","5.341"
"EN-005","2022-10-31","5.317"
"EN-005","2022-11-07","5.333"
"EN-005","2022-11-14","5.313"
"EN-005","2022-11-21","5.233"
"EN-005","2022-11-28","5.141"
"EN-005","2022-12-05","4.967"
"EN-005","2022-12-12","4.754"
"EN-005","2022-12-19","4.596"
"EN-005","2022-12-26","4.537"
"EN-005","2023-01-02","4.583"
"EN-005","2023-01-09","4.549"
"EN-005","2023-01-16","4.524"
"EN-005","2023-01-23","4.604"
"EN-005","2023-01-30","4.622"
"EN-005","2023-02-06","4.539"
"EN-005","2023-02-13","4.444"
"EN-005","2023-02-20","4.376"
"EN-005","2023-02-27","4.294"
"EN-005","2023-03-06","4.282"
"EN-005","2023-03-13","4.247"
"EN-005","2023-03-20","4.185"
"EN-005","2023-03-27","4.128"
"EN-005","2023-04-03","4.105"
"EN-005","2023-04-10","4.098"
"EN-005","2023-04-17","4.116"
"EN-005","2023-04-24","4.077"
"EN-005","2023-05-01","4.018"
"EN-005","2023-05-08","3.922"
"EN-005","2023-05-15","3.897"
"EN-005","2023-05-22","3.883"
"EN-005","2023-05-29","3.855"
"EN-005","2023-06-05","3.797"
"EN-005","2023-06-12","3.794"
"EN-005","2023-06-19","3.815"
"EN-005","2023-06-26","3.801"
"EN-005","2023-07-03","3.767"
"EN-005","2023-07-10","3.806"
"EN-005","2023-07-17","3.806"
"EN-005","2023-07-24","3.905"
"EN-005","2023-07-31","4.127"
"EN-005","2023-08-07","4.239"
"EN-005","2023-08-14","4.378"
"EN-005","2023-08-21","4.389"
"EN-005","2023-08-28","4.475"
"EN-005","2023-09-04","4.492"
"EN-005","2023-09-11","4.54"
"EN-005","2023-09-18","4.633"
"EN-005","2023-09-25","4.586"
"EN-005","2023-10-02","4.593"
"EN-005","2023-10-09","4.498"
"EN-005","2023-10-16","4.444"
"EN-005","2023-10-23","4.545"
"EN-005","2023-10-30","4.454"
"EN-005","2023-11-06","4.366"
"EN-005","2023-11-13","4.294"
"EN-005","2023-11-20","4.209"
"EN-005","2023-11-27","4.146"
"EN-005","2023-12-04","4.092"
"EN-005","2023-12-11","3.987"
"EN-005","2023-12-18","3.894"
"EN-005","2023-12-25","3.914"
"EN-005","2024-01-01","3.876"
"EN-005","2024-01-08","3.828"
"EN-005","2024-01-15","3.863"
"EN-005","2024-01-22","3.838"
"EN-005","2024-01-29","3.867"
"EN-005","2024-02-05","3.899"
"EN-005","2024-02-12","4.109"
"EN-005","2024-02-19","4.109"
"EN-005","2024-02-26","4.058"
"EN-005","2024-03-04","4.022"
"EN-005","2024-03-11","4.004"
"EN-005","2024-03-18","4.028"
"EN-005","2024-03-25","4.034"
"EN-005","2024-04-01","3.996"
"EN-005","2024-04-08","4.061"
"EN-005","2024-04-15","4.015"
"EN-005","2024-04-22","3.992"
"EN-005","2024-04-29","3.947"
"EN-005","2024-05-06","3.894"
"EN-005","2024-05-13","3.848"
"EN-005","2024-05-20","3.789"
"EN-005","2024-05-27","3.758"
"EN-005","2024-06-03","3.726"
"EN-005","2024-06-10","3.658"
"EN-005","2024-06-17","3.735"
"EN-005","2024-06-24","3.769"
"EN-005","2024-07-01","3.813"
"EN-005","2024-07-08","3.865"
"EN-005","2024-07-15","3.826"
"EN-005","2024-07-22","3.779"
"EN-005","2024-07-29","3.768"
"EN-005","2024-08-05","3.755"
"EN-005","2024-08-12","3.704"
"EN-005","2024-08-19","3.688"
"EN-005","2024-08-26","3.651"
"EN-005","2024-09-02","3.625"
"EN-005","2024-09-09","3.555"
"EN-005","2024-09-16","3.526"
"EN-005","2024-09-23","3.539"
"EN-005","2024-09-30","3.544"
"EN-005","2024-10-07","3.584"
"EN-005","2024-10-14","3.631"
"EN-005","2024-10-21","3.553"
"EN-005","2024-10-28","3.573"
"EN-005","2024-11-04","3.536"
"EN-005","2024-11-11","3.521"
"EN-005","2024-11-18","3.491"
"EN-005","2024-11-25","3.539"
"EN-005","2024-12-02","3.54"
"EN-005","2024-12-09","3.458"
"EN-005","2024-12-16","3.494"
"EN-005","2024-12-23","3.476"
"EN-005","2024-12-30","3.503"
"EN-005","2025-01-06","3.561"
"EN-005","2025-01-13","3.602"
"EN-005","2025-01-20","3.715"
"EN-005","2025-01-27","3.659"
"EN-005","2025-02-03","3.66"
"EN-005","2025-02-10","3.665"
"EN-005","2025-02-17","3.677"
"EN-005","2025-02-24","3.697"
"EN-005","2025-03-03","3.635"
"EN-005","2025-03-10","3.582"
"EN-005","2025-03-17","3.549"
"EN-005","2025-03-24","3.567"
"EN-005","2025-03-31","3.592"
"EN-005","2025-04-07","3.639"
"EN-005","2025-04-14","3.579"
"EN-005","2025-04-21","3.534"
"EN-005","2025-04-28","3.514"
"EN-005","2025-05-05","3.497"
"EN-005","2025-05-12","3.476"
"EN-005","2025-05-19","3.536"
"EN-005","2025-05-26","3.487"
"EN-005","2025-06-02","3.451"
"EN-005","2025-06-09","3.471"
"EN-005","2025-06-16","3.571"
"EN-005","2025-06-23","3.775"
"EN-005","2025-06-30","3.727"
"EN-005","2025-07-07","3.739"
"EN-005","2025-07-14","3.758"
"EN-005","2025-07-21","3.812"
"EN-005","2025-07-28","3.805"
"EN-005","2025-08-04","3.8"
"EN-005","2025-08-11","3.754"
"EN-005","2025-08-18","3.713"
"EN-005","2025-08-25","3.708"
"EN-005","2025-09-01","3.734"
"EN-005","2025-09-08","3.766"
"EN-005","2025-09-15","3.739"
"EN-005","2025-09-22","3.749"
"EN-005","2025-09-29","3.754"
"EN-005","2025-10-06","3.711"
"EN-005","2025-10-13","3.665"
"EN-005","2025-10-20","3.62"
"EN-005","2025-10-27","3.718"
"EN-005","2025-11-03","3.753"
"EN-005","2025-11-10","3.837"
"EN-005","2025-11-17","3.868"
"EN-005","2025-11-24","3.831"
"EN-005","2025-12-01","3.758"
"EN-005","2025-12-08","3.665"
"EN-005","2025-12-15","3.607"
"EN-005","2025-12-22","3.544"
"EN-005","2025-12-29","3.5"
"EN-005","2026-01-05","3.477"
"EN-005","2026-01-12","3.459"
"EN-005","2026-01-19","3.53"
"EN-005","2026-01-26","3.624"
"EN-005","2026-02-02","3.681"
"EN-005","2026-02-09","3.688"
"EN-005","2026-02-16","3.711"
"EN-005","2026-02-23","3.809"
"EN-005","2026-03-02","3.897"
"EN-005","2026-03-09","4.859"
"EN-005","2026-03-16","5.071"
"EN-005","2026-03-23","5.375"
"EN-005","2026-03-30","5.401"
"EN-005","2026-04-06","5.643"
"EN-005","2026-04-13","5.608"
"EN-005","2026-04-20","5.403"
"EN-005","2026-04-27","5.351"
"EN-005","2026-05-04","5.64"
"EN-005","2026-05-11","5.639"
"EN-005","2026-05-18","5.596"
"EN-005","2026-05-25","5.523"
"EN-005","2026-06-01","5.35"
"EN-005","2026-06-08","5.21"
"EN-005","2026-06-15","5.059"
"EN-005","2026-06-22","4.832"
"EN-005","2026-06-29","4.668"
"EN-006","1993-04-05","1.068"
"EN-006","1993-04-12","1.079"
"EN-006","1993-04-19","1.079"
"EN-006","1993-04-26","1.086"
"EN-006","1993-05-03","1.086"
"EN-006","1993-05-10","1.097"
"EN-006","1993-05-17","1.106"
"EN-006","1993-05-24","1.106"
"EN-006","1993-05-31","1.107"
"EN-006","1993-06-07","1.104"
"EN-006","1993-06-14","1.101"
"EN-006","1993-06-21","1.095"
"EN-006","1993-06-28","1.089"
"EN-006","1993-07-05","1.086"
"EN-006","1993-07-12","1.081"
"EN-006","1993-07-19","1.075"
"EN-006","1993-07-26","1.069"
"EN-006","1993-08-02","1.062"
"EN-006","1993-08-09","1.06"
"EN-006","1993-08-16","1.059"
"EN-006","1993-08-23","1.065"
"EN-006","1993-08-30","1.062"
"EN-006","1993-09-06","1.055"
"EN-006","1993-09-13","1.051"
"EN-006","1993-09-20","1.045"
"EN-006","1993-09-27","1.047"
"EN-006","1993-10-04","1.092"
"EN-006","1993-10-11","1.09"
"EN-006","1993-10-18","1.093"
"EN-006","1993-10-25","1.092"
"EN-006","1993-11-01","1.084"
"EN-006","1993-11-08","1.075"
"EN-006","1993-11-15","1.064"
"EN-006","1993-11-22","1.058"
"EN-006","1993-11-29","1.051"
"EN-006","1993-12-06","1.036"
"EN-006","1993-12-13","1.018"
"EN-006","1993-12-20","1.003"
"EN-006","1993-12-27","0.999"
"EN-006","1994-01-03","0.992"
"EN-006","1994-01-10","0.995"
"EN-006","1994-01-17","1.001"
"EN-006","1994-01-24","0.999"
"EN-006","1994-01-31","1.005"
"EN-006","1994-02-07","1.007"
"EN-006","1994-02-14","1.016"
"EN-006","1994-02-21","1.009"
"EN-006","1994-02-28","1.004"
"EN-006","1994-03-07","1.007"
"EN-006","1994-03-14","1.005"
"EN-006","1994-03-21","1.007"
"EN-006","1994-03-28","1.012"
"EN-006","1994-04-04","1.011"
"EN-006","1994-04-11","1.028"
"EN-006","1994-04-18","1.033"
"EN-006","1994-04-25","1.037"
"EN-006","1994-05-02","1.04"
"EN-006","1994-05-09","1.045"
"EN-006","1994-05-16","1.046"
"EN-006","1994-05-23","1.05"
"EN-006","1994-05-30","1.056"
"EN-006","1994-06-06","1.065"
"EN-006","1994-06-13","1.073"
"EN-006","1994-06-20","1.079"
"EN-006","1994-06-27","1.095"
"EN-006","1994-07-04","1.097"
"EN-006","1994-07-11","1.103"
"EN-006","1994-07-18","1.109"
"EN-006","1994-07-25","1.114"
"EN-006","1994-08-01","1.13"
"EN-006","1994-08-08","1.157"
"EN-006","1994-08-15","1.161"
"EN-006","1994-08-22","1.165"
"EN-006","1994-08-29","1.161"
"EN-006","1994-09-05","1.156"
"EN-006","1994-09-12","1.15"
"EN-006","1994-09-19","1.14"
"EN-006","1994-09-26","1.129"
"EN-006","1994-10-03","1.12"
"EN-006","1994-10-10","1.114"
"EN-006","1994-10-17","1.106"
"EN-006","1994-10-24","1.107"
"EN-006","1994-10-31","1.121"
"EN-006","1994-11-07","1.123"
"EN-006","1994-11-14","1.122"
"EN-006","1994-11-21","1.113"
"EN-006","1994-11-28","1.117"
"EN-006","1994-12-05","1.127"
"EN-006","1994-12-12","1.131"
"EN-006","1994-12-19","1.134"
"EN-006","1994-12-26","1.125"
"EN-006","1995-01-02","1.127"
"EN-006","1995-01-09","1.134"
"EN-006","1995-01-16","1.126"
"EN-006","1995-01-23","1.132"
"EN-006","1995-01-30","1.131"
"EN-006","1995-02-06","1.124"
"EN-006","1995-02-13","1.121"
"EN-006","1995-02-20","1.115"
"EN-006","1995-02-27","1.121"
"EN-006","1995-03-06","1.123"
"EN-006","1995-03-13","1.116"
"EN-006","1995-03-20","1.114"
"EN-006","1995-03-27","1.121"
"EN-006","1995-04-03","1.133"
"EN-006","1995-04-10","1.149"
"EN-006","1995-04-17","1.163"
"EN-006","1995-04-24","1.184"
"EN-006","1995-05-01","1.194"
"EN-006","1995-05-08","1.216"
"EN-006","1995-05-15","1.226"
"EN-006","1995-05-22","1.244"
"EN-006","1995-05-29","1.246"
"EN-006","1995-06-05","1.246"
"EN-006","1995-06-12","1.243"
"EN-006","1995-06-19","1.236"
"EN-006","1995-06-26","1.229"
"EN-006","1995-07-03","1.222"
"EN-006","1995-07-10","1.212"
"EN-006","1995-07-17","1.2"
"EN-006","1995-07-24","1.191"
"EN-006","1995-07-31","1.179"
"EN-006","1995-08-07","1.174"
"EN-006","1995-08-14","1.172"
"EN-006","1995-08-21","1.171"
"EN-006","1995-08-28","1.163"
"EN-006","1995-09-04","1.16"
"EN-006","1995-09-11","1.158"
"EN-006","1995-09-18","1.157"
"EN-006","1995-09-25","1.156"
"EN-006","1995-10-02","1.151"
"EN-006","1995-10-09","1.144"
"EN-006","1995-10-16","1.133"
"EN-006","1995-10-23","1.125"
"EN-006","1995-10-30","1.115"
"EN-006","1995-11-06","1.112"
"EN-006","1995-11-13","1.109"
"EN-006","1995-11-20","1.106"
"EN-006","1995-11-27","1.107"
"EN-006","1995-12-04","1.108"
"EN-006","1995-12-11","1.11"
"EN-006","1995-12-18","1.124"
"EN-006","1995-12-25","1.128"
"EN-006","1996-01-01","1.129"
"EN-006","1996-01-08","1.139"
"EN-006","1996-01-15","1.145"
"EN-006","1996-01-22","1.138"
"EN-006","1996-01-29","1.133"
"EN-006","1996-02-05","1.13"
"EN-006","1996-02-12","1.126"
"EN-006","1996-02-19","1.133"
"EN-006","1996-02-26","1.153"
"EN-006","1996-03-04","1.17"
"EN-006","1996-03-11","1.171"
"EN-006","1996-03-18","1.181"
"EN-006","1996-03-25","1.21"
"EN-006","1996-04-01","1.223"
"EN-006","1996-04-08","1.248"
"EN-006","1996-04-15","1.287"
"EN-006","1996-04-22","1.301"
"EN-006","1996-04-29","1.318"
"EN-006","1996-05-06","1.321"
"EN-006","1996-05-13","1.323"
"EN-006","1996-05-20","1.33"
"EN-006","1996-05-27","1.321"
"EN-006","1996-06-03","1.315"
"EN-006","1996-06-10","1.307"
"EN-006","1996-06-17","1.302"
"EN-006","1996-06-24","1.289"
"EN-006","1996-07-01","1.279"
"EN-006","1996-07-08","1.276"
"EN-006","1996-07-15","1.273"
"EN-006","1996-07-22","1.272"
"EN-006","1996-07-29","1.263"
"EN-006","1996-08-05","1.253"
"EN-006","1996-08-12","1.248"
"EN-006","1996-08-19","1.249"
"EN-006","1996-08-26","1.253"
"EN-006","1996-09-02","1.242"
"EN-006","1996-09-09","1.247"
"EN-006","1996-09-16","1.25"
"EN-006","1996-09-23","1.251"
"EN-006","1996-09-30","1.245"
"EN-006","1996-10-07","1.239"
"EN-006","1996-10-14","1.248"
"EN-006","1996-10-21","1.249"
"EN-006","1996-10-28","1.26"
"EN-006","1996-11-04","1.268"
"EN-006","1996-11-11","1.272"
"EN-006","1996-11-18","1.282"
"EN-006","1996-11-25","1.289"
"EN-006","1996-12-02","1.287"
"EN-006","1996-12-09","1.287"
"EN-006","1996-12-16","1.283"
"EN-006","1996-12-23","1.278"
"EN-006","1996-12-30","1.274"
"EN-006","1997-01-06","1.272"
"EN-006","1997-01-13","1.287"
"EN-006","1997-01-20","1.287"
"EN-006","1997-01-27","1.284"
"EN-006","1997-02-03","1.282"
"EN-006","1997-02-10","1.28"
"EN-006","1997-02-17","1.273"
"EN-006","1997-02-24","1.27"
"EN-006","1997-03-03","1.261"
"EN-006","1997-03-10","1.253"
"EN-006","1997-03-17","1.246"
"EN-006","1997-03-24","1.25"
"EN-006","1997-03-31","1.246"
"EN-006","1997-04-07","1.248"
"EN-006","1997-04-14","1.244"
"EN-006","1997-04-21","1.245"
"EN-006","1997-04-28","1.24"
"EN-006","1997-05-05","1.238"
"EN-006","1997-05-12","1.238"
"EN-006","1997-05-19","1.247"
"EN-006","1997-05-26","1.255"
"EN-006","1997-06-02","1.258"
"EN-006","1997-06-09","1.251"
"EN-006","1997-06-16","1.242"
"EN-006","1997-06-23","1.232"
"EN-006","1997-06-30","1.226"
"EN-006","1997-07-07","1.222"
"EN-006","1997-07-14","1.219"
"EN-006","1997-07-21","1.222"
"EN-006","1997-07-28","1.216"
"EN-006","1997-08-04","1.237"
"EN-006","1997-08-11","1.272"
"EN-006","1997-08-18","1.274"
"EN-006","1997-08-25","1.288"
"EN-006","1997-09-01","1.287"
"EN-006","1997-09-08","1.288"
"EN-006","1997-09-15","1.281"
"EN-006","1997-09-22","1.269"
"EN-006","1997-09-29","1.255"
"EN-006","1997-10-06","1.254"
"EN-006","1997-10-13","1.248"
"EN-006","1997-10-20","1.238"
"EN-006","1997-10-27","1.228"
"EN-006","1997-11-03","1.221"
"EN-006","1997-11-10","1.222"
"EN-006","1997-11-17","1.213"
"EN-006","1997-11-24","1.207"
"EN-006","1997-12-01","1.197"
"EN-006","1997-12-08","1.187"
"EN-006","1997-12-15","1.176"
"EN-006","1997-12-22","1.167"
"EN-006","1997-12-29","1.158"
"EN-006","1998-01-05","1.148"
"EN-006","1998-01-12","1.14"
"EN-006","1998-01-19","1.129"
"EN-006","1998-01-26","1.112"
"EN-006","1998-02-02","1.108"
"EN-006","1998-02-09","1.101"
"EN-006","1998-02-16","1.085"
"EN-006","1998-02-23","1.09"
"EN-006","1998-03-02","1.075"
"EN-006","1998-03-09","1.065"
"EN-006","1998-03-16","1.055"
"EN-006","1998-03-23","1.047"
"EN-006","1998-03-30","1.077"
"EN-006","1998-04-06","1.074"
"EN-006","1998-04-13","1.072"
"EN-006","1998-04-20","1.075"
"EN-006","1998-04-27","1.086"
"EN-006","1998-05-04","1.095"
"EN-006","1998-05-11","1.109"
"EN-006","1998-05-18","1.109"
"EN-006","1998-05-25","1.108"
"EN-006","1998-06-01","1.104"
"EN-006","1998-06-08","1.113"
"EN-006","1998-06-15","1.104"
"EN-006","1998-06-22","1.096"
"EN-006","1998-06-29","1.096"
"EN-006","1998-07-06","1.097"
"EN-006","1998-07-13","1.092"
"EN-006","1998-07-20","1.097"
"EN-006","1998-07-27","1.088"
"EN-006","1998-08-03","1.077"
"EN-006","1998-08-10","1.072"
"EN-006","1998-08-17","1.065"
"EN-006","1998-08-24","1.058"
"EN-006","1998-08-31","1.053"
"EN-006","1998-09-07","1.046"
"EN-006","1998-09-14","1.042"
"EN-006","1998-09-21","1.053"
"EN-006","1998-09-28","1.053"
"EN-006","1998-10-05","1.059"
"EN-006","1998-10-12","1.063"
"EN-006","1998-10-19","1.058"
"EN-006","1998-10-26","1.055"
"EN-006","1998-11-02","1.05"
"EN-006","1998-11-09","1.048"
"EN-006","1998-11-16","1.037"
"EN-006","1998-11-23","1.03"
"EN-006","1998-11-30","1.015"
"EN-006","1998-12-07","0.996"
"EN-006","1998-12-14","0.987"
"EN-006","1998-12-21","0.986"
"EN-006","1998-12-28","0.979"
"EN-006","1999-01-04","0.977"
"EN-006","1999-01-11","0.982"
"EN-006","1999-01-18","0.985"
"EN-006","1999-01-25","0.977"
"EN-006","1999-02-01","0.971"
"EN-006","1999-02-08","0.968"
"EN-006","1999-02-15","0.96"
"EN-006","1999-02-22","0.949"
"EN-006","1999-03-01","0.955"
"EN-006","1999-03-08","0.963"
"EN-006","1999-03-15","1.017"
"EN-006","1999-03-22","1.056"
"EN-006","1999-03-29","1.121"
"EN-006","1999-04-05","1.158"
"EN-006","1999-04-12","1.179"
"EN-006","1999-04-19","1.175"
"EN-006","1999-04-26","1.171"
"EN-006","1999-05-03","1.176"
"EN-006","1999-05-10","1.18"
"EN-006","1999-05-17","1.18"
"EN-006","1999-05-24","1.166"
"EN-006","1999-05-31","1.151"
"EN-006","1999-06-07","1.152"
"EN-006","1999-06-14","1.148"
"EN-006","1999-06-21","1.163"
"EN-006","1999-06-28","1.153"
"EN-006","1999-07-05","1.165"
"EN-006","1999-07-12","1.182"
"EN-006","1999-07-19","1.208"
"EN-006","1999-07-26","1.232"
"EN-006","1999-08-02","1.234"
"EN-006","1999-08-09","1.246"
"EN-006","1999-08-16","1.275"
"EN-006","1999-08-23","1.273"
"EN-006","1999-08-30","1.273"
"EN-006","1999-09-06","1.282"
"EN-006","1999-09-13","1.29"
"EN-006","1999-09-20","1.307"
"EN-006","1999-09-27","1.302"
"EN-006","1999-10-04","1.296"
"EN-006","1999-10-11","1.29"
"EN-006","1999-10-18","1.277"
"EN-006","1999-10-25","1.277"
"EN-006","1999-11-01","1.271"
"EN-006","1999-11-08","1.274"
"EN-006","1999-11-15","1.292"
"EN-006","1999-11-22","1.309"
"EN-006","1999-11-29","1.315"
"EN-006","1999-12-06","1.313"
"EN-006","1999-12-13","1.315"
"EN-006","1999-12-20","1.31"
"EN-006","1999-12-27","1.314"
"EN-006","2000-01-03","1.312"
"EN-006","2000-01-10","1.304"
"EN-006","2000-01-17","1.318"
"EN-006","2000-01-24","1.354"
"EN-006","2000-01-31","1.355"
"EN-006","2000-02-07","1.364"
"EN-006","2000-02-14","1.394"
"EN-006","2000-02-21","1.443"
"EN-006","2000-02-28","1.458"
"EN-006","2000-03-06","1.539"
"EN-006","2000-03-13","1.566"
"EN-006","2000-03-20","1.569"
"EN-006","2000-03-27","1.549"
"EN-006","2000-04-03","1.543"
"EN-006","2000-04-10","1.516"
"EN-006","2000-04-17","1.486"
"EN-006","2000-04-24","1.478"
"EN-006","2000-05-01","1.461"
"EN-006","2000-05-08","1.495"
"EN-006","2000-05-15","1.531"
"EN-006","2000-05-22","1.566"
"EN-006","2000-05-29","1.579"
"EN-006","2000-06-05","1.599"
"EN-006","2000-06-12","1.664"
"EN-006","2000-06-19","1.711"
"EN-006","2000-06-26","1.691"
"EN-006","2000-07-03","1.661"
"EN-006","2000-07-10","1.63"
"EN-006","2000-07-17","1.586"
"EN-006","2000-07-24","1.562"
"EN-006","2000-07-31","1.514"
"EN-006","2000-08-07","1.504"
"EN-006","2000-08-14","1.489"
"EN-006","2000-08-21","1.508"
"EN-006","2000-08-28","1.521"
"EN-006","2000-09-04","1.568"
"EN-006","2000-09-11","1.598"
"EN-006","2000-09-18","1.599"
"EN-006","2000-09-25","1.586"
"EN-006","2000-10-02","1.563"
"EN-006","2000-10-09","1.541"
"EN-006","2000-10-16","1.578"
"EN-006","2000-10-23","1.588"
"EN-006","2000-10-30","1.584"
"EN-006","2000-11-06","1.565"
"EN-006","2000-11-13","1.562"
"EN-006","2000-11-20","1.55"
"EN-006","2000-11-27","1.549"
"EN-006","2000-12-04","1.526"
"EN-006","2000-12-11","1.49"
"EN-006","2000-12-18","1.462"
"EN-006","2000-12-25","1.453"
"EN-006","2001-01-01","1.446"
"EN-006","2001-01-08","1.465"
"EN-006","2001-01-15","1.513"
"EN-006","2001-01-22","1.511"
"EN-006","2001-01-29","1.5"
"EN-006","2001-02-05","1.483"
"EN-006","2001-02-12","1.515"
"EN-006","2001-02-19","1.489"
"EN-006","2001-02-26","1.471"
"EN-006","2001-03-05","1.457"
"EN-006","2001-03-12","1.453"
"EN-006","2001-03-19","1.444"
"EN-006","2001-03-26","1.445"
"EN-006","2001-04-02","1.482"
"EN-006","2001-04-09","1.54"
"EN-006","2001-04-16","1.61"
"EN-006","2001-04-23","1.658"
"EN-006","2001-04-30","1.665"
"EN-006","2001-05-07","1.739"
"EN-006","2001-05-14","1.748"
"EN-006","2001-05-21","1.724"
"EN-006","2001-05-28","1.739"
"EN-006","2001-06-04","1.715"
"EN-006","2001-06-11","1.688"
"EN-006","2001-06-18","1.644"
"EN-006","2001-06-25","1.583"
"EN-006","2001-07-02","1.52"
"EN-006","2001-07-09","1.484"
"EN-006","2001-07-16","1.459"
"EN-006","2001-07-23","1.44"
"EN-006","2001-07-30","1.428"
"EN-006","2001-08-06","1.419"
"EN-006","2001-08-13","1.434"
"EN-006","2001-08-20","1.467"
"EN-006","2001-08-27","1.523"
"EN-006","2001-09-03","1.579"
"EN-006","2001-09-10","1.562"
"EN-006","2001-09-17","1.564"
"EN-006","2001-09-24","1.522"
"EN-006","2001-10-01","1.455"
"EN-006","2001-10-08","1.393"
"EN-006","2001-10-15","1.351"
"EN-006","2001-10-22","1.307"
"EN-006","2001-10-29","1.277"
"EN-006","2001-11-05","1.249"
"EN-006","2001-11-12","1.224"
"EN-006","2001-11-19","1.208"
"EN-006","2001-11-26","1.168"
"EN-006","2001-12-03","1.149"
"EN-006","2001-12-10","1.136"
"EN-006","2001-12-17","1.101"
"EN-006","2001-12-24","1.113"
"EN-006","2001-12-31","1.137"
"EN-006","2002-01-07","1.152"
"EN-006","2002-01-14","1.152"
"EN-006","2002-01-21","1.146"
"EN-006","2002-01-28","1.142"
"EN-006","2002-02-04","1.157"
"EN-006","2002-02-11","1.148"
"EN-006","2002-02-18","1.157"
"EN-006","2002-02-25","1.157"
"EN-006","2002-03-04","1.185"
"EN-006","2002-03-11","1.262"
"EN-006","2002-03-18","1.328"
"EN-006","2002-03-25","1.382"
"EN-006","2002-04-01","1.412"
"EN-006","2002-04-08","1.454"
"EN-006","2002-04-15","1.446"
"EN-006","2002-04-22","1.446"
"EN-006","2002-04-29","1.435"
"EN-006","2002-05-06","1.437"
"EN-006","2002-05-13","1.431"
"EN-006","2002-05-20","1.439"
"EN-006","2002-05-27","1.429"
"EN-006","2002-06-03","1.433"
"EN-006","2002-06-10","1.417"
"EN-006","2002-06-17","1.419"
"EN-006","2002-06-24","1.425"
"EN-006","2002-07-01","1.433"
"EN-006","2002-07-08","1.423"
"EN-006","2002-07-15","1.435"
"EN-006","2002-07-22","1.451"
"EN-006","2002-07-29","1.447"
"EN-006","2002-08-05","1.437"
"EN-006","2002-08-12","1.435"
"EN-006","2002-08-19","1.434"
"EN-006","2002-08-26","1.444"
"EN-006","2002-09-02","1.436"
"EN-006","2002-09-09","1.437"
"EN-006","2002-09-16","1.442"
"EN-006","2002-09-23","1.436"
"EN-006","2002-09-30","1.455"
"EN-006","2002-10-07","1.48"
"EN-006","2002-10-14","1.481"
"EN-006","2002-10-21","1.499"
"EN-006","2002-10-28","1.485"
"EN-006","2002-11-04","1.489"
"EN-006","2002-11-11","1.48"
"EN-006","2002-11-18","1.451"
"EN-006","2002-11-25","1.423"
"EN-006","2002-12-02","1.408"
"EN-006","2002-12-09","1.404"
"EN-006","2002-12-16","1.407"
"EN-006","2002-12-23","1.443"
"EN-006","2002-12-30","1.484"
"EN-006","2003-01-06","1.487"
"EN-006","2003-01-13","1.496"
"EN-006","2003-01-20","1.502"
"EN-006","2003-01-27","1.515"
"EN-006","2003-02-03","1.569"
"EN-006","2003-02-10","1.649"
"EN-006","2003-02-17","1.701"
"EN-006","2003-02-24","1.699"
"EN-006","2003-03-03","1.726"
"EN-006","2003-03-10","1.752"
"EN-006","2003-03-17","1.768"
"EN-006","2003-03-24","1.732"
"EN-006","2003-03-31","1.692"
"EN-006","2003-04-07","1.673"
"EN-006","2003-04-14","1.639"
"EN-006","2003-04-21","1.618"
"EN-006","2003-04-28","1.6"
"EN-006","2003-05-05","1.556"
"EN-006","2003-05-12","1.534"
"EN-006","2003-05-19","1.539"
"EN-006","2003-05-26","1.528"
"EN-006","2003-06-02","1.514"
"EN-006","2003-06-09","1.53"
"EN-006","2003-06-16","1.558"
"EN-006","2003-06-23","1.537"
"EN-006","2003-06-30","1.528"
"EN-006","2003-07-07","1.53"
"EN-006","2003-07-14","1.563"
"EN-006","2003-07-21","1.566"
"EN-006","2003-07-28","1.558"
"EN-006","2003-08-04","1.576"
"EN-006","2003-08-11","1.611"
"EN-006","2003-08-18","1.668"
"EN-006","2003-08-25","1.787"
"EN-006","2003-09-01","1.786"
"EN-006","2003-09-08","1.758"
"EN-006","2003-09-15","1.739"
"EN-006","2003-09-22","1.686"
"EN-006","2003-09-29","1.635"
"EN-006","2003-10-06","1.617"
"EN-006","2003-10-13","1.611"
"EN-006","2003-10-20","1.612"
"EN-006","2003-10-27","1.584"
"EN-006","2003-11-03","1.577"
"EN-006","2003-11-10","1.547"
"EN-006","2003-11-17","1.54"
"EN-006","2003-11-24","1.554"
"EN-006","2003-12-01","1.533"
"EN-006","2003-12-08","1.519"
"EN-006","2003-12-15","1.509"
"EN-006","2003-12-22","1.528"
"EN-006","2003-12-29","1.521"
"EN-006","2004-01-05","1.552"
"EN-006","2004-01-12","1.603"
"EN-006","2004-01-19","1.637"
"EN-006","2004-01-26","1.664"
"EN-006","2004-02-02","1.66"
"EN-006","2004-02-09","1.681"
"EN-006","2004-02-16","1.69"
"EN-006","2004-02-23","1.73"
"EN-006","2004-03-01","1.758"
"EN-006","2004-03-08","1.78"
"EN-006","2004-03-15","1.767"
"EN-006","2004-03-22","1.785"
"EN-006","2004-03-29","1.8"
"EN-006","2004-04-05","1.822"
"EN-006","2004-04-12","1.827"
"EN-006","2004-04-19","1.853"
"EN-006","2004-04-26","1.853"
"EN-006","2004-05-03","1.884"
"EN-006","2004-05-10","1.979"
"EN-006","2004-05-17","2.055"
"EN-006","2004-05-24","2.104"
"EN-006","2004-05-31","2.092"
"EN-006","2004-06-07","2.075"
"EN-006","2004-06-14","2.029"
"EN-006","2004-06-21","1.981"
"EN-006","2004-06-28","1.965"
"EN-006","2004-07-05","1.939"
"EN-006","2004-07-12","1.959"
"EN-006","2004-07-19","1.971"
"EN-006","2004-07-26","1.948"
"EN-006","2004-08-02","1.93"
"EN-006","2004-08-09","1.92"
"EN-006","2004-08-16","1.917"
"EN-006","2004-08-23","1.926"
"EN-006","2004-08-30","1.909"
"EN-006","2004-09-06","1.893"
"EN-006","2004-09-13","1.889"
"EN-006","2004-09-20","1.908"
"EN-006","2004-09-27","1.959"
"EN-006","2004-10-04","1.98"
"EN-006","2004-10-11","2.035"
"EN-006","2004-10-18","2.077"
"EN-006","2004-10-25","2.074"
"EN-006","2004-11-01","2.076"
"EN-006","2004-11-08","2.045"
"EN-006","2004-11-15","2.014"
"EN-006","2004-11-22","1.992"
"EN-006","2004-11-29","1.989"
"EN-006","2004-12-06","1.956"
"EN-006","2004-12-13","1.893"
"EN-006","2004-12-20","1.861"
"EN-006","2004-12-27","1.838"
"EN-006","2005-01-03","1.824"
"EN-006","2005-01-10","1.837"
"EN-006","2005-01-17","1.863"
"EN-006","2005-01-24","1.896"
"EN-006","2005-01-31","1.953"
"EN-006","2005-02-07","1.952"
"EN-006","2005-02-14","1.941"
"EN-006","2005-02-21","1.948"
"EN-006","2005-02-28","1.969"
"EN-006","2005-03-07","2.04"
"EN-006","2005-03-14","2.098"
"EN-006","2005-03-21","2.149"
"EN-006","2005-03-28","2.194"
"EN-006","2005-04-04","2.258"
"EN-006","2005-04-11","2.321"
"EN-006","2005-04-18","2.28"
"EN-006","2005-04-25","2.279"
"EN-006","2005-05-02","2.277"
"EN-006","2005-05-09","2.231"
"EN-006","2005-05-16","2.206"
"EN-006","2005-05-23","2.169"
"EN-006","2005-05-30","2.141"
"EN-006","2005-06-06","2.159"
"EN-006","2005-06-13","2.173"
"EN-006","2005-06-20","2.204"
"EN-006","2005-06-27","2.257"
"EN-006","2005-07-04","2.268"
"EN-006","2005-07-11","2.369"
"EN-006","2005-07-18","2.36"
"EN-006","2005-07-25","2.333"
"EN-006","2005-08-01","2.335"
"EN-006","2005-08-08","2.41"
"EN-006","2005-08-15","2.592"
"EN-006","2005-08-22","2.654"
"EN-006","2005-08-29","2.653"
"EN-006","2005-09-05","3.117"
"EN-006","2005-09-12","3.002"
"EN-006","2005-09-19","2.835"
"EN-006","2005-09-26","2.851"
"EN-006","2005-10-03","2.975"
"EN-006","2005-10-10","2.896"
"EN-006","2005-10-17","2.775"
"EN-006","2005-10-24","2.652"
"EN-006","2005-10-31","2.528"
"EN-006","2005-11-07","2.424"
"EN-006","2005-11-14","2.342"
"EN-006","2005-11-21","2.247"
"EN-006","2005-11-28","2.2"
"EN-006","2005-12-05","2.191"
"EN-006","2005-12-12","2.228"
"EN-006","2005-12-19","2.255"
"EN-006","2005-12-26","2.241"
"EN-006","2006-01-02","2.281"
"EN-006","2006-01-09","2.371"
"EN-006","2006-01-16","2.366"
"EN-006","2006-01-23","2.382"
"EN-006","2006-01-30","2.402"
"EN-006","2006-02-06","2.388"
"EN-006","2006-02-13","2.331"
"EN-006","2006-02-20","2.286"
"EN-006","2006-02-27","2.298"
"EN-006","2006-03-06","2.373"
"EN-006","2006-03-13","2.408"
"EN-006","2006-03-20","2.548"
"EN-006","2006-03-27","2.542"
"EN-006","2006-04-03","2.631"
"EN-006","2006-04-10","2.727"
"EN-006","2006-04-17","2.828"
"EN-006","2006-04-24","2.96"
"EN-006","2006-05-01","2.966"
"EN-006","2006-05-08","2.955"
"EN-006","2006-05-15","2.992"
"EN-006","2006-05-22","2.938"
"EN-006","2006-05-29","2.913"
"EN-006","2006-06-05","2.937"
"EN-006","2006-06-12","2.951"
"EN-006","2006-06-19","2.917"
"EN-006","2006-06-26","2.914"
"EN-006","2006-07-03","2.979"
"EN-006","2006-07-10","3.017"
"EN-006","2006-07-17","3.033"
"EN-006","2006-07-24","3.048"
"EN-006","2006-07-31","3.05"
"EN-006","2006-08-07","3.083"
"EN-006","2006-08-14","3.047"
"EN-006","2006-08-21","2.971"
"EN-006","2006-08-28","2.893"
"EN-006","2006-09-04","2.777"
"EN-006","2006-09-11","2.67"
"EN-006","2006-09-18","2.549"
"EN-006","2006-09-25","2.429"
"EN-006","2006-10-02","2.36"
"EN-006","2006-10-09","2.31"
"EN-006","2006-10-16","2.274"
"EN-006","2006-10-23","2.255"
"EN-006","2006-10-30","2.264"
"EN-006","2006-11-06","2.246"
"EN-006","2006-11-13","2.278"
"EN-006","2006-11-20","2.285"
"EN-006","2006-11-27","2.292"
"EN-006","2006-12-04","2.342"
"EN-006","2006-12-11","2.34"
"EN-006","2006-12-18","2.366"
"EN-006","2006-12-25","2.387"
"EN-006","2007-01-01","2.382"
"EN-006","2007-01-08","2.354"
"EN-006","2007-01-15","2.28"
"EN-006","2007-01-22","2.216"
"EN-006","2007-01-29","2.213"
"EN-006","2007-02-05","2.237"
"EN-006","2007-02-12","2.287"
"EN-006","2007-02-19","2.341"
"EN-006","2007-02-26","2.428"
"EN-006","2007-03-05","2.551"
"EN-006","2007-03-12","2.605"
"EN-006","2007-03-19","2.623"
"EN-006","2007-03-26","2.655"
"EN-006","2007-04-02","2.753"
"EN-006","2007-04-09","2.848"
"EN-006","2007-04-16","2.922"
"EN-006","2007-04-23","2.917"
"EN-006","2007-04-30","3.017"
"EN-006","2007-05-07","3.097"
"EN-006","2007-05-14","3.143"
"EN-006","2007-05-21","3.258"
"EN-006","2007-05-28","3.25"
"EN-006","2007-06-04","3.2"
"EN-006","2007-06-11","3.122"
"EN-006","2007-06-18","3.057"
"EN-006","2007-06-25","3.029"
"EN-006","2007-07-02","3.005"
"EN-006","2007-07-09","3.026"
"EN-006","2007-07-16","3.092"
"EN-006","2007-07-23","3.005"
"EN-006","2007-07-30","2.926"
"EN-006","2007-08-06","2.888"
"EN-006","2007-08-13","2.821"
"EN-006","2007-08-20","2.832"
"EN-006","2007-08-27","2.796"
"EN-006","2007-09-03","2.84"
"EN-006","2007-09-10","2.862"
"EN-006","2007-09-17","2.835"
"EN-006","2007-09-24","2.86"
"EN-006","2007-10-01","2.838"
"EN-006","2007-10-08","2.821"
"EN-006","2007-10-15","2.813"
"EN-006","2007-10-22","2.873"
"EN-006","2007-10-29","2.921"
"EN-006","2007-11-05","3.06"
"EN-006","2007-11-12","3.158"
"EN-006","2007-11-19","3.148"
"EN-006","2007-11-26","3.147"
"EN-006","2007-12-03","3.113"
"EN-006","2007-12-10","3.053"
"EN-006","2007-12-17","3.05"
"EN-006","2007-12-24","3.032"
"EN-006","2007-12-31","3.104"
"EN-006","2008-01-07","3.159"
"EN-006","2008-01-14","3.119"
"EN-006","2008-01-21","3.07"
"EN-006","2008-01-28","3.03"
"EN-006","2008-02-04","3.03"
"EN-006","2008-02-11","3.011"
"EN-006","2008-02-18","3.092"
"EN-006","2008-02-25","3.18"
"EN-006","2008-03-03","3.212"
"EN-006","2008-03-10","3.273"
"EN-006","2008-03-17","3.332"
"EN-006","2008-03-24","3.31"
"EN-006","2008-03-31","3.339"
"EN-006","2008-04-07","3.381"
"EN-006","2008-04-14","3.438"
"EN-006","2008-04-21","3.557"
"EN-006","2008-04-28","3.653"
"EN-006","2008-05-05","3.663"
"EN-006","2008-05-12","3.771"
"EN-006","2008-05-19","3.84"
"EN-006","2008-05-26","3.986"
"EN-006","2008-06-02","4.026"
"EN-006","2008-06-09","4.09"
"EN-006","2008-06-16","4.134"
"EN-006","2008-06-23","4.131"
"EN-006","2008-06-30","4.146"
"EN-006","2008-07-07","4.165"
"EN-006","2008-07-14","4.164"
"EN-006","2008-07-21","4.118"
"EN-006","2008-07-28","4.01"
"EN-006","2008-08-04","3.935"
"EN-006","2008-08-11","3.864"
"EN-006","2008-08-18","3.794"
"EN-006","2008-08-25","3.738"
"EN-006","2008-09-01","3.733"
"EN-006","2008-09-08","3.701"
"EN-006","2008-09-15","3.887"
"EN-006","2008-09-22","3.772"
"EN-006","2008-09-29","3.687"
"EN-006","2008-10-06","3.543"
"EN-006","2008-10-13","3.213"
"EN-006","2008-10-20","2.974"
"EN-006","2008-10-27","2.718"
"EN-006","2008-11-03","2.462"
"EN-006","2008-11-10","2.284"
"EN-006","2008-11-17","2.132"
"EN-006","2008-11-24","1.952"
"EN-006","2008-12-01","1.87"
"EN-006","2008-12-08","1.758"
"EN-006","2008-12-15","1.716"
"EN-006","2008-12-22","1.71"
"EN-006","2008-12-29","1.67"
"EN-006","2009-01-05","1.737"
"EN-006","2009-01-12","1.835"
"EN-006","2009-01-19","1.898"
"EN-006","2009-01-26","1.89"
"EN-006","2009-02-02","1.944"
"EN-006","2009-02-09","1.978"
"EN-006","2009-02-16","2.016"
"EN-006","2009-02-23","1.963"
"EN-006","2009-03-02","1.988"
"EN-006","2009-03-09","1.993"
"EN-006","2009-03-16","1.964"
"EN-006","2009-03-23","2.014"
"EN-006","2009-03-30","2.097"
"EN-006","2009-04-06","2.09"
"EN-006","2009-04-13","2.104"
"EN-006","2009-04-20","2.112"
"EN-006","2009-04-27","2.102"
"EN-006","2009-05-04","2.129"
"EN-006","2009-05-11","2.29"
"EN-006","2009-05-18","2.36"
"EN-006","2009-05-25","2.485"
"EN-006","2009-06-01","2.572"
"EN-006","2009-06-08","2.673"
"EN-006","2009-06-15","2.722"
"EN-006","2009-06-22","2.743"
"EN-006","2009-06-29","2.695"
"EN-006","2009-07-06","2.666"
"EN-006","2009-07-13","2.584"
"EN-006","2009-07-20","2.519"
"EN-006","2009-07-27","2.557"
"EN-006","2009-08-03","2.61"
"EN-006","2009-08-10","2.7"
"EN-006","2009-08-17","2.691"
"EN-006","2009-08-24","2.682"
"EN-006","2009-08-31","2.667"
"EN-006","2009-09-07","2.642"
"EN-006","2009-09-14","2.632"
"EN-006","2009-09-21","2.607"
"EN-006","2009-09-28","2.554"
"EN-006","2009-10-05","2.523"
"EN-006","2009-10-12","2.543"
"EN-006","2009-10-19","2.626"
"EN-006","2009-10-26","2.727"
"EN-006","2009-11-02","2.746"
"EN-006","2009-11-09","2.72"
"EN-006","2009-11-16","2.684"
"EN-006","2009-11-23","2.694"
"EN-006","2009-11-30","2.684"
"EN-006","2009-12-07","2.689"
"EN-006","2009-12-14","2.655"
"EN-006","2009-12-21","2.645"
"EN-006","2009-12-28","2.662"
"EN-006","2010-01-04","2.718"
"EN-006","2010-01-11","2.804"
"EN-006","2010-01-18","2.793"
"EN-006","2010-01-25","2.76"
"EN-006","2010-02-01","2.717"
"EN-006","2010-02-08","2.707"
"EN-006","2010-02-15","2.664"
"EN-006","2010-02-22","2.709"
"EN-006","2010-03-01","2.756"
"EN-006","2010-03-08","2.804"
"EN-006","2010-03-15","2.841"
"EN-006","2010-03-22","2.87"
"EN-006","2010-03-29","2.851"
"EN-006","2010-04-05","2.877"
"EN-006","2010-04-12","2.909"
"EN-006","2010-04-19","2.911"
"EN-006","2010-04-26","2.901"
"EN-006","2010-05-03","2.95"
"EN-006","2010-05-10","2.958"
"EN-006","2010-05-17","2.918"
"EN-006","2010-05-24","2.842"
"EN-006","2010-05-31","2.784"
"EN-006","2010-06-07","2.78"
"EN-006","2010-06-14","2.756"
"EN-006","2010-06-21","2.795"
"EN-006","2010-06-28","2.809"
"EN-006","2010-07-05","2.779"
"EN-006","2010-07-12","2.771"
"EN-006","2010-07-19","2.775"
"EN-006","2010-07-26","2.801"
"EN-006","2010-08-02","2.788"
"EN-006","2010-08-09","2.835"
"EN-006","2010-08-16","2.798"
"EN-006","2010-08-23","2.759"
"EN-006","2010-08-30","2.736"
"EN-006","2010-09-06","2.735"
"EN-006","2010-09-13","2.772"
"EN-006","2010-09-20","2.775"
"EN-006","2010-09-27","2.747"
"EN-006","2010-10-04","2.784"
"EN-006","2010-10-11","2.871"
"EN-006","2010-10-18","2.887"
"EN-006","2010-10-25","2.87"
"EN-006","2010-11-01","2.861"
"EN-006","2010-11-08","2.917"
"EN-006","2010-11-15","2.944"
"EN-006","2010-11-22","2.931"
"EN-006","2010-11-29","2.912"
"EN-006","2010-12-06","3.013"
"EN-006","2010-12-13","3.035"
"EN-006","2010-12-20","3.037"
"EN-006","2010-12-27","3.106"
"EN-006","2011-01-03","3.124"
"EN-006","2011-01-10","3.142"
"EN-006","2011-01-17","3.158"
"EN-006","2011-01-24","3.163"
"EN-006","2011-01-31","3.155"
"EN-006","2011-02-07","3.185"
"EN-006","2011-02-14","3.193"
"EN-006","2011-02-21","3.243"
"EN-006","2011-02-28","3.435"
"EN-006","2011-03-07","3.572"
"EN-006","2011-03-14","3.621"
"EN-006","2011-03-21","3.617"
"EN-006","2011-03-28","3.65"
"EN-006","2011-04-04","3.737"
"EN-006","2011-04-11","3.843"
"EN-006","2011-04-18","3.896"
"EN-006","2011-04-25","3.932"
"EN-006","2011-05-02","4.014"
"EN-006","2011-05-09","4.018"
"EN-006","2011-05-16","4.014"
"EN-006","2011-05-23","3.904"
"EN-006","2011-05-30","3.848"
"EN-006","2011-06-06","3.833"
"EN-006","2011-06-13","3.767"
"EN-006","2011-06-20","3.708"
"EN-006","2011-06-27","3.631"
"EN-006","2011-07-04","3.634"
"EN-006","2011-07-11","3.695"
"EN-006","2011-07-18","3.736"
"EN-006","2011-07-25","3.754"
"EN-006","2011-08-01","3.766"
"EN-006","2011-08-08","3.73"
"EN-006","2011-08-15","3.662"
"EN-006","2011-08-22","3.638"
"EN-006","2011-08-29","3.682"
"EN-006","2011-09-05","3.727"
"EN-006","2011-09-12","3.715"
"EN-006","2011-09-19","3.657"
"EN-006","2011-09-26","3.568"
"EN-006","2011-10-03","3.492"
"EN-006","2011-10-10","3.476"
"EN-006","2011-10-17","3.533"
"EN-006","2011-10-24","3.52"
"EN-006","2011-10-31","3.511"
"EN-006","2011-11-07","3.482"
"EN-006","2011-11-14","3.495"
"EN-006","2011-11-21","3.427"
"EN-006","2011-11-28","3.368"
"EN-006","2011-12-05","3.35"
"EN-006","2011-12-12","3.346"
"EN-006","2011-12-19","3.29"
"EN-006","2011-12-26","3.317"
"EN-006","2012-01-02","3.358"
"EN-006","2012-01-09","3.441"
"EN-006","2012-01-16","3.451"
"EN-006","2012-01-23","3.45"
"EN-006","2012-01-30","3.5"
"EN-006","2012-02-06","3.542"
"EN-006","2012-02-13","3.584"
"EN-006","2012-02-20","3.652"
"EN-006","2012-02-27","3.78"
"EN-006","2012-03-05","3.849"
"EN-006","2012-03-12","3.884"
"EN-006","2012-03-19","3.923"
"EN-006","2012-03-26","3.973"
"EN-006","2012-04-02","3.996"
"EN-006","2012-04-09","3.997"
"EN-006","2012-04-16","3.98"
"EN-006","2012-04-23","3.929"
"EN-006","2012-04-30","3.889"
"EN-006","2012-05-07","3.849"
"EN-006","2012-05-14","3.814"
"EN-006","2012-05-21","3.773"
"EN-006","2012-05-28","3.728"
"EN-006","2012-06-04","3.671"
"EN-006","2012-06-11","3.629"
"EN-006","2012-06-18","3.589"
"EN-006","2012-06-25","3.494"
"EN-006","2012-07-02","3.415"
"EN-006","2012-07-09","3.469"
"EN-006","2012-07-16","3.485"
"EN-006","2012-07-23","3.554"
"EN-006","2012-07-30","3.568"
"EN-006","2012-08-06","3.702"
"EN-006","2012-08-13","3.779"
"EN-006","2012-08-20","3.803"
"EN-006","2012-08-27","3.837"
"EN-006","2012-09-03","3.903"
"EN-006","2012-09-10","3.907"
"EN-006","2012-09-17","3.939"
"EN-006","2012-09-24","3.889"
"EN-006","2012-10-01","3.866"
"EN-006","2012-10-08","3.914"
"EN-006","2012-10-15","3.886"
"EN-006","2012-10-22","3.756"
"EN-006","2012-10-29","3.638"
"EN-006","2012-11-05","3.563"
"EN-006","2012-11-12","3.518"
"EN-006","2012-11-19","3.497"
"EN-006","2012-11-26","3.505"
"EN-006","2012-12-03","3.463"
"EN-006","2012-12-10","3.419"
"EN-006","2012-12-17","3.324"
"EN-006","2012-12-24","3.328"
"EN-006","2012-12-31","3.369"
"EN-006","2013-01-07","3.373"
"EN-006","2013-01-14","3.377"
"EN-006","2013-01-21","3.386"
"EN-006","2013-01-28","3.427"
"EN-006","2013-02-04","3.604"
"EN-006","2013-02-11","3.677"
"EN-006","2013-02-18","3.812"
"EN-006","2013-02-25","3.851"
"EN-006","2013-03-04","3.826"
"EN-006","2013-03-11","3.779"
"EN-006","2013-03-18","3.764"
"EN-006","2013-03-25","3.746"
"EN-006","2013-04-01","3.714"
"EN-006","2013-04-08","3.676"
"EN-006","2013-04-15","3.611"
"EN-006","2013-04-22","3.603"
"EN-006","2013-04-29","3.587"
"EN-006","2013-05-06","3.602"
"EN-006","2013-05-13","3.665"
"EN-006","2013-05-20","3.729"
"EN-006","2013-05-27","3.704"
"EN-006","2013-06-03","3.705"
"EN-006","2013-06-10","3.715"
"EN-006","2013-06-17","3.689"
"EN-006","2013-06-24","3.645"
"EN-006","2013-07-01","3.567"
"EN-006","2013-07-08","3.563"
"EN-006","2013-07-15","3.706"
"EN-006","2013-07-22","3.751"
"EN-006","2013-07-29","3.716"
"EN-006","2013-08-05","3.701"
"EN-006","2013-08-12","3.633"
"EN-006","2013-08-19","3.622"
"EN-006","2013-08-26","3.623"
"EN-006","2013-09-02","3.678"
"EN-006","2013-09-09","3.658"
"EN-006","2013-09-16","3.619"
"EN-006","2013-09-23","3.567"
"EN-006","2013-09-30","3.499"
"EN-006","2013-10-07","3.441"
"EN-006","2013-10-14","3.43"
"EN-006","2013-10-21","3.435"
"EN-006","2013-10-28","3.372"
"EN-006","2013-11-04","3.343"
"EN-006","2013-11-11","3.274"
"EN-006","2013-11-18","3.298"
"EN-006","2013-11-25","3.372"
"EN-006","2013-12-02","3.353"
"EN-006","2013-12-09","3.35"
"EN-006","2013-12-16","3.321"
"EN-006","2013-12-23","3.351"
"EN-006","2013-12-30","3.409"
"EN-006","2014-01-06","3.411"
"EN-006","2014-01-13","3.406"
"EN-006","2014-01-20","3.376"
"EN-006","2014-01-27","3.375"
"EN-006","2014-02-03","3.372"
"EN-006","2014-02-10","3.388"
"EN-006","2014-02-17","3.457"
"EN-006","2014-02-24","3.52"
"EN-006","2014-03-03","3.553"
"EN-006","2014-03-10","3.584"
"EN-006","2014-03-17","3.619"
"EN-006","2014-03-24","3.622"
"EN-006","2014-03-31","3.651"
"EN-006","2014-04-07","3.67"
"EN-006","2014-04-14","3.725"
"EN-006","2014-04-21","3.758"
"EN-006","2014-04-28","3.788"
"EN-006","2014-05-05","3.761"
"EN-006","2014-05-12","3.746"
"EN-006","2014-05-19","3.743"
"EN-006","2014-05-26","3.75"
"EN-006","2014-06-02","3.765"
"EN-006","2014-06-09","3.749"
"EN-006","2014-06-16","3.76"
"EN-006","2014-06-23","3.778"
"EN-006","2014-06-30","3.778"
"EN-006","2014-07-07","3.753"
"EN-006","2014-07-14","3.712"
"EN-006","2014-07-21","3.671"
"EN-006","2014-07-28","3.617"
"EN-006","2014-08-04","3.595"
"EN-006","2014-08-11","3.582"
"EN-006","2014-08-18","3.549"
"EN-006","2014-08-25","3.532"
"EN-006","2014-09-01","3.536"
"EN-006","2014-09-08","3.534"
"EN-006","2014-09-15","3.485"
"EN-006","2014-09-22","3.432"
"EN-006","2014-09-29","3.434"
"EN-006","2014-10-06","3.382"
"EN-006","2014-10-13","3.292"
"EN-006","2014-10-20","3.205"
"EN-006","2014-10-27","3.139"
"EN-006","2014-11-03","3.077"
"EN-006","2014-11-10","3.025"
"EN-006","2014-11-17","2.978"
"EN-006","2014-11-24","2.907"
"EN-006","2014-12-01","2.864"
"EN-006","2014-12-08","2.767"
"EN-006","2014-12-15","2.643"
"EN-006","2014-12-22","2.496"
"EN-006","2014-12-29","2.392"
"EN-006","2015-01-05","2.308"
"EN-006","2015-01-12","2.232"
"EN-006","2015-01-19","2.157"
"EN-006","2015-01-26","2.133"
"EN-006","2015-02-02","2.154"
"EN-006","2015-02-09","2.276"
"EN-006","2015-02-16","2.358"
"EN-006","2015-02-23","2.415"
"EN-006","2015-03-02","2.556"
"EN-006","2015-03-09","2.57"
"EN-006","2015-03-16","2.537"
"EN-006","2015-03-23","2.538"
"EN-006","2015-03-30","2.531"
"EN-006","2015-04-06","2.499"
"EN-006","2015-04-13","2.494"
"EN-006","2015-04-20","2.57"
"EN-006","2015-04-27","2.656"
"EN-006","2015-05-04","2.749"
"EN-006","2015-05-11","2.776"
"EN-006","2015-05-18","2.827"
"EN-006","2015-05-25","2.857"
"EN-006","2015-06-01","2.863"
"EN-006","2015-06-08","2.863"
"EN-006","2015-06-15","2.918"
"EN-006","2015-06-22","2.895"
"EN-006","2015-06-29","2.885"
"EN-006","2015-07-06","2.877"
"EN-006","2015-07-13","2.92"
"EN-006","2015-07-20","2.888"
"EN-006","2015-07-27","2.833"
"EN-006","2015-08-03","2.779"
"EN-006","2015-08-10","2.72"
"EN-006","2015-08-17","2.803"
"EN-006","2015-08-24","2.726"
"EN-006","2015-08-31","2.602"
"EN-006","2015-09-07","2.532"
"EN-006","2015-09-14","2.471"
"EN-006","2015-09-21","2.425"
"EN-006","2015-09-28","2.418"
"EN-006","2015-10-05","2.415"
"EN-006","2015-10-12","2.432"
"EN-006","2015-10-19","2.374"
"EN-006","2015-10-26","2.326"
"EN-006","2015-11-02","2.322"
"EN-006","2015-11-09","2.335"
"EN-006","2015-11-16","2.281"
"EN-006","2015-11-23","2.198"
"EN-006","2015-11-30","2.165"
"EN-006","2015-12-07","2.159"
"EN-006","2015-12-14","2.144"
"EN-006","2015-12-21","2.133"
"EN-006","2015-12-28","2.141"
"EN-006","2016-01-04","2.135"
"EN-006","2016-01-11","2.104"
"EN-006","2016-01-18","2.022"
"EN-006","2016-01-25","1.965"
"EN-006","2016-02-01","1.932"
"EN-006","2016-02-08","1.87"
"EN-006","2016-02-15","1.834"
"EN-006","2016-02-22","1.837"
"EN-006","2016-02-29","1.887"
"EN-006","2016-03-07","1.943"
"EN-006","2016-03-14","2.062"
"EN-006","2016-03-21","2.109"
"EN-006","2016-03-28","2.169"
"EN-006","2016-04-04","2.185"
"EN-006","2016-04-11","2.173"
"EN-006","2016-04-18","2.24"
"EN-006","2016-04-25","2.265"
"EN-006","2016-05-02","2.342"
"EN-006","2016-05-09","2.325"
"EN-006","2016-05-16","2.345"
"EN-006","2016-05-23","2.403"
"EN-006","2016-05-30","2.44"
"EN-006","2016-06-06","2.482"
"EN-006","2016-06-13","2.499"
"EN-006","2016-06-20","2.455"
"EN-006","2016-06-27","2.432"
"EN-006","2016-07-04","2.396"
"EN-006","2016-07-11","2.359"
"EN-006","2016-07-18","2.336"
"EN-006","2016-07-25","2.289"
"EN-006","2016-08-01","2.267"
"EN-006","2016-08-08","2.256"
"EN-006","2016-08-15","2.256"
"EN-006","2016-08-22","2.299"
"EN-006","2016-08-29","2.341"
"EN-006","2016-09-05","2.329"
"EN-006","2016-09-12","2.31"
"EN-006","2016-09-19","2.333"
"EN-006","2016-09-26","2.334"
"EN-006","2016-10-03","2.354"
"EN-006","2016-10-10","2.381"
"EN-006","2016-10-17","2.367"
"EN-006","2016-10-24","2.353"
"EN-006","2016-10-31","2.341"
"EN-006","2016-11-07","2.345"
"EN-006","2016-11-14","2.298"
"EN-006","2016-11-21","2.269"
"EN-006","2016-11-28","2.268"
"EN-006","2016-12-05","2.321"
"EN-006","2016-12-12","2.347"
"EN-006","2016-12-19","2.375"
"EN-006","2016-12-26","2.419"
"EN-006","2017-01-02","2.485"
"EN-006","2017-01-09","2.496"
"EN-006","2017-01-16","2.467"
"EN-006","2017-01-23","2.436"
"EN-006","2017-01-30","2.408"
"EN-006","2017-02-06","2.405"
"EN-006","2017-02-13","2.418"
"EN-006","2017-02-20","2.414"
"EN-006","2017-02-27","2.427"
"EN-006","2017-03-06","2.452"
"EN-006","2017-03-13","2.434"
"EN-006","2017-03-20","2.433"
"EN-006","2017-03-27","2.428"
"EN-006","2017-04-03","2.471"
"EN-006","2017-04-10","2.534"
"EN-006","2017-04-17","2.546"
"EN-006","2017-04-24","2.559"
"EN-006","2017-05-01","2.522"
"EN-006","2017-05-08","2.484"
"EN-006","2017-05-15","2.481"
"EN-006","2017-05-22","2.51"
"EN-006","2017-05-29","2.516"
"EN-006","2017-06-05","2.525"
"EN-006","2017-06-12","2.479"
"EN-006","2017-06-19","2.433"
"EN-006","2017-06-26","2.404"
"EN-006","2017-07-03","2.376"
"EN-006","2017-07-10","2.411"
"EN-006","2017-07-17","2.392"
"EN-006","2017-07-24","2.426"
"EN-006","2017-07-31","2.467"
"EN-006","2017-08-07","2.492"
"EN-006","2017-08-14","2.497"
"EN-006","2017-08-21","2.474"
"EN-006","2017-08-28","2.513"
"EN-006","2017-09-04","2.794"
"EN-006","2017-09-11","2.8"
"EN-006","2017-09-18","2.75"
"EN-006","2017-09-25","2.701"
"EN-006","2017-10-02","2.682"
"EN-006","2017-10-09","2.622"
"EN-006","2017-10-16","2.605"
"EN-006","2017-10-23","2.594"
"EN-006","2017-10-30","2.602"
"EN-006","2017-11-06","2.673"
"EN-006","2017-11-13","2.706"
"EN-006","2017-11-20","2.683"
"EN-006","2017-11-27","2.648"
"EN-006","2017-12-04","2.617"
"EN-006","2017-12-11","2.601"
"EN-006","2017-12-18","2.568"
"EN-006","2017-12-25","2.589"
"EN-006","2018-01-01","2.637"
"EN-006","2018-01-08","2.639"
"EN-006","2018-01-15","2.673"
"EN-006","2018-01-22","2.684"
"EN-006","2018-01-29","2.723"
"EN-006","2018-02-05","2.753"
"EN-006","2018-02-12","2.724"
"EN-006","2018-02-19","2.676"
"EN-006","2018-02-26","2.666"
"EN-006","2018-03-05","2.679"
"EN-006","2018-03-12","2.677"
"EN-006","2018-03-19","2.716"
"EN-006","2018-03-26","2.764"
"EN-006","2018-04-02","2.817"
"EN-006","2018-04-09","2.811"
"EN-006","2018-04-16","2.863"
"EN-006","2018-04-23","2.914"
"EN-006","2018-04-30","2.961"
"EN-006","2018-05-07","2.96"
"EN-006","2018-05-14","2.949"
"EN-006","2018-05-21","2.999"
"EN-006","2018-05-28","3.039"
"EN-006","2018-06-04","3.018"
"EN-006","2018-06-11","2.989"
"EN-006","2018-06-18","2.958"
"EN-006","2018-06-25","2.913"
"EN-006","2018-07-02","2.924"
"EN-006","2018-07-09","2.937"
"EN-006","2018-07-16","2.943"
"EN-006","2018-07-23","2.911"
"EN-006","2018-07-30","2.924"
"EN-006","2018-08-06","2.93"
"EN-006","2018-08-13","2.921"
"EN-006","2018-08-20","2.9"
"EN-006","2018-08-27","2.906"
"EN-006","2018-09-03","2.903"
"EN-006","2018-09-10","2.912"
"EN-006","2018-09-17","2.921"
"EN-006","2018-09-24","2.923"
"EN-006","2018-10-01","2.947"
"EN-006","2018-10-08","2.984"
"EN-006","2018-10-15","2.961"
"EN-006","2018-10-22","2.925"
"EN-006","2018-10-29","2.896"
"EN-006","2018-11-05","2.84"
"EN-006","2018-11-12","2.773"
"EN-006","2018-11-19","2.7"
"EN-006","2018-11-26","2.63"
"EN-006","2018-12-03","2.544"
"EN-006","2018-12-10","2.511"
"EN-006","2018-12-17","2.46"
"EN-006","2018-12-24","2.413"
"EN-006","2018-12-31","2.358"
"EN-006","2019-01-07","2.329"
"EN-006","2019-01-14","2.338"
"EN-006","2019-01-21","2.34"
"EN-006","2019-01-28","2.343"
"EN-006","2019-02-04","2.341"
"EN-006","2019-02-11","2.361"
"EN-006","2019-02-18","2.4"
"EN-006","2019-02-25","2.471"
"EN-006","2019-03-04","2.502"
"EN-006","2019-03-11","2.549"
"EN-006","2019-03-18","2.625"
"EN-006","2019-03-25","2.701"
"EN-006","2019-04-01","2.77"
"EN-006","2019-04-08","2.826"
"EN-006","2019-04-15","2.912"
"EN-006","2019-04-22","2.926"
"EN-006","2019-04-29","2.972"
"EN-006","2019-05-06","2.983"
"EN-006","2019-05-13","2.954"
"EN-006","2019-05-20","2.939"
"EN-006","2019-05-27","2.909"
"EN-006","2019-06-03","2.893"
"EN-006","2019-06-10","2.821"
"EN-006","2019-06-17","2.759"
"EN-006","2019-06-24","2.741"
"EN-006","2019-07-01","2.798"
"EN-006","2019-07-08","2.827"
"EN-006","2019-07-15","2.86"
"EN-006","2019-07-22","2.833"
"EN-006","2019-07-29","2.798"
"EN-006","2019-08-05","2.772"
"EN-006","2019-08-12","2.71"
"EN-006","2019-08-19","2.684"
"EN-006","2019-08-26","2.661"
"EN-006","2019-09-02","2.651"
"EN-006","2019-09-09","2.638"
"EN-006","2019-09-16","2.64"
"EN-006","2019-09-23","2.741"
"EN-006","2019-09-30","2.737"
"EN-006","2019-10-07","2.742"
"EN-006","2019-10-14","2.727"
"EN-006","2019-10-21","2.735"
"EN-006","2019-10-28","2.692"
"EN-006","2019-11-04","2.702"
"EN-006","2019-11-11","2.711"
"EN-006","2019-11-18","2.688"
"EN-006","2019-11-25","2.672"
"EN-006","2019-12-02","2.667"
"EN-006","2019-12-09","2.652"
"EN-006","2019-12-16","2.627"
"EN-006","2019-12-23","2.621"
"EN-006","2019-12-30","2.658"
"EN-006","2020-01-06","2.665"
"EN-006","2020-01-13","2.657"
"EN-006","2020-01-20","2.625"
"EN-006","2020-01-27","2.595"
"EN-006","2020-02-03","2.546"
"EN-006","2020-02-10","2.511"
"EN-006","2020-02-17","2.518"
"EN-006","2020-02-24","2.555"
"EN-006","2020-03-02","2.514"
"EN-006","2020-03-09","2.468"
"EN-006","2020-03-16","2.343"
"EN-006","2020-03-23","2.217"
"EN-006","2020-03-30","2.103"
"EN-006","2020-04-06","2.022"
"EN-006","2020-04-13","1.951"
"EN-006","2020-04-20","1.91"
"EN-006","2020-04-27","1.87"
"EN-006","2020-05-04","1.883"
"EN-006","2020-05-11","1.941"
"EN-006","2020-05-18","1.969"
"EN-006","2020-05-25","2.049"
"EN-006","2020-06-01","2.064"
"EN-006","2020-06-08","2.123"
"EN-006","2020-06-15","2.185"
"EN-006","2020-06-22","2.216"
"EN-006","2020-06-29","2.26"
"EN-006","2020-07-06","2.265"
"EN-006","2020-07-13","2.283"
"EN-006","2020-07-20","2.275"
"EN-006","2020-07-27","2.265"
"EN-006","2020-08-03","2.266"
"EN-006","2020-08-10","2.256"
"EN-006","2020-08-17","2.256"
"EN-006","2020-08-24","2.272"
"EN-006","2020-08-31","2.311"
"EN-006","2020-09-07","2.302"
"EN-006","2020-09-14","2.274"
"EN-006","2020-09-21","2.259"
"EN-006","2020-09-28","2.259"
"EN-006","2020-10-05","2.262"
"EN-006","2020-10-12","2.257"
"EN-006","2020-10-19","2.24"
"EN-006","2020-10-26","2.234"
"EN-006","2020-11-02","2.204"
"EN-006","2020-11-09","2.188"
"EN-006","2020-11-16","2.202"
"EN-006","2020-11-23","2.194"
"EN-006","2020-11-30","2.211"
"EN-006","2020-12-07","2.246"
"EN-006","2020-12-14","2.247"
"EN-006","2020-12-21","2.311"
"EN-006","2020-12-28","2.33"
"EN-006","2021-01-04","2.336"
"EN-006","2021-01-11","2.403"
"EN-006","2021-01-18","2.464"
"EN-006","2021-01-25","2.478"
"EN-006","2021-02-01","2.495"
"EN-006","2021-02-08","2.548"
"EN-006","2021-02-15","2.588"
"EN-006","2021-02-22","2.717"
"EN-006","2021-03-01","2.796"
"EN-006","2021-03-08","2.857"
"EN-006","2021-03-15","2.94"
"EN-006","2021-03-22","2.954"
"EN-006","2021-03-29","2.941"
"EN-006","2021-04-05","2.945"
"EN-006","2021-04-12","2.939"
"EN-006","2021-04-19","2.945"
"EN-006","2021-04-26","2.962"
"EN-006","2021-05-03","2.981"
"EN-006","2021-05-10","3.051"
"EN-006","2021-05-17","3.118"
"EN-006","2021-05-24","3.112"
"EN-006","2021-05-31","3.119"
"EN-006","2021-06-07","3.128"
"EN-006","2021-06-14","3.161"
"EN-006","2021-06-21","3.153"
"EN-006","2021-06-28","3.185"
"EN-006","2021-07-05","3.216"
"EN-006","2021-07-12","3.227"
"EN-006","2021-07-19","3.247"
"EN-006","2021-07-26","3.232"
"EN-006","2021-08-02","3.256"
"EN-006","2021-08-09","3.269"
"EN-006","2021-08-16","3.272"
"EN-006","2021-08-23","3.243"
"EN-006","2021-08-30","3.237"
"EN-006","2021-09-06","3.273"
"EN-006","2021-09-13","3.262"
"EN-006","2021-09-20","3.28"
"EN-006","2021-09-27","3.271"
"EN-006","2021-10-04","3.285"
"EN-006","2021-10-11","3.36"
"EN-006","2021-10-18","3.416"
"EN-006","2021-10-25","3.476"
"EN-006","2021-11-01","3.484"
"EN-006","2021-11-08","3.505"
"EN-006","2021-11-15","3.495"
"EN-006","2021-11-22","3.493"
"EN-006","2021-11-29","3.478"
"EN-006","2021-12-06","3.44"
"EN-006","2021-12-13","3.414"
"EN-006","2021-12-20","3.395"
"EN-006","2021-12-27","3.375"
"EN-006","2022-01-03","3.381"
"EN-006","2022-01-10","3.394"
"EN-006","2022-01-17","3.404"
"EN-006","2022-01-24","3.421"
"EN-006","2022-01-31","3.464"
"EN-006","2022-02-07","3.538"
"EN-006","2022-02-14","3.581"
"EN-006","2022-02-21","3.624"
"EN-006","2022-02-28","3.701"
"EN-006","2022-03-07","4.196"
"EN-006","2022-03-14","4.414"
"EN-006","2022-03-21","4.343"
"EN-006","2022-03-28","4.334"
"EN-006","2022-04-04","4.274"
"EN-006","2022-04-11","4.196"
"EN-006","2022-04-18","4.17"
"EN-006","2022-04-25","4.211"
"EN-006","2022-05-02","4.285"
"EN-006","2022-05-09","4.428"
"EN-006","2022-05-16","4.591"
"EN-006","2022-05-23","4.694"
"EN-006","2022-05-30","4.727"
"EN-006","2022-06-06","4.977"
"EN-006","2022-06-13","5.107"
"EN-006","2022-06-20","5.066"
"EN-006","2022-06-27","4.979"
"EN-006","2022-07-04","4.879"
"EN-006","2022-07-11","4.754"
"EN-006","2022-07-18","4.599"
"EN-006","2022-07-25","4.44"
"EN-006","2022-08-01","4.304"
"EN-006","2022-08-08","4.151"
"EN-006","2022-08-15","4.051"
"EN-006","2022-08-22","3.993"
"EN-006","2022-08-29","3.938"
"EN-006","2022-09-05","3.859"
"EN-006","2022-09-12","3.805"
"EN-006","2022-09-19","3.771"
"EN-006","2022-09-26","3.832"
"EN-006","2022-10-03","3.909"
"EN-006","2022-10-10","4.034"
"EN-006","2022-10-17","3.99"
"EN-006","2022-10-24","3.887"
"EN-006","2022-10-31","3.857"
"EN-006","2022-11-07","3.909"
"EN-006","2022-11-14","3.876"
"EN-006","2022-11-21","3.763"
"EN-006","2022-11-28","3.649"
"EN-006","2022-12-05","3.504"
"EN-006","2022-12-12","3.353"
"EN-006","2022-12-19","3.234"
"EN-006","2022-12-26","3.203"
"EN-006","2023-01-02","3.331"
"EN-006","2023-01-09","3.366"
"EN-006","2023-01-16","3.416"
"EN-006","2023-01-23","3.519"
"EN-006","2023-01-30","3.594"
"EN-006","2023-02-06","3.552"
"EN-006","2023-02-13","3.502"
"EN-006","2023-02-20","3.494"
"EN-006","2023-02-27","3.457"
"EN-006","2023-03-06","3.505"
"EN-006","2023-03-13","3.568"
"EN-006","2023-03-20","3.534"
"EN-006","2023-03-27","3.533"
"EN-006","2023-04-03","3.606"
"EN-006","2023-04-10","3.703"
"EN-006","2023-04-17","3.769"
"EN-006","2023-04-24","3.765"
"EN-006","2023-05-01","3.711"
"EN-006","2023-05-08","3.644"
"EN-006","2023-05-15","3.647"
"EN-006","2023-05-22","3.645"
"EN-006","2023-05-29","3.684"
"EN-006","2023-06-05","3.655"
"EN-006","2023-06-12","3.707"
"EN-006","2023-06-19","3.69"
"EN-006","2023-06-26","3.685"
"EN-006","2023-07-03","3.643"
"EN-006","2023-07-10","3.663"
"EN-006","2023-07-17","3.676"
"EN-006","2023-07-24","3.711"
"EN-006","2023-07-31","3.869"
"EN-006","2023-08-07","3.94"
"EN-006","2023-08-14","3.962"
"EN-006","2023-08-21","3.984"
"EN-006","2023-08-28","3.931"
"EN-006","2023-09-04","3.925"
"EN-006","2023-09-11","3.941"
"EN-006","2023-09-18","4.001"
"EN-006","2023-09-25","3.963"
"EN-006","2023-10-02","3.93"
"EN-006","2023-10-09","3.814"
"EN-006","2023-10-16","3.706"
"EN-006","2023-10-23","3.66"
"EN-006","2023-10-30","3.6"
"EN-006","2023-11-06","3.52"
"EN-006","2023-11-13","3.473"
"EN-006","2023-11-20","3.414"
"EN-006","2023-11-27","3.363"
"EN-006","2023-12-04","3.355"
"EN-006","2023-12-11","3.259"
"EN-006","2023-12-18","3.176"
"EN-006","2023-12-25","3.238"
"EN-006","2024-01-01","3.213"
"EN-006","2024-01-08","3.197"
"EN-006","2024-01-15","3.179"
"EN-006","2024-01-22","3.181"
"EN-006","2024-01-29","3.214"
"EN-006","2024-02-05","3.254"
"EN-006","2024-02-12","3.309"
"EN-006","2024-02-19","3.385"
"EN-006","2024-02-26","3.365"
"EN-006","2024-03-04","3.466"
"EN-006","2024-03-11","3.492"
"EN-006","2024-03-18","3.569"
"EN-006","2024-03-25","3.639"
"EN-006","2024-04-01","3.636"
"EN-006","2024-04-08","3.712"
"EN-006","2024-04-15","3.751"
"EN-006","2024-04-22","3.791"
"EN-006","2024-04-29","3.777"
"EN-006","2024-05-06","3.766"
"EN-006","2024-05-13","3.731"
"EN-006","2024-05-20","3.706"
"EN-006","2024-05-27","3.698"
"EN-006","2024-06-03","3.638"
"EN-006","2024-06-10","3.551"
"EN-006","2024-06-17","3.556"
"EN-006","2024-06-24","3.557"
"EN-006","2024-07-01","3.595"
"EN-006","2024-07-08","3.608"
"EN-006","2024-07-15","3.614"
"EN-006","2024-07-22","3.587"
"EN-006","2024-07-29","3.598"
"EN-006","2024-08-05","3.563"
"EN-006","2024-08-12","3.53"
"EN-006","2024-08-19","3.5"
"EN-006","2024-08-26","3.433"
"EN-006","2024-09-02","3.411"
"EN-006","2024-09-09","3.36"
"EN-006","2024-09-16","3.307"
"EN-006","2024-09-23","3.311"
"EN-006","2024-09-30","3.303"
"EN-006","2024-10-07","3.26"
"EN-006","2024-10-14","3.294"
"EN-006","2024-10-21","3.268"
"EN-006","2024-10-28","3.22"
"EN-006","2024-11-04","3.191"
"EN-006","2024-11-11","3.176"
"EN-006","2024-11-18","3.168"
"EN-006","2024-11-25","3.166"
"EN-006","2024-12-02","3.156"
"EN-006","2024-12-09","3.131"
"EN-006","2024-12-16","3.137"
"EN-006","2024-12-23","3.145"
"EN-006","2024-12-30","3.128"
"EN-006","2025-01-06","3.168"
"EN-006","2025-01-13","3.164"
"EN-006","2025-01-20","3.229"
"EN-006","2025-01-27","3.224"
"EN-006","2025-02-03","3.205"
"EN-006","2025-02-10","3.253"
"EN-006","2025-02-17","3.276"
"EN-006","2025-02-24","3.255"
"EN-006","2025-03-03","3.206"
"EN-006","2025-03-10","3.197"
"EN-006","2025-03-17","3.184"
"EN-006","2025-03-24","3.24"
"EN-006","2025-03-31","3.288"
"EN-006","2025-04-07","3.37"
"EN-006","2025-04-14","3.295"
"EN-006","2025-04-21","3.268"
"EN-006","2025-04-28","3.261"
"EN-006","2025-05-05","3.273"
"EN-006","2025-05-12","3.249"
"EN-006","2025-05-19","3.302"
"EN-006","2025-05-26","3.288"
"EN-006","2025-06-02","3.256"
"EN-006","2025-06-09","3.235"
"EN-006","2025-06-16","3.265"
"EN-006","2025-06-23","3.338"
"EN-006","2025-06-30","3.288"
"EN-006","2025-07-07","3.251"
"EN-006","2025-07-14","3.254"
"EN-006","2025-07-21","3.246"
"EN-006","2025-07-28","3.247"
"EN-006","2025-08-04","3.265"
"EN-006","2025-08-11","3.243"
"EN-006","2025-08-18","3.251"
"EN-006","2025-08-25","3.272"
"EN-006","2025-09-01","3.303"
"EN-006","2025-09-08","3.319"
"EN-006","2025-09-15","3.296"
"EN-006","2025-09-22","3.301"
"EN-006","2025-09-29","3.248"
"EN-006","2025-10-06","3.253"
"EN-006","2025-10-13","3.193"
"EN-006","2025-10-20","3.151"
"EN-006","2025-10-27","3.164"
"EN-006","2025-11-03","3.151"
"EN-006","2025-11-10","3.186"
"EN-006","2025-11-17","3.19"
"EN-006","2025-11-24","3.19"
"EN-006","2025-12-01","3.115"
"EN-006","2025-12-08","3.07"
"EN-006","2025-12-15","3.024"
"EN-006","2025-12-22","2.97"
"EN-006","2025-12-29","2.94"
"EN-006","2026-01-05","2.925"
"EN-006","2026-01-12","2.907"
"EN-006","2026-01-19","2.933"
"EN-006","2026-01-26","2.98"
"EN-006","2026-02-02","2.995"
"EN-006","2026-02-09","3.033"
"EN-006","2026-02-16","3.057"
"EN-006","2026-02-23","3.072"
"EN-006","2026-03-02","3.148"
"EN-006","2026-03-09","3.633"
"EN-006","2026-03-16","3.854"
"EN-006","2026-03-23","4.096"
"EN-006","2026-03-30","4.126"
"EN-006","2026-04-06","4.254"
"EN-006","2026-04-13","4.254"
"EN-006","2026-04-20","4.178"
"EN-006","2026-04-27","4.257"
"EN-006","2026-05-04","4.581"
"EN-006","2026-05-11","4.628"
"EN-006","2026-05-18","4.621"
"EN-006","2026-05-25","4.605"
"EN-006","2026-06-01","4.439"
"EN-006","2026-06-08","4.281"
"EN-006","2026-06-15","4.187"
"EN-006","2026-06-22","4.048"
"EN-006","2026-06-29","3.964"
"EN-007","2005-01-03","0.936425"
"EN-007","2005-01-10","0.930632"
"EN-007","2005-01-17","0.927011"
"EN-007","2005-01-24","0.929101"
"EN-007","2005-01-31","0.93831"
"EN-007","2005-02-07","0.937001"
"EN-007","2005-02-14","0.93353"
"EN-007","2005-02-21","0.936198"
"EN-007","2005-02-28","0.95199"
"EN-007","2005-03-07","0.969264"
"EN-007","2005-03-14","0.982058"
"EN-007","2005-03-21","0.989105"
"EN-007","2005-04-04","1.000858"
"EN-007","2005-04-11","1.022779"
"EN-007","2005-04-18","1.017491"
"EN-007","2005-04-25","1.015487"
"EN-007","2005-05-02","1.013673"
"EN-007","2005-05-09","1.005462"
"EN-007","2005-05-16","0.996157"
"EN-007","2005-05-23","0.989928"
"EN-007","2005-05-30","0.98824"
"EN-007","2005-06-06","1.010264"
"EN-007","2005-06-13","1.030347"
"EN-007","2005-06-20","1.04382"
"EN-007","2005-06-27","1.052106"
"EN-007","2005-07-04","1.05764"
"EN-007","2005-07-11","1.068182"
"EN-007","2005-07-18","1.066187"
"EN-007","2005-07-25","1.061101"
"EN-007","2005-08-01","1.060033"
"EN-007","2005-08-08","1.063356"
"EN-007","2005-08-15","1.069211"
"EN-007","2005-08-22","1.090035"
"EN-007","2005-08-29","1.093229"
"EN-007","2005-09-05","1.124896"
"EN-007","2005-09-12","1.118703"
"EN-007","2005-09-19","1.103098"
"EN-007","2005-09-26","1.109492"
"EN-007","2005-10-03","1.123483"
"EN-007","2005-10-10","1.1253"
"EN-007","2005-10-17","1.123405"
"EN-007","2005-10-24","1.117097"
"EN-007","2005-11-07","1.0924"
"EN-007","2005-11-14","1.076699"
"EN-007","2005-11-21","1.057104"
"EN-007","2005-11-28","1.055127"
"EN-007","2005-12-05","1.04666"
"EN-007","2005-12-12","1.052373"
"EN-007","2005-12-19","1.054796"
"EN-007","2006-01-09","1.073496"
"EN-007","2006-01-16","1.070405"
"EN-007","2006-01-23","1.07235"
"EN-007","2006-01-30","1.079802"
"EN-007","2006-02-06","1.084592"
"EN-007","2006-02-13","1.077305"
"EN-007","2006-02-20","1.070367"
"EN-007","2006-02-27","1.073163"
"EN-007","2006-03-06","1.079781"
"EN-007","2006-03-13","1.083467"
"EN-007","2006-03-20","1.089644"
"EN-007","2006-03-27","1.088038"
"EN-007","2006-04-03","1.09557"
"EN-007","2006-04-10","1.098394"
"EN-007","2006-04-24","1.129471"
"EN-007","2006-05-01","1.136342"
"EN-007","2006-05-08","1.135644"
"EN-007","2006-05-15","1.128753"
"EN-007","2006-05-22","1.122782"
"EN-007","2006-05-29","1.111999"
"EN-007","2006-06-05","1.118444"
"EN-007","2006-06-12","1.12152"
"EN-007","2006-06-19","1.114942"
"EN-007","2006-06-26","1.111945"
"EN-007","2006-07-03","1.121607"
"EN-007","2006-07-10","1.125159"
"EN-007","2006-07-17","1.133105"
"EN-007","2006-07-24","1.141059"
"EN-007","2006-07-31","1.136358"
"EN-007","2006-08-07","1.143144"
"EN-007","2006-08-14","1.143796"
"EN-007","2006-08-21","1.133291"
"EN-007","2006-08-28","1.129387"
"EN-007","2006-09-04","1.123773"
"EN-007","2006-09-11","1.104774"
"EN-007","2006-09-18","1.089781"
"EN-007","2006-09-25","1.068477"
"EN-007","2006-10-02","1.059997"
"EN-007","2006-10-09","1.056827"
"EN-007","2006-10-16","1.062061"
"EN-007","2006-10-23","1.060276"
"EN-007","2006-10-30","1.055525"
"EN-007","2006-11-06","1.049284"
"EN-007","2006-11-13","1.049848"
"EN-007","2006-11-20","1.050334"
"EN-007","2006-11-27","1.047307"
"EN-007","2006-12-04","1.052558"
"EN-007","2006-12-11","1.054154"
"EN-007","2006-12-18","1.053807"
"EN-007","2007-01-08","1.020369"
"EN-007","2007-01-15","1.005722"
"EN-007","2007-01-22","0.998677"
"EN-007","2007-01-29","0.996453"
"EN-007","2007-02-05","1.002467"
"EN-007","2007-02-12","1.008987"
"EN-007","2007-02-19","1.007787"
"EN-007","2007-02-26","1.012864"
"EN-007","2007-03-05","1.024413"
"EN-007","2007-03-12","1.029085"
"EN-007","2007-03-19","1.024592"
"EN-007","2007-03-26","1.02591"
"EN-007","2007-04-02","1.044415"
"EN-007","2007-04-16","1.052026"
"EN-007","2007-04-23","1.05581"
"EN-007","2007-04-30","1.058492"
"EN-007","2007-05-07","1.058"
"EN-007","2007-05-14","1.057864"
"EN-007","2007-05-21","1.060928"
"EN-007","2007-05-28","1.064802"
"EN-007","2007-06-04","1.067849"
"EN-007","2007-06-11","1.065682"
"EN-007","2007-06-18","1.075974"
"EN-007","2007-06-25","1.082962"
"EN-007","2007-07-02","1.079269"
"EN-007","2007-07-09","1.078674"
"EN-007","2007-07-16","1.088358"
"EN-007","2007-07-23","1.0861"
"EN-007","2007-07-30","1.08328"
"EN-007","2007-08-06","1.087532"
"EN-007","2007-08-13","1.080286"
"EN-007","2007-08-20","1.078888"
"EN-007","2007-08-27","1.075609"
"EN-007","2007-09-03","1.078944"
"EN-007","2007-09-10","1.089776"
"EN-007","2007-09-17","1.099955"
"EN-007","2007-09-24","1.110546"
"EN-007","2007-10-01","1.112197"
"EN-007","2007-10-08","1.106148"
"EN-007","2007-10-15","1.107326"
"EN-007","2007-10-22","1.123071"
"EN-007","2007-10-29","1.132906"
"EN-007","2007-11-05","1.150807"
"EN-007","2007-11-12","1.188527"
"EN-007","2007-11-19","1.191178"
"EN-007","2007-11-26","1.203182"
"EN-007","2007-12-03","1.203802"
"EN-007","2007-12-10","1.187592"
"EN-007","2007-12-17","1.183852"
"EN-007","2008-01-07","1.21962"
"EN-007","2008-01-14","1.206186"
"EN-007","2008-01-21","1.192402"
"EN-007","2008-01-28","1.185372"
"EN-007","2008-02-04","1.190656"
"EN-007","2008-02-11","1.18933"
"EN-007","2008-02-18","1.215926"
"EN-007","2008-02-25","1.235575"
"EN-007","2008-03-03","1.239216"
"EN-007","2008-03-10","1.259015"
"EN-007","2008-03-17","1.272793"
"EN-007","2008-03-31","1.255602"
"EN-007","2008-04-07","1.256535"
"EN-007","2008-04-14","1.279051"
"EN-007","2008-04-21","1.292806"
"EN-007","2008-04-28","1.312978"
"EN-007","2008-05-05","1.326673"
"EN-007","2008-05-12","1.351305"
"EN-007","2008-05-19","1.397628"
"EN-007","2008-05-26","1.423599"
"EN-007","2008-06-02","1.432564"
"EN-007","2008-06-09","1.422471"
"EN-007","2008-06-16","1.43894"
"EN-007","2008-06-23","1.435165"
"EN-007","2008-06-30","1.444219"
"EN-007","2008-07-07","1.454277"
"EN-007","2008-07-14","1.456188"
"EN-007","2008-07-21","1.447794"
"EN-007","2008-07-28","1.415214"
"EN-007","2008-08-04","1.393344"
"EN-007","2008-08-11","1.368331"
"EN-007","2008-08-18","1.342274"
"EN-007","2008-08-25","1.342662"
"EN-007","2008-09-01","1.337811"
"EN-007","2008-09-08","1.324886"
"EN-007","2008-09-15","1.318714"
"EN-007","2008-09-22","1.300066"
"EN-007","2008-09-29","1.297536"
"EN-007","2008-10-06","1.295604"
"EN-007","2008-10-13","1.254328"
"EN-007","2008-10-20","1.207263"
"EN-007","2008-10-27","1.178858"
"EN-007","2008-11-03","1.16557"
"EN-007","2008-11-10","1.152552"
"EN-007","2008-11-17","1.124325"
"EN-007","2008-11-24","1.091821"
"EN-007","2008-12-01","1.073513"
"EN-007","2008-12-08","1.043445"
"EN-007","2008-12-15","0.997551"
"EN-007","2009-01-05","0.949054"
"EN-007","2009-01-12","0.987573"
"EN-007","2009-01-19","0.983377"
"EN-007","2009-01-26","0.972027"
"EN-007","2009-02-02","0.976792"
"EN-007","2009-02-09","0.984423"
"EN-007","2009-02-16","0.971818"
"EN-007","2009-02-23","0.955523"
"EN-007","2009-03-02","0.945792"
"EN-007","2009-03-09","0.938747"
"EN-007","2009-03-16","0.936667"
"EN-007","2009-03-23","0.939212"
"EN-007","2009-03-30","0.958629"
"EN-007","2009-04-06","0.972616"
"EN-007","2009-04-20","0.97429"
"EN-007","2009-04-27","0.971923"
"EN-007","2009-05-04","0.975663"
"EN-007","2009-05-11","0.981448"
"EN-007","2009-05-18","0.985965"
"EN-007","2009-05-25","0.983967"
"EN-007","2009-06-01","0.989544"
"EN-007","2009-06-08","1.009435"
"EN-007","2009-06-15","1.033199"
"EN-007","2009-06-22","1.04646"
"EN-007","2009-06-29","1.041505"
"EN-007","2009-07-06","1.03294"
"EN-007","2009-07-13","1.009184"
"EN-007","2009-07-20","1.001663"
"EN-007","2009-07-27","1.023891"
"EN-007","2009-08-03","1.039422"
"EN-007","2009-08-10","1.049908"
"EN-007","2009-08-17","1.055815"
"EN-007","2009-08-24","1.054197"
"EN-007","2009-08-31","1.048043"
"EN-007","2009-09-07","1.043006"
"EN-007","2009-09-14","1.027862"
"EN-007","2009-09-21","1.024913"
"EN-007","2009-09-28","1.01208"
"EN-007","2009-10-05","1.018926"
"EN-007","2009-10-12","1.01434"
"EN-007","2009-10-19","1.036553"
"EN-007","2009-10-26","1.049257"
"EN-007","2009-11-02","1.058593"
"EN-007","2009-11-09","1.060948"
"EN-007","2009-11-16","1.055382"
"EN-007","2009-11-23","1.054524"
"EN-007","2009-11-30","1.04565"
"EN-007","2009-12-07","1.051839"
"EN-007","2009-12-14","1.044022"
"EN-007","2009-12-21","1.045798"
"EN-007","2010-01-04","1.07228"
"EN-007","2010-01-11","1.097844"
"EN-007","2010-01-18","1.100285"
"EN-007","2010-01-25","1.090482"
"EN-007","2010-02-01","1.08403"
"EN-007","2010-02-08","1.084773"
"EN-007","2010-02-15","1.080912"
"EN-007","2010-02-22","1.09257"
"EN-007","2010-03-01","1.108293"
"EN-007","2010-03-08","1.118243"
"EN-007","2010-03-15","1.137125"
"EN-007","2010-03-22","1.139575"
"EN-007","2010-03-29","1.152395"
"EN-007","2010-04-12","1.177581"
"EN-007","2010-04-19","1.181061"
"EN-007","2010-04-26","1.188848"
"EN-007","2010-05-03","1.20195"
"EN-007","2010-05-10","1.198645"
"EN-007","2010-05-17","1.198462"
"EN-007","2010-05-24","1.175628"
"EN-007","2010-05-31","1.177862"
"EN-007","2010-06-07","1.187149"
"EN-007","2010-06-14","1.194504"
"EN-007","2010-06-21","1.202448"
"EN-007","2010-06-28","1.205453"
"EN-007","2010-07-05","1.187285"
"EN-007","2010-07-12","1.178754"
"EN-007","2010-07-19","1.171574"
"EN-007","2010-07-26","1.172491"
"EN-007","2010-08-02","1.173828"
"EN-007","2010-08-09","1.186037"
"EN-007","2010-08-16","1.178728"
"EN-007","2010-08-23","1.178642"
"EN-007","2010-08-30","1.174235"
"EN-007","2010-09-06","1.173912"
"EN-007","2010-09-13","1.181728"
"EN-007","2010-09-20","1.185853"
"EN-007","2010-09-27","1.175859"
"EN-007","2010-10-04","1.177712"
"EN-007","2010-10-11","1.186686"
"EN-007","2010-10-18","1.187839"
"EN-007","2010-10-25","1.191472"
"EN-007","2010-11-08","1.200103"
"EN-007","2010-11-15","1.211555"
"EN-007","2010-11-22","1.208484"
"EN-007","2010-11-29","1.217655"
"EN-007","2010-12-06","1.238152"
"EN-007","2010-12-13","1.256007"
"EN-007","2010-12-20","1.263038"
"EN-007","2011-01-03","1.280335"
"EN-007","2011-01-10","1.296773"
"EN-007","2011-01-17","1.317136"
"EN-007","2011-01-24","1.311199"
"EN-007","2011-01-31","1.30374"
"EN-007","2011-02-07","1.324635"
"EN-007","2011-02-14","1.333612"
"EN-007","2011-02-21","1.336402"
"EN-007","2011-02-28","1.357509"
"EN-007","2011-03-07","1.377273"
"EN-007","2011-03-14","1.387988"
"EN-007","2011-03-21","1.386892"
"EN-007","2011-03-28","1.384818"
"EN-007","2011-04-04","1.387185"
"EN-007","2011-04-11","1.401135"
"EN-007","2011-04-18","1.405576"
"EN-007","2011-05-02","1.404348"
"EN-007","2011-05-09","1.374834"
"EN-007","2011-05-16","1.361371"
"EN-007","2011-05-23","1.364954"
"EN-007","2011-05-30","1.35638"
"EN-007","2011-06-06","1.358647"
"EN-007","2011-06-13","1.367471"
"EN-007","2011-06-20","1.371677"
"EN-007","2011-06-27","1.342784"
"EN-007","2011-07-04","1.33912"
"EN-007","2011-07-11","1.359803"
"EN-007","2011-07-18","1.373726"
"EN-007","2011-07-25","1.383741"
"EN-007","2011-08-01","1.388718"
"EN-007","2011-08-08","1.371799"
"EN-007","2011-08-22","1.346855"
"EN-007","2011-08-29","1.347741"
"EN-007","2011-09-05","1.361036"
"EN-007","2011-09-12","1.371282"
"EN-007","2011-09-19","1.376391"
"EN-007","2011-09-26","1.373655"
"EN-007","2011-10-03","1.375912"
"EN-007","2011-10-10","1.375415"
"EN-007","2011-10-17","1.384881"
"EN-007","2011-10-24","1.397544"
"EN-007","2011-10-31","1.400999"
"EN-007","2011-11-07","1.406251"
"EN-007","2011-11-14","1.413693"
"EN-007","2011-11-21","1.42589"
"EN-007","2011-11-28","1.409781"
"EN-007","2011-12-05","1.414935"
"EN-007","2011-12-12","1.424312"
"EN-007","2011-12-19","1.425876"
"EN-007","2012-01-09","1.464"
"EN-007","2012-01-16","1.482405"
"EN-007","2012-01-23","1.476264"
"EN-007","2012-01-30","1.465507"
"EN-007","2012-02-06","1.468792"
"EN-007","2012-02-13","1.485537"
"EN-007","2012-02-20","1.501884"
"EN-007","2012-02-27","1.505632"
"EN-007","2012-03-05","1.508983"
"EN-007","2012-03-12","1.515075"
"EN-007","2012-03-19","1.527468"
"EN-007","2012-03-26","1.525118"
"EN-007","2012-04-02","1.521155"
"EN-007","2012-04-16","1.522492"
"EN-007","2012-04-23","1.514236"
"EN-007","2012-04-30","1.503742"
"EN-007","2012-05-07","1.509267"
"EN-007","2012-05-14","1.484535"
"EN-007","2012-05-21","1.474732"
"EN-007","2012-05-28","1.470391"
"EN-007","2012-06-04","1.455998"
"EN-007","2012-06-11","1.441625"
"EN-007","2012-06-18","1.434673"
"EN-007","2012-06-25","1.417536"
"EN-007","2012-07-02","1.414451"
"EN-007","2012-07-09","1.444983"
"EN-007","2012-07-16","1.459815"
"EN-007","2012-07-23","1.487269"
"EN-007","2012-07-30","1.49078"
"EN-007","2012-08-06","1.493209"
"EN-007","2012-08-13","1.519319"
"EN-007","2012-08-20","1.542549"
"EN-007","2012-08-27","1.548251"
"EN-007","2012-09-03","1.535948"
"EN-007","2012-09-10","1.544517"
"EN-007","2012-09-17","1.533201"
"EN-007","2012-09-24","1.516094"
"EN-007","2012-10-01","1.514755"
"EN-007","2012-10-08","1.523862"
"EN-007","2012-10-15","1.523709"
"EN-007","2012-10-22","1.51869"
"EN-007","2012-10-29","1.506752"
"EN-007","2012-11-05","1.50062"
"EN-007","2012-11-12","1.492148"
"EN-007","2012-11-19","1.488925"
"EN-007","2012-11-26","1.490454"
"EN-007","2012-12-03","1.485777"
"EN-007","2012-12-10","1.473413"
"EN-007","2012-12-17","1.457669"
"EN-007","2013-01-07","1.461137"
"EN-007","2013-01-14","1.463193"
"EN-007","2013-01-21","1.455599"
"EN-007","2013-01-28","1.457322"
"EN-007","2013-02-04","1.460866"
"EN-007","2013-02-11","1.472502"
"EN-007","2013-02-18","1.481478"
"EN-007","2013-02-25","1.47362"
"EN-007","2013-03-04","1.470331"
"EN-007","2013-03-11","1.456946"
"EN-007","2013-03-18","1.456663"
"EN-007","2013-03-25","1.454236"
"EN-007","2013-04-01","1.449771"
"EN-007","2013-04-08","1.457372"
"EN-007","2013-04-15","1.435238"
"EN-007","2013-04-22","1.408424"
"EN-007","2013-04-29","1.405235"
"EN-007","2013-05-06","1.395899"
"EN-007","2013-05-13","1.405834"
"EN-007","2013-05-20","1.417744"
"EN-007","2013-05-27","1.417005"
"EN-007","2013-06-03","1.413578"
"EN-007","2013-06-10","1.408337"
"EN-007","2013-06-17","1.407231"
"EN-007","2013-06-24","1.409878"
"EN-007","2013-07-01","1.418324"
"EN-007","2013-07-08","1.425223"
"EN-007","2013-07-15","1.44181"
"EN-007","2013-07-22","1.453605"
"EN-007","2013-07-29","1.443927"
"EN-007","2013-08-05","1.444887"
"EN-007","2013-08-12","1.442284"
"EN-007","2013-08-19","1.445001"
"EN-007","2013-08-26","1.450068"
"EN-007","2013-09-02","1.467478"
"EN-007","2013-09-09","1.473932"
"EN-007","2013-09-16","1.475086"
"EN-007","2013-09-23","1.459427"
"EN-007","2013-09-30","1.448918"
"EN-007","2013-10-07","1.439767"
"EN-007","2013-10-14","1.439303"
"EN-007","2013-10-21","1.43781"
"EN-007","2013-10-28","1.42549"
"EN-007","2013-11-04","1.419726"
"EN-007","2013-11-11","1.416224"
"EN-007","2013-11-18","1.420433"
"EN-007","2013-11-25","1.427119"
"EN-007","2013-12-02","1.437095"
"EN-007","2013-12-09","1.436946"
"EN-007","2013-12-16","1.427521"
"EN-007","2014-01-06","1.432769"
"EN-007","2014-01-13","1.422815"
"EN-007","2014-01-20","1.4182"
"EN-007","2014-01-27","1.419527"
"EN-007","2014-02-03","1.419097"
"EN-007","2014-02-10","1.419305"
"EN-007","2014-02-17","1.423288"
"EN-007","2014-02-24","1.424363"
"EN-007","2014-03-03","1.421984"
"EN-007","2014-03-10","1.414899"
"EN-007","2014-03-17","1.402588"
"EN-007","2014-03-24","1.396838"
"EN-007","2014-03-31","1.40455"
"EN-007","2014-04-07","1.40774"
"EN-007","2014-04-14","1.408273"
"EN-007","2014-04-28","1.418887"
"EN-007","2014-05-05","1.413501"
"EN-007","2014-05-12","1.411395"
"EN-007","2014-05-19","1.412325"
"EN-007","2014-05-26","1.420643"
"EN-007","2014-06-02","1.418588"
"EN-007","2014-06-09","1.411089"
"EN-007","2014-06-16","1.417508"
"EN-007","2014-06-23","1.427518"
"EN-007","2014-06-30","1.430575"
"EN-007","2014-07-07","1.428021"
"EN-007","2014-07-14","1.419192"
"EN-007","2014-07-21","1.414795"
"EN-007","2014-07-28","1.415288"
"EN-007","2014-08-04","1.412147"
"EN-007","2014-08-11","1.414884"
"EN-007","2014-08-18","1.410284"
"EN-007","2014-08-25","1.403635"
"EN-007","2014-09-01","1.411293"
"EN-007","2014-09-08","1.407556"
"EN-007","2014-09-15","1.408697"
"EN-007","2014-09-22","1.405708"
"EN-007","2014-09-29","1.402025"
"EN-007","2014-10-06","1.397586"
"EN-007","2014-10-13","1.385911"
"EN-007","2014-10-20","1.35679"
"EN-007","2014-10-27","1.355644"
"EN-007","2014-11-03","1.355972"
"EN-007","2014-11-10","1.353989"
"EN-007","2014-11-17","1.346347"
"EN-007","2014-11-24","1.33348"
"EN-007","2014-12-01","1.316382"
"EN-007","2014-12-08","1.292727"
"EN-007","2014-12-15","1.261422"
"EN-007","2015-01-05","1.219766"
"EN-007","2015-01-12","1.196076"
"EN-007","2015-01-19","1.176738"
"EN-007","2015-01-26","1.17985"
"EN-007","2015-02-02","1.185196"
"EN-007","2015-02-09","1.218822"
"EN-007","2015-02-16","1.244317"
"EN-007","2015-02-23","1.265313"
"EN-007","2015-03-02","1.279206"
"EN-007","2015-03-09","1.289168"
"EN-007","2015-03-16","1.29137"
"EN-007","2015-03-23","1.273273"
"EN-007","2015-03-30","1.27206"
"EN-007","2015-04-13","1.272626"
"EN-007","2015-04-20","1.291725"
"EN-007","2015-04-27","1.305753"
"EN-007","2015-05-04","1.305178"
"EN-007","2015-05-11","1.31512"
"EN-007","2015-05-18","1.311868"
"EN-007","2015-05-25","1.317004"
"EN-007","2015-06-01","1.311382"
"EN-007","2015-06-08","1.30488"
"EN-007","2015-06-15","1.301803"
"EN-007","2015-06-22","1.300393"
"EN-007","2015-06-29","1.297559"
"EN-007","2015-07-06","1.293291"
"EN-007","2015-07-13","1.281445"
"EN-007","2015-07-20","1.275669"
"EN-007","2015-07-27","1.258616"
"EN-007","2015-08-03","1.243377"
"EN-007","2015-08-10","1.22893"
"EN-007","2015-08-17","1.216054"
"EN-007","2015-08-24","1.196991"
"EN-007","2015-08-31","1.17504"
"EN-007","2015-09-07","1.18711"
"EN-007","2015-09-14","1.193179"
"EN-007","2015-09-21","1.187849"
"EN-007","2015-09-28","1.179043"
"EN-007","2015-10-05","1.177601"
"EN-007","2015-10-12","1.185455"
"EN-007","2015-10-19","1.175352"
"EN-007","2015-10-26","1.168924"
"EN-007","2015-11-02","1.172614"
"EN-007","2015-11-09","1.183814"
"EN-007","2015-11-16","1.186899"
"EN-007","2015-11-23","1.179183"
"EN-007","2015-11-30","1.176799"
"EN-007","2015-12-07","1.161921"
"EN-007","2015-12-14","1.128743"
"EN-007","2016-01-04","1.090514"
"EN-007","2016-01-11","1.080968"
"EN-007","2016-01-18","1.053727"
"EN-007","2016-01-25","1.036633"
"EN-007","2016-02-01","1.039394"
"EN-007","2016-02-08","1.043914"
"EN-007","2016-02-15","1.02924"
"EN-007","2016-02-22","1.041089"
"EN-007","2016-02-29","1.044799"
"EN-007","2016-03-07","1.059187"
"EN-007","2016-03-14","1.082111"
"EN-007","2016-03-21","1.089387"
"EN-007","2016-04-04","1.084313"
"EN-007","2016-04-11","1.071842"
"EN-007","2016-04-18","1.087193"
"EN-007","2016-04-25","1.10164"
"EN-007","2016-05-02","1.116789"
"EN-007","2016-05-09","1.117081"
"EN-007","2016-05-16","1.123617"
"EN-007","2016-05-23","1.142739"
"EN-007","2016-05-30","1.168017"
"EN-007","2016-06-06","1.169881"
"EN-007","2016-06-13","1.167146"
"EN-007","2016-06-20","1.164209"
"EN-007","2016-06-27","1.153061"
"EN-007","2016-07-04","1.152925"
"EN-007","2016-07-11","1.142373"
"EN-007","2016-07-18","1.140791"
"EN-007","2016-07-25","1.13598"
"EN-007","2016-08-01","1.119718"
"EN-007","2016-08-08","1.10894"
"EN-007","2016-08-15","1.111547"
"EN-007","2016-08-22","1.129408"
"EN-007","2016-08-29","1.141082"
"EN-007","2016-09-05","1.138094"
"EN-007","2016-09-12","1.141175"
"EN-007","2016-09-19","1.135214"
"EN-007","2016-09-26","1.134628"
"EN-007","2016-10-03","1.14085"
"EN-007","2016-10-10","1.153925"
"EN-007","2016-10-17","1.166756"
"EN-007","2016-10-24","1.17477"
"EN-007","2016-10-31","1.175368"
"EN-007","2016-11-07","1.167876"
"EN-007","2016-11-14","1.159574"
"EN-007","2016-11-21","1.157473"
"EN-007","2016-11-28","1.171921"
"EN-007","2016-12-05","1.185451"
"EN-007","2016-12-12","1.201942"
"EN-007","2016-12-19","1.218152"
"EN-007","2017-01-02","1.23412"
"EN-007","2017-01-09","1.246087"
"EN-007","2017-01-16","1.239313"
"EN-007","2017-01-23","1.238444"
"EN-007","2017-01-30","1.242258"
"EN-007","2017-02-06","1.242156"
"EN-007","2017-02-13","1.245133"
"EN-007","2017-02-20","1.245708"
"EN-007","2017-02-27","1.247084"
"EN-007","2017-03-06","1.243236"
"EN-007","2017-03-13","1.234248"
"EN-007","2017-03-20","1.220253"
"EN-007","2017-03-27","1.210302"
"EN-007","2017-04-03","1.212594"
"EN-007","2017-04-10","1.225252"
"EN-007","2017-04-24","1.236937"
"EN-007","2017-05-01","1.225718"
"EN-007","2017-05-08","1.208755"
"EN-007","2017-05-15","1.197352"
"EN-007","2017-05-22","1.197084"
"EN-007","2017-05-29","1.198215"
"EN-007","2017-06-05","1.192356"
"EN-007","2017-06-12","1.172488"
"EN-007","2017-06-19","1.165226"
"EN-007","2017-06-26","1.155936"
"EN-007","2017-07-03","1.153683"
"EN-007","2017-07-10","1.159472"
"EN-007","2017-07-17","1.162279"
"EN-007","2017-07-24","1.162216"
"EN-007","2017-07-31","1.164818"
"EN-007","2017-08-07","1.17538"
"EN-007","2017-08-14","1.176719"
"EN-007","2017-08-21","1.172777"
"EN-007","2017-08-28","1.171755"
"EN-007","2017-09-04","1.178717"
"EN-007","2017-09-11","1.194733"
"EN-007","2017-09-18","1.201582"
"EN-007","2017-09-25","1.209619"
"EN-007","2017-10-02","1.219118"
"EN-007","2017-10-09","1.21827"
"EN-007","2017-10-16","1.21559"
"EN-007","2017-10-23","1.217954"
"EN-007","2017-10-30","1.222835"
"EN-007","2017-11-06","1.234045"
"EN-007","2017-11-13","1.237433"
"EN-007","2017-11-20","1.243589"
"EN-007","2017-11-27","1.243316"
"EN-007","2017-12-04","1.244566"
"EN-007","2017-12-11","1.239666"
"EN-007","2017-12-18","1.246054"
"EN-007","2018-01-01","1.256643"
"EN-007","2018-01-08","1.279338"
"EN-007","2018-01-15","1.278977"
"EN-007","2018-01-22","1.28049"
"EN-007","2018-01-29","1.282459"
"EN-007","2018-02-05","1.279691"
"EN-007","2018-02-12","1.268809"
"EN-007","2018-02-19","1.253161"
"EN-007","2018-02-26","1.254363"
"EN-007","2018-03-05","1.254064"
"EN-007","2018-03-12","1.249057"
"EN-007","2018-03-19","1.250641"
"EN-007","2018-03-26","1.261551"
"EN-007","2018-04-09","1.274128"
"EN-007","2018-04-16","1.287218"
"EN-007","2018-04-23","1.293341"
"EN-007","2018-04-30","1.304525"
"EN-007","2018-05-07","1.311624"
"EN-007","2018-05-14","1.329237"
"EN-007","2018-05-21","1.351627"
"EN-007","2018-05-28","1.366285"
"EN-007","2018-06-04","1.369216"
"EN-007","2018-06-11","1.359241"
"EN-007","2018-06-18","1.354834"
"EN-007","2018-06-25","1.345735"
"EN-007","2018-07-02","1.344701"
"EN-007","2018-07-09","1.350391"
"EN-007","2018-07-16","1.350067"
"EN-007","2018-07-23","1.340477"
"EN-007","2018-07-30","1.344521"
"EN-007","2018-08-06","1.347588"
"EN-007","2018-08-13","1.347411"
"EN-007","2018-08-20","1.350934"
"EN-007","2018-08-27","1.35343"
"EN-007","2018-09-03","1.360847"
"EN-007","2018-09-10","1.375714"
"EN-007","2018-09-17","1.377738"
"EN-007","2018-09-24","1.373745"
"EN-007","2018-10-01","1.380805"
"EN-007","2018-10-08","1.408531"
"EN-007","2018-10-15","1.417551"
"EN-007","2018-10-22","1.415629"
"EN-007","2018-10-29","1.420631"
"EN-007","2018-11-05","1.428712"
"EN-007","2018-11-12","1.420572"
"EN-007","2018-11-19","1.403232"
"EN-007","2018-11-26","1.386293"
"EN-007","2018-12-03","1.361641"
"EN-007","2018-12-10","1.340189"
"EN-007","2018-12-17","1.326673"
"EN-007","2019-01-07","1.285439"
"EN-007","2019-01-14","1.291984"
"EN-007","2019-01-21","1.303256"
"EN-007","2019-01-28","1.309095"
"EN-007","2019-02-04","1.310157"
"EN-007","2019-02-11","1.312332"
"EN-007","2019-02-18","1.321805"
"EN-007","2019-02-25","1.334878"
"EN-007","2019-03-04","1.343859"
"EN-007","2019-03-11","1.34783"
"EN-007","2019-03-18","1.348077"
"EN-007","2019-03-25","1.347982"
"EN-007","2019-04-01","1.343584"
"EN-007","2019-04-08","1.349107"
"EN-007","2019-04-15","1.359468"
"EN-007","2019-04-29","1.37422"
"EN-007","2019-05-06","1.379742"
"EN-007","2019-05-13","1.373556"
"EN-007","2019-05-20","1.376194"
"EN-007","2019-05-27","1.375282"
"EN-007","2019-06-03","1.366751"
"EN-007","2019-06-10","1.338756"
"EN-007","2019-06-17","1.325001"
"EN-007","2019-06-24","1.321727"
"EN-007","2019-07-01","1.324267"
"EN-007","2019-07-08","1.32032"
"EN-007","2019-07-15","1.327424"
"EN-007","2019-07-22","1.327568"
"EN-007","2019-07-29","1.326054"
"EN-007","2019-08-05","1.325419"
"EN-007","2019-08-12","1.309219"
"EN-007","2019-08-19","1.309783"
"EN-007","2019-08-26","1.309288"
"EN-007","2019-09-02","1.307776"
"EN-007","2019-09-09","1.315954"
"EN-007","2019-09-16","1.324412"
"EN-007","2019-09-23","1.341757"
"EN-007","2019-09-30","1.341295"
"EN-007","2019-10-07","1.333287"
"EN-007","2019-10-14","1.333021"
"EN-007","2019-10-21","1.334548"
"EN-007","2019-10-28","1.332319"
"EN-007","2019-11-04","1.333114"
"EN-007","2019-11-11","1.334091"
"EN-007","2019-11-18","1.335366"
"EN-007","2019-11-25","1.33462"
"EN-007","2019-12-02","1.338439"
"EN-007","2019-12-09","1.340817"
"EN-007","2019-12-16","1.345982"
"EN-007","2020-01-06","1.35866"
"EN-007","2020-01-13","1.357234"
"EN-007","2020-01-20","1.34429"
"EN-007","2020-01-27","1.330679"
"EN-007","2020-02-03","1.310952"
"EN-007","2020-02-10","1.297251"
"EN-007","2020-02-17","1.293804"
"EN-007","2020-02-24","1.292204"
"EN-007","2020-03-02","1.274183"
"EN-007","2020-03-09","1.252424"
"EN-007","2020-03-16","1.199633"
"EN-007","2020-03-23","1.157288"
"EN-007","2020-03-30","1.141844"
"EN-007","2020-04-06","1.129671"
"EN-007","2020-04-20","1.110375"
"EN-007","2020-04-27","1.086172"
"EN-007","2020-05-04","1.070495"
"EN-007","2020-05-11","1.066381"
"EN-007","2020-05-18","1.067559"
"EN-007","2020-05-25","1.081605"
"EN-007","2020-06-01","1.091012"
"EN-007","2020-06-08","1.098173"
"EN-007","2020-06-15","1.107906"
"EN-007","2020-06-22","1.115899"
"EN-007","2020-06-29","1.123404"
"EN-007","2020-07-06","1.125539"
"EN-007","2020-07-13","1.133149"
"EN-007","2020-07-20","1.134172"
"EN-007","2020-07-27","1.140771"
"EN-007","2020-08-03","1.135896"
"EN-007","2020-08-10","1.136364"
"EN-007","2020-08-17","1.136061"
"EN-007","2020-08-24","1.13496"
"EN-007","2020-08-31","1.132394"
"EN-007","2020-09-07","1.123985"
"EN-007","2020-09-14","1.110881"
"EN-007","2020-09-21","1.104049"
"EN-007","2020-09-28","1.098402"
"EN-007","2020-10-05","1.099925"
"EN-007","2020-10-12","1.103436"
"EN-007","2020-10-19","1.101678"
"EN-007","2020-10-26","1.098792"
"EN-007","2020-11-02","1.093815"
"EN-007","2020-11-09","1.09705"
"EN-007","2020-11-16","1.110428"
"EN-007","2020-11-23","1.118527"
"EN-007","2020-11-30","1.13155"
"EN-007","2020-12-07","1.138326"
"EN-007","2020-12-14","1.148273"
"EN-007","2020-12-21","1.156576"
"EN-007","2021-01-11","1.196989"
"EN-007","2021-01-18","1.211932"
"EN-007","2021-01-25","1.216788"
"EN-007","2021-02-01","1.219113"
"EN-007","2021-02-08","1.232921"
"EN-007","2021-02-15","1.249817"
"EN-007","2021-02-22","1.267137"
"EN-007","2021-03-01","1.279194"
"EN-007","2021-03-08","1.285706"
"EN-007","2021-03-15","1.301592"
"EN-007","2021-03-22","1.302288"
"EN-007","2021-03-29","1.294974"
"EN-007","2021-04-12","1.294038"
"EN-007","2021-04-19","1.295155"
"EN-007","2021-04-26","1.29675"
"EN-007","2021-05-03","1.299339"
"EN-007","2021-05-10","1.312689"
"EN-007","2021-05-17","1.315629"
"EN-007","2021-05-24","1.319474"
"EN-007","2021-05-31","1.319158"
"EN-007","2021-06-07","1.32844"
"EN-007","2021-06-14","1.335002"
"EN-007","2021-06-21","1.343975"
"EN-007","2021-06-28","1.358461"
"EN-007","2021-07-05","1.364131"
"EN-007","2021-07-12","1.367943"
"EN-007","2021-07-19","1.371056"
"EN-007","2021-07-26","1.368833"
"EN-007","2021-08-02","1.373435"
"EN-007","2021-08-09","1.372872"
"EN-007","2021-08-16","1.370118"
"EN-007","2021-08-23","1.362316"
"EN-007","2021-08-30","1.368"
"EN-007","2021-09-06","1.374427"
"EN-007","2021-09-13","1.380968"
"EN-007","2021-09-20","1.390827"
"EN-007","2021-09-27","1.40351"
"EN-007","2021-10-04","1.432142"
"EN-007","2021-10-11","1.466689"
"EN-007","2021-10-18","1.493392"
"EN-007","2021-10-25","1.501006"
"EN-007","2021-11-01","1.507963"
"EN-007","2021-11-08","1.510329"
"EN-007","2021-11-15","1.509486"
"EN-007","2021-11-22","1.50293"
"EN-007","2021-11-29","1.49798"
"EN-007","2021-12-06","1.483554"
"EN-007","2021-12-13","1.476128"
"EN-007","2021-12-20","1.470182"
"EN-007","2022-01-03","1.482504"
"EN-007","2022-01-10","1.504666"
"EN-007","2022-01-17","1.521583"
"EN-007","2022-01-24","1.54127"
"EN-007","2022-01-31","1.561052"
"EN-007","2022-02-07","1.565645"
"EN-007","2022-02-14","1.577821"
"EN-007","2022-02-21","1.585838"
"EN-007","2022-02-28","1.624641"
"EN-007","2022-03-07","1.778915"
"EN-007","2022-03-14","2.014061"
"EN-007","2022-03-21","1.92946"
"EN-007","2022-03-28","1.948598"
"EN-007","2022-04-04","1.874201"
"EN-007","2022-04-11","1.821387"
"EN-007","2022-04-25","1.852637"
"EN-007","2022-05-02","1.873462"
"EN-007","2022-05-09","1.898784"
"EN-007","2022-05-16","1.87233"
"EN-007","2022-05-23","1.850699"
"EN-007","2022-05-30","1.849715"
"EN-007","2022-06-06","1.902982"
"EN-007","2022-06-13","1.979823"
"EN-007","2022-06-20","2.027227"
"EN-007","2022-06-27","2.033417"
"EN-007","2022-07-04","1.99595"
"EN-007","2022-07-11","1.950452"
"EN-007","2022-07-18","1.932968"
"EN-007","2022-07-25","1.898547"
"EN-007","2022-08-01","1.874256"
"EN-007","2022-08-08","1.827541"
"EN-007","2022-08-15","1.79877"
"EN-007","2022-08-22","1.819924"
"EN-007","2022-08-29","1.903156"
"EN-007","2022-09-05","1.900975"
"EN-007","2022-09-12","1.886159"
"EN-007","2022-09-19","1.830216"
"EN-007","2022-09-26","1.799241"
"EN-007","2022-10-03","1.80489"
"EN-007","2022-10-10","1.890138"
"EN-007","2022-10-17","1.961025"
"EN-007","2022-10-24","1.965217"
"EN-007","2022-10-31","1.954016"
"EN-007","2022-11-07","1.932438"
"EN-007","2022-11-14","1.886106"
"EN-007","2022-11-21","1.8499"
"EN-007","2022-11-28","1.8047"
"EN-007","2022-12-05","1.778788"
"EN-007","2022-12-12","1.726831"
"EN-007","2022-12-19","1.722187"
"EN-007","2022-12-26","1.716243"
"EN-007","2023-01-02","1.753499"
"EN-007","2023-01-09","1.767192"
"EN-007","2023-01-16","1.765346"
"EN-007","2023-01-23","1.780215"
"EN-007","2023-01-30","1.794909"
"EN-007","2023-02-06","1.756228"
"EN-007","2023-02-13","1.718723"
"EN-007","2023-02-20","1.707354"
"EN-007","2023-02-27","1.687737"
"EN-007","2023-03-06","1.694109"
"EN-007","2023-03-13","1.689667"
"EN-007","2023-03-20","1.663853"
"EN-007","2023-03-27","1.653873"
"EN-007","2023-04-03","1.64043"
"EN-007","2023-04-10","1.644982"
"EN-007","2023-04-17","1.639035"
"EN-007","2023-04-24","1.606284"
"EN-007","2023-05-01","1.577377"
"EN-007","2023-05-08","1.544506"
"EN-007","2023-05-15","1.529658"
"EN-007","2023-05-22","1.528789"
"EN-007","2023-05-29","1.53408"
"EN-007","2023-06-05","1.533781"
"EN-007","2023-06-12","1.545927"
"EN-007","2023-06-19","1.548984"
"EN-007","2023-06-26","1.566156"
"EN-007","2023-07-03","1.561816"
"EN-007","2023-07-10","1.565589"
"EN-007","2023-07-17","1.582753"
"EN-007","2023-07-24","1.591262"
"EN-007","2023-07-31","1.634145"
"EN-007","2023-08-07","1.681725"
"EN-007","2023-08-14","1.708572"
"EN-007","2023-08-21","1.711893"
"EN-007","2023-08-28","1.720834"
"EN-007","2023-09-04","1.732847"
"EN-007","2023-09-11","1.746348"
"EN-007","2023-09-18","1.779347"
"EN-007","2023-09-25","1.788277"
"EN-007","2023-10-02","1.782495"
"EN-007","2023-10-09","1.766733"
"EN-007","2023-10-16","1.750899"
"EN-007","2023-10-23","1.755825"
"EN-007","2023-10-30","1.743001"
"EN-007","2023-11-06","1.745917"
"EN-007","2023-11-13","1.716228"
"EN-007","2023-11-20","1.697141"
"EN-007","2023-11-27","1.692116"
"EN-007","2023-12-04","1.677365"
"EN-007","2023-12-11","1.652748"
"EN-007","2023-12-18","1.632813"
"EN-007","2023-12-25","1.636978"
"EN-007","2024-01-01","1.626723"
"EN-007","2024-01-08","1.626015"
"EN-007","2024-01-15","1.623038"
"EN-007","2024-01-22","1.628265"
"EN-007","2024-01-29","1.648813"
"EN-007","2024-02-05","1.665706"
"EN-007","2024-02-12","1.688135"
"EN-007","2024-02-19","1.709342"
"EN-007","2024-02-26","1.700564"
"EN-007","2024-03-04","1.687681"
"EN-007","2024-03-11","1.679545"
"EN-007","2024-03-18","1.673386"
"EN-007","2024-03-25","1.678668"
"EN-007","2024-04-01","1.677802"
"EN-007","2024-04-08","1.694102"
"EN-007","2024-04-15","1.694263"
"EN-007","2024-04-22","1.677952"
"EN-007","2024-04-29","1.659348"
"EN-007","2024-05-06","1.645194"
"EN-007","2024-05-13","1.632454"
"EN-007","2024-05-20","1.620353"
"EN-007","2024-05-27","1.609179"
"EN-007","2024-06-03","1.601437"
"EN-007","2024-06-10","1.583387"
"EN-007","2024-06-17","1.593248"
"EN-007","2024-06-24","1.614367"
"EN-007","2024-07-01","1.625736"
"EN-007","2024-07-08","1.633576"
"EN-007","2024-07-15","1.62709"
"EN-007","2024-07-22","1.612787"
"EN-007","2024-07-29","1.604364"
"EN-007","2024-08-05","1.590862"
"EN-007","2024-08-12","1.57938"
"EN-007","2024-08-19","1.573704"
"EN-007","2024-08-26","1.555893"
"EN-007","2024-09-02","1.545722"
"EN-007","2024-09-09","1.531094"
"EN-007","2024-09-16","1.514378"
"EN-007","2024-09-23","1.505625"
"EN-007","2024-09-30","1.500955"
"EN-007","2024-10-07","1.510542"
"EN-007","2024-10-14","1.534287"
"EN-007","2024-10-21","1.530249"
"EN-007","2024-10-28","1.525642"
"EN-007","2024-11-04","1.52458"
"EN-007","2024-11-11","1.534933"
"EN-007","2024-11-18","1.543118"
"EN-007","2024-11-25","1.560244"
"EN-007","2024-12-02","1.5653"
"EN-007","2024-12-09","1.559747"
"EN-007","2024-12-16","1.562361"
"EN-007","2024-12-23","1.567504"
"EN-007","2024-12-30","1.569324"
"EN-007","2025-01-06","1.594033"
"EN-007","2025-01-13","1.607469"
"EN-007","2025-01-20","1.639169"
"EN-007","2025-01-27","1.637342"
"EN-007","2025-02-03","1.625513"
"EN-007","2025-02-10","1.628155"
"EN-007","2025-02-17","1.631709"
"EN-007","2025-02-24","1.630887"
"EN-007","2025-03-03","1.618405"
"EN-007","2025-03-10","1.593974"
"EN-007","2025-03-17","1.571894"
"EN-007","2025-03-24","1.562762"
"EN-007","2025-03-31","1.564149"
"EN-007","2025-04-07","1.553306"
"EN-007","2025-04-14","1.522074"
"EN-007","2025-04-21","1.506401"
"EN-007","2025-04-28","1.503452"
"EN-007","2025-05-05","1.493137"
"EN-007","2025-05-12","1.484554"
"EN-007","2025-05-19","1.488984"
"EN-007","2025-05-26","1.486575"
"EN-007","2025-06-02","1.481281"
"EN-007","2025-06-09","1.481356"
"EN-007","2025-06-16","1.499667"
"EN-007","2025-06-23","1.554105"
"EN-007","2025-06-30","1.555593"
"EN-007","2025-07-07","1.543953"
"EN-007","2025-07-14","1.559252"
"EN-007","2025-07-21","1.56225"
"EN-007","2025-07-28","1.557581"
"EN-007","2025-08-04","1.551446"
"EN-007","2025-08-11","1.538907"
"EN-007","2025-08-18","1.523265"
"EN-007","2025-08-25","1.522002"
"EN-007","2025-09-01","1.516937"
"EN-007","2025-09-08","1.52635"
"EN-007","2025-09-15","1.534408"
"EN-007","2025-09-22","1.535357"
"EN-007","2025-09-29","1.541503"
"EN-007","2025-10-06","1.538096"
"EN-007","2025-10-13","1.529031"
"EN-007","2025-10-20","1.510748"
"EN-007","2025-10-27","1.527654"
"EN-007","2025-11-03","1.548311"
"EN-007","2025-11-10","1.571392"
"EN-007","2025-11-17","1.587149"
"EN-007","2025-11-24","1.606823"
"EN-007","2025-12-01","1.588739"
"EN-007","2025-12-08","1.56768"
"EN-007","2025-12-15","1.547797"
"EN-007","2025-12-22","1.520788"
"EN-007","2025-12-29","1.52179"
"EN-007","2026-01-05","1.544889"
"EN-007","2026-01-12","1.552895"
"EN-007","2026-01-19","1.562101"
"EN-007","2026-01-26","1.57197"
"EN-007","2026-02-02","1.582618"
"EN-007","2026-02-09","1.585224"
"EN-007","2026-02-16","1.589517"
"EN-007","2026-02-23","1.594416"
"EN-007","2026-03-02","1.629223"
"EN-007","2026-03-09","1.861404"
"EN-007","2026-03-16","1.949082"
"EN-007","2026-03-23","2.064331"
"EN-007","2026-03-30","2.075661"
"EN-007","2026-04-06","2.112275"
"EN-007","2026-04-13","2.099719"
"EN-007","2026-04-20","2.007926"
"EN-007","2026-04-27","1.974344"
"EN-007","2026-05-04","1.975345"
"EN-007","2026-05-11","1.929959"
"EN-007","2026-05-18","1.90101"
"EN-007","2026-05-25","1.900507"
"EN-007","2026-06-01","1.843711"
"EN-007","2026-06-08","1.828594"
"EN-007","2026-06-15","1.804387"
"EN-007","2026-06-22","1.730151"
"EN-007","2026-06-29","1.715779"
"EN-008","2005-01-03","1.041863"
"EN-008","2005-01-10","1.038358"
"EN-008","2005-01-17","1.043505"
"EN-008","2005-01-24","1.046375"
"EN-008","2005-01-31","1.065716"
"EN-008","2005-02-07","1.074555"
"EN-008","2005-02-14","1.071115"
"EN-008","2005-02-21","1.072828"
"EN-008","2005-02-28","1.07823"
"EN-008","2005-03-07","1.087328"
"EN-008","2005-03-14","1.096825"
"EN-008","2005-03-21","1.097849"
"EN-008","2005-04-04","1.12473"
"EN-008","2005-04-11","1.151534"
"EN-008","2005-04-18","1.144915"
"EN-008","2005-04-25","1.147914"
"EN-008","2005-05-02","1.151333"
"EN-008","2005-05-09","1.142714"
"EN-008","2005-05-16","1.135206"
"EN-008","2005-05-23","1.126965"
"EN-008","2005-05-30","1.12376"
"EN-008","2005-06-06","1.142902"
"EN-008","2005-06-13","1.158375"
"EN-008","2005-06-20","1.169078"
"EN-008","2005-06-27","1.180658"
"EN-008","2005-07-04","1.186595"
"EN-008","2005-07-11","1.194256"
"EN-008","2005-07-18","1.198013"
"EN-008","2005-07-25","1.200399"
"EN-008","2005-08-01","1.204416"
"EN-008","2005-08-08","1.211533"
"EN-008","2005-08-15","1.220612"
"EN-008","2005-08-22","1.238025"
"EN-008","2005-08-29","1.236721"
"EN-008","2005-09-05","1.304676"
"EN-008","2005-09-12","1.301312"
"EN-008","2005-09-19","1.275799"
"EN-008","2005-09-26","1.273445"
"EN-008","2005-10-03","1.286247"
"EN-008","2005-10-10","1.277676"
"EN-008","2005-10-17","1.262042"
"EN-008","2005-10-24","1.243585"
"EN-008","2005-11-07","1.21087"
"EN-008","2005-11-14","1.19961"
"EN-008","2005-11-21","1.17497"
"EN-008","2005-11-28","1.175015"
"EN-008","2005-12-05","1.16801"
"EN-008","2005-12-12","1.171398"
"EN-008","2005-12-19","1.17798"
"EN-008","2006-01-09","1.196692"
"EN-008","2006-01-16","1.201614"
"EN-008","2006-01-23","1.201111"
"EN-008","2006-01-30","1.206456"
"EN-008","2006-02-06","1.209563"
"EN-008","2006-02-13","1.199608"
"EN-008","2006-02-20","1.187745"
"EN-008","2006-02-27","1.188821"
"EN-008","2006-03-06","1.191668"
"EN-008","2006-03-13","1.193558"
"EN-008","2006-03-20","1.207756"
"EN-008","2006-03-27","1.211719"
"EN-008","2006-04-03","1.23388"
"EN-008","2006-04-10","1.241312"
"EN-008","2006-04-24","1.284062"
"EN-008","2006-05-01","1.293806"
"EN-008","2006-05-08","1.296893"
"EN-008","2006-05-15","1.291365"
"EN-008","2006-05-22","1.288765"
"EN-008","2006-05-29","1.27628"
"EN-008","2006-06-05","1.281697"
"EN-008","2006-06-12","1.291778"
"EN-008","2006-06-19","1.282693"
"EN-008","2006-06-26","1.278567"
"EN-008","2006-07-03","1.292754"
"EN-008","2006-07-10","1.302651"
"EN-008","2006-07-17","1.318642"
"EN-008","2006-07-24","1.333948"
"EN-008","2006-07-31","1.331039"
"EN-008","2006-08-07","1.336462"
"EN-008","2006-08-14","1.327967"
"EN-008","2006-08-21","1.297166"
"EN-008","2006-08-28","1.276678"
"EN-008","2006-09-04","1.253918"
"EN-008","2006-09-11","1.224182"
"EN-008","2006-09-18","1.207868"
"EN-008","2006-09-25","1.184507"
"EN-008","2006-10-02","1.173618"
"EN-008","2006-10-09","1.168108"
"EN-008","2006-10-16","1.166934"
"EN-008","2006-10-23","1.161499"
"EN-008","2006-10-30","1.159294"
"EN-008","2006-11-06","1.153901"
"EN-008","2006-11-13","1.158141"
"EN-008","2006-11-20","1.158005"
"EN-008","2006-11-27","1.153371"
"EN-008","2006-12-04","1.161775"
"EN-008","2006-12-11","1.166939"
"EN-008","2006-12-18","1.17024"
"EN-008","2007-01-08","1.148179"
"EN-008","2007-01-15","1.136661"
"EN-008","2007-01-22","1.128466"
"EN-008","2007-01-29","1.126214"
"EN-008","2007-02-05","1.133639"
"EN-008","2007-02-12","1.139945"
"EN-008","2007-02-19","1.138677"
"EN-008","2007-02-26","1.149549"
"EN-008","2007-03-05","1.172863"
"EN-008","2007-03-12","1.17991"
"EN-008","2007-03-19","1.180122"
"EN-008","2007-03-26","1.184809"
"EN-008","2007-04-02","1.206382"
"EN-008","2007-04-16","1.221988"
"EN-008","2007-04-23","1.233728"
"EN-008","2007-04-30","1.24861"
"EN-008","2007-05-07","1.257384"
"EN-008","2007-05-14","1.262619"
"EN-008","2007-05-21","1.272435"
"EN-008","2007-05-28","1.283037"
"EN-008","2007-06-04","1.282654"
"EN-008","2007-06-11","1.275071"
"EN-008","2007-06-18","1.280159"
"EN-008","2007-06-25","1.286099"
"EN-008","2007-07-02","1.276078"
"EN-008","2007-07-09","1.277349"
"EN-008","2007-07-16","1.286267"
"EN-008","2007-07-23","1.276174"
"EN-008","2007-07-30","1.262707"
"EN-008","2007-08-06","1.2574"
"EN-008","2007-08-13","1.247848"
"EN-008","2007-08-20","1.242395"
"EN-008","2007-08-27","1.238072"
"EN-008","2007-09-03","1.242677"
"EN-008","2007-09-10","1.250146"
"EN-008","2007-09-17","1.245434"
"EN-008","2007-09-24","1.249067"
"EN-008","2007-10-01","1.250251"
"EN-008","2007-10-08","1.246504"
"EN-008","2007-10-15","1.243943"
"EN-008","2007-10-22","1.255658"
"EN-008","2007-10-29","1.26147"
"EN-008","2007-11-05","1.278483"
"EN-008","2007-11-12","1.301612"
"EN-008","2007-11-19","1.295768"
"EN-008","2007-11-26","1.296088"
"EN-008","2007-12-03","1.28999"
"EN-008","2007-12-10","1.27478"
"EN-008","2007-12-17","1.282492"
"EN-008","2008-01-07","1.320631"
"EN-008","2008-01-14","1.309973"
"EN-008","2008-01-21","1.29845"
"EN-008","2008-01-28","1.294969"
"EN-008","2008-02-04","1.299424"
"EN-008","2008-02-11","1.292455"
"EN-008","2008-02-18","1.315597"
"EN-008","2008-02-25","1.32844"
"EN-008","2008-03-03","1.326492"
"EN-008","2008-03-10","1.330116"
"EN-008","2008-03-17","1.326421"
"EN-008","2008-03-31","1.313507"
"EN-008","2008-04-07","1.319127"
"EN-008","2008-04-14","1.327025"
"EN-008","2008-04-21","1.336346"
"EN-008","2008-04-28","1.355242"
"EN-008","2008-05-05","1.364467"
"EN-008","2008-05-12","1.378353"
"EN-008","2008-05-19","1.403745"
"EN-008","2008-05-26","1.417935"
"EN-008","2008-06-02","1.431245"
"EN-008","2008-06-09","1.432439"
"EN-008","2008-06-16","1.448737"
"EN-008","2008-06-23","1.452026"
"EN-008","2008-06-30","1.462069"
"EN-008","2008-07-07","1.473925"
"EN-008","2008-07-14","1.466691"
"EN-008","2008-07-21","1.451452"
"EN-008","2008-07-28","1.4228"
"EN-008","2008-08-04","1.406733"
"EN-008","2008-08-11","1.403705"
"EN-008","2008-08-18","1.38666"
"EN-008","2008-08-25","1.394811"
"EN-008","2008-09-01","1.389278"
"EN-008","2008-09-08","1.380505"
"EN-008","2008-09-15","1.385315"
"EN-008","2008-09-22","1.361855"
"EN-008","2008-09-29","1.350746"
"EN-008","2008-10-06","1.345447"
"EN-008","2008-10-13","1.299706"
"EN-008","2008-10-20","1.241577"
"EN-008","2008-10-27","1.206217"
"EN-008","2008-11-03","1.19307"
"EN-008","2008-11-10","1.158111"
"EN-008","2008-11-17","1.12528"
"EN-008","2008-11-24","1.087206"
"EN-008","2008-12-01","1.075724"
"EN-008","2008-12-08","1.056324"
"EN-008","2008-12-15","1.021377"
"EN-008","2009-01-05","0.983702"
"EN-008","2009-01-12","1.024912"
"EN-008","2009-01-19","1.033547"
"EN-008","2009-01-26","1.031633"
"EN-008","2009-02-02","1.046329"
"EN-008","2009-02-09","1.065317"
"EN-008","2009-02-16","1.061057"
"EN-008","2009-02-23","1.054752"
"EN-008","2009-03-02","1.051394"
"EN-008","2009-03-09","1.053593"
"EN-008","2009-03-16","1.055497"
"EN-008","2009-03-23","1.055926"
"EN-008","2009-03-30","1.077394"
"EN-008","2009-04-06","1.097848"
"EN-008","2009-04-20","1.106486"
"EN-008","2009-04-27","1.109023"
"EN-008","2009-05-04","1.108132"
"EN-008","2009-05-11","1.137382"
"EN-008","2009-05-18","1.151696"
"EN-008","2009-05-25","1.172946"
"EN-008","2009-06-01","1.183799"
"EN-008","2009-06-08","1.195254"
"EN-008","2009-06-15","1.224461"
"EN-008","2009-06-22","1.234481"
"EN-008","2009-06-29","1.22016"
"EN-008","2009-07-06","1.21027"
"EN-008","2009-07-13","1.187331"
"EN-008","2009-07-20","1.185048"
"EN-008","2009-07-27","1.203269"
"EN-008","2009-08-03","1.225077"
"EN-008","2009-08-10","1.234909"
"EN-008","2009-08-17","1.239701"
"EN-008","2009-08-24","1.234361"
"EN-008","2009-08-31","1.22129"
"EN-008","2009-09-07","1.222869"
"EN-008","2009-09-14","1.209663"
"EN-008","2009-09-21","1.19763"
"EN-008","2009-09-28","1.176152"
"EN-008","2009-10-05","1.183089"
"EN-008","2009-10-12","1.171098"
"EN-008","2009-10-19","1.191914"
"EN-008","2009-10-26","1.206095"
"EN-008","2009-11-02","1.221661"
"EN-008","2009-11-09","1.2235"
"EN-008","2009-11-16","1.220243"
"EN-008","2009-11-23","1.221455"
"EN-008","2009-11-30","1.211415"
"EN-008","2009-12-07","1.217615"
"EN-008","2009-12-14","1.204619"
"EN-008","2009-12-21","1.20263"
"EN-008","2010-01-04","1.231044"
"EN-008","2010-01-11","1.263795"
"EN-008","2010-01-18","1.262417"
"EN-008","2010-01-25","1.257242"
"EN-008","2010-02-01","1.255602"
"EN-008","2010-02-08","1.255798"
"EN-008","2010-02-15","1.255672"
"EN-008","2010-02-22","1.26258"
"EN-008","2010-03-01","1.273474"
"EN-008","2010-03-08","1.294975"
"EN-008","2010-03-15","1.320598"
"EN-008","2010-03-22","1.322144"
"EN-008","2010-03-29","1.339816"
"EN-008","2010-04-12","1.352917"
"EN-008","2010-04-19","1.35572"
"EN-008","2010-04-26","1.368314"
"EN-008","2010-05-03","1.372686"
"EN-008","2010-05-10","1.367019"
"EN-008","2010-05-17","1.366265"
"EN-008","2010-05-24","1.340344"
"EN-008","2010-05-31","1.347379"
"EN-008","2010-06-07","1.35596"
"EN-008","2010-06-14","1.359761"
"EN-008","2010-06-21","1.363379"
"EN-008","2010-06-28","1.366571"
"EN-008","2010-07-05","1.350625"
"EN-008","2010-07-12","1.345451"
"EN-008","2010-07-19","1.335137"
"EN-008","2010-07-26","1.341744"
"EN-008","2010-08-02","1.342794"
"EN-008","2010-08-09","1.3472"
"EN-008","2010-08-16","1.338896"
"EN-008","2010-08-23","1.340818"
"EN-008","2010-08-30","1.330805"
"EN-008","2010-09-06","1.3273"
"EN-008","2010-09-13","1.339159"
"EN-008","2010-09-20","1.335984"
"EN-008","2010-09-27","1.317212"
"EN-008","2010-10-04","1.317211"
"EN-008","2010-10-11","1.326847"
"EN-008","2010-10-18","1.331832"
"EN-008","2010-10-25","1.334817"
"EN-008","2010-11-08","1.342619"
"EN-008","2010-11-15","1.352453"
"EN-008","2010-11-22","1.349216"
"EN-008","2010-11-29","1.363316"
"EN-008","2010-12-06","1.388578"
"EN-008","2010-12-13","1.402316"
"EN-008","2010-12-20","1.407164"
"EN-008","2011-01-03","1.420139"
"EN-008","2011-01-10","1.442507"
"EN-008","2011-01-17","1.455306"
"EN-008","2011-01-24","1.444019"
"EN-008","2011-01-31","1.431327"
"EN-008","2011-02-07","1.440891"
"EN-008","2011-02-14","1.446328"
"EN-008","2011-02-21","1.447504"
"EN-008","2011-02-28","1.470727"
"EN-008","2011-03-07","1.484802"
"EN-008","2011-03-14","1.515199"
"EN-008","2011-03-21","1.49879"
"EN-008","2011-03-28","1.50498"
"EN-008","2011-04-04","1.519181"
"EN-008","2011-04-11","1.536083"
"EN-008","2011-04-18","1.54714"
"EN-008","2011-05-02","1.543067"
"EN-008","2011-05-09","1.526365"
"EN-008","2011-05-16","1.522842"
"EN-008","2011-05-23","1.517166"
"EN-008","2011-05-30","1.506896"
"EN-008","2011-06-06","1.504451"
"EN-008","2011-06-13","1.499348"
"EN-008","2011-06-20","1.499716"
"EN-008","2011-06-27","1.471443"
"EN-008","2011-07-04","1.470578"
"EN-008","2011-07-11","1.492859"
"EN-008","2011-07-18","1.513321"
"EN-008","2011-07-25","1.518012"
"EN-008","2011-08-01","1.524712"
"EN-008","2011-08-08","1.507227"
"EN-008","2011-08-22","1.482914"
"EN-008","2011-08-29","1.483259"
"EN-008","2011-09-05","1.498772"
"EN-008","2011-09-12","1.519879"
"EN-008","2011-09-19","1.517746"
"EN-008","2011-09-26","1.503222"
"EN-008","2011-10-03","1.497486"
"EN-008","2011-10-10","1.495369"
"EN-008","2011-10-17","1.504413"
"EN-008","2011-10-24","1.500295"
"EN-008","2011-10-31","1.498211"
"EN-008","2011-11-07","1.497247"
"EN-008","2011-11-14","1.490394"
"EN-008","2011-11-21","1.487308"
"EN-008","2011-11-28","1.475387"
"EN-008","2011-12-05","1.482488"
"EN-008","2011-12-12","1.494103"
"EN-008","2011-12-19","1.50242"
"EN-008","2012-01-09","1.549983"
"EN-008","2012-01-16","1.556629"
"EN-008","2012-01-23","1.562104"
"EN-008","2012-01-30","1.563187"
"EN-008","2012-02-06","1.570871"
"EN-008","2012-02-13","1.582197"
"EN-008","2012-02-20","1.602852"
"EN-008","2012-02-27","1.608658"
"EN-008","2012-03-05","1.62279"
"EN-008","2012-03-12","1.632941"
"EN-008","2012-03-19","1.65133"
"EN-008","2012-03-26","1.654204"
"EN-008","2012-04-02","1.671594"
"EN-008","2012-04-16","1.687212"
"EN-008","2012-04-23","1.67731"
"EN-008","2012-04-30","1.663531"
"EN-008","2012-05-07","1.651658"
"EN-008","2012-05-14","1.625638"
"EN-008","2012-05-21","1.610186"
"EN-008","2012-05-28","1.613309"
"EN-008","2012-06-04","1.602751"
"EN-008","2012-06-11","1.590425"
"EN-008","2012-06-18","1.57948"
"EN-008","2012-06-25","1.562832"
"EN-008","2012-07-02","1.561026"
"EN-008","2012-07-09","1.592696"
"EN-008","2012-07-16","1.603701"
"EN-008","2012-07-23","1.624281"
"EN-008","2012-07-30","1.619941"
"EN-008","2012-08-06","1.632286"
"EN-008","2012-08-13","1.657971"
"EN-008","2012-08-20","1.696362"
"EN-008","2012-08-27","1.699524"
"EN-008","2012-09-03","1.692625"
"EN-008","2012-09-10","1.70567"
"EN-008","2012-09-17","1.685303"
"EN-008","2012-09-24","1.673995"
"EN-008","2012-10-01","1.662814"
"EN-008","2012-10-08","1.664291"
"EN-008","2012-10-15","1.659958"
"EN-008","2012-10-22","1.635693"
"EN-008","2012-10-29","1.610474"
"EN-008","2012-11-05","1.598643"
"EN-008","2012-11-12","1.589495"
"EN-008","2012-11-19","1.5933"
"EN-008","2012-11-26","1.59721"
"EN-008","2012-12-03","1.582533"
"EN-008","2012-12-10","1.573429"
"EN-008","2012-12-17","1.563627"
"EN-008","2013-01-07","1.562945"
"EN-008","2013-01-14","1.565387"
"EN-008","2013-01-21","1.555599"
"EN-008","2013-01-28","1.559623"
"EN-008","2013-02-04","1.575336"
"EN-008","2013-02-11","1.590987"
"EN-008","2013-02-18","1.602975"
"EN-008","2013-02-25","1.600112"
"EN-008","2013-03-04","1.599418"
"EN-008","2013-03-11","1.582626"
"EN-008","2013-03-18","1.575054"
"EN-008","2013-03-25","1.587099"
"EN-008","2013-04-01","1.595387"
"EN-008","2013-04-08","1.501891"
"EN-008","2013-04-15","1.574176"
"EN-008","2013-04-22","1.551196"
"EN-008","2013-04-29","1.550481"
"EN-008","2013-05-06","1.543757"
"EN-008","2013-05-13","1.542516"
"EN-008","2013-05-20","1.553705"
"EN-008","2013-05-27","1.556942"
"EN-008","2013-06-03","1.555615"
"EN-008","2013-06-10","1.553166"
"EN-008","2013-06-17","1.551603"
"EN-008","2013-06-24","1.548591"
"EN-008","2013-07-01","1.557108"
"EN-008","2013-07-08","1.562031"
"EN-008","2013-07-15","1.582661"
"EN-008","2013-07-22","1.600541"
"EN-008","2013-07-29","1.59034"
"EN-008","2013-08-05","1.591226"
"EN-008","2013-08-12","1.58546"
"EN-008","2013-08-19","1.590062"
"EN-008","2013-08-26","1.590378"
"EN-008","2013-09-02","1.607745"
"EN-008","2013-09-09","1.608119"
"EN-008","2013-09-16","1.595152"
"EN-008","2013-09-23","1.57613"
"EN-008","2013-09-30","1.560559"
"EN-008","2013-10-07","1.546291"
"EN-008","2013-10-14","1.543208"
"EN-008","2013-10-21","1.542637"
"EN-008","2013-10-28","1.529988"
"EN-008","2013-11-04","1.523674"
"EN-008","2013-11-11","1.516911"
"EN-008","2013-11-18","1.52741"
"EN-008","2013-11-25","1.535103"
"EN-008","2013-12-02","1.540837"
"EN-008","2013-12-09","1.536491"
"EN-008","2013-12-16","1.52792"
"EN-008","2014-01-06","1.534067"
"EN-008","2014-01-13","1.527494"
"EN-008","2014-01-20","1.522986"
"EN-008","2014-01-27","1.523373"
"EN-008","2014-02-03","1.522811"
"EN-008","2014-02-10","1.522519"
"EN-008","2014-02-17","1.534517"
"EN-008","2014-02-24","1.534418"
"EN-008","2014-03-03","1.534862"
"EN-008","2014-03-10","1.525932"
"EN-008","2014-03-17","1.518503"
"EN-008","2014-03-24","1.51683"
"EN-008","2014-03-31","1.531008"
"EN-008","2014-04-07","1.537876"
"EN-008","2014-04-14","1.543856"
"EN-008","2014-04-28","1.561164"
"EN-008","2014-05-05","1.553509"
"EN-008","2014-05-12","1.554627"
"EN-008","2014-05-19","1.550915"
"EN-008","2014-05-26","1.557844"
"EN-008","2014-06-02","1.55854"
"EN-008","2014-06-09","1.564121"
"EN-008","2014-06-16","1.575671"
"EN-008","2014-06-23","1.585694"
"EN-008","2014-06-30","1.589024"
"EN-008","2014-07-07","1.591901"
"EN-008","2014-07-14","1.58807"
"EN-008","2014-07-21","1.58127"
"EN-008","2014-07-28","1.578356"
"EN-008","2014-08-04","1.566086"
"EN-008","2014-08-11","1.56112"
"EN-008","2014-08-18","1.555324"
"EN-008","2014-08-25","1.551055"
"EN-008","2014-09-01","1.558192"
"EN-008","2014-09-08","1.556443"
"EN-008","2014-09-15","1.557607"
"EN-008","2014-09-22","1.55676"
"EN-008","2014-09-29","1.554347"
"EN-008","2014-10-06","1.549527"
"EN-008","2014-10-13","1.54043"
"EN-008","2014-10-20","1.498275"
"EN-008","2014-10-27","1.492857"
"EN-008","2014-11-03","1.490294"
"EN-008","2014-11-10","1.482909"
"EN-008","2014-11-17","1.470253"
"EN-008","2014-11-24","1.462778"
"EN-008","2014-12-01","1.445064"
"EN-008","2014-12-08","1.416882"
"EN-008","2014-12-15","1.37813"
"EN-008","2015-01-05","1.328009"
"EN-008","2015-01-12","1.30162"
"EN-008","2015-01-19","1.286417"
"EN-008","2015-01-26","1.292186"
"EN-008","2015-02-02","1.29534"
"EN-008","2015-02-09","1.329834"
"EN-008","2015-02-16","1.351112"
"EN-008","2015-02-23","1.36696"
"EN-008","2015-03-02","1.384968"
"EN-008","2015-03-09","1.408194"
"EN-008","2015-03-16","1.422717"
"EN-008","2015-03-23","1.415007"
"EN-008","2015-03-30","1.423476"
"EN-008","2015-04-13","1.431971"
"EN-008","2015-04-20","1.449782"
"EN-008","2015-04-27","1.465891"
"EN-008","2015-05-04","1.46609"
"EN-008","2015-05-11","1.476239"
"EN-008","2015-05-18","1.472419"
"EN-008","2015-05-25","1.481573"
"EN-008","2015-06-01","1.477246"
"EN-008","2015-06-08","1.474713"
"EN-008","2015-06-15","1.485838"
"EN-008","2015-06-22","1.492892"
"EN-008","2015-06-29","1.489652"
"EN-008","2015-07-06","1.492906"
"EN-008","2015-07-13","1.501641"
"EN-008","2015-07-20","1.498526"
"EN-008","2015-07-27","1.481885"
"EN-008","2015-08-03","1.473231"
"EN-008","2015-08-10","1.456606"
"EN-008","2015-08-17","1.438079"
"EN-008","2015-08-24","1.400324"
"EN-008","2015-08-31","1.368528"
"EN-008","2015-09-07","1.36963"
"EN-008","2015-09-14","1.367714"
"EN-008","2015-09-21","1.361082"
"EN-008","2015-09-28","1.342699"
"EN-008","2015-10-05","1.334081"
"EN-008","2015-10-12","1.339204"
"EN-008","2015-10-19","1.329005"
"EN-008","2015-10-26","1.32238"
"EN-008","2015-11-02","1.325967"
"EN-008","2015-11-09","1.338288"
"EN-008","2015-11-16","1.343737"
"EN-008","2015-11-23","1.336001"
"EN-008","2015-11-30","1.337319"
"EN-008","2015-12-07","1.326583"
"EN-008","2015-12-14","1.300594"
"EN-008","2016-01-04","1.281147"
"EN-008","2016-01-11","1.273502"
"EN-008","2016-01-18","1.250673"
"EN-008","2016-01-25","1.247318"
"EN-008","2016-02-01","1.249306"
"EN-008","2016-02-08","1.23944"
"EN-008","2016-02-15","1.21186"
"EN-008","2016-02-22","1.215126"
"EN-008","2016-02-29","1.214134"
"EN-008","2016-03-07","1.223797"
"EN-008","2016-03-14","1.241651"
"EN-008","2016-03-21","1.248961"
"EN-008","2016-04-04","1.271513"
"EN-008","2016-04-11","1.271123"
"EN-008","2016-04-18","1.28763"
"EN-008","2016-04-25","1.301363"
"EN-008","2016-05-02","1.310392"
"EN-008","2016-05-09","1.305429"
"EN-008","2016-05-16","1.310838"
"EN-008","2016-05-23","1.325471"
"EN-008","2016-05-30","1.346238"
"EN-008","2016-06-06","1.344786"
"EN-008","2016-06-13","1.337528"
"EN-008","2016-06-20","1.335061"
"EN-008","2016-06-27","1.323108"
"EN-008","2016-07-04","1.319157"
"EN-008","2016-07-11","1.300532"
"EN-008","2016-07-18","1.2987"
"EN-008","2016-07-25","1.292732"
"EN-008","2016-08-01","1.279261"
"EN-008","2016-08-08","1.271276"
"EN-008","2016-08-15","1.26917"
"EN-008","2016-08-22","1.282809"
"EN-008","2016-08-29","1.293769"
"EN-008","2016-09-05","1.292196"
"EN-008","2016-09-12","1.300338"
"EN-008","2016-09-19","1.296051"
"EN-008","2016-09-26","1.291337"
"EN-008","2016-10-03","1.295954"
"EN-008","2016-10-10","1.302938"
"EN-008","2016-10-17","1.307295"
"EN-008","2016-10-24","1.3153"
"EN-008","2016-10-31","1.313806"
"EN-008","2016-11-07","1.310564"
"EN-008","2016-11-14","1.306395"
"EN-008","2016-11-21","1.300883"
"EN-008","2016-11-28","1.31097"
"EN-008","2016-12-05","1.32674"
"EN-008","2016-12-12","1.340262"
"EN-008","2016-12-19","1.353062"
"EN-008","2017-01-02","1.368535"
"EN-008","2017-01-09","1.374528"
"EN-008","2017-01-16","1.370417"
"EN-008","2017-01-23","1.37538"
"EN-008","2017-01-30","1.382005"
"EN-008","2017-02-06","1.38233"
"EN-008","2017-02-13","1.388535"
"EN-008","2017-02-20","1.390707"
"EN-008","2017-02-27","1.389203"
"EN-008","2017-03-06","1.379946"
"EN-008","2017-03-13","1.367179"
"EN-008","2017-03-20","1.353397"
"EN-008","2017-03-27","1.347167"
"EN-008","2017-04-03","1.358415"
"EN-008","2017-04-10","1.373212"
"EN-008","2017-04-24","1.385567"
"EN-008","2017-05-01","1.376065"
"EN-008","2017-05-08","1.358607"
"EN-008","2017-05-15","1.351243"
"EN-008","2017-05-22","1.348513"
"EN-008","2017-05-29","1.347875"
"EN-008","2017-06-05","1.343722"
"EN-008","2017-06-12","1.329225"
"EN-008","2017-06-19","1.322528"
"EN-008","2017-06-26","1.311915"
"EN-008","2017-07-03","1.309383"
"EN-008","2017-07-10","1.309034"
"EN-008","2017-07-17","1.312941"
"EN-008","2017-07-24","1.310247"
"EN-008","2017-07-31","1.312204"
"EN-008","2017-08-07","1.316719"
"EN-008","2017-08-14","1.318693"
"EN-008","2017-08-21","1.316135"
"EN-008","2017-08-28","1.318189"
"EN-008","2017-09-04","1.337142"
"EN-008","2017-09-11","1.351633"
"EN-008","2017-09-18","1.353508"
"EN-008","2017-09-25","1.351614"
"EN-008","2017-10-02","1.346386"
"EN-008","2017-10-09","1.339522"
"EN-008","2017-10-16","1.33798"
"EN-008","2017-10-23","1.336801"
"EN-008","2017-10-30","1.346179"
"EN-008","2017-11-06","1.3611"
"EN-008","2017-11-13","1.362662"
"EN-008","2017-11-20","1.364055"
"EN-008","2017-11-27","1.363304"
"EN-008","2017-12-04","1.363792"
"EN-008","2017-12-11","1.356259"
"EN-008","2017-12-18","1.360851"
"EN-008","2018-01-01","1.371389"
"EN-008","2018-01-08","1.378103"
"EN-008","2018-01-15","1.376499"
"EN-008","2018-01-22","1.38031"
"EN-008","2018-01-29","1.387108"
"EN-008","2018-02-05","1.384756"
"EN-008","2018-02-12","1.374169"
"EN-008","2018-02-19","1.358959"
"EN-008","2018-02-26","1.357799"
"EN-008","2018-03-05","1.352676"
"EN-008","2018-03-12","1.345554"
"EN-008","2018-03-19","1.348555"
"EN-008","2018-03-26","1.355146"
"EN-008","2018-04-09","1.379581"
"EN-008","2018-04-16","1.392912"
"EN-008","2018-04-23","1.397389"
"EN-008","2018-04-30","1.408366"
"EN-008","2018-05-07","1.415794"
"EN-008","2018-05-14","1.434055"
"EN-008","2018-05-21","1.457313"
"EN-008","2018-05-28","1.469859"
"EN-008","2018-06-04","1.472172"
"EN-008","2018-06-11","1.462979"
"EN-008","2018-06-18","1.457438"
"EN-008","2018-06-25","1.447806"
"EN-008","2018-07-02","1.448734"
"EN-008","2018-07-09","1.454231"
"EN-008","2018-07-16","1.45504"
"EN-008","2018-07-23","1.446868"
"EN-008","2018-07-30","1.455075"
"EN-008","2018-08-06","1.462388"
"EN-008","2018-08-13","1.461032"
"EN-008","2018-08-20","1.461465"
"EN-008","2018-08-27","1.464107"
"EN-008","2018-09-03","1.469158"
"EN-008","2018-09-10","1.478734"
"EN-008","2018-09-17","1.480752"
"EN-008","2018-09-24","1.47518"
"EN-008","2018-10-01","1.475006"
"EN-008","2018-10-08","1.490271"
"EN-008","2018-10-15","1.486013"
"EN-008","2018-10-22","1.480806"
"EN-008","2018-10-29","1.48008"
"EN-008","2018-11-05","1.48151"
"EN-008","2018-11-12","1.466295"
"EN-008","2018-11-19","1.44466"
"EN-008","2018-11-26","1.424642"
"EN-008","2018-12-03","1.399018"
"EN-008","2018-12-10","1.376832"
"EN-008","2018-12-17","1.364046"
"EN-008","2019-01-07","1.330285"
"EN-008","2019-01-14","1.333558"
"EN-008","2019-01-21","1.336537"
"EN-008","2019-01-28","1.339805"
"EN-008","2019-02-04","1.338024"
"EN-008","2019-02-11","1.338519"
"EN-008","2019-02-18","1.349076"
"EN-008","2019-02-25","1.356832"
"EN-008","2019-03-04","1.367441"
"EN-008","2019-03-11","1.373561"
"EN-008","2019-03-18","1.378183"
"EN-008","2019-03-25","1.395075"
"EN-008","2019-04-01","1.412121"
"EN-008","2019-04-08","1.431571"
"EN-008","2019-04-15","1.453088"
"EN-008","2019-04-29","1.475552"
"EN-008","2019-05-06","1.486405"
"EN-008","2019-05-13","1.479357"
"EN-008","2019-05-20","1.485536"
"EN-008","2019-05-27","1.490627"
"EN-008","2019-06-03","1.486507"
"EN-008","2019-06-10","1.457714"
"EN-008","2019-06-17","1.443065"
"EN-008","2019-06-24","1.435516"
"EN-008","2019-07-01","1.435529"
"EN-008","2019-07-08","1.43501"
"EN-008","2019-07-15","1.445271"
"EN-008","2019-07-22","1.438685"
"EN-008","2019-07-29","1.438722"
"EN-008","2019-08-05","1.435431"
"EN-008","2019-08-12","1.416515"
"EN-008","2019-08-19","1.413261"
"EN-008","2019-08-26","1.409454"
"EN-008","2019-09-02","1.403843"
"EN-008","2019-09-09","1.40806"
"EN-008","2019-09-16","1.408563"
"EN-008","2019-09-23","1.422227"
"EN-008","2019-09-30","1.419698"
"EN-008","2019-10-07","1.41556"
"EN-008","2019-10-14","1.413532"
"EN-008","2019-10-21","1.412825"
"EN-008","2019-10-28","1.408582"
"EN-008","2019-11-04","1.411755"
"EN-008","2019-11-11","1.41744"
"EN-008","2019-11-18","1.417042"
"EN-008","2019-11-25","1.418514"
"EN-008","2019-12-02","1.420769"
"EN-008","2019-12-09","1.420651"
"EN-008","2019-12-16","1.419546"
"EN-008","2020-01-06","1.431217"
"EN-008","2020-01-13","1.426999"
"EN-008","2020-01-20","1.421993"
"EN-008","2020-01-27","1.414599"
"EN-008","2020-02-03","1.404384"
"EN-008","2020-02-10","1.398515"
"EN-008","2020-02-17","1.400025"
"EN-008","2020-02-24","1.405089"
"EN-008","2020-03-02","1.38265"
"EN-008","2020-03-09","1.361623"
"EN-008","2020-03-16","1.303528"
"EN-008","2020-03-23","1.250944"
"EN-008","2020-03-30","1.223312"
"EN-008","2020-04-06","1.205854"
"EN-008","2020-04-20","1.189184"
"EN-008","2020-04-27","1.167358"
"EN-008","2020-05-04","1.160585"
"EN-008","2020-05-11","1.167827"
"EN-008","2020-05-18","1.176618"
"EN-008","2020-05-25","1.194407"
"EN-008","2020-06-01","1.206116"
"EN-008","2020-06-08","1.219055"
"EN-008","2020-06-15","1.231609"
"EN-008","2020-06-22","1.248794"
"EN-008","2020-06-29","1.256444"
"EN-008","2020-07-06","1.259619"
"EN-008","2020-07-13","1.269214"
"EN-008","2020-07-20","1.267249"
"EN-008","2020-07-27","1.274133"
"EN-008","2020-08-03","1.266104"
"EN-008","2020-08-10","1.267456"
"EN-008","2020-08-17","1.272522"
"EN-008","2020-08-24","1.273815"
"EN-008","2020-08-31","1.278547"
"EN-008","2020-09-07","1.274166"
"EN-008","2020-09-14","1.266826"
"EN-008","2020-09-21","1.267346"
"EN-008","2020-09-28","1.263413"
"EN-008","2020-10-05","1.266074"
"EN-008","2020-10-12","1.269319"
"EN-008","2020-10-19","1.262364"
"EN-008","2020-10-26","1.252874"
"EN-008","2020-11-02","1.236968"
"EN-008","2020-11-09","1.23587"
"EN-008","2020-11-16","1.247793"
"EN-008","2020-11-23","1.253389"
"EN-008","2020-11-30","1.262514"
"EN-008","2020-12-07","1.263989"
"EN-008","2020-12-14","1.267852"
"EN-008","2020-12-21","1.276882"
"EN-008","2021-01-11","1.317402"
"EN-008","2021-01-18","1.33472"
"EN-008","2021-01-25","1.341001"
"EN-008","2021-02-01","1.343648"
"EN-008","2021-02-08","1.359031"
"EN-008","2021-02-15","1.368842"
"EN-008","2021-02-22","1.389059"
"EN-008","2021-03-01","1.402417"
"EN-008","2021-03-08","1.419316"
"EN-008","2021-03-15","1.440624"
"EN-008","2021-03-22","1.441877"
"EN-008","2021-03-29","1.439712"
"EN-008","2021-04-12","1.446684"
"EN-008","2021-04-19","1.451602"
"EN-008","2021-04-26","1.45261"
"EN-008","2021-05-03","1.455182"
"EN-008","2021-05-10","1.468921"
"EN-008","2021-05-17","1.470292"
"EN-008","2021-05-24","1.470709"
"EN-008","2021-05-31","1.471203"
"EN-008","2021-06-07","1.471302"
"EN-008","2021-06-14","1.482655"
"EN-008","2021-06-21","1.489864"
"EN-008","2021-06-28","1.508732"
"EN-008","2021-07-05","1.518705"
"EN-008","2021-07-12","1.526068"
"EN-008","2021-07-19","1.534324"
"EN-008","2021-07-26","1.533481"
"EN-008","2021-08-02","1.542277"
"EN-008","2021-08-09","1.543483"
"EN-008","2021-08-16","1.541987"
"EN-008","2021-08-23","1.532289"
"EN-008","2021-08-30","1.536269"
"EN-008","2021-09-06","1.543598"
"EN-008","2021-09-13","1.549739"
"EN-008","2021-09-20","1.554349"
"EN-008","2021-09-27","1.554264"
"EN-008","2021-10-04","1.575227"
"EN-008","2021-10-11","1.603321"
"EN-008","2021-10-18","1.625539"
"EN-008","2021-10-25","1.633454"
"EN-008","2021-11-01","1.643286"
"EN-008","2021-11-08","1.653746"
"EN-008","2021-11-15","1.653935"
"EN-008","2021-11-22","1.645833"
"EN-008","2021-11-29","1.631776"
"EN-008","2021-12-06","1.60484"
"EN-008","2021-12-13","1.600878"
"EN-008","2021-12-20","1.594"
"EN-008","2022-01-03","1.614674"
"EN-008","2022-01-10","1.624412"
"EN-008","2022-01-17","1.633777"
"EN-008","2022-01-24","1.649154"
"EN-008","2022-01-31","1.668677"
"EN-008","2022-02-07","1.673187"
"EN-008","2022-02-14","1.687824"
"EN-008","2022-02-21","1.697826"
"EN-008","2022-02-28","1.735444"
"EN-008","2022-03-07","1.844569"
"EN-008","2022-03-14","1.999351"
"EN-008","2022-03-21","1.930542"
"EN-008","2022-03-28","1.898745"
"EN-008","2022-04-04","1.850203"
"EN-008","2022-04-11","1.82144"
"EN-008","2022-04-25","1.829714"
"EN-008","2022-05-02","1.848116"
"EN-008","2022-05-09","1.881648"
"EN-008","2022-05-16","1.918192"
"EN-008","2022-05-23","1.959909"
"EN-008","2022-05-30","1.988014"
"EN-008","2022-06-06","2.00789"
"EN-008","2022-06-13","2.033807"
"EN-008","2022-06-20","2.032335"
"EN-008","2022-06-27","2.013382"
"EN-008","2022-07-04","1.991801"
"EN-008","2022-07-11","1.957741"
"EN-008","2022-07-18","1.92512"
"EN-008","2022-07-25","1.875932"
"EN-008","2022-08-01","1.850957"
"EN-008","2022-08-08","1.795036"
"EN-008","2022-08-15","1.766962"
"EN-008","2022-08-22","1.754731"
"EN-008","2022-08-29","1.769459"
"EN-008","2022-09-05","1.798281"
"EN-008","2022-09-12","1.766382"
"EN-008","2022-09-19","1.738879"
"EN-008","2022-09-26","1.715769"
"EN-008","2022-10-03","1.723048"
"EN-008","2022-10-10","1.774044"
"EN-008","2022-10-17","1.807734"
"EN-008","2022-10-24","1.78697"
"EN-008","2022-10-31","1.779172"
"EN-008","2022-11-07","1.790665"
"EN-008","2022-11-14","1.777041"
"EN-008","2022-11-21","1.734177"
"EN-008","2022-11-28","1.699062"
"EN-008","2022-12-05","1.685193"
"EN-008","2022-12-12","1.646222"
"EN-008","2022-12-19","1.629666"
"EN-008","2022-12-26","1.625412"
"EN-008","2023-01-02","1.666388"
"EN-008","2023-01-09","1.687006"
"EN-008","2023-01-16","1.69294"
"EN-008","2023-01-23","1.715621"
"EN-008","2023-01-30","1.741207"
"EN-008","2023-02-06","1.724488"
"EN-008","2023-02-13","1.720567"
"EN-008","2023-02-20","1.723769"
"EN-008","2023-02-27","1.719709"
"EN-008","2023-03-06","1.727634"
"EN-008","2023-03-13","1.729209"
"EN-008","2023-03-20","1.707857"
"EN-008","2023-03-27","1.714714"
"EN-008","2023-04-03","1.733767"
"EN-008","2023-04-10","1.758409"
"EN-008","2023-04-17","1.766049"
"EN-008","2023-04-24","1.740346"
"EN-008","2023-05-01","1.728749"
"EN-008","2023-05-08","1.705746"
"EN-008","2023-05-15","1.699496"
"EN-008","2023-05-22","1.701208"
"EN-008","2023-05-29","1.714731"
"EN-008","2023-06-05","1.711948"
"EN-008","2023-06-12","1.725301"
"EN-008","2023-06-19","1.721994"
"EN-008","2023-06-26","1.721856"
"EN-008","2023-07-03","1.727908"
"EN-008","2023-07-10","1.726272"
"EN-008","2023-07-17","1.736534"
"EN-008","2023-07-24","1.746793"
"EN-008","2023-07-31","1.786734"
"EN-008","2023-08-07","1.800013"
"EN-008","2023-08-14","1.811595"
"EN-008","2023-08-21","1.815979"
"EN-008","2023-08-28","1.827465"
"EN-008","2023-09-04","1.833693"
"EN-008","2023-09-11","1.830316"
"EN-008","2023-09-18","1.838093"
"EN-008","2023-09-25","1.839163"
"EN-008","2023-10-02","1.823959"
"EN-008","2023-10-09","1.789413"
"EN-008","2023-10-16","1.765454"
"EN-008","2023-10-23","1.763569"
"EN-008","2023-10-30","1.755013"
"EN-008","2023-11-06","1.757088"
"EN-008","2023-11-13","1.738552"
"EN-008","2023-11-20","1.720222"
"EN-008","2023-11-27","1.718043"
"EN-008","2023-12-04","1.701513"
"EN-008","2023-12-11","1.681625"
"EN-008","2023-12-18","1.664868"
"EN-008","2023-12-25","1.667165"
"EN-008","2024-01-01","1.66124"
"EN-008","2024-01-08","1.666571"
"EN-008","2024-01-15","1.663117"
"EN-008","2024-01-22","1.666109"
"EN-008","2024-01-29","1.687137"
"EN-008","2024-02-05","1.694957"
"EN-008","2024-02-12","1.714406"
"EN-008","2024-02-19","1.731046"
"EN-008","2024-02-26","1.728994"
"EN-008","2024-03-04","1.73129"
"EN-008","2024-03-11","1.732525"
"EN-008","2024-03-18","1.737266"
"EN-008","2024-03-25","1.75473"
"EN-008","2024-04-01","1.775736"
"EN-008","2024-04-08","1.795911"
"EN-008","2024-04-15","1.80562"
"EN-008","2024-04-22","1.808194"
"EN-008","2024-04-29","1.800977"
"EN-008","2024-05-06","1.791315"
"EN-008","2024-05-13","1.77943"
"EN-008","2024-05-20","1.768012"
"EN-008","2024-05-27","1.75373"
"EN-008","2024-06-03","1.741845"
"EN-008","2024-06-10","1.72382"
"EN-008","2024-06-17","1.723173"
"EN-008","2024-06-24","1.730709"
"EN-008","2024-07-01","1.738603"
"EN-008","2024-07-08","1.747874"
"EN-008","2024-07-15","1.742419"
"EN-008","2024-07-22","1.732257"
"EN-008","2024-07-29","1.726529"
"EN-008","2024-08-05","1.717396"
"EN-008","2024-08-12","1.705615"
"EN-008","2024-08-19","1.698731"
"EN-008","2024-08-26","1.679024"
"EN-008","2024-09-02","1.66713"
"EN-008","2024-09-09","1.640205"
"EN-008","2024-09-16","1.624537"
"EN-008","2024-09-23","1.621968"
"EN-008","2024-09-30","1.611113"
"EN-008","2024-10-07","1.618608"
"EN-008","2024-10-14","1.64004"
"EN-008","2024-10-21","1.640199"
"EN-008","2024-10-28","1.639151"
"EN-008","2024-11-04","1.629266"
"EN-008","2024-11-11","1.631077"
"EN-008","2024-11-18","1.635698"
"EN-008","2024-11-25","1.644616"
"EN-008","2024-12-02","1.641796"
"EN-008","2024-12-09","1.639412"
"EN-008","2024-12-16","1.644939"
"EN-008","2024-12-23","1.651067"
"EN-008","2024-12-30","1.652129"
"EN-008","2025-01-06","1.671005"
"EN-008","2025-01-13","1.678634"
"EN-008","2025-01-20","1.700753"
"EN-008","2025-01-27","1.701959"
"EN-008","2025-02-03","1.697431"
"EN-008","2025-02-10","1.70454"
"EN-008","2025-02-17","1.706385"
"EN-008","2025-02-24","1.702486"
"EN-008","2025-03-03","1.689385"
"EN-008","2025-03-10","1.66087"
"EN-008","2025-03-17","1.645327"
"EN-008","2025-03-24","1.640284"
"EN-008","2025-03-31","1.653155"
"EN-008","2025-04-07","1.647826"
"EN-008","2025-04-14","1.622487"
"EN-008","2025-04-21","1.614558"
"EN-008","2025-04-28","1.609782"
"EN-008","2025-05-05","1.602312"
"EN-008","2025-05-12","1.598777"
"EN-008","2025-05-19","1.6038"
"EN-008","2025-05-26","1.602343"
"EN-008","2025-06-02","1.599359"
"EN-008","2025-06-09","1.598599"
"EN-008","2025-06-16","1.615693"
"EN-008","2025-06-23","1.639206"
"EN-008","2025-06-30","1.632862"
"EN-008","2025-07-07","1.621302"
"EN-008","2025-07-14","1.621507"
"EN-008","2025-07-21","1.620207"
"EN-008","2025-07-28","1.614327"
"EN-008","2025-08-04","1.616818"
"EN-008","2025-08-11","1.611727"
"EN-008","2025-08-18","1.605808"
"EN-008","2025-08-25","1.609503"
"EN-008","2025-09-01","1.607362"
"EN-008","2025-09-08","1.615791"
"EN-008","2025-09-15","1.621791"
"EN-008","2025-09-22","1.622862"
"EN-008","2025-09-29","1.62284"
"EN-008","2025-10-06","1.61986"
"EN-008","2025-10-13","1.616044"
"EN-008","2025-10-20","1.608487"
"EN-008","2025-10-27","1.614673"
"EN-008","2025-11-03","1.619433"
"EN-008","2025-11-10","1.624587"
"EN-008","2025-11-17","1.639187"
"EN-008","2025-11-24","1.638785"
"EN-008","2025-12-01","1.628967"
"EN-008","2025-12-08","1.619536"
"EN-008","2025-12-15","1.605335"
"EN-008","2025-12-22","1.586882"
"EN-008","2025-12-29","1.585756"
"EN-008","2026-01-05","1.604551"
"EN-008","2026-01-12","1.604659"
"EN-008","2026-01-19","1.611297"
"EN-008","2026-01-26","1.615022"
"EN-008","2026-02-02","1.621921"
"EN-008","2026-02-09","1.62345"
"EN-008","2026-02-16","1.631953"
"EN-008","2026-02-23","1.637231"
"EN-008","2026-03-02","1.664651"
"EN-008","2026-03-09","1.774085"
"EN-008","2026-03-16","1.837926"
"EN-008","2026-03-23","1.893491"
"EN-008","2026-03-30","1.871509"
"EN-008","2026-04-06","1.878734"
"EN-008","2026-04-13","1.853724"
"EN-008","2026-04-20","1.82745"
"EN-008","2026-04-27","1.841515"
"EN-008","2026-05-04","1.861114"
"EN-008","2026-05-11","1.873932"
"EN-008","2026-05-18","1.881812"
"EN-008","2026-05-25","1.900114"
"EN-008","2026-06-01","1.847552"
"EN-008","2026-06-08","1.819908"
"EN-008","2026-06-15","1.804705"
"EN-008","2026-06-22","1.761454"
"EN-008","2026-06-29","1.756555"
"EN-009","1960-01","1.6"
"EN-009","1960-02","1.6"
"EN-009","1960-03","1.6"
"EN-009","1960-04","1.6"
"EN-009","1960-05","1.6"
"EN-009","1960-06","1.6"
"EN-009","1960-07","1.6"
"EN-009","1960-08","1.6"
"EN-009","1960-09","1.6"
"EN-009","1960-10","1.6"
"EN-009","1960-11","1.6"
"EN-009","1960-12","1.6"
"EN-009","1961-01","1.6"
"EN-009","1961-02","1.6"
"EN-009","1961-03","1.6"
"EN-009","1961-04","1.6"
"EN-009","1961-05","1.6"
"EN-009","1961-06","1.6"
"EN-009","1961-07","1.6"
"EN-009","1961-08","1.6"
"EN-009","1961-09","1.6"
"EN-009","1961-10","1.6"
"EN-009","1961-11","1.6"
"EN-009","1961-12","1.6"
"EN-009","1962-01","1.5"
"EN-009","1962-02","1.5"
"EN-009","1962-03","1.5"
"EN-009","1962-04","1.5"
"EN-009","1962-05","1.5"
"EN-009","1962-06","1.5"
"EN-009","1962-07","1.5"
"EN-009","1962-08","1.5"
"EN-009","1962-09","1.5"
"EN-009","1962-10","1.5"
"EN-009","1962-11","1.5"
"EN-009","1962-12","1.5"
"EN-009","1963-01","1.5"
"EN-009","1963-02","1.5"
"EN-009","1963-03","1.5"
"EN-009","1963-04","1.5"
"EN-009","1963-05","1.5"
"EN-009","1963-06","1.5"
"EN-009","1963-07","1.5"
"EN-009","1963-08","1.5"
"EN-009","1963-09","1.5"
"EN-009","1963-10","1.5"
"EN-009","1963-11","1.5"
"EN-009","1963-12","1.5"
"EN-009","1964-01","1.5"
"EN-009","1964-02","1.5"
"EN-009","1964-03","1.5"
"EN-009","1964-04","1.5"
"EN-009","1964-05","1.5"
"EN-009","1964-06","1.5"
"EN-009","1964-07","1.5"
"EN-009","1964-08","1.5"
"EN-009","1964-09","1.5"
"EN-009","1964-10","1.5"
"EN-009","1964-11","1.5"
"EN-009","1964-12","1.5"
"EN-009","1965-01","1.4"
"EN-009","1965-02","1.4"
"EN-009","1965-03","1.4"
"EN-009","1965-04","1.4"
"EN-009","1965-05","1.4"
"EN-009","1965-06","1.4"
"EN-009","1965-07","1.4"
"EN-009","1965-08","1.4"
"EN-009","1965-09","1.4"
"EN-009","1965-10","1.4"
"EN-009","1965-11","1.4"
"EN-009","1965-12","1.4"
"EN-009","1966-01","1.4"
"EN-009","1966-02","1.4"
"EN-009","1966-03","1.4"
"EN-009","1966-04","1.4"
"EN-009","1966-05","1.4"
"EN-009","1966-06","1.4"
"EN-009","1966-07","1.4"
"EN-009","1966-08","1.4"
"EN-009","1966-09","1.4"
"EN-009","1966-10","1.4"
"EN-009","1966-11","1.4"
"EN-009","1966-12","1.4"
"EN-009","1967-01","1.3"
"EN-009","1967-02","1.3"
"EN-009","1967-03","1.3"
"EN-009","1967-04","1.3"
"EN-009","1967-05","1.3"
"EN-009","1967-06","1.3"
"EN-009","1967-07","1.3"
"EN-009","1967-08","1.3"
"EN-009","1967-09","1.3"
"EN-009","1967-10","1.3"
"EN-009","1967-11","1.3"
"EN-009","1967-12","1.3"
"EN-009","1968-01","1.3"
"EN-009","1968-02","1.3"
"EN-009","1968-03","1.3"
"EN-009","1968-04","1.3"
"EN-009","1968-05","1.3"
"EN-009","1968-06","1.3"
"EN-009","1968-07","1.3"
"EN-009","1968-08","1.3"
"EN-009","1968-09","1.3"
"EN-009","1968-10","1.3"
"EN-009","1968-11","1.3"
"EN-009","1968-12","1.3"
"EN-009","1969-01","1.3"
"EN-009","1969-02","1.3"
"EN-009","1969-03","1.3"
"EN-009","1969-04","1.3"
"EN-009","1969-05","1.3"
"EN-009","1969-06","1.3"
"EN-009","1969-07","1.3"
"EN-009","1969-08","1.3"
"EN-009","1969-09","1.3"
"EN-009","1969-10","1.3"
"EN-009","1969-11","1.3"
"EN-009","1969-12","1.3"
"EN-009","1970-01","1.2"
"EN-009","1970-02","1.2"
"EN-009","1970-03","1.2"
"EN-009","1970-04","1.2"
"EN-009","1970-05","1.2"
"EN-009","1970-06","1.2"
"EN-009","1970-07","1.2"
"EN-009","1970-08","1.2"
"EN-009","1970-09","1.2"
"EN-009","1970-10","1.2"
"EN-009","1970-11","1.2"
"EN-009","1970-12","1.2"
"EN-009","1971-01","1.6"
"EN-009","1971-02","1.6"
"EN-009","1971-03","1.6"
"EN-009","1971-04","1.6"
"EN-009","1971-05","1.6"
"EN-009","1971-06","1.6"
"EN-009","1971-07","1.7"
"EN-009","1971-08","1.7"
"EN-009","1971-09","1.7"
"EN-009","1971-10","1.7"
"EN-009","1971-11","1.7"
"EN-009","1971-12","1.7"
"EN-009","1972-01","1.8"
"EN-009","1972-02","1.8"
"EN-009","1972-03","1.8"
"EN-009","1972-04","1.8"
"EN-009","1972-05","1.8"
"EN-009","1972-06","1.8"
"EN-009","1972-07","1.9"
"EN-009","1972-08","1.9"
"EN-009","1972-09","1.9"
"EN-009","1972-10","1.9"
"EN-009","1972-11","1.9"
"EN-009","1972-12","1.9"
"EN-009","1973-01","2.1"
"EN-009","1973-02","2.1"
"EN-009","1973-03","2.1"
"EN-009","1973-04","2.4"
"EN-009","1973-05","2.4"
"EN-009","1973-06","2.4"
"EN-009","1973-07","2.7"
"EN-009","1973-08","2.7"
"EN-009","1973-09","2.7"
"EN-009","1973-10","4.1"
"EN-009","1973-11","4.1"
"EN-009","1973-12","4.1"
"EN-009","1974-01","13"
"EN-009","1974-02","13"
"EN-009","1974-03","13"
"EN-009","1974-04","10.6"
"EN-009","1974-05","10.6"
"EN-009","1974-06","10.6"
"EN-009","1974-07","10"
"EN-009","1974-08","10"
"EN-009","1974-09","10"
"EN-009","1974-10","10.3"
"EN-009","1974-11","10.3"
"EN-009","1974-12","10.3"
"EN-009","1975-01","10.4"
"EN-009","1975-02","10.4"
"EN-009","1975-03","10.4"
"EN-009","1975-04","10.4"
"EN-009","1975-05","10.4"
"EN-009","1975-06","10.4"
"EN-009","1975-07","10.4"
"EN-009","1975-08","10.4"
"EN-009","1975-09","10.4"
"EN-009","1975-10","10.5"
"EN-009","1975-11","10.5"
"EN-009","1975-12","10.5"
"EN-009","1976-01","11.5"
"EN-009","1976-02","11.5"
"EN-009","1976-03","11.5"
"EN-009","1976-04","11.5"
"EN-009","1976-05","11.5"
"EN-009","1976-06","11.5"
"EN-009","1976-07","11.6"
"EN-009","1976-08","11.6"
"EN-009","1976-09","11.6"
"EN-009","1976-10","11.9"
"EN-009","1976-11","11.9"
"EN-009","1976-12","11.9"
"EN-009","1977-01","12.5"
"EN-009","1977-02","12.5"
"EN-009","1977-03","12.5"
"EN-009","1977-04","12.4"
"EN-009","1977-05","12.4"
"EN-009","1977-06","12.4"
"EN-009","1977-07","12.6"
"EN-009","1977-08","12.6"
"EN-009","1977-09","12.6"
"EN-009","1977-10","12.7"
"EN-009","1977-11","12.7"
"EN-009","1977-12","12.7"
"EN-009","1978-01","12.7"
"EN-009","1978-02","12.7"
"EN-009","1978-03","12.7"
"EN-009","1978-04","12.7"
"EN-009","1978-05","12.7"
"EN-009","1978-06","12.7"
"EN-009","1978-07","12.8"
"EN-009","1978-08","12.8"
"EN-009","1978-09","12.8"
"EN-009","1978-10","12.9"
"EN-009","1978-11","13.2"
"EN-009","1978-12","14.5"
"EN-009","1979-01","19"
"EN-009","1979-02","22"
"EN-009","1979-03","23.3"
"EN-009","1979-04","23.6"
"EN-009","1979-05","32.8"
"EN-009","1979-06","36.5"
"EN-009","1979-07","35"
"EN-009","1979-08","35.8"
"EN-009","1979-09","36.5"
"EN-009","1979-10","38.5"
"EN-009","1979-11","42"
"EN-009","1979-12","40.5"
"EN-009","1980-01","40"
"EN-009","1980-02","38.5"
"EN-009","1980-03","38.3"
"EN-009","1980-04","38.2"
"EN-009","1980-05","38.5"
"EN-009","1980-06","38"
"EN-009","1980-07","37.4"
"EN-009","1980-08","33.6"
"EN-009","1980-09","33.4"
"EN-009","1980-10","37.9"
"EN-009","1980-11","40.8"
"EN-009","1980-12","40.2"
"EN-009","1981-01","40.3"
"EN-009","1981-02","38.7"
"EN-009","1981-03","38.3"
"EN-009","1981-04","37.2"
"EN-009","1981-05","35.2"
"EN-009","1981-06","33.3"
"EN-009","1981-07","35.1"
"EN-009","1981-08","35.8"
"EN-009","1981-09","35.9"
"EN-009","1981-10","36.5"
"EN-009","1981-11","37.1"
"EN-009","1981-12","36.7"
"EN-009","1982-01","35.8"
"EN-009","1982-02","31.6"
"EN-009","1982-03","29.3"
"EN-009","1982-04","33.1"
"EN-009","1982-05","35.2"
"EN-009","1982-06","34.6"
"EN-009","1982-07","33.7"
"EN-009","1982-08","32.8"
"EN-009","1982-09","34.3"
"EN-009","1982-10","35"
"EN-009","1982-11","33.8"
"EN-009","1982-12","31.8"
"EN-009","1983-01","30.9"
"EN-009","1983-02","29.1"
"EN-009","1983-03","28.2"
"EN-009","1983-04","29.8"
"EN-009","1983-05","29.6"
"EN-009","1983-06","30.2"
"EN-009","1983-07","30.8"
"EN-009","1983-08","31.1"
"EN-009","1983-09","30.4"
"EN-009","1983-10","29.9"
"EN-009","1983-11","29.2"
"EN-009","1983-12","29"
"EN-009","1984-01","29.6"
"EN-009","1984-02","29.9"
"EN-009","1984-03","30.1"
"EN-009","1984-04","30.1"
"EN-009","1984-05","29.9"
"EN-009","1984-06","29.2"
"EN-009","1984-07","27.9"
"EN-009","1984-08","28.1"
"EN-009","1984-09","28.4"
"EN-009","1984-10","27.8"
"EN-009","1984-11","27.7"
"EN-009","1984-12","27"
"EN-009","1985-01","27"
"EN-009","1985-02","28.2"
"EN-009","1985-03","28.1"
"EN-009","1985-04","27.9"
"EN-009","1985-05","26.7"
"EN-009","1985-06","26.5"
"EN-009","1985-07","26.6"
"EN-009","1985-08","27.2"
"EN-009","1985-09","27.2"
"EN-009","1985-10","27.9"
"EN-009","1985-11","29.1"
"EN-009","1985-12","25.9"
"EN-009","1986-01","25.8"
"EN-009","1986-02","17.6"
"EN-009","1986-03","13.9"
"EN-009","1986-04","12.5"
"EN-009","1986-05","14.2"
"EN-009","1986-06","11.9"
"EN-009","1986-07","9.5"
"EN-009","1986-08","13.7"
"EN-009","1986-09","14.2"
"EN-009","1986-10","13.8"
"EN-009","1986-11","14.6"
"EN-009","1986-12","15.9"
"EN-009","1987-01","18.4"
"EN-009","1987-02","17.3"
"EN-009","1987-03","17.9"
"EN-009","1987-04","18.1"
"EN-009","1987-05","18.8"
"EN-009","1987-06","18.9"
"EN-009","1987-07","19.8"
"EN-009","1987-08","19"
"EN-009","1987-09","18.4"
"EN-009","1987-10","18.8"
"EN-009","1987-11","17.8"
"EN-009","1987-12","17.1"
"EN-009","1988-01","16.9"
"EN-009","1988-02","15.8"
"EN-009","1988-03","14.8"
"EN-009","1988-04","16.6"
"EN-009","1988-05","16.4"
"EN-009","1988-06","15.6"
"EN-009","1988-07","14.9"
"EN-009","1988-08","15"
"EN-009","1988-09","13.3"
"EN-009","1988-10","12.5"
"EN-009","1988-11","13"
"EN-009","1988-12","15.2"
"EN-009","1989-01","17"
"EN-009","1989-02","16.7"
"EN-009","1989-03","18.7"
"EN-009","1989-04","19.8"
"EN-009","1989-05","18.4"
"EN-009","1989-06","17.5"
"EN-009","1989-07","17.8"
"EN-009","1989-08","17.1"
"EN-009","1989-09","17.8"
"EN-009","1989-10","19"
"EN-009","1989-11","19.2"
"EN-009","1989-12","19.9"
"EN-009","1990-01","21"
"EN-009","1990-02","19.9"
"EN-009","1990-03","18.5"
"EN-009","1990-04","16.8"
"EN-009","1990-05","16.7"
"EN-009","1990-06","15.7"
"EN-009","1990-07","17.6"
"EN-009","1990-08","27.1"
"EN-009","1990-09","34.1"
"EN-009","1990-10","36.1"
"EN-009","1990-11","33"
"EN-009","1990-12","28"
"EN-009","1991-01","23.7"
"EN-009","1991-02","19.4"
"EN-009","1991-03","19.5"
"EN-009","1991-04","19.3"
"EN-009","1991-05","19.3"
"EN-009","1991-06","18.2"
"EN-009","1991-07","19.5"
"EN-009","1991-08","19.8"
"EN-009","1991-09","20.5"
"EN-009","1991-10","22.2"
"EN-009","1991-11","21.3"
"EN-009","1991-12","18.4"
"EN-009","1992-01","18.2"
"EN-009","1992-02","18.1"
"EN-009","1992-03","17.6"
"EN-009","1992-04","19"
"EN-009","1992-05","19.9"
"EN-009","1992-06","21.2"
"EN-009","1992-07","20.3"
"EN-009","1992-08","19.8"
"EN-009","1992-09","20.3"
"EN-009","1992-10","20.3"
"EN-009","1992-11","19.2"
"EN-009","1992-12","18.2"
"EN-009","1993-01","17.4"
"EN-009","1993-02","18.5"
"EN-009","1993-03","18.8"
"EN-009","1993-04","18.7"
"EN-009","1993-05","18.5"
"EN-009","1993-06","17.7"
"EN-009","1993-07","16.8"
"EN-009","1993-08","16.7"
"EN-009","1993-09","16"
"EN-009","1993-10","16.6"
"EN-009","1993-11","15.2"
"EN-009","1993-12","13.6"
"EN-009","1994-01","14.3"
"EN-009","1994-02","13.8"
"EN-009","1994-03","14"
"EN-009","1994-04","15.2"
"EN-009","1994-05","16.2"
"EN-009","1994-06","16.8"
"EN-009","1994-07","17.6"
"EN-009","1994-08","16.8"
"EN-009","1994-09","15.9"
"EN-009","1994-10","16.4"
"EN-009","1994-11","17.2"
"EN-009","1994-12","16"
"EN-009","1995-01","16.6"
"EN-009","1995-02","17.1"
"EN-009","1995-03","17"
"EN-009","1995-04","18.7"
"EN-009","1995-05","18.4"
"EN-009","1995-06","17.4"
"EN-009","1995-07","15.9"
"EN-009","1995-08","16.1"
"EN-009","1995-09","16.8"
"EN-009","1995-10","16.1"
"EN-009","1995-11","16.9"
"EN-009","1995-12","18"
"EN-009","1996-01","17.9"
"EN-009","1996-02","18"
"EN-009","1996-03","20"
"EN-009","1996-04","21"
"EN-009","1996-05","19.1"
"EN-009","1996-06","18.3"
"EN-009","1996-07","19.6"
"EN-009","1996-08","20.6"
"EN-009","1996-09","22.6"
"EN-009","1996-10","24.2"
"EN-009","1996-11","22.6"
"EN-009","1996-12","23.9"
"EN-009","1997-01","23.5"
"EN-009","1997-02","20.8"
"EN-009","1997-03","19.2"
"EN-009","1997-04","17.5"
"EN-009","1997-05","19.1"
"EN-009","1997-06","17.6"
"EN-009","1997-07","18.4"
"EN-009","1997-08","18.7"
"EN-009","1997-09","18.5"
"EN-009","1997-10","19.9"
"EN-009","1997-11","19"
"EN-009","1997-12","17"
"EN-009","1998-01","15.1"
"EN-009","1998-02","14.1"
"EN-009","1998-03","13.1"
"EN-009","1998-04","13.4"
"EN-009","1998-05","14.4"
"EN-009","1998-06","12.1"
"EN-009","1998-07","12"
"EN-009","1998-08","11.9"
"EN-009","1998-09","13.4"
"EN-009","1998-10","12.6"
"EN-009","1998-11","10.9"
"EN-009","1998-12","9.8"
"EN-009","1999-01","11.1"
"EN-009","1999-02","10.2"
"EN-009","1999-03","12.5"
"EN-009","1999-04","15.3"
"EN-009","1999-05","15.1"
"EN-009","1999-06","15.8"
"EN-009","1999-07","19"
"EN-009","1999-08","20.2"
"EN-009","1999-09","22.4"
"EN-009","1999-10","22"
"EN-009","1999-11","24.6"
"EN-009","1999-12","25.6"
"EN-009","2000-01","25.4"
"EN-009","2000-02","27.7"
"EN-009","2000-03","27.5"
"EN-009","2000-04","22.5"
"EN-009","2000-05","27.3"
"EN-009","2000-06","29.7"
"EN-009","2000-07","28.5"
"EN-009","2000-08","29.4"
"EN-009","2000-09","32.6"
"EN-009","2000-10","30.9"
"EN-009","2000-11","32.5"
"EN-009","2000-12","25.1"
"EN-009","2001-01","25.6"
"EN-009","2001-02","27.4"
"EN-009","2001-03","24.4"
"EN-009","2001-04","25.6"
"EN-009","2001-05","28.5"
"EN-009","2001-06","27.7"
"EN-009","2001-07","24.5"
"EN-009","2001-08","25.7"
"EN-009","2001-09","25.5"
"EN-009","2001-10","20.5"
"EN-009","2001-11","18.9"
"EN-009","2001-12","18.6"
"EN-009","2002-01","19.5"
"EN-009","2002-02","20.3"
"EN-009","2002-03","23.7"
"EN-009","2002-04","25.7"
"EN-009","2002-05","25.4"
"EN-009","2002-06","24.1"
"EN-009","2002-07","25.8"
"EN-009","2002-08","26.6"
"EN-009","2002-09","28.3"
"EN-009","2002-10","27.5"
"EN-009","2002-11","24.2"
"EN-009","2002-12","28.5"
"EN-009","2003-01","31.2"
"EN-009","2003-02","32.6"
"EN-009","2003-03","30.3"
"EN-009","2003-04","25"
"EN-009","2003-05","25.8"
"EN-009","2003-06","27.5"
"EN-009","2003-07","28.4"
"EN-009","2003-08","29.8"
"EN-009","2003-09","27.1"
"EN-009","2003-10","29.6"
"EN-009","2003-11","28.8"
"EN-009","2003-12","29.9"
"EN-009","2004-01","31.2"
"EN-009","2004-02","30.9"
"EN-009","2004-03","33.8"
"EN-009","2004-04","33.4"
"EN-009","2004-05","37.9"
"EN-009","2004-06","35.2"
"EN-009","2004-07","38.4"
"EN-009","2004-08","43"
"EN-009","2004-09","43.4"
"EN-009","2004-10","49.8"
"EN-009","2004-11","43.1"
"EN-009","2004-12","39.6"
"EN-009","2005-01","44.3"
"EN-009","2005-02","45.6"
"EN-009","2005-03","53.1"
"EN-009","2005-04","51.9"
"EN-009","2005-05","48.7"
"EN-009","2005-06","54.3"
"EN-009","2005-07","57.6"
"EN-009","2005-08","64.1"
"EN-009","2005-09","63"
"EN-009","2005-10","58.5"
"EN-009","2005-11","55.5"
"EN-009","2005-12","56.7"
"EN-009","2006-01","63.6"
"EN-009","2006-02","59.9"
"EN-009","2006-03","62.3"
"EN-009","2006-04","70.4"
"EN-009","2006-05","70.2"
"EN-009","2006-06","68.9"
"EN-009","2006-07","73.9"
"EN-009","2006-08","73.6"
"EN-009","2006-09","62.8"
"EN-009","2006-10","58.4"
"EN-009","2006-11","58.5"
"EN-009","2006-12","62.3"
"EN-009","2007-01","54.3"
"EN-009","2007-02","57.8"
"EN-009","2007-03","62.1"
"EN-009","2007-04","67.4"
"EN-009","2007-05","67.5"
"EN-009","2007-06","71.3"
"EN-009","2007-07","77.2"
"EN-009","2007-08","70.8"
"EN-009","2007-09","77.1"
"EN-009","2007-10","82.9"
"EN-009","2007-11","92.5"
"EN-009","2007-12","91.5"
"EN-009","2008-01","91.9"
"EN-009","2008-02","94.8"
"EN-009","2008-03","103.3"
"EN-009","2008-04","110.2"
"EN-009","2008-05","123.9"
"EN-009","2008-06","133"
"EN-009","2008-07","133.9"
"EN-009","2008-08","113.8"
"EN-009","2008-09","99.1"
"EN-009","2008-10","72.8"
"EN-009","2008-11","53.2"
"EN-009","2008-12","41.6"
"EN-009","2009-01","44.9"
"EN-009","2009-02","43.2"
"EN-009","2009-03","46.8"
"EN-009","2009-04","50.8"
"EN-009","2009-05","57.9"
"EN-009","2009-06","68.6"
"EN-009","2009-07","64.9"
"EN-009","2009-08","72.5"
"EN-009","2009-09","67.7"
"EN-009","2009-10","73.2"
"EN-009","2009-11","77"
"EN-009","2009-12","74.7"
"EN-009","2010-01","76.4"
"EN-009","2010-02","74.3"
"EN-009","2010-03","79.3"
"EN-009","2010-04","85"
"EN-009","2010-05","76.3"
"EN-009","2010-06","74.8"
"EN-009","2010-07","74.7"
"EN-009","2010-08","76.7"
"EN-009","2010-09","77.8"
"EN-009","2010-10","82.9"
"EN-009","2010-11","85.7"
"EN-009","2010-12","91.8"
"EN-009","2011-01","96.3"
"EN-009","2011-02","104"
"EN-009","2011-03","114.4"
"EN-009","2011-04","123.1"
"EN-009","2011-05","114.5"
"EN-009","2011-06","113.8"
"EN-009","2011-07","116.5"
"EN-009","2011-08","110.1"
"EN-009","2011-09","110.9"
"EN-009","2011-10","109.5"
"EN-009","2011-11","110.5"
"EN-009","2011-12","107.9"
"EN-009","2012-01","111.2"
"EN-009","2012-02","119.7"
"EN-009","2012-03","124.9"
"EN-009","2012-04","120.5"
"EN-009","2012-05","110.5"
"EN-009","2012-06","95.6"
"EN-009","2012-07","103.1"
"EN-009","2012-08","113.3"
"EN-009","2012-09","113.4"
"EN-009","2012-10","112"
"EN-009","2012-11","109.7"
"EN-009","2012-12","109.7"
"EN-009","2013-01","113"
"EN-009","2013-02","116.5"
"EN-009","2013-03","109.2"
"EN-009","2013-04","102.9"
"EN-009","2013-05","103"
"EN-009","2013-06","103.1"
"EN-009","2013-07","107.7"
"EN-009","2013-08","111"
"EN-009","2013-09","111.6"
"EN-009","2013-10","109.5"
"EN-009","2013-11","108.1"
"EN-009","2013-12","110.7"
"EN-009","2014-01","107.4"
"EN-009","2014-02","108.8"
"EN-009","2014-03","107.4"
"EN-009","2014-04","107.8"
"EN-009","2014-05","109.7"
"EN-009","2014-06","111.9"
"EN-009","2014-07","107"
"EN-009","2014-08","101.9"
"EN-009","2014-09","97.3"
"EN-009","2014-10","87.3"
"EN-009","2014-11","78.4"
"EN-009","2014-12","62.3"
"EN-009","2015-01","48.1"
"EN-009","2015-02","57.9"
"EN-009","2015-03","55.8"
"EN-009","2015-04","59.4"
"EN-009","2015-05","64.6"
"EN-009","2015-06","62.3"
"EN-009","2015-07","55.9"
"EN-009","2015-08","47"
"EN-009","2015-09","47.2"
"EN-009","2015-10","48.1"
"EN-009","2015-11","44.4"
"EN-009","2015-12","37.7"
"EN-009","2016-01","30.8"
"EN-009","2016-02","33.2"
"EN-009","2016-03","39.1"
"EN-009","2016-04","42.3"
"EN-009","2016-05","47.1"
"EN-009","2016-06","48.5"
"EN-009","2016-07","45.1"
"EN-009","2016-08","46.1"
"EN-009","2016-09","46.2"
"EN-009","2016-10","49.7"
"EN-009","2016-11","46.4"
"EN-009","2016-12","54.1"
"EN-009","2017-01","54.9"
"EN-009","2017-02","55.5"
"EN-009","2017-03","52"
"EN-009","2017-04","53"
"EN-009","2017-05","50.9"
"EN-009","2017-06","46.9"
"EN-009","2017-07","48.7"
"EN-009","2017-08","51.4"
"EN-009","2017-09","55.2"
"EN-009","2017-10","57.6"
"EN-009","2017-11","62.6"
"EN-009","2017-12","64.2"
"EN-009","2018-01","69"
"EN-009","2018-02","65.4"
"EN-009","2018-03","66.5"
"EN-009","2018-04","71.6"
"EN-009","2018-05","76.7"
"EN-009","2018-06","75.2"
"EN-009","2018-07","74.4"
"EN-009","2018-08","73.1"
"EN-009","2018-09","78.9"
"EN-009","2018-10","80.5"
"EN-009","2018-11","65.2"
"EN-009","2018-12","56.5"
"EN-009","2019-01","59.3"
"EN-009","2019-02","64.1"
"EN-009","2019-03","66.4"
"EN-009","2019-04","71.2"
"EN-009","2019-05","70.5"
"EN-009","2019-06","63.3"
"EN-009","2019-07","64"
"EN-009","2019-08","59.3"
"EN-009","2019-09","62.3"
"EN-009","2019-10","59.4"
"EN-009","2019-11","62.7"
"EN-009","2019-12","65.9"
"EN-009","2020-01","63.6"
"EN-009","2020-02","55"
"EN-009","2020-03","33"
"EN-009","2020-04","23.3"
"EN-009","2020-05","31"
"EN-009","2020-06","39.9"
"EN-009","2020-07","42.8"
"EN-009","2020-08","44.3"
"EN-009","2020-09","41.1"
"EN-009","2020-10","40.5"
"EN-009","2020-11","43.2"
"EN-009","2020-12","49.9"
"EN-009","2021-01","54.6"
"EN-009","2021-02","62"
"EN-009","2021-03","65.2"
"EN-009","2021-04","64.8"
"EN-009","2021-05","68"
"EN-009","2021-06","73.1"
"EN-009","2021-07","74.4"
"EN-009","2021-08","70"
"EN-009","2021-09","74.6"
"EN-009","2021-10","83.7"
"EN-009","2021-11","80.8"
"EN-009","2021-12","74.3"
"EN-009","2022-01","85.5"
"EN-009","2022-02","95.8"
"EN-009","2022-03","115.6"
"EN-009","2022-04","105.8"
"EN-009","2022-05","112.4"
"EN-009","2022-06","120.1"
"EN-009","2022-07","108.9"
"EN-009","2022-08","98.6"
"EN-009","2022-09","90.2"
"EN-009","2022-10","93.1"
"EN-009","2022-11","91.1"
"EN-009","2022-12","80.9"
"EN-009","2023-01","83.1"
"EN-009","2023-02","82.7"
"EN-009","2023-03","78.5"
"EN-009","2023-04","84.1"
"EN-009","2023-05","75.7"
"EN-009","2023-06","74.9"
"EN-009","2023-07","80.1"
"EN-009","2023-08","86.2"
"EN-009","2023-09","94"
"EN-009","2023-10","91.1"
"EN-009","2023-11","83.2"
"EN-009","2023-12","77.9"
"EN-009","2024-01","80.2"
"EN-009","2024-02","83.8"
"EN-009","2024-03","85.4"
"EN-009","2024-04","90.1"
"EN-009","2024-05","82"
"EN-009","2024-06","82.6"
"EN-009","2024-07","85.3"
"EN-009","2024-08","80.9"
"EN-009","2024-09","74.3"
"EN-009","2024-10","75.7"
"EN-009","2024-11","74.4"
"EN-009","2024-12","73.8"
"EN-009","2025-01","79.2"
"EN-009","2025-02","75.2"
"EN-009","2025-03","72.6"
"EN-009","2025-04","67.7"
"EN-009","2025-05","64.2"
"EN-009","2025-06","71.5"
"EN-009","2025-07","71"
"EN-009","2025-08","68.2"
"EN-009","2025-09","68"
"EN-009","2025-10","64.7"
"EN-009","2025-11","63.6"
"EN-009","2025-12","62.7"
"EN-009","2026-01","66.8"
"EN-009","2026-02","71.1"
"EN-009","2026-03","103.7"
"EN-009","2026-04","120.4"
"EN-009","2026-05","107.5"
"EN-009","2026-06","85.4"
"EN-010","1970-01","7.8"
"EN-010","1970-02","7.8"
"EN-010","1970-03","7.8"
"EN-010","1970-04","7.8"
"EN-010","1970-05","7.8"
"EN-010","1970-06","7.8"
"EN-010","1970-07","7.8"
"EN-010","1970-08","7.8"
"EN-010","1970-09","7.8"
"EN-010","1970-10","7.8"
"EN-010","1970-11","7.8"
"EN-010","1970-12","7.8"
"EN-010","1971-01","8.7"
"EN-010","1971-02","8.7"
"EN-010","1971-03","8.7"
"EN-010","1971-04","8.7"
"EN-010","1971-05","8.7"
"EN-010","1971-06","8.7"
"EN-010","1971-07","8.7"
"EN-010","1971-08","8.7"
"EN-010","1971-09","8.7"
"EN-010","1971-10","8.7"
"EN-010","1971-11","8.7"
"EN-010","1971-12","8.7"
"EN-010","1972-01","9.6"
"EN-010","1972-02","9.6"
"EN-010","1972-03","9.6"
"EN-010","1972-04","9.6"
"EN-010","1972-05","9.6"
"EN-010","1972-06","9.6"
"EN-010","1972-07","9.6"
"EN-010","1972-08","9.6"
"EN-010","1972-09","9.6"
"EN-010","1972-10","9.6"
"EN-010","1972-11","9.6"
"EN-010","1972-12","9.6"
"EN-010","1973-01","11.5"
"EN-010","1973-02","11.5"
"EN-010","1973-03","11.5"
"EN-010","1973-04","11.5"
"EN-010","1973-05","11.5"
"EN-010","1973-06","11.5"
"EN-010","1973-07","11.5"
"EN-010","1973-08","11.5"
"EN-010","1973-09","11.5"
"EN-010","1973-10","11.5"
"EN-010","1973-11","11.5"
"EN-010","1973-12","11.5"
"EN-010","1974-01","16.9"
"EN-010","1974-02","16.9"
"EN-010","1974-03","16.9"
"EN-010","1974-04","16.9"
"EN-010","1974-05","16.9"
"EN-010","1974-06","16.9"
"EN-010","1974-07","16.9"
"EN-010","1974-08","16.9"
"EN-010","1974-09","16.9"
"EN-010","1974-10","16.9"
"EN-010","1974-11","16.9"
"EN-010","1974-12","16.9"
"EN-010","1975-01","26.8"
"EN-010","1975-02","26.8"
"EN-010","1975-03","26.8"
"EN-010","1975-04","26.8"
"EN-010","1975-05","26.8"
"EN-010","1975-06","26.8"
"EN-010","1975-07","26.8"
"EN-010","1975-08","26.8"
"EN-010","1975-09","26.8"
"EN-010","1975-10","26.8"
"EN-010","1975-11","26.8"
"EN-010","1975-12","26.8"
"EN-010","1976-01","27.2"
"EN-010","1976-02","27.2"
"EN-010","1976-03","27.2"
"EN-010","1976-04","27.2"
"EN-010","1976-05","27.2"
"EN-010","1976-06","27.2"
"EN-010","1976-07","27.2"
"EN-010","1976-08","27.2"
"EN-010","1976-09","27.2"
"EN-010","1976-10","27.2"
"EN-010","1976-11","27.2"
"EN-010","1976-12","27.2"
"EN-010","1977-01","28.7"
"EN-010","1977-02","28.7"
"EN-010","1977-03","28.7"
"EN-010","1977-04","28.7"
"EN-010","1977-05","28.7"
"EN-010","1977-06","28.7"
"EN-010","1977-07","28.7"
"EN-010","1977-08","28.7"
"EN-010","1977-09","28.7"
"EN-010","1977-10","28.7"
"EN-010","1977-11","28.7"
"EN-010","1977-12","28.7"
"EN-010","1978-01","27.9"
"EN-010","1978-02","27.1"
"EN-010","1978-03","27.1"
"EN-010","1978-04","27.1"
"EN-010","1978-05","28.6"
"EN-010","1978-06","30.2"
"EN-010","1978-07","30.2"
"EN-010","1978-08","30.2"
"EN-010","1978-09","30.2"
"EN-010","1978-10","30.2"
"EN-010","1978-11","30.2"
"EN-010","1978-12","30.2"
"EN-010","1979-01","30.2"
"EN-010","1979-02","30.2"
"EN-010","1979-03","30.2"
"EN-010","1979-04","30.2"
"EN-010","1979-05","30.2"
"EN-010","1979-06","30.2"
"EN-010","1979-07","30.2"
"EN-010","1979-08","31.3"
"EN-010","1979-09","31.3"
"EN-010","1979-10","32.4"
"EN-010","1979-11","32.4"
"EN-010","1979-12","32.4"
"EN-010","1980-01","32.4"
"EN-010","1980-02","32.4"
"EN-010","1980-03","32.4"
"EN-010","1980-04","39.5"
"EN-010","1980-05","40.1"
"EN-010","1980-06","40.7"
"EN-010","1980-07","40.7"
"EN-010","1980-08","44.2"
"EN-010","1980-09","44.6"
"EN-010","1980-10","44.6"
"EN-010","1980-11","45"
"EN-010","1980-12","45"
"EN-010","1981-01","45"
"EN-010","1981-02","45"
"EN-010","1981-03","45"
"EN-010","1981-04","56.5"
"EN-010","1981-05","56.5"
"EN-010","1981-06","56.5"
"EN-010","1981-07","56.5"
"EN-010","1981-08","56.5"
"EN-010","1981-09","56.5"
"EN-010","1981-10","56.5"
"EN-010","1981-11","56.5"
"EN-010","1981-12","56.5"
"EN-010","1982-01","55.6"
"EN-010","1982-02","55.6"
"EN-010","1982-03","55.6"
"EN-010","1982-04","55.6"
"EN-010","1982-05","55.6"
"EN-010","1982-06","55.6"
"EN-010","1982-07","55.6"
"EN-010","1982-08","55.6"
"EN-010","1982-09","55.6"
"EN-010","1982-10","55.6"
"EN-010","1982-11","55.6"
"EN-010","1982-12","45.5"
"EN-010","1983-01","43"
"EN-010","1983-02","43"
"EN-010","1983-03","43"
"EN-010","1983-04","43"
"EN-010","1983-05","43"
"EN-010","1983-06","43"
"EN-010","1983-07","34.8"
"EN-010","1983-08","34.8"
"EN-010","1983-09","34.8"
"EN-010","1983-10","34.8"
"EN-010","1983-11","32"
"EN-010","1983-12","29.3"
"EN-010","1984-01","29.3"
"EN-010","1984-02","29.3"
"EN-010","1984-03","29.3"
"EN-010","1984-04","29.3"
"EN-010","1984-05","29.3"
"EN-010","1984-06","31.8"
"EN-010","1984-07","31.8"
"EN-010","1984-08","31.8"
"EN-010","1984-09","31.8"
"EN-010","1984-10","31.8"
"EN-010","1984-11","32.8"
"EN-010","1984-12","33.8"
"EN-010","1985-01","33.8"
"EN-010","1985-02","33.8"
"EN-010","1985-03","33.8"
"EN-010","1985-04","33.8"
"EN-010","1985-05","33.8"
"EN-010","1985-06","33.8"
"EN-010","1985-07","33.8"
"EN-010","1985-08","33.8"
"EN-010","1985-09","33.8"
"EN-010","1985-10","33.8"
"EN-010","1985-11","33.8"
"EN-010","1985-12","33.8"
"EN-010","1986-01","33.8"
"EN-010","1986-02","33.8"
"EN-010","1986-03","30.8"
"EN-010","1986-04","30.8"
"EN-010","1986-05","30.8"
"EN-010","1986-06","30.8"
"EN-010","1986-07","30.8"
"EN-010","1986-08","30.8"
"EN-010","1986-09","30.8"
"EN-010","1986-10","30.8"
"EN-010","1986-11","30.8"
"EN-010","1986-12","29.3"
"EN-010","1987-01","29.3"
"EN-010","1987-02","29.3"
"EN-010","1987-03","29.3"
"EN-010","1987-04","24.8"
"EN-010","1987-05","24.8"
"EN-010","1987-06","24.8"
"EN-010","1987-07","27"
"EN-010","1987-08","27"
"EN-010","1987-09","27"
"EN-010","1987-10","27"
"EN-010","1987-11","29"
"EN-010","1987-12","31"
"EN-010","1988-01","31"
"EN-010","1988-02","31"
"EN-010","1988-03","33"
"EN-010","1988-04","33"
"EN-010","1988-05","33"
"EN-010","1988-06","36"
"EN-010","1988-07","36"
"EN-010","1988-08","36"
"EN-010","1988-09","37"
"EN-010","1988-10","37"
"EN-010","1988-11","37.5"
"EN-010","1988-12","38"
"EN-010","1989-01","38"
"EN-010","1989-02","38"
"EN-010","1989-03","38"
"EN-010","1989-04","38"
"EN-010","1989-05","38"
"EN-010","1989-06","38"
"EN-010","1989-07","38"
"EN-010","1989-08","38"
"EN-010","1989-09","38"
"EN-010","1989-10","38"
"EN-010","1989-11","38"
"EN-010","1989-12","38"
"EN-010","1990-01","38"
"EN-010","1990-02","38"
"EN-010","1990-03","38"
"EN-010","1990-04","38"
"EN-010","1990-05","40.5"
"EN-010","1990-06","40.5"
"EN-010","1990-07","40.5"
"EN-010","1990-08","40.5"
"EN-010","1990-09","40.5"
"EN-010","1990-10","40.5"
"EN-010","1990-11","40.5"
"EN-010","1990-12","40.5"
"EN-010","1991-01","40.5"
"EN-010","1991-02","40.5"
"EN-010","1991-03","39.5"
"EN-010","1991-04","39.5"
"EN-010","1991-05","39.5"
"EN-010","1991-06","39.5"
"EN-010","1991-07","39.5"
"EN-010","1991-08","39.5"
"EN-010","1991-09","39.5"
"EN-010","1991-10","39.5"
"EN-010","1991-11","39.5"
"EN-010","1991-12","39.5"
"EN-010","1992-01","39.5"
"EN-010","1992-02","39.5"
"EN-010","1992-03","39.5"
"EN-010","1992-04","39.5"
"EN-010","1992-05","39.5"
"EN-010","1992-06","39.5"
"EN-010","1992-07","39.5"
"EN-010","1992-08","39.5"
"EN-010","1992-09","39.5"
"EN-010","1992-10","37.3"
"EN-010","1992-11","35"
"EN-010","1992-12","35"
"EN-010","1993-01","35"
"EN-010","1993-02","31"
"EN-010","1993-03","31"
"EN-010","1993-04","31"
"EN-010","1993-05","31"
"EN-010","1993-06","31"
"EN-010","1993-07","31"
"EN-010","1993-08","31"
"EN-010","1993-09","31"
"EN-010","1993-10","31"
"EN-010","1993-11","31"
"EN-010","1993-12","31"
"EN-010","1994-01","31"
"EN-010","1994-02","31"
"EN-010","1994-03","29.5"
"EN-010","1994-04","29.5"
"EN-010","1994-05","31.4"
"EN-010","1994-06","33.6"
"EN-010","1994-07","33.1"
"EN-010","1994-08","33.1"
"EN-010","1994-09","33.1"
"EN-010","1994-10","33.1"
"EN-010","1994-11","33.1"
"EN-010","1994-12","36.1"
"EN-010","1995-01","37.1"
"EN-010","1995-02","37.6"
"EN-010","1995-03","38.4"
"EN-010","1995-04","37.1"
"EN-010","1995-05","38.8"
"EN-010","1995-06","40.8"
"EN-010","1995-07","41.1"
"EN-010","1995-08","40.9"
"EN-010","1995-09","40.9"
"EN-010","1995-10","41"
"EN-010","1995-11","39.6"
"EN-010","1995-12","39.4"
"EN-010","1996-01","39.4"
"EN-010","1996-02","39.3"
"EN-010","1996-03","39"
"EN-010","1996-04","39.3"
"EN-010","1996-05","38.2"
"EN-010","1996-06","38.2"
"EN-010","1996-07","38.4"
"EN-010","1996-08","38.4"
"EN-010","1996-09","38.1"
"EN-010","1996-10","37.6"
"EN-010","1996-11","35.7"
"EN-010","1996-12","35.4"
"EN-010","1997-01","35.2"
"EN-010","1997-02","34.6"
"EN-010","1997-03","34.5"
"EN-010","1997-04","35.4"
"EN-010","1997-05","35.7"
"EN-010","1997-06","34.5"
"EN-010","1997-07","35"
"EN-010","1997-08","36.9"
"EN-010","1997-09","37.2"
"EN-010","1997-10","37.2"
"EN-010","1997-11","33.6"
"EN-010","1997-12","31.4"
"EN-010","1998-01","31.4"
"EN-010","1998-02","33.4"
"EN-010","1998-03","31.9"
"EN-010","1998-04","31.2"
"EN-010","1998-05","30.3"
"EN-010","1998-06","30"
"EN-010","1998-07","30"
"EN-010","1998-08","26.2"
"EN-010","1998-09","27.1"
"EN-010","1998-10","27.1"
"EN-010","1998-11","26.1"
"EN-010","1998-12","26.1"
"EN-010","1999-01","26.1"
"EN-010","1999-02","26.1"
"EN-010","1999-03","26.1"
"EN-010","1999-04","26.1"
"EN-010","1999-05","26.1"
"EN-010","1999-06","26.1"
"EN-010","1999-07","26.1"
"EN-010","1999-08","26.1"
"EN-010","1999-09","26.1"
"EN-010","1999-10","25.6"
"EN-010","1999-11","25.1"
"EN-010","1999-12","25.1"
"EN-010","2000-01","25.1"
"EN-010","2000-02","25.1"
"EN-010","2000-03","25.1"
"EN-010","2000-04","25.1"
"EN-010","2000-05","25.6"
"EN-010","2000-06","25.6"
"EN-010","2000-07","25.6"
"EN-010","2000-08","25.6"
"EN-010","2000-09","27.2"
"EN-010","2000-10","27.2"
"EN-010","2000-11","27.2"
"EN-010","2000-12","30.8"
"EN-010","2001-01","32.1"
"EN-010","2001-02","32.1"
"EN-010","2001-03","32.6"
"EN-010","2001-04","33.5"
"EN-010","2001-05","33.8"
"EN-010","2001-06","33.9"
"EN-010","2001-07","34"
"EN-010","2001-08","33.8"
"EN-010","2001-09","32.8"
"EN-010","2001-10","32.4"
"EN-010","2001-11","29.4"
"EN-010","2001-12","27.4"
"EN-010","2002-01","27.4"
"EN-010","2002-02","28.1"
"EN-010","2002-03","27.8"
"EN-010","2002-04","27.1"
"EN-010","2002-05","26.9"
"EN-010","2002-06","24.9"
"EN-010","2002-07","23.2"
"EN-010","2002-08","22.3"
"EN-010","2002-09","22.7"
"EN-010","2002-10","24.5"
"EN-010","2002-11","24.5"
"EN-010","2002-12","24.5"
"EN-010","2003-01","24.9"
"EN-010","2003-02","25.2"
"EN-010","2003-03","24.4"
"EN-010","2003-04","23.5"
"EN-010","2003-05","23.3"
"EN-010","2003-06","24.1"
"EN-010","2003-07","24.4"
"EN-010","2003-08","25.3"
"EN-010","2003-09","26.7"
"EN-010","2003-10","27.5"
"EN-010","2003-11","29.9"
"EN-010","2003-12","34"
"EN-010","2004-01","37.8"
"EN-010","2004-02","41.8"
"EN-010","2004-03","48.9"
"EN-010","2004-04","53.3"
"EN-010","2004-05","56.4"
"EN-010","2004-06","59.6"
"EN-010","2004-07","61.4"
"EN-010","2004-08","59.3"
"EN-010","2004-09","55.4"
"EN-010","2004-10","56.6"
"EN-010","2004-11","52.8"
"EN-010","2004-12","52.3"
"EN-010","2005-01","53"
"EN-010","2005-02","49.9"
"EN-010","2005-03","50.9"
"EN-010","2005-04","51.3"
"EN-010","2005-05","51.3"
"EN-010","2005-06","51"
"EN-010","2005-07","50.9"
"EN-010","2005-08","49.1"
"EN-010","2005-09","45.3"
"EN-010","2005-10","42.5"
"EN-010","2005-11","38.1"
"EN-010","2005-12","38.2"
"EN-010","2006-01","43.2"
"EN-010","2006-02","47.7"
"EN-010","2006-03","49.8"
"EN-010","2006-04","52.9"
"EN-010","2006-05","52.6"
"EN-010","2006-06","52.4"
"EN-010","2006-07","52.8"
"EN-010","2006-08","50.9"
"EN-010","2006-09","47.1"
"EN-010","2006-10","44.1"
"EN-010","2006-11","46"
"EN-010","2006-12","49.8"
"EN-010","2007-01","51.3"
"EN-010","2007-02","52.9"
"EN-010","2007-03","55.4"
"EN-010","2007-04","56.1"
"EN-010","2007-05","56"
"EN-010","2007-06","61.6"
"EN-010","2007-07","67.3"
"EN-010","2007-08","69.4"
"EN-010","2007-09","68.4"
"EN-010","2007-10","74.8"
"EN-010","2007-11","84.6"
"EN-010","2007-12","91"
"EN-010","2008-01","91.8"
"EN-010","2008-02","132"
"EN-010","2008-03","118.3"
"EN-010","2008-04","123"
"EN-010","2008-05","133.2"
"EN-010","2008-06","159.8"
"EN-010","2008-07","180"
"EN-010","2008-08","158.4"
"EN-010","2008-09","150"
"EN-010","2008-10","108"
"EN-010","2008-11","92.3"
"EN-010","2008-12","78.7"
"EN-010","2009-01","79.4"
"EN-010","2009-02","75.4"
"EN-010","2009-03","61"
"EN-010","2009-04","63.6"
"EN-010","2009-05","64.5"
"EN-010","2009-06","71.4"
"EN-010","2009-07","73.8"
"EN-010","2009-08","72.5"
"EN-010","2009-09","67.6"
"EN-010","2009-10","71.1"
"EN-010","2009-11","78.8"
"EN-010","2009-12","83.1"
"EN-010","2010-01","97"
"EN-010","2010-02","94.2"
"EN-010","2010-03","94.4"
"EN-010","2010-04","100.2"
"EN-010","2010-05","100.1"
"EN-010","2010-06","98.2"
"EN-010","2010-07","96"
"EN-010","2010-08","89.8"
"EN-010","2010-09","94.9"
"EN-010","2010-10","97.5"
"EN-010","2010-11","107.2"
"EN-010","2010-12","118.3"
"EN-010","2011-01","132.5"
"EN-010","2011-02","128.4"
"EN-010","2011-03","126.1"
"EN-010","2011-04","122.5"
"EN-010","2011-05","119.1"
"EN-010","2011-06","120.1"
"EN-010","2011-07","120.8"
"EN-010","2011-08","120.1"
"EN-010","2011-09","123.1"
"EN-010","2011-10","119.4"
"EN-010","2011-11","113.8"
"EN-010","2011-12","111.6"
"EN-010","2012-01","116.5"
"EN-010","2012-02","117"
"EN-010","2012-03","107.5"
"EN-010","2012-04","103.6"
"EN-010","2012-05","95.8"
"EN-010","2012-06","87.2"
"EN-010","2012-07","88.2"
"EN-010","2012-08","91"
"EN-010","2012-09","89"
"EN-010","2012-10","81.9"
"EN-010","2012-11","85.9"
"EN-010","2012-12","92.9"
"EN-010","2013-01","92.8"
"EN-010","2013-02","94.9"
"EN-010","2013-03","91"
"EN-010","2013-04","87.8"
"EN-010","2013-05","87.7"
"EN-010","2013-06","82.8"
"EN-010","2013-07","77.3"
"EN-010","2013-08","77"
"EN-010","2013-09","77.6"
"EN-010","2013-10","79.4"
"EN-010","2013-11","82.3"
"EN-010","2013-12","84.3"
"EN-010","2014-01","81.6"
"EN-010","2014-02","76.3"
"EN-010","2014-03","73.3"
"EN-010","2014-04","72.8"
"EN-010","2014-05","73.7"
"EN-010","2014-06","71.5"
"EN-010","2014-07","68.8"
"EN-010","2014-08","68.9"
"EN-010","2014-09","65.9"
"EN-010","2014-10","63.7"
"EN-010","2014-11","62.6"
"EN-010","2014-12","62.4"
"EN-010","2015-01","61.4"
"EN-010","2015-02","69.1"
"EN-010","2015-03","64.8"
"EN-010","2015-04","56.2"
"EN-010","2015-05","61.2"
"EN-010","2015-06","59"
"EN-010","2015-07","59.9"
"EN-010","2015-08","59.1"
"EN-010","2015-09","57.7"
"EN-010","2015-10","54.3"
"EN-010","2015-11","52.5"
"EN-010","2015-12","52.2"
"EN-010","2016-01","49"
"EN-010","2016-02","50.3"
"EN-010","2016-03","52.2"
"EN-010","2016-04","50.7"
"EN-010","2016-05","51.3"
"EN-010","2016-06","52.9"
"EN-010","2016-07","61.2"
"EN-010","2016-08","67.4"
"EN-010","2016-09","72.7"
"EN-010","2016-10","94.2"
"EN-010","2016-11","103.4"
"EN-010","2016-12","88.2"
"EN-010","2017-01","83.7"
"EN-010","2017-02","80"
"EN-010","2017-03","80.9"
"EN-010","2017-04","83.7"
"EN-010","2017-05","74.4"
"EN-010","2017-06","81.1"
"EN-010","2017-07","87.5"
"EN-010","2017-08","98.6"
"EN-010","2017-09","97.8"
"EN-010","2017-10","97.1"
"EN-010","2017-11","96.6"
"EN-010","2017-12","100.8"
"EN-010","2018-01","106.5"
"EN-010","2018-02","106"
"EN-010","2018-03","96.7"
"EN-010","2018-04","93.7"
"EN-010","2018-05","105.3"
"EN-010","2018-06","114.3"
"EN-010","2018-07","119.6"
"EN-010","2018-08","117.3"
"EN-010","2018-09","114.2"
"EN-010","2018-10","108.7"
"EN-010","2018-11","100.7"
"EN-010","2018-12","101.4"
"EN-010","2019-01","98.6"
"EN-010","2019-02","95.4"
"EN-010","2019-03","93.1"
"EN-010","2019-04","86.8"
"EN-010","2019-05","82.3"
"EN-010","2019-06","72.5"
"EN-010","2019-07","72.1"
"EN-010","2019-08","65.6"
"EN-010","2019-09","66"
"EN-010","2019-10","69.2"
"EN-010","2019-11","67"
"EN-010","2019-12","66.2"
"EN-010","2020-01","69.7"
"EN-010","2020-02","67.6"
"EN-010","2020-03","66.7"
"EN-010","2020-04","58.6"
"EN-010","2020-05","52.5"
"EN-010","2020-06","52.2"
"EN-010","2020-07","51.6"
"EN-010","2020-08","50.1"
"EN-010","2020-09","54.6"
"EN-010","2020-10","58.4"
"EN-010","2020-11","64.4"
"EN-010","2020-12","83"
"EN-010","2021-01","86.8"
"EN-010","2021-02","86.7"
"EN-010","2021-03","94.9"
"EN-010","2021-04","92.2"
"EN-010","2021-05","107"
"EN-010","2021-06","130"
"EN-010","2021-07","152"
"EN-010","2021-08","169.6"
"EN-010","2021-09","185.7"
"EN-010","2021-10","224.5"
"EN-010","2021-11","157.5"
"EN-010","2021-12","169.7"
"EN-010","2022-01","197"
"EN-010","2022-02","219.8"
"EN-010","2022-03","314"
"EN-010","2022-04","310.9"
"EN-010","2022-05","371.9"
"EN-010","2022-06","374.1"
"EN-010","2022-07","402.2"
"EN-010","2022-08","407"
"EN-010","2022-09","430.8"
"EN-010","2022-10","389.8"
"EN-010","2022-11","342.2"
"EN-010","2022-12","379.2"
"EN-010","2023-01","318"
"EN-010","2023-02","207.5"
"EN-010","2023-03","187.2"
"EN-010","2023-04","194.3"
"EN-010","2023-05","160.5"
"EN-010","2023-06","139.4"
"EN-010","2023-07","140.6"
"EN-010","2023-08","152.6"
"EN-010","2023-09","162.5"
"EN-010","2023-10","142.1"
"EN-010","2023-11","126.8"
"EN-010","2023-12","141.8"
"EN-010","2024-01","124.9"
"EN-010","2024-02","124.2"
"EN-010","2024-03","131.5"
"EN-010","2024-04","135"
"EN-010","2024-05","142"
"EN-010","2024-06","135.1"
"EN-010","2024-07","137.6"
"EN-010","2024-08","145.8"
"EN-010","2024-09","139.2"
"EN-010","2024-10","146.6"
"EN-010","2024-11","142.1"
"EN-010","2024-12","129.8"
"EN-010","2025-01","118.6"
"EN-010","2025-02","106.9"
"EN-010","2025-03","104"
"EN-010","2025-04","98.6"
"EN-010","2025-05","104.4"
"EN-010","2025-06","109"
"EN-010","2025-07","112.9"
"EN-010","2025-08","112.2"
"EN-010","2025-09","106.3"
"EN-010","2025-10","107.5"
"EN-010","2025-11","112.6"
"EN-010","2025-12","107.7"
"EN-010","2026-01","109.8"
"EN-010","2026-02","118.4"
"EN-010","2026-03","138.6"
"EN-010","2026-04","130.9"
"EN-010","2026-05","136.9"
"EN-010","2026-06","138.5"
"FE-001","1960-01","42.3"
"FE-001","1960-02","42.3"
"FE-001","1960-03","42.3"
"FE-001","1960-04","42.3"
"FE-001","1960-05","42.3"
"FE-001","1960-06","42.3"
"FE-001","1960-07","42.3"
"FE-001","1960-08","42.3"
"FE-001","1960-09","42.3"
"FE-001","1960-10","42.3"
"FE-001","1960-11","42.3"
"FE-001","1960-12","42.3"
"FE-001","1961-01","42.3"
"FE-001","1961-02","42.3"
"FE-001","1961-03","42.3"
"FE-001","1961-04","42.3"
"FE-001","1961-05","42.3"
"FE-001","1961-06","42.3"
"FE-001","1961-07","42.3"
"FE-001","1961-08","42.3"
"FE-001","1961-09","42.3"
"FE-001","1961-10","42.3"
"FE-001","1961-11","42.3"
"FE-001","1961-12","42.3"
"FE-001","1962-01","42.3"
"FE-001","1962-02","42.3"
"FE-001","1962-03","42.3"
"FE-001","1962-04","42.3"
"FE-001","1962-05","42.3"
"FE-001","1962-06","42.3"
"FE-001","1962-07","42.3"
"FE-001","1962-08","42.3"
"FE-001","1962-09","42.3"
"FE-001","1962-10","42.3"
"FE-001","1962-11","42.3"
"FE-001","1962-12","42.3"
"FE-001","1963-01","42.3"
"FE-001","1963-02","42.3"
"FE-001","1963-03","42.3"
"FE-001","1963-04","42.3"
"FE-001","1963-05","42.3"
"FE-001","1963-06","42.3"
"FE-001","1963-07","42.3"
"FE-001","1963-08","42.3"
"FE-001","1963-09","42.3"
"FE-001","1963-10","42.3"
"FE-001","1963-11","42.3"
"FE-001","1963-12","42.3"
"FE-001","1964-01","60.5"
"FE-001","1964-02","60.5"
"FE-001","1964-03","60.5"
"FE-001","1964-04","60.5"
"FE-001","1964-05","60.5"
"FE-001","1964-06","60.5"
"FE-001","1964-07","60.5"
"FE-001","1964-08","60.5"
"FE-001","1964-09","60.5"
"FE-001","1964-10","60.5"
"FE-001","1964-11","60.5"
"FE-001","1964-12","60.5"
"FE-001","1965-01","65.8"
"FE-001","1965-02","65.8"
"FE-001","1965-03","65.8"
"FE-001","1965-04","65.8"
"FE-001","1965-05","65.8"
"FE-001","1965-06","65.8"
"FE-001","1965-07","65.8"
"FE-001","1965-08","65.8"
"FE-001","1965-09","65.8"
"FE-001","1965-10","65.8"
"FE-001","1965-11","65.8"
"FE-001","1965-12","65.8"
"FE-001","1966-01","59.3"
"FE-001","1966-02","59.3"
"FE-001","1966-03","59.3"
"FE-001","1966-04","59.3"
"FE-001","1966-05","59.3"
"FE-001","1966-06","59.3"
"FE-001","1966-07","59.3"
"FE-001","1966-08","59.3"
"FE-001","1966-09","59.3"
"FE-001","1966-10","59.3"
"FE-001","1966-11","59.3"
"FE-001","1966-12","59.3"
"FE-001","1967-01","49.3"
"FE-001","1967-02","49.3"
"FE-001","1967-03","49.3"
"FE-001","1967-04","49.3"
"FE-001","1967-05","49.3"
"FE-001","1967-06","49.3"
"FE-001","1967-07","49.3"
"FE-001","1967-08","49.3"
"FE-001","1967-09","49.3"
"FE-001","1967-10","49.3"
"FE-001","1967-11","49.3"
"FE-001","1967-12","49.3"
"FE-001","1968-01","35.5"
"FE-001","1968-02","35.5"
"FE-001","1968-03","35.5"
"FE-001","1968-04","35.5"
"FE-001","1968-05","35.5"
"FE-001","1968-06","35.5"
"FE-001","1968-07","35.5"
"FE-001","1968-08","35.5"
"FE-001","1968-09","35.5"
"FE-001","1968-10","35.5"
"FE-001","1968-11","35.5"
"FE-001","1968-12","35.5"
"FE-001","1969-01","26.6"
"FE-001","1969-02","26.6"
"FE-001","1969-03","26.6"
"FE-001","1969-04","26.6"
"FE-001","1969-05","26.6"
"FE-001","1969-06","26.6"
"FE-001","1969-07","26.6"
"FE-001","1969-08","26.6"
"FE-001","1969-09","26.6"
"FE-001","1969-10","26.6"
"FE-001","1969-11","26.6"
"FE-001","1969-12","26.6"
"FE-001","1970-01","18.3"
"FE-001","1970-02","18.3"
"FE-001","1970-03","18.3"
"FE-001","1970-04","18.3"
"FE-001","1970-05","18.3"
"FE-001","1970-06","18.3"
"FE-001","1970-07","18.3"
"FE-001","1970-08","18.3"
"FE-001","1970-09","18.3"
"FE-001","1970-10","18.3"
"FE-001","1970-11","18.3"
"FE-001","1970-12","18.3"
"FE-001","1971-01","16"
"FE-001","1971-02","16"
"FE-001","1971-03","16"
"FE-001","1971-04","16"
"FE-001","1971-05","16"
"FE-001","1971-06","16"
"FE-001","1971-07","16"
"FE-001","1971-08","16"
"FE-001","1971-09","16"
"FE-001","1971-10","16"
"FE-001","1971-11","16"
"FE-001","1971-12","16"
"FE-001","1972-01","29.3"
"FE-001","1972-02","29.3"
"FE-001","1972-03","29.3"
"FE-001","1972-04","29.3"
"FE-001","1972-05","29.3"
"FE-001","1972-06","29.3"
"FE-001","1972-07","29.3"
"FE-001","1972-08","29.3"
"FE-001","1972-09","29.3"
"FE-001","1972-10","29.3"
"FE-001","1972-11","29.3"
"FE-001","1972-12","29.3"
"FE-001","1973-01","64.8"
"FE-001","1973-02","64.8"
"FE-001","1973-03","64.8"
"FE-001","1973-04","64.8"
"FE-001","1973-05","64.8"
"FE-001","1973-06","64.8"
"FE-001","1973-07","64.8"
"FE-001","1973-08","64.8"
"FE-001","1973-09","64.8"
"FE-001","1973-10","64.8"
"FE-001","1973-11","64.8"
"FE-001","1973-12","64.8"
"FE-001","1974-01","285.8"
"FE-001","1974-02","285.8"
"FE-001","1974-03","285.8"
"FE-001","1974-04","285.8"
"FE-001","1974-05","285.8"
"FE-001","1974-06","285.8"
"FE-001","1974-07","285.8"
"FE-001","1974-08","285.8"
"FE-001","1974-09","285.8"
"FE-001","1974-10","285.8"
"FE-001","1974-11","285.8"
"FE-001","1974-12","285.8"
"FE-001","1975-01","168"
"FE-001","1975-02","168"
"FE-001","1975-03","168"
"FE-001","1975-04","168"
"FE-001","1975-05","168"
"FE-001","1975-06","168"
"FE-001","1975-07","168"
"FE-001","1975-08","168"
"FE-001","1975-09","168"
"FE-001","1975-10","168"
"FE-001","1975-11","168"
"FE-001","1975-12","168"
"FE-001","1976-01","82"
"FE-001","1976-02","82"
"FE-001","1976-03","82"
"FE-001","1976-04","82"
"FE-001","1976-05","82"
"FE-001","1976-06","82"
"FE-001","1976-07","82"
"FE-001","1976-08","82"
"FE-001","1976-09","82"
"FE-001","1976-10","82"
"FE-001","1976-11","82"
"FE-001","1976-12","82"
"FE-001","1977-01","115"
"FE-001","1977-02","100.5"
"FE-001","1977-03","100.5"
"FE-001","1977-04","109.5"
"FE-001","1977-05","116.1"
"FE-001","1977-06","120"
"FE-001","1977-07","123.1"
"FE-001","1977-08","129.6"
"FE-001","1977-09","132.5"
"FE-001","1977-10","131"
"FE-001","1977-11","137"
"FE-001","1977-12","134.3"
"FE-001","1978-01","133"
"FE-001","1978-02","134.8"
"FE-001","1978-03","134.5"
"FE-001","1978-04","134"
"FE-001","1978-05","130.8"
"FE-001","1978-06","132.5"
"FE-001","1978-07","142"
"FE-001","1978-08","142.5"
"FE-001","1978-09","134.6"
"FE-001","1978-10","132"
"FE-001","1978-11","140.8"
"FE-001","1978-12","141"
"FE-001","1979-01","143"
"FE-001","1979-02","143"
"FE-001","1979-03","131.9"
"FE-001","1979-04","135"
"FE-001","1979-05","141.8"
"FE-001","1979-06","148.5"
"FE-001","1979-07","155.4"
"FE-001","1979-08","160"
"FE-001","1979-09","163.8"
"FE-001","1979-10","167.5"
"FE-001","1979-11","170"
"FE-001","1979-12","176.3"
"FE-001","1980-01","187.5"
"FE-001","1980-02","187.5"
"FE-001","1980-03","187.5"
"FE-001","1980-04","196.3"
"FE-001","1980-05","205"
"FE-001","1980-06","205"
"FE-001","1980-07","205"
"FE-001","1980-08","205"
"FE-001","1980-09","207"
"FE-001","1980-10","207"
"FE-001","1980-11","207"
"FE-001","1980-12","207"
"FE-001","1981-01","207"
"FE-001","1981-02","242.5"
"FE-001","1981-03","242.5"
"FE-001","1981-04","135"
"FE-001","1981-05","215"
"FE-001","1981-06","215"
"FE-001","1981-07","180"
"FE-001","1981-08","160"
"FE-001","1981-09","160"
"FE-001","1981-10","160"
"FE-001","1981-11","136.5"
"FE-001","1981-12","136.5"
"FE-001","1982-01","112.5"
"FE-001","1982-02","130"
"FE-001","1982-03","130"
"FE-001","1982-04","122.5"
"FE-001","1982-05","122.5"
"FE-001","1982-06","122.5"
"FE-001","1982-07","122.5"
"FE-001","1982-08","125"
"FE-001","1982-09","125"
"FE-001","1982-10","127.5"
"FE-001","1982-11","127.5"
"FE-001","1982-12","120"
"FE-001","1983-01","124.5"
"FE-001","1983-02","124.5"
"FE-001","1983-03","120"
"FE-001","1983-04","109"
"FE-001","1983-05","101.5"
"FE-001","1983-06","120"
"FE-001","1983-07","109"
"FE-001","1983-08","110.5"
"FE-001","1983-09","110.5"
"FE-001","1983-10","114"
"FE-001","1983-11","115.5"
"FE-001","1983-12","115.5"
"FE-001","1984-01","116.5"
"FE-001","1984-02","118"
"FE-001","1984-03","141"
"FE-001","1984-04","127.5"
"FE-001","1984-05","147.5"
"FE-001","1984-06","155"
"FE-001","1984-07","162.5"
"FE-001","1984-08","165"
"FE-001","1984-09","165"
"FE-001","1984-10","172"
"FE-001","1984-11","166"
"FE-001","1984-12","166"
"FE-001","1985-01","168.5"
"FE-001","1985-02","168.5"
"FE-001","1985-03","105"
"FE-001","1985-04","107.5"
"FE-001","1985-05","127.5"
"FE-001","1985-06","112.5"
"FE-001","1985-07","109.5"
"FE-001","1985-08","97.5"
"FE-001","1985-09","87.5"
"FE-001","1985-10","80.5"
"FE-001","1985-11","87.5"
"FE-001","1985-12","87.5"
"FE-001","1986-01","82.5"
"FE-001","1986-02","77"
"FE-001","1986-03","77"
"FE-001","1986-04","72.5"
"FE-001","1986-05","72.5"
"FE-001","1986-06","72.5"
"FE-001","1986-07","67.5"
"FE-001","1986-08","71"
"FE-001","1986-09","65"
"FE-001","1986-10","62.5"
"FE-001","1986-11","64.5"
"FE-001","1986-12","64.5"
"FE-001","1987-01","64"
"FE-001","1987-02","68"
"FE-001","1987-03","70.5"
"FE-001","1987-04","77.5"
"FE-001","1987-05","87.5"
"FE-001","1987-06","87.5"
"FE-001","1987-07","87.5"
"FE-001","1987-08","85"
"FE-001","1987-09","85"
"FE-001","1987-10","92.5"
"FE-001","1987-11","92.5"
"FE-001","1987-12","92.5"
"FE-001","1988-01","92.5"
"FE-001","1988-02","97.5"
"FE-001","1988-03","105"
"FE-001","1988-04","97.5"
"FE-001","1988-05","110"
"FE-001","1988-06","110"
"FE-001","1988-07","110"
"FE-001","1988-08","130"
"FE-001","1988-09","130"
"FE-001","1988-10","130"
"FE-001","1988-11","130"
"FE-001","1988-12","120"
"FE-001","1989-01","120"
"FE-001","1989-02","120"
"FE-001","1989-03","120"
"FE-001","1989-04","113.5"
"FE-001","1989-05","113.5"
"FE-001","1989-06","113.5"
"FE-001","1989-07","113.5"
"FE-001","1989-08","82.5"
"FE-001","1989-09","82.5"
"FE-001","1989-10","72.5"
"FE-001","1989-11","86"
"FE-001","1989-12","98"
"FE-001","1990-01","104.5"
"FE-001","1990-02","106.3"
"FE-001","1990-03","111"
"FE-001","1990-04","111"
"FE-001","1990-05","107"
"FE-001","1990-06","107"
"FE-001","1990-07","107"
"FE-001","1990-08","114.9"
"FE-001","1990-09","90.6"
"FE-001","1990-10","136.5"
"FE-001","1990-11","144.5"
"FE-001","1990-12","147.5"
"FE-001","1991-01","151"
"FE-001","1991-02","151"
"FE-001","1991-03","145"
"FE-001","1991-04","143.5"
"FE-001","1991-05","138.5"
"FE-001","1991-06","135.5"
"FE-001","1991-07","132.5"
"FE-001","1991-08","132.5"
"FE-001","1991-09","132.5"
"FE-001","1991-10","132.5"
"FE-001","1991-11","134.4"
"FE-001","1991-12","131.9"
"FE-001","1992-01","122.5"
"FE-001","1992-02","120.6"
"FE-001","1992-03","120"
"FE-001","1992-04","120"
"FE-001","1992-05","120"
"FE-001","1992-06","120"
"FE-001","1992-07","120"
"FE-001","1992-08","120"
"FE-001","1992-09","120"
"FE-001","1992-10","116.9"
"FE-001","1992-11","107.5"
"FE-001","1992-12","103.8"
"FE-001","1993-01","102.5"
"FE-001","1993-02","102.5"
"FE-001","1993-03","86.2"
"FE-001","1993-04","81"
"FE-001","1993-05","81"
"FE-001","1993-06","81"
"FE-001","1993-07","81"
"FE-001","1993-08","81"
"FE-001","1993-09","81"
"FE-001","1993-10","81"
"FE-001","1993-11","82.8"
"FE-001","1993-12","85.5"
"FE-001","1994-01","85.5"
"FE-001","1994-02","85.5"
"FE-001","1994-03","98.6"
"FE-001","1994-04","103.5"
"FE-001","1994-05","103.5"
"FE-001","1994-06","103.5"
"FE-001","1994-07","106.5"
"FE-001","1994-08","88"
"FE-001","1994-09","88"
"FE-001","1994-10","88"
"FE-001","1994-11","88"
"FE-001","1994-12","88"
"FE-001","1995-01","159.6"
"FE-001","1995-02","177.5"
"FE-001","1995-03","191.3"
"FE-001","1995-04","205"
"FE-001","1995-05","159"
"FE-001","1995-06","90"
"FE-001","1995-07","90"
"FE-001","1995-08","90"
"FE-001","1995-09","90"
"FE-001","1995-10","90"
"FE-001","1995-11","90"
"FE-001","1995-12","90"
"FE-001","1996-01","90"
"FE-001","1996-02","90"
"FE-001","1996-03","90"
"FE-001","1996-04","160.4"
"FE-001","1996-05","169.5"
"FE-001","1996-06","172.1"
"FE-001","1996-07","184.5"
"FE-001","1996-08","187"
"FE-001","1996-09","181.4"
"FE-001","1996-10","172.3"
"FE-001","1996-11","172.6"
"FE-001","1996-12","174.5"
"FE-001","1997-01","173.5"
"FE-001","1997-02","160.4"
"FE-001","1997-03","148"
"FE-001","1997-04","135"
"FE-001","1997-05","113.1"
"FE-001","1997-06","108.5"
"FE-001","1997-07","112.5"
"FE-001","1997-08","102.5"
"FE-001","1997-09","88.3"
"FE-001","1997-10","87.5"
"FE-001","1997-11","90.6"
"FE-001","1997-12","90"
"FE-001","1998-01","86.3"
"FE-001","1998-02","77.5"
"FE-001","1998-03","84.5"
"FE-001","1998-04","100"
"FE-001","1998-05","95"
"FE-001","1998-06","88.4"
"FE-001","1998-07","86"
"FE-001","1998-08","85.5"
"FE-001","1998-09","83.6"
"FE-001","1998-10","75.6"
"FE-001","1998-11","70.7"
"FE-001","1998-12","65.5"
"FE-001","1999-01","64.5"
"FE-001","1999-02","64"
"FE-001","1999-03","75.5"
"FE-001","1999-04","64.5"
"FE-001","1999-05","64.9"
"FE-001","1999-06","63.8"
"FE-001","1999-07","62.8"
"FE-001","1999-08","65.7"
"FE-001","1999-09","67.5"
"FE-001","1999-10","65.4"
"FE-001","1999-11","66"
"FE-001","1999-12","66.8"
"FE-001","2000-01","77.4"
"FE-001","2000-02","90.1"
"FE-001","2000-03","88.8"
"FE-001","2000-04","83.3"
"FE-001","2000-05","91"
"FE-001","2000-06","105.1"
"FE-001","2000-07","121.7"
"FE-001","2000-08","133.4"
"FE-001","2000-09","113.9"
"FE-001","2000-10","111.1"
"FE-001","2000-11","99.4"
"FE-001","2000-12","96"
"FE-001","2001-01","121"
"FE-001","2001-02","105.3"
"FE-001","2001-03","98.9"
"FE-001","2001-04","95.3"
"FE-001","2001-05","85"
"FE-001","2001-06","87.5"
"FE-001","2001-07","87.5"
"FE-001","2001-08","88.8"
"FE-001","2001-09","94.5"
"FE-001","2001-10","96.1"
"FE-001","2001-11","96.5"
"FE-001","2001-12","101.2"
"FE-001","2002-01","104.1"
"FE-001","2002-02","99.6"
"FE-001","2002-03","90.3"
"FE-001","2002-04","84.7"
"FE-001","2002-05","85.5"
"FE-001","2002-06","92.8"
"FE-001","2002-07","94.2"
"FE-001","2002-08","105"
"FE-001","2002-09","93"
"FE-001","2002-10","92.3"
"FE-001","2002-11","92.3"
"FE-001","2002-12","99.4"
"FE-001","2003-01","112"
"FE-001","2003-02","132.1"
"FE-001","2003-03","138.9"
"FE-001","2003-04","118.6"
"FE-001","2003-05","128.1"
"FE-001","2003-06","133.9"
"FE-001","2003-07","142.8"
"FE-001","2003-08","141.5"
"FE-001","2003-09","146.8"
"FE-001","2003-10","150.6"
"FE-001","2003-11","153.5"
"FE-001","2003-12","159.4"
"FE-001","2004-01","160.3"
"FE-001","2004-02","134.5"
"FE-001","2004-03","130.5"
"FE-001","2004-04","128.4"
"FE-001","2004-05","135.9"
"FE-001","2004-06","158.3"
"FE-001","2004-07","185"
"FE-001","2004-08","196.2"
"FE-001","2004-09","218.1"
"FE-001","2004-10","242.1"
"FE-001","2004-11","224.5"
"FE-001","2004-12","185.3"
"FE-001","2005-01","184.6"
"FE-001","2005-02","185.8"
"FE-001","2005-03","217.1"
"FE-001","2005-04","242.1"
"FE-001","2005-05","256"
"FE-001","2005-06","217.5"
"FE-001","2005-07","221.9"
"FE-001","2005-08","208.5"
"FE-001","2005-09","210.4"
"FE-001","2005-10","215.5"
"FE-001","2005-11","235"
"FE-001","2005-12","213.9"
"FE-001","2006-01","202.3"
"FE-001","2006-02","213.9"
"FE-001","2006-03","243.1"
"FE-001","2006-04","247.5"
"FE-001","2006-05","229.5"
"FE-001","2006-06","210"
"FE-001","2006-07","205.5"
"FE-001","2006-08","210.5"
"FE-001","2006-09","215.1"
"FE-001","2006-10","209.2"
"FE-001","2006-11","227.4"
"FE-001","2006-12","251.7"
"FE-001","2007-01","265"
"FE-001","2007-02","299.4"
"FE-001","2007-03","318.1"
"FE-001","2007-04","291"
"FE-001","2007-05","293.1"
"FE-001","2007-06","291.9"
"FE-001","2007-07","269.5"
"FE-001","2007-08","260.6"
"FE-001","2007-09","305"
"FE-001","2007-10","323.8"
"FE-001","2007-11","366.3"
"FE-001","2007-12","401.7"
"FE-001","2008-01","376.6"
"FE-001","2008-02","328.1"
"FE-001","2008-03","371"
"FE-001","2008-04","462.5"
"FE-001","2008-05","633.8"
"FE-001","2008-06","642"
"FE-001","2008-07","733.8"
"FE-001","2008-08","785"
"FE-001","2008-09","744.5"
"FE-001","2008-10","575"
"FE-001","2008-11","287.5"
"FE-001","2008-12","240"
"FE-001","2009-01","273.8"
"FE-001","2009-02","281.3"
"FE-001","2009-03","268.5"
"FE-001","2009-04","245.6"
"FE-001","2009-05","236.3"
"FE-001","2009-06","239.7"
"FE-001","2009-07","243.8"
"FE-001","2009-08","251.5"
"FE-001","2009-09","232.3"
"FE-001","2009-10","234.9"
"FE-001","2009-11","243.5"
"FE-001","2009-12","262"
"FE-001","2010-01","266.5"
"FE-001","2010-02","297.5"
"FE-001","2010-03","278.7"
"FE-001","2010-04","253.8"
"FE-001","2010-05","234"
"FE-001","2010-06","226.3"
"FE-001","2010-07","259.4"
"FE-001","2010-08","263.5"
"FE-001","2010-09","308.8"
"FE-001","2010-10","332.5"
"FE-001","2010-11","365.4"
"FE-001","2010-12","380.6"
"FE-001","2011-01","378.5"
"FE-001","2011-02","297.5"
"FE-001","2011-03","278.7"
"FE-001","2011-04","253.8"
"FE-001","2011-05","234"
"FE-001","2011-06","478.8"
"FE-001","2011-07","483.8"
"FE-001","2011-08","475.5"
"FE-001","2011-09","508.8"
"FE-001","2011-10","493.5"
"FE-001","2011-11","481.3"
"FE-001","2011-12","423.1"
"FE-001","2012-01","368"
"FE-001","2012-02","375"
"FE-001","2012-03","393.1"
"FE-001","2012-04","494.4"
"FE-001","2012-05","513.1"
"FE-001","2012-06","456.9"
"FE-001","2012-07","307.5"
"FE-001","2012-08","382.5"
"FE-001","2012-09","384.4"
"FE-001","2012-10","349"
"FE-001","2012-11","383.5"
"FE-001","2012-12","375.8"
"FE-001","2013-01","380"
"FE-001","2013-02","415.6"
"FE-001","2013-03","395.6"
"FE-001","2013-04","365.6"
"FE-001","2013-05","358.1"
"FE-001","2013-06","329.4"
"FE-001","2013-07","312.5"
"FE-001","2013-08","310.6"
"FE-001","2013-09","301"
"FE-001","2013-10","296.9"
"FE-001","2013-11","305"
"FE-001","2013-12","305"
"FE-001","2014-01","330"
"FE-001","2014-02","353.1"
"FE-001","2014-03","327.5"
"FE-001","2014-04","260"
"FE-001","2014-05","265"
"FE-001","2014-06","288.8"
"FE-001","2014-07","305"
"FE-001","2014-08","311.3"
"FE-001","2014-09","317.5"
"FE-001","2014-10","317.5"
"FE-001","2014-11","317.5"
"FE-001","2014-12","308.1"
"FE-001","2015-01","305"
"FE-001","2015-02","305"
"FE-001","2015-03","295.5"
"FE-001","2015-04","260"
"FE-001","2015-05","265"
"FE-001","2015-06","288.8"
"FE-001","2015-07","283.8"
"FE-001","2015-08","274.6"
"FE-001","2015-09","279.4"
"FE-001","2015-10","250.6"
"FE-001","2015-11","263.6"
"FE-001","2015-12","264"
"FE-001","2016-01","233.9"
"FE-001","2016-02","191.9"
"FE-001","2016-03","201.8"
"FE-001","2016-04","196.3"
"FE-001","2016-05","198.4"
"FE-001","2016-06","142.6"
"FE-001","2016-07","181"
"FE-001","2016-08","186.3"
"FE-001","2016-09","187.3"
"FE-001","2016-10","187.5"
"FE-001","2016-11","205"
"FE-001","2016-12","217.8"
"FE-001","2017-01","233.8"
"FE-001","2017-02","191.9"
"FE-001","2017-03","223.5"
"FE-001","2017-04","207.9"
"FE-001","2017-05","178.8"
"FE-001","2017-06","191"
"FE-001","2017-07","181"
"FE-001","2017-08","192.6"
"FE-001","2017-09","219"
"FE-001","2017-10","252.5"
"FE-001","2017-11","280"
"FE-001","2017-12","214.6"
"FE-001","2018-01","219.6"
"FE-001","2018-02","232.5"
"FE-001","2018-03","232.5"
"FE-001","2018-04","230.6"
"FE-001","2018-05","221.9"
"FE-001","2018-06","224"
"FE-001","2018-07","252.5"
"FE-001","2018-08","260"
"FE-001","2018-09","267.5"
"FE-001","2018-10","270"
"FE-001","2018-11","305.6"
"FE-001","2018-12","276.7"
"FE-001","2019-01","260"
"FE-001","2019-02","250.6"
"FE-001","2019-03","247.5"
"FE-001","2019-04","247.5"
"FE-001","2019-05","247.5"
"FE-001","2019-06","247.5"
"FE-001","2019-07","263.5"
"FE-001","2019-08","262.5"
"FE-001","2019-09","237.8"
"FE-001","2019-10","237"
"FE-001","2019-11","224.5"
"FE-001","2019-12","217.5"
"FE-001","2020-01","215.4"
"FE-001","2020-02","214.4"
"FE-001","2020-03","231.1"
"FE-001","2020-04","235"
"FE-001","2020-05","201.9"
"FE-001","2020-06","202"
"FE-001","2020-07","214.4"
"FE-001","2020-08","249.5"
"FE-001","2020-09","250.5"
"FE-001","2020-10","245"
"FE-001","2020-11","245"
"FE-001","2020-12","245"
"FE-001","2021-01","265"
"FE-001","2021-02","335"
"FE-001","2021-03","352.9"
"FE-001","2021-04","328.1"
"FE-001","2021-05","331.6"
"FE-001","2021-06","393.3"
"FE-001","2021-07","441.5"
"FE-001","2021-08","446.9"
"FE-001","2021-09","418.8"
"FE-001","2021-10","695"
"FE-001","2021-11","900.5"
"FE-001","2021-12","890"
"FE-001","2022-01","846.4"
"FE-001","2022-02","744.2"
"FE-001","2022-03","872.5"
"FE-001","2022-04","925"
"FE-001","2022-05","707.5"
"FE-001","2022-06","690"
"FE-001","2022-07","601"
"FE-001","2022-08","591.3"
"FE-001","2022-09","678"
"FE-001","2022-10","636.3"
"FE-001","2022-11","588.8"
"FE-001","2022-12","519.4"
"FE-001","2023-01","443.8"
"FE-001","2023-02","357.5"
"FE-001","2023-03","313.5"
"FE-001","2023-04","313.4"
"FE-001","2023-05","329.3"
"FE-001","2023-06","287.5"
"FE-001","2023-07","334.6"
"FE-001","2023-08","385.6"
"FE-001","2023-09","380"
"FE-001","2023-10","411.4"
"FE-001","2023-11","385.5"
"FE-001","2023-12","354"
"FE-001","2024-01","335.4"
"FE-001","2024-02","351.3"
"FE-001","2024-03","330"
"FE-001","2024-04","320"
"FE-001","2024-05","284.8"
"FE-001","2024-06","336.3"
"FE-001","2024-07","342.5"
"FE-001","2024-08","342.5"
"FE-001","2024-09","337.5"
"FE-001","2024-10","374.8"
"FE-001","2024-11","352.3"
"FE-001","2024-12","352"
"FE-001","2025-01","380.5"
"FE-001","2025-02","436.5"
"FE-001","2025-03","394.5"
"FE-001","2025-04","386.9"
"FE-001","2025-05","392"
"FE-001","2025-06","420.5"
"FE-001","2025-07","496"
"FE-001","2025-08","507.7"
"FE-001","2025-09","461.1"
"FE-001","2025-10","394.4"
"FE-001","2025-11","409.3"
"FE-001","2025-12","392.5"
"FE-001","2026-01","415.4"
"FE-001","2026-02","472"
"FE-001","2026-03","725.6"
"FE-001","2026-04","856.9"
"FE-001","2026-05","770.5"
"FE-001","2026-06","453.1"
"FE-002","1967-01","68.5"
"FE-002","1967-02","68.5"
"FE-002","1967-03","68.5"
"FE-002","1967-04","68.5"
"FE-002","1967-05","68.5"
"FE-002","1967-06","68.5"
"FE-002","1967-07","68.5"
"FE-002","1967-08","68.5"
"FE-002","1967-09","68.5"
"FE-002","1967-10","68.5"
"FE-002","1967-11","68.5"
"FE-002","1967-12","68.5"
"FE-002","1968-01","60.5"
"FE-002","1968-02","60.5"
"FE-002","1968-03","60.5"
"FE-002","1968-04","60.5"
"FE-002","1968-05","60.5"
"FE-002","1968-06","60.5"
"FE-002","1968-07","60.5"
"FE-002","1968-08","60.5"
"FE-002","1968-09","60.5"
"FE-002","1968-10","60.5"
"FE-002","1968-11","60.5"
"FE-002","1968-12","60.5"
"FE-002","1969-01","58"
"FE-002","1969-02","58"
"FE-002","1969-03","58"
"FE-002","1969-04","58"
"FE-002","1969-05","58"
"FE-002","1969-06","58"
"FE-002","1969-07","58"
"FE-002","1969-08","58"
"FE-002","1969-09","58"
"FE-002","1969-10","58"
"FE-002","1969-11","58"
"FE-002","1969-12","58"
"FE-002","1970-01","54"
"FE-002","1970-02","54"
"FE-002","1970-03","54"
"FE-002","1970-04","54"
"FE-002","1970-05","54"
"FE-002","1970-06","54"
"FE-002","1970-07","54"
"FE-002","1970-08","54"
"FE-002","1970-09","54"
"FE-002","1970-10","54"
"FE-002","1970-11","54"
"FE-002","1970-12","54"
"FE-002","1971-01","57.5"
"FE-002","1971-02","57.5"
"FE-002","1971-03","57.5"
"FE-002","1971-04","57.5"
"FE-002","1971-05","57.5"
"FE-002","1971-06","57.5"
"FE-002","1971-07","66"
"FE-002","1971-08","66"
"FE-002","1971-09","66"
"FE-002","1971-10","66"
"FE-002","1971-11","66"
"FE-002","1971-12","66"
"FE-002","1972-01","83"
"FE-002","1972-02","83"
"FE-002","1972-03","83"
"FE-002","1972-04","83"
"FE-002","1972-05","83"
"FE-002","1972-06","83"
"FE-002","1972-07","99"
"FE-002","1972-08","99"
"FE-002","1972-09","99"
"FE-002","1972-10","99"
"FE-002","1972-11","99"
"FE-002","1972-12","99"
"FE-002","1973-01","105"
"FE-002","1973-02","105"
"FE-002","1973-03","105"
"FE-002","1973-04","105"
"FE-002","1973-05","105"
"FE-002","1973-06","105"
"FE-002","1973-07","132.5"
"FE-002","1973-08","132.5"
"FE-002","1973-09","132.5"
"FE-002","1973-10","132.5"
"FE-002","1973-11","132.5"
"FE-002","1973-12","132.5"
"FE-002","1974-01","215"
"FE-002","1974-02","232.5"
"FE-002","1974-03","262.5"
"FE-002","1974-04","293.8"
"FE-002","1974-05","301.3"
"FE-002","1974-06","339.5"
"FE-002","1974-07","358.1"
"FE-002","1974-08","365"
"FE-002","1974-09","405"
"FE-002","1974-10","405"
"FE-002","1974-11","405"
"FE-002","1974-12","408.8"
"FE-002","1975-01","396"
"FE-002","1975-02","383"
"FE-002","1975-03","363"
"FE-002","1975-04","307"
"FE-002","1975-05","242"
"FE-002","1975-06","194"
"FE-002","1975-07","181"
"FE-002","1975-08","185"
"FE-002","1975-09","192"
"FE-002","1975-10","162"
"FE-002","1975-11","150"
"FE-002","1975-12","155"
"FE-002","1976-01","130"
"FE-002","1976-02","125"
"FE-002","1976-03","126"
"FE-002","1976-04","113"
"FE-002","1976-05","104"
"FE-002","1976-06","100"
"FE-002","1976-07","120"
"FE-002","1976-08","125"
"FE-002","1976-09","140"
"FE-002","1976-10","128"
"FE-002","1976-11","115"
"FE-002","1976-12","113"
"FE-002","1977-01","130"
"FE-002","1977-02","133"
"FE-002","1977-03","137"
"FE-002","1977-04","134"
"FE-002","1977-05","129"
"FE-002","1977-06","133"
"FE-002","1977-07","133"
"FE-002","1977-08","143"
"FE-002","1977-09","148"
"FE-002","1977-10","138"
"FE-002","1977-11","123"
"FE-002","1977-12","128"
"FE-002","1978-01","138"
"FE-002","1978-02","138"
"FE-002","1978-03","137"
"FE-002","1978-04","131"
"FE-002","1978-05","128"
"FE-002","1978-06","130"
"FE-002","1978-07","137"
"FE-002","1978-08","143"
"FE-002","1978-09","151.5"
"FE-002","1978-10","151.5"
"FE-002","1978-11","151.5"
"FE-002","1978-12","141.5"
"FE-002","1979-01","153"
"FE-002","1979-02","157.5"
"FE-002","1979-03","162.5"
"FE-002","1979-04","164"
"FE-002","1979-05","162"
"FE-002","1979-06","175.5"
"FE-002","1979-07","187.5"
"FE-002","1979-08","207.5"
"FE-002","1979-09","215"
"FE-002","1979-10","247.5"
"FE-002","1979-11","242"
"FE-002","1979-12","246"
"FE-002","1980-01","257"
"FE-002","1980-02","257.5"
"FE-002","1980-03","260.5"
"FE-002","1980-04","202.5"
"FE-002","1980-05","211"
"FE-002","1980-06","212.5"
"FE-002","1980-07","215"
"FE-002","1980-08","215"
"FE-002","1980-09","205"
"FE-002","1980-10","202.5"
"FE-002","1980-11","214"
"FE-002","1980-12","214"
"FE-002","1981-01","227.5"
"FE-002","1981-02","226"
"FE-002","1981-03","207.5"
"FE-002","1981-04","193"
"FE-002","1981-05","195.5"
"FE-002","1981-06","190"
"FE-002","1981-07","177.5"
"FE-002","1981-08","179.5"
"FE-002","1981-09","130"
"FE-002","1981-10","122.5"
"FE-002","1981-11","145"
"FE-002","1981-12","137.5"
"FE-002","1982-01","135"
"FE-002","1982-02","190"
"FE-002","1982-03","190"
"FE-002","1982-04","168.5"
"FE-002","1982-05","166"
"FE-002","1982-06","167"
"FE-002","1982-07","168"
"FE-002","1982-08","165.5"
"FE-002","1982-09","167"
"FE-002","1982-10","163.5"
"FE-002","1982-11","160.5"
"FE-002","1982-12","158.5"
"FE-002","1983-01","150.5"
"FE-002","1983-02","164"
"FE-002","1983-03","179.5"
"FE-002","1983-04","180.5"
"FE-002","1983-05","171.5"
"FE-002","1983-06","158.5"
"FE-002","1983-07","157.5"
"FE-002","1983-08","154.5"
"FE-002","1983-09","160"
"FE-002","1983-10","174"
"FE-002","1983-11","188.5"
"FE-002","1983-12","190"
"FE-002","1984-01","191.5"
"FE-002","1984-02","204"
"FE-002","1984-03","201"
"FE-002","1984-04","198.5"
"FE-002","1984-05","171.5"
"FE-002","1984-06","156"
"FE-002","1984-07","163.5"
"FE-002","1984-08","170.5"
"FE-002","1984-09","168"
"FE-002","1984-10","166"
"FE-002","1984-11","160.5"
"FE-002","1984-12","156.5"
"FE-002","1985-01","158.5"
"FE-002","1985-02","156"
"FE-002","1985-03","179.5"
"FE-002","1985-04","179.5"
"FE-002","1985-05","154"
"FE-002","1985-06","151.5"
"FE-002","1985-07","151"
"FE-002","1985-08","155.5"
"FE-002","1985-09","154"
"FE-002","1985-10","151"
"FE-002","1985-11","149"
"FE-002","1985-12","146.5"
"FE-002","1986-01","145.5"
"FE-002","1986-02","143"
"FE-002","1986-03","148"
"FE-002","1986-04","149"
"FE-002","1986-05","148"
"FE-002","1986-06","140.5"
"FE-002","1986-07","135.5"
"FE-002","1986-08","135.5"
"FE-002","1986-09","129.5"
"FE-002","1986-10","134.5"
"FE-002","1986-11","127"
"FE-002","1986-12","122"
"FE-002","1987-01","140"
"FE-002","1987-02","161"
"FE-002","1987-03","165"
"FE-002","1987-04","157.5"
"FE-002","1987-05","151.5"
"FE-002","1987-06","149"
"FE-002","1987-07","159.5"
"FE-002","1987-08","167"
"FE-002","1987-09","167.5"
"FE-002","1987-10","163"
"FE-002","1987-11","165"
"FE-002","1987-12","174"
"FE-002","1988-01","189"
"FE-002","1988-02","194.5"
"FE-002","1988-03","189"
"FE-002","1988-04","194.5"
"FE-002","1988-05","175.5"
"FE-002","1988-06","166.5"
"FE-002","1988-07","177"
"FE-002","1988-08","176.5"
"FE-002","1988-09","173.5"
"FE-002","1988-10","174.5"
"FE-002","1988-11","173"
"FE-002","1988-12","178.5"
"FE-002","1989-01","181"
"FE-002","1989-02","178.5"
"FE-002","1989-03","176.5"
"FE-002","1989-04","167.5"
"FE-002","1989-05","152.5"
"FE-002","1989-06","142.5"
"FE-002","1989-07","137.5"
"FE-002","1989-08","144"
"FE-002","1989-09","156"
"FE-002","1989-10","148"
"FE-002","1989-11","142"
"FE-002","1989-12","137.5"
"FE-002","1990-01","138.5"
"FE-002","1990-02","139.8"
"FE-002","1990-03","146"
"FE-002","1990-04","155.2"
"FE-002","1990-05","149.1"
"FE-002","1990-06","152.8"
"FE-002","1990-07","160.7"
"FE-002","1990-08","160.5"
"FE-002","1990-09","165.9"
"FE-002","1990-10","165.7"
"FE-002","1990-11","163.4"
"FE-002","1990-12","158.6"
"FE-002","1991-01","157.4"
"FE-002","1991-02","160.6"
"FE-002","1991-03","163.6"
"FE-002","1991-04","166"
"FE-002","1991-05","165.3"
"FE-002","1991-06","159.3"
"FE-002","1991-07","163.5"
"FE-002","1991-08","161.9"
"FE-002","1991-09","159.5"
"FE-002","1991-10","155"
"FE-002","1991-11","143.5"
"FE-002","1991-12","143.5"
"FE-002","1992-01","145.3"
"FE-002","1992-02","147.9"
"FE-002","1992-03","144.8"
"FE-002","1992-04","142.8"
"FE-002","1992-05","140.5"
"FE-002","1992-06","143.5"
"FE-002","1992-07","146"
"FE-002","1992-08","131.4"
"FE-002","1992-09","131.3"
"FE-002","1992-10","130.1"
"FE-002","1992-11","126.4"
"FE-002","1992-12","124.6"
"FE-002","1993-01","123.8"
"FE-002","1993-02","120.3"
"FE-002","1993-03","115.1"
"FE-002","1993-04","112.8"
"FE-002","1993-05","115.1"
"FE-002","1993-06","113.9"
"FE-002","1993-07","112.9"
"FE-002","1993-08","113.1"
"FE-002","1993-09","116.9"
"FE-002","1993-10","129.5"
"FE-002","1993-11","140.4"
"FE-002","1993-12","150.4"
"FE-002","1994-01","150"
"FE-002","1994-02","151.8"
"FE-002","1994-03","155.9"
"FE-002","1994-04","162.3"
"FE-002","1994-05","159.2"
"FE-002","1994-06","157.6"
"FE-002","1994-07","158.6"
"FE-002","1994-08","161.1"
"FE-002","1994-09","164"
"FE-002","1994-10","167.1"
"FE-002","1994-11","165.9"
"FE-002","1994-12","171.7"
"FE-002","1995-01","188.2"
"FE-002","1995-02","198.6"
"FE-002","1995-03","205.6"
"FE-002","1995-04","204.5"
"FE-002","1995-05","197.8"
"FE-002","1995-06","185.6"
"FE-002","1995-07","180.8"
"FE-002","1995-08","185.3"
"FE-002","1995-09","192"
"FE-002","1995-10","204.8"
"FE-002","1995-11","224.9"
"FE-002","1995-12","229.2"
"FE-002","1996-01","226.3"
"FE-002","1996-02","225.9"
"FE-002","1996-03","221"
"FE-002","1996-04","210.8"
"FE-002","1996-05","186.1"
"FE-002","1996-06","182.1"
"FE-002","1996-07","188"
"FE-002","1996-08","189.9"
"FE-002","1996-09","186.7"
"FE-002","1996-10","183.8"
"FE-002","1996-11","188.3"
"FE-002","1996-12","188.5"
"FE-002","1997-01","188"
"FE-002","1997-02","187.4"
"FE-002","1997-03","187.4"
"FE-002","1997-04","188.5"
"FE-002","1997-05","188.5"
"FE-002","1997-06","187"
"FE-002","1997-07","186.9"
"FE-002","1997-08","186.6"
"FE-002","1997-09","186.6"
"FE-002","1997-10","186"
"FE-002","1997-11","185.5"
"FE-002","1997-12","185.5"
"FE-002","1998-01","184"
"FE-002","1998-02","183.5"
"FE-002","1998-03","183.5"
"FE-002","1998-04","185"
"FE-002","1998-05","186.5"
"FE-002","1998-06","189.2"
"FE-002","1998-07","190.5"
"FE-002","1998-08","190.5"
"FE-002","1998-09","190.5"
"FE-002","1998-10","189.6"
"FE-002","1998-11","186.7"
"FE-002","1998-12","182.8"
"FE-002","1999-01","181.8"
"FE-002","1999-02","181.6"
"FE-002","1999-03","181.8"
"FE-002","1999-04","180.5"
"FE-002","1999-05","180.5"
"FE-002","1999-06","180.5"
"FE-002","1999-07","177"
"FE-002","1999-08","172.4"
"FE-002","1999-09","164.4"
"FE-002","1999-10","157"
"FE-002","1999-11","148.3"
"FE-002","1999-12","147.5"
"FE-002","2000-01","147.2"
"FE-002","2000-02","144.5"
"FE-002","2000-03","143"
"FE-002","2000-04","143"
"FE-002","2000-05","143"
"FE-002","2000-06","142"
"FE-002","2000-07","140.3"
"FE-002","2000-08","148.6"
"FE-002","2000-09","157.5"
"FE-002","2000-10","155.9"
"FE-002","2000-11","153.5"
"FE-002","2000-12","153.5"
"FE-002","2001-01","154.5"
"FE-002","2001-02","159"
"FE-002","2001-03","159.1"
"FE-002","2001-04","151.3"
"FE-002","2001-05","142"
"FE-002","2001-06","133.1"
"FE-002","2001-07","135"
"FE-002","2001-08","135"
"FE-002","2001-09","135"
"FE-002","2001-10","135.9"
"FE-002","2001-11","140.5"
"FE-002","2001-12","141.7"
"FE-002","2002-01","146"
"FE-002","2002-02","150.3"
"FE-002","2002-03","149.8"
"FE-002","2002-04","147.8"
"FE-002","2002-05","143.9"
"FE-002","2002-06","149.5"
"FE-002","2002-07","160.5"
"FE-002","2002-08","162.5"
"FE-002","2002-09","160.9"
"FE-002","2002-10","156.3"
"FE-002","2002-11","151.5"
"FE-002","2002-12","147.5"
"FE-002","2003-01","149.8"
"FE-002","2003-02","155.3"
"FE-002","2003-03","177.2"
"FE-002","2003-04","181.5"
"FE-002","2003-05","178.4"
"FE-002","2003-06","171.3"
"FE-002","2003-07","176.4"
"FE-002","2003-08","175.6"
"FE-002","2003-09","171.3"
"FE-002","2003-10","166.4"
"FE-002","2003-11","169.4"
"FE-002","2003-12","187.5"
"FE-002","2004-01","204.3"
"FE-002","2004-02","211.5"
"FE-002","2004-03","205.3"
"FE-002","2004-04","199.4"
"FE-002","2004-05","191.1"
"FE-002","2004-06","190.6"
"FE-002","2004-07","201.5"
"FE-002","2004-08","208.1"
"FE-002","2004-09","208.5"
"FE-002","2004-10","211.8"
"FE-002","2004-11","213.8"
"FE-002","2004-12","211.1"
"FE-002","2005-01","208.6"
"FE-002","2005-02","207.1"
"FE-002","2005-03","210.6"
"FE-002","2005-04","214.8"
"FE-002","2005-05","217.2"
"FE-002","2005-06","224.3"
"FE-002","2005-07","228.3"
"FE-002","2005-08","231.5"
"FE-002","2005-09","240.8"
"FE-002","2005-10","246.4"
"FE-002","2005-11","246.1"
"FE-002","2005-12","245.9"
"FE-002","2006-01","244.3"
"FE-002","2006-02","238.1"
"FE-002","2006-03","233.6"
"FE-002","2006-04","231.8"
"FE-002","2006-05","232.9"
"FE-002","2006-06","232.4"
"FE-002","2006-07","230.3"
"FE-002","2006-08","228.3"
"FE-002","2006-09","225.1"
"FE-002","2006-10","218.5"
"FE-002","2006-11","219.4"
"FE-002","2006-12","223.8"
"FE-002","2007-01","249.2"
"FE-002","2007-02","317.6"
"FE-002","2007-03","387"
"FE-002","2007-04","404.6"
"FE-002","2007-05","392"
"FE-002","2007-06","387.9"
"FE-002","2007-07","398.5"
"FE-002","2007-08","401.6"
"FE-002","2007-09","399.6"
"FE-002","2007-10","406"
"FE-002","2007-11","447"
"FE-002","2007-12","512.5"
"FE-002","2008-01","593.9"
"FE-002","2008-02","692.5"
"FE-002","2008-03","862.2"
"FE-002","2008-04","953.5"
"FE-002","2008-05","997.5"
"FE-002","2008-06","1004.1"
"FE-002","2008-07","1075.8"
"FE-002","2008-08","1065"
"FE-002","2008-09","980"
"FE-002","2008-10","910"
"FE-002","2008-11","710"
"FE-002","2008-12","495"
"FE-002","2009-01","308.9"
"FE-002","2009-02","313.8"
"FE-002","2009-03","317.8"
"FE-002","2009-04","300.6"
"FE-002","2009-05","267.9"
"FE-002","2009-06","256.1"
"FE-002","2009-07","263.3"
"FE-002","2009-08","276.4"
"FE-002","2009-09","280.6"
"FE-002","2009-10","271.6"
"FE-002","2009-11","273.2"
"FE-002","2009-12","331.5"
"FE-002","2010-01","383"
"FE-002","2010-02","413.6"
"FE-002","2010-03","424.5"
"FE-002","2010-04","417.5"
"FE-002","2010-05","410"
"FE-002","2010-06","392.5"
"FE-002","2010-07","418.1"
"FE-002","2010-08","459.9"
"FE-002","2010-09","506"
"FE-002","2010-10","557.3"
"FE-002","2010-11","554.1"
"FE-002","2010-12","540.6"
"FE-002","2011-01","547.4"
"FE-002","2011-02","413.6"
"FE-002","2011-03","424.5"
"FE-002","2011-04","417.5"
"FE-002","2011-05","410"
"FE-002","2011-06","575.9"
"FE-002","2011-07","597.6"
"FE-002","2011-08","597.4"
"FE-002","2011-09","587.9"
"FE-002","2011-10","571.4"
"FE-002","2011-11","563.5"
"FE-002","2011-12","488.8"
"FE-002","2012-01","451.4"
"FE-002","2012-02","435.5"
"FE-002","2012-03","442.9"
"FE-002","2012-04","478"
"FE-002","2012-05","490.5"
"FE-002","2012-06","501.6"
"FE-002","2012-07","436.9"
"FE-002","2012-08","504.5"
"FE-002","2012-09","527.4"
"FE-002","2012-10","533.5"
"FE-002","2012-11","487.9"
"FE-002","2012-12","472.8"
"FE-002","2013-01","462.3"
"FE-002","2013-02","464.5"
"FE-002","2013-03","467.6"
"FE-002","2013-04","461.1"
"FE-002","2013-05","421.3"
"FE-002","2013-06","424.1"
"FE-002","2013-07","409.6"
"FE-002","2013-08","400.4"
"FE-002","2013-09","374.8"
"FE-002","2013-10","370"
"FE-002","2013-11","334.4"
"FE-002","2013-12","341.6"
"FE-002","2014-01","403.4"
"FE-002","2014-02","450.1"
"FE-002","2014-03","486.5"
"FE-002","2014-04","409"
"FE-002","2014-05","413.6"
"FE-002","2014-06","421.4"
"FE-002","2014-07","440.6"
"FE-002","2014-08","446.5"
"FE-002","2014-09","438.1"
"FE-002","2014-10","418.8"
"FE-002","2014-11","408.8"
"FE-002","2014-12","418.4"
"FE-002","2015-01","440.3"
"FE-002","2015-02","444.1"
"FE-002","2015-03","428.8"
"FE-002","2015-04","409"
"FE-002","2015-05","413.6"
"FE-002","2015-06","421.4"
"FE-002","2015-07","431.5"
"FE-002","2015-08","434.6"
"FE-002","2015-09","428"
"FE-002","2015-10","423.8"
"FE-002","2015-11","383.9"
"FE-002","2015-12","340.6"
"FE-002","2016-01","327.1"
"FE-002","2016-02","326"
"FE-002","2016-03","338.1"
"FE-002","2016-04","330.5"
"FE-002","2016-05","313.5"
"FE-002","2016-06","306.6"
"FE-002","2016-07","305.2"
"FE-002","2016-08","318.1"
"FE-002","2016-09","320"
"FE-002","2016-10","310"
"FE-002","2016-11","298"
"FE-002","2016-12","296.6"
"FE-002","2017-01","308"
"FE-002","2017-02","326"
"FE-002","2017-03","325.6"
"FE-002","2017-04","313.1"
"FE-002","2017-05","309.3"
"FE-002","2017-06","310.3"
"FE-002","2017-07","313.8"
"FE-002","2017-08","320.8"
"FE-002","2017-09","325.9"
"FE-002","2017-10","322.4"
"FE-002","2017-11","344"
"FE-002","2017-12","357.3"
"FE-002","2018-01","360.4"
"FE-002","2018-02","370"
"FE-002","2018-03","378"
"FE-002","2018-04","384.8"
"FE-002","2018-05","384.4"
"FE-002","2018-06","391.6"
"FE-002","2018-07","400.8"
"FE-002","2018-08","409"
"FE-002","2018-09","421.6"
"FE-002","2018-10","420.8"
"FE-002","2018-11","410.2"
"FE-002","2018-12","389.7"
"FE-002","2019-01","382.1"
"FE-002","2019-02","357.4"
"FE-002","2019-03","335"
"FE-002","2019-04","323.8"
"FE-002","2019-05","313.4"
"FE-002","2019-06","314.9"
"FE-002","2019-07","307.5"
"FE-002","2019-08","292.9"
"FE-002","2019-09","285.8"
"FE-002","2019-10","277.4"
"FE-002","2019-11","248"
"FE-002","2019-12","238.2"
"FE-002","2020-01","264.9"
"FE-002","2020-02","279.4"
"FE-002","2020-03","276.2"
"FE-002","2020-04","282"
"FE-002","2020-05","263"
"FE-002","2020-06","273"
"FE-002","2020-07","305.1"
"FE-002","2020-08","341.9"
"FE-002","2020-09","358.4"
"FE-002","2020-10","357.1"
"FE-002","2020-11","359.6"
"FE-002","2020-12","388.5"
"FE-002","2021-01","421.3"
"FE-002","2021-02","528.9"
"FE-002","2021-03","534.1"
"FE-002","2021-04","543.4"
"FE-002","2021-05","574.6"
"FE-002","2021-06","604.8"
"FE-002","2021-07","613"
"FE-002","2021-08","603.1"
"FE-002","2021-09","643.8"
"FE-002","2021-10","672.9"
"FE-002","2021-11","726.7"
"FE-002","2021-12","745"
"FE-002","2022-01","699.4"
"FE-002","2022-02","747.1"
"FE-002","2022-03","938.1"
"FE-002","2022-04","954"
"FE-002","2022-05","842.5"
"FE-002","2022-06","783.8"
"FE-002","2022-07","784"
"FE-002","2022-08","749.4"
"FE-002","2022-09","752"
"FE-002","2022-10","725"
"FE-002","2022-11","665.6"
"FE-002","2022-12","625"
"FE-002","2023-01","631"
"FE-002","2023-02","612.5"
"FE-002","2023-03","606"
"FE-002","2023-04","637"
"FE-002","2023-05","510"
"FE-002","2023-06","454.6"
"FE-002","2023-07","458.8"
"FE-002","2023-08","528.8"
"FE-002","2023-09","527.9"
"FE-002","2023-10","534.8"
"FE-002","2023-11","535.6"
"FE-002","2023-12","563.8"
"FE-002","2024-01","596.3"
"FE-002","2024-02","583.8"
"FE-002","2024-03","617.5"
"FE-002","2024-04","545"
"FE-002","2024-05","522"
"FE-002","2024-06","543"
"FE-002","2024-07","539.4"
"FE-002","2024-08","546"
"FE-002","2024-09","554.8"
"FE-002","2024-10","573.4"
"FE-002","2024-11","574.5"
"FE-002","2024-12","568.3"
"FE-002","2025-01","582.7"
"FE-002","2025-02","603.8"
"FE-002","2025-03","615.1"
"FE-002","2025-04","635"
"FE-002","2025-05","669.2"
"FE-002","2025-06","715.4"
"FE-002","2025-07","736"
"FE-002","2025-08","795.1"
"FE-002","2025-09","780.6"
"FE-002","2025-10","754"
"FE-002","2025-11","708.3"
"FE-002","2025-12","627.5"
"FE-002","2026-01","619.2"
"FE-002","2026-02","626.5"
"FE-002","2026-03","658.3"
"FE-002","2026-04","725.3"
"FE-002","2026-05","769.5"
"FE-002","2026-06","783.8"
"FE-003","1960-01","53"
"FE-003","1960-02","53"
"FE-003","1960-03","53"
"FE-003","1960-04","53"
"FE-003","1960-05","53"
"FE-003","1960-06","53"
"FE-003","1960-07","53"
"FE-003","1960-08","53"
"FE-003","1960-09","53"
"FE-003","1960-10","53"
"FE-003","1960-11","53"
"FE-003","1960-12","53"
"FE-003","1961-01","52"
"FE-003","1961-02","52"
"FE-003","1961-03","52"
"FE-003","1961-04","52"
"FE-003","1961-05","52"
"FE-003","1961-06","52"
"FE-003","1961-07","52"
"FE-003","1961-08","52"
"FE-003","1961-09","52"
"FE-003","1961-10","52"
"FE-003","1961-11","52"
"FE-003","1961-12","52"
"FE-003","1962-01","51"
"FE-003","1962-02","51"
"FE-003","1962-03","51"
"FE-003","1962-04","51"
"FE-003","1962-05","51"
"FE-003","1962-06","51"
"FE-003","1962-07","51"
"FE-003","1962-08","51"
"FE-003","1962-09","51"
"FE-003","1962-10","51"
"FE-003","1962-11","51"
"FE-003","1962-12","51"
"FE-003","1963-01","52"
"FE-003","1963-02","52"
"FE-003","1963-03","52"
"FE-003","1963-04","52"
"FE-003","1963-05","52"
"FE-003","1963-06","52"
"FE-003","1963-07","52"
"FE-003","1963-08","52"
"FE-003","1963-09","52"
"FE-003","1963-10","52"
"FE-003","1963-11","52"
"FE-003","1963-12","52"
"FE-003","1964-01","53"
"FE-003","1964-02","53"
"FE-003","1964-03","53"
"FE-003","1964-04","53"
"FE-003","1964-05","53"
"FE-003","1964-06","53"
"FE-003","1964-07","53"
"FE-003","1964-08","53"
"FE-003","1964-09","53"
"FE-003","1964-10","53"
"FE-003","1964-11","53"
"FE-003","1964-12","53"
"FE-003","1965-01","54"
"FE-003","1965-02","54"
"FE-003","1965-03","54"
"FE-003","1965-04","54"
"FE-003","1965-05","54"
"FE-003","1965-06","54"
"FE-003","1965-07","54"
"FE-003","1965-08","54"
"FE-003","1965-09","54"
"FE-003","1965-10","54"
"FE-003","1965-11","54"
"FE-003","1965-12","54"
"FE-003","1966-01","50"
"FE-003","1966-02","50"
"FE-003","1966-03","50"
"FE-003","1966-04","50"
"FE-003","1966-05","50"
"FE-003","1966-06","50"
"FE-003","1966-07","50"
"FE-003","1966-08","50"
"FE-003","1966-09","50"
"FE-003","1966-10","50"
"FE-003","1966-11","50"
"FE-003","1966-12","50"
"FE-003","1967-01","46.5"
"FE-003","1967-02","46.5"
"FE-003","1967-03","46.5"
"FE-003","1967-04","46.5"
"FE-003","1967-05","46.5"
"FE-003","1967-06","46.5"
"FE-003","1967-07","43.5"
"FE-003","1967-08","43.5"
"FE-003","1967-09","43.5"
"FE-003","1967-10","43.5"
"FE-003","1967-11","43.5"
"FE-003","1967-12","43.5"
"FE-003","1968-01","39"
"FE-003","1968-02","39"
"FE-003","1968-03","39"
"FE-003","1968-04","39"
"FE-003","1968-05","39"
"FE-003","1968-06","39"
"FE-003","1968-07","36"
"FE-003","1968-08","36"
"FE-003","1968-09","36"
"FE-003","1968-10","36"
"FE-003","1968-11","36"
"FE-003","1968-12","36"
"FE-003","1969-01","38.5"
"FE-003","1969-02","38.5"
"FE-003","1969-03","38.5"
"FE-003","1969-04","38.5"
"FE-003","1969-05","38.5"
"FE-003","1969-06","38.5"
"FE-003","1969-07","40"
"FE-003","1969-08","40"
"FE-003","1969-09","40"
"FE-003","1969-10","40"
"FE-003","1969-11","40"
"FE-003","1969-12","40"
"FE-003","1970-01","44"
"FE-003","1970-02","44"
"FE-003","1970-03","44"
"FE-003","1970-04","44"
"FE-003","1970-05","44"
"FE-003","1970-06","44"
"FE-003","1970-07","41"
"FE-003","1970-08","41"
"FE-003","1970-09","41"
"FE-003","1970-10","41"
"FE-003","1970-11","41"
"FE-003","1970-12","41"
"FE-003","1971-01","40"
"FE-003","1971-02","40"
"FE-003","1971-03","40"
"FE-003","1971-04","40"
"FE-003","1971-05","40"
"FE-003","1971-06","40"
"FE-003","1971-07","46.5"
"FE-003","1971-08","46.5"
"FE-003","1971-09","46.5"
"FE-003","1971-10","46.5"
"FE-003","1971-11","46.5"
"FE-003","1971-12","46.5"
"FE-003","1972-01","60"
"FE-003","1972-02","60"
"FE-003","1972-03","60"
"FE-003","1972-04","60"
"FE-003","1972-05","60"
"FE-003","1972-06","60"
"FE-003","1972-07","75"
"FE-003","1972-08","75"
"FE-003","1972-09","75"
"FE-003","1972-10","75"
"FE-003","1972-11","75"
"FE-003","1972-12","75"
"FE-003","1973-01","84"
"FE-003","1973-02","84"
"FE-003","1973-03","84"
"FE-003","1973-04","84"
"FE-003","1973-05","84"
"FE-003","1973-06","84"
"FE-003","1973-07","115"
"FE-003","1973-08","115"
"FE-003","1973-09","115"
"FE-003","1973-10","115"
"FE-003","1973-11","115"
"FE-003","1973-12","115"
"FE-003","1974-01","180"
"FE-003","1974-02","220"
"FE-003","1974-03","242"
"FE-003","1974-04","281"
"FE-003","1974-05","294"
"FE-003","1974-06","336"
"FE-003","1974-07","341"
"FE-003","1974-08","337"
"FE-003","1974-09","361"
"FE-003","1974-10","355"
"FE-003","1974-11","355"
"FE-003","1974-12","341"
"FE-003","1975-01","335"
"FE-003","1975-02","320"
"FE-003","1975-03","297"
"FE-003","1975-04","249"
"FE-003","1975-05","206"
"FE-003","1975-06","172"
"FE-003","1975-07","158"
"FE-003","1975-08","158"
"FE-003","1975-09","158"
"FE-003","1975-10","131"
"FE-003","1975-11","123"
"FE-003","1975-12","123"
"FE-003","1976-01","105"
"FE-003","1976-02","98"
"FE-003","1976-03","98"
"FE-003","1976-04","90"
"FE-003","1976-05","80"
"FE-003","1976-06","80"
"FE-003","1976-07","85"
"FE-003","1976-08","93"
"FE-003","1976-09","100"
"FE-003","1976-10","93"
"FE-003","1976-11","86"
"FE-003","1976-12","83"
"FE-003","1977-01","95"
"FE-003","1977-02","95"
"FE-003","1977-03","99"
"FE-003","1977-04","98"
"FE-003","1977-05","92"
"FE-003","1977-06","96"
"FE-003","1977-07","95"
"FE-003","1977-08","104"
"FE-003","1977-09","108"
"FE-003","1977-10","107"
"FE-003","1977-11","93"
"FE-003","1977-12","93"
"FE-003","1978-01","98"
"FE-003","1978-02","93"
"FE-003","1978-03","97"
"FE-003","1978-04","97"
"FE-003","1978-05","93"
"FE-003","1978-06","92"
"FE-003","1978-07","95"
"FE-003","1978-08","102"
"FE-003","1978-09","105.5"
"FE-003","1978-10","105.5"
"FE-003","1978-11","101"
"FE-003","1978-12","97.5"
"FE-003","1979-01","109.5"
"FE-003","1979-02","116.5"
"FE-003","1979-03","132"
"FE-003","1979-04","134.2"
"FE-003","1979-05","130.5"
"FE-003","1979-06","131.5"
"FE-003","1979-07","141.5"
"FE-003","1979-08","151.5"
"FE-003","1979-09","153"
"FE-003","1979-10","177.5"
"FE-003","1979-11","187"
"FE-003","1979-12","190"
"FE-003","1980-01","197.5"
"FE-003","1980-02","195"
"FE-003","1980-03","200"
"FE-003","1980-04","182.5"
"FE-003","1980-05","171"
"FE-003","1980-06","170"
"FE-003","1980-07","173"
"FE-003","1980-08","167.5"
"FE-003","1980-09","165"
"FE-003","1980-10","164.5"
"FE-003","1980-11","175.5"
"FE-003","1980-12","201.5"
"FE-003","1981-01","202.5"
"FE-003","1981-02","204.5"
"FE-003","1981-03","187.5"
"FE-003","1981-04","177.5"
"FE-003","1981-05","161"
"FE-003","1981-06","157.5"
"FE-003","1981-07","146.5"
"FE-003","1981-08","137.5"
"FE-003","1981-09","139"
"FE-003","1981-10","133.5"
"FE-003","1981-11","146.5"
"FE-003","1981-12","142.5"
"FE-003","1982-01","155"
"FE-003","1982-02","157.5"
"FE-003","1982-03","140"
"FE-003","1982-04","135.5"
"FE-003","1982-05","138.5"
"FE-003","1982-06","133"
"FE-003","1982-07","133.5"
"FE-003","1982-08","135.5"
"FE-003","1982-09","135"
"FE-003","1982-10","134"
"FE-003","1982-11","131.5"
"FE-003","1982-12","132"
"FE-003","1983-01","137.5"
"FE-003","1983-02","134.5"
"FE-003","1983-03","145"
"FE-003","1983-04","136"
"FE-003","1983-05","132.5"
"FE-003","1983-06","127.5"
"FE-003","1983-07","128"
"FE-003","1983-08","122.5"
"FE-003","1983-09","124.5"
"FE-003","1983-10","145"
"FE-003","1983-11","140.5"
"FE-003","1983-12","142.5"
"FE-003","1984-01","142.5"
"FE-003","1984-02","142.5"
"FE-003","1984-03","132.5"
"FE-003","1984-04","125"
"FE-003","1984-05","116"
"FE-003","1984-06","120"
"FE-003","1984-07","132.5"
"FE-003","1984-08","137.5"
"FE-003","1984-09","137.5"
"FE-003","1984-10","137.5"
"FE-003","1984-11","127.5"
"FE-003","1984-12","124"
"FE-003","1985-01","117.5"
"FE-003","1985-02","113.5"
"FE-003","1985-03","114"
"FE-003","1985-04","116"
"FE-003","1985-05","116"
"FE-003","1985-06","112"
"FE-003","1985-07","114.5"
"FE-003","1985-08","122.5"
"FE-003","1985-09","126"
"FE-003","1985-10","132.5"
"FE-003","1985-11","135"
"FE-003","1985-12","137"
"FE-003","1986-01","133"
"FE-003","1986-02","134.5"
"FE-003","1986-03","139"
"FE-003","1986-04","140"
"FE-003","1986-05","127"
"FE-003","1986-06","118.5"
"FE-003","1986-07","110.5"
"FE-003","1986-08","108"
"FE-003","1986-09","111"
"FE-003","1986-10","116"
"FE-003","1986-11","108"
"FE-003","1986-12","108.5"
"FE-003","1987-01","113.5"
"FE-003","1987-02","126.5"
"FE-003","1987-03","131"
"FE-003","1987-04","132.5"
"FE-003","1987-05","132.5"
"FE-003","1987-06","139.5"
"FE-003","1987-07","146.5"
"FE-003","1987-08","152.5"
"FE-003","1987-09","149.5"
"FE-003","1987-10","145.5"
"FE-003","1987-11","144"
"FE-003","1987-12","142.5"
"FE-003","1988-01","154.5"
"FE-003","1988-02","153.5"
"FE-003","1988-03","154"
"FE-003","1988-04","154"
"FE-003","1988-05","154"
"FE-003","1988-06","157.5"
"FE-003","1988-07","157.5"
"FE-003","1988-08","161.5"
"FE-003","1988-09","162"
"FE-003","1988-10","164"
"FE-003","1988-11","164"
"FE-003","1988-12","164"
"FE-003","1989-01","164"
"FE-003","1989-02","164"
"FE-003","1989-03","158"
"FE-003","1989-04","156.5"
"FE-003","1989-05","149"
"FE-003","1989-06","140.5"
"FE-003","1989-07","140.5"
"FE-003","1989-08","136.5"
"FE-003","1989-09","136.5"
"FE-003","1989-10","130.5"
"FE-003","1989-11","126"
"FE-003","1989-12","126"
"FE-003","1990-01","109.5"
"FE-003","1990-02","112"
"FE-003","1990-03","112"
"FE-003","1990-04","127.5"
"FE-003","1990-05","127.5"
"FE-003","1990-06","130"
"FE-003","1990-07","131"
"FE-003","1990-08","135.6"
"FE-003","1990-09","144.3"
"FE-003","1990-10","149.5"
"FE-003","1990-11","152.5"
"FE-003","1990-12","150.5"
"FE-003","1991-01","152.5"
"FE-003","1991-02","152.5"
"FE-003","1991-03","147.5"
"FE-003","1991-04","143.3"
"FE-003","1991-05","130.6"
"FE-003","1991-06","129.5"
"FE-003","1991-07","131"
"FE-003","1991-08","127"
"FE-003","1991-09","122.5"
"FE-003","1991-10","121.1"
"FE-003","1991-11","120"
"FE-003","1991-12","120"
"FE-003","1992-01","120"
"FE-003","1992-02","120"
"FE-003","1992-03","120"
"FE-003","1992-04","120.2"
"FE-003","1992-05","120.5"
"FE-003","1992-06","120.5"
"FE-003","1992-07","120.5"
"FE-003","1992-08","120.8"
"FE-003","1992-09","121.5"
"FE-003","1992-10","121.5"
"FE-003","1992-11","121.5"
"FE-003","1992-12","121.9"
"FE-003","1993-01","121.9"
"FE-003","1993-02","121.5"
"FE-003","1993-03","111"
"FE-003","1993-04","109.6"
"FE-003","1993-05","107.5"
"FE-003","1993-06","105.5"
"FE-003","1993-07","105.1"
"FE-003","1993-08","107.5"
"FE-003","1993-09","107.5"
"FE-003","1993-10","111.3"
"FE-003","1993-11","112.5"
"FE-003","1993-12","122.5"
"FE-003","1994-01","125"
"FE-003","1994-02","125.6"
"FE-003","1994-03","127.5"
"FE-003","1994-04","130"
"FE-003","1994-05","132.5"
"FE-003","1994-06","132.5"
"FE-003","1994-07","132.5"
"FE-003","1994-08","132.5"
"FE-003","1994-09","132.5"
"FE-003","1994-10","136.6"
"FE-003","1994-11","139"
"FE-003","1994-12","139"
"FE-003","1995-01","142.4"
"FE-003","1995-02","147.5"
"FE-003","1995-03","147.5"
"FE-003","1995-04","147.5"
"FE-003","1995-05","147.5"
"FE-003","1995-06","147.5"
"FE-003","1995-07","147.5"
"FE-003","1995-08","147.5"
"FE-003","1995-09","147.5"
"FE-003","1995-10","150"
"FE-003","1995-11","160.7"
"FE-003","1995-12","162.5"
"FE-003","1996-01","162.5"
"FE-003","1996-02","169.1"
"FE-003","1996-03","173.5"
"FE-003","1996-04","173.5"
"FE-003","1996-05","173.5"
"FE-003","1996-06","174.6"
"FE-003","1996-07","175.6"
"FE-003","1996-08","178.6"
"FE-003","1996-09","181.5"
"FE-003","1996-10","182.5"
"FE-003","1996-11","182.5"
"FE-003","1996-12","182.5"
"FE-003","1997-01","181.9"
"FE-003","1997-02","181"
"FE-003","1997-03","181"
"FE-003","1997-04","177.6"
"FE-003","1997-05","170"
"FE-003","1997-06","170"
"FE-003","1997-07","168.2"
"FE-003","1997-08","163.5"
"FE-003","1997-09","163.5"
"FE-003","1997-10","164.3"
"FE-003","1997-11","169.4"
"FE-003","1997-12","172.5"
"FE-003","1998-01","172.5"
"FE-003","1998-02","172.5"
"FE-003","1998-03","172.5"
"FE-003","1998-04","173.7"
"FE-003","1998-05","176.3"
"FE-003","1998-06","177.5"
"FE-003","1998-07","177.5"
"FE-003","1998-08","175"
"FE-003","1998-09","172.5"
"FE-003","1998-10","171.6"
"FE-003","1998-11","167.5"
"FE-003","1998-12","167.5"
"FE-003","1999-01","166.4"
"FE-003","1999-02","163"
"FE-003","1999-03","163"
"FE-003","1999-04","163"
"FE-003","1999-05","163"
"FE-003","1999-06","161.8"
"FE-003","1999-07","153.9"
"FE-003","1999-08","151.3"
"FE-003","1999-09","147.5"
"FE-003","1999-10","145.1"
"FE-003","1999-11","138"
"FE-003","1999-12","138"
"FE-003","2000-01","138"
"FE-003","2000-02","138"
"FE-003","2000-03","138"
"FE-003","2000-04","138"
"FE-003","2000-05","138"
"FE-003","2000-06","138"
"FE-003","2000-07","140.3"
"FE-003","2000-08","142.5"
"FE-003","2000-09","142.5"
"FE-003","2000-10","141.3"
"FE-003","2000-11","129"
"FE-003","2000-12","129"
"FE-003","2001-01","129"
"FE-003","2001-02","129"
"FE-003","2001-03","129"
"FE-003","2001-04","129"
"FE-003","2001-05","125.5"
"FE-003","2001-06","122.5"
"FE-003","2001-07","123.8"
"FE-003","2001-08","125"
"FE-003","2001-09","124.4"
"FE-003","2001-10","124.4"
"FE-003","2001-11","130"
"FE-003","2001-12","131"
"FE-003","2002-01","131"
"FE-003","2002-02","138"
"FE-003","2002-03","138"
"FE-003","2002-04","132"
"FE-003","2002-05","136.1"
"FE-003","2002-06","128.9"
"FE-003","2002-07","127.4"
"FE-003","2002-08","133.3"
"FE-003","2002-09","135.5"
"FE-003","2002-10","133.1"
"FE-003","2002-11","132"
"FE-003","2002-12","131.5"
"FE-003","2003-01","128.6"
"FE-003","2003-02","136"
"FE-003","2003-03","143.8"
"FE-003","2003-04","145"
"FE-003","2003-05","146"
"FE-003","2003-06","148.3"
"FE-003","2003-07","150.9"
"FE-003","2003-08","150"
"FE-003","2003-09","153.6"
"FE-003","2003-10","164"
"FE-003","2003-11","163"
"FE-003","2003-12","162.9"
"FE-003","2004-01","171.6"
"FE-003","2004-02","177.1"
"FE-003","2004-03","177.5"
"FE-003","2004-04","177.5"
"FE-003","2004-05","177.5"
"FE-003","2004-06","177.5"
"FE-003","2004-07","191.5"
"FE-003","2004-08","195"
"FE-003","2004-09","195"
"FE-003","2004-10","195"
"FE-003","2004-11","198.5"
"FE-003","2004-12","202"
"FE-003","2005-01","202"
"FE-003","2005-02","202"
"FE-003","2005-03","202"
"FE-003","2005-04","202"
"FE-003","2005-05","201.6"
"FE-003","2005-06","201.5"
"FE-003","2005-07","201.3"
"FE-003","2005-08","201.4"
"FE-003","2005-09","201"
"FE-003","2005-10","201"
"FE-003","2005-11","201"
"FE-003","2005-12","201"
"FE-003","2006-01","201"
"FE-003","2006-02","201"
"FE-003","2006-03","200.6"
"FE-003","2006-04","200.5"
"FE-003","2006-05","200.5"
"FE-003","2006-06","200.5"
"FE-003","2006-07","202"
"FE-003","2006-08","202"
"FE-003","2006-09","202"
"FE-003","2006-10","202"
"FE-003","2006-11","202"
"FE-003","2006-12","205.5"
"FE-003","2007-01","207.5"
"FE-003","2007-02","215"
"FE-003","2007-03","254.5"
"FE-003","2007-04","300"
"FE-003","2007-05","338.1"
"FE-003","2007-06","355"
"FE-003","2007-07","355"
"FE-003","2007-08","377.5"
"FE-003","2007-09","392.5"
"FE-003","2007-10","402.9"
"FE-003","2007-11","423.8"
"FE-003","2007-12","446.9"
"FE-003","2008-01","539.2"
"FE-003","2008-02","729.4"
"FE-003","2008-03","875.6"
"FE-003","2008-04","1029"
"FE-003","2008-05","1037"
"FE-003","2008-06","1043.1"
"FE-003","2008-07","1112.5"
"FE-003","2008-08","1131.5"
"FE-003","2008-09","1079.3"
"FE-003","2008-10","965"
"FE-003","2008-11","606"
"FE-003","2008-12","405"
"FE-003","2009-01","350"
"FE-003","2009-02","320"
"FE-003","2009-03","295"
"FE-003","2009-04","278"
"FE-003","2009-05","245"
"FE-003","2009-06","220"
"FE-003","2009-07","224"
"FE-003","2009-08","225"
"FE-003","2009-09","225"
"FE-003","2009-10","246.5"
"FE-003","2009-11","228.5"
"FE-003","2009-12","232"
"FE-003","2010-01","296.3"
"FE-003","2010-02","300"
"FE-003","2010-03","354.4"
"FE-003","2010-04","372.5"
"FE-003","2010-05","352.8"
"FE-003","2010-06","346.8"
"FE-003","2010-07","360"
"FE-003","2010-08","380.8"
"FE-003","2010-09","428"
"FE-003","2010-10","455"
"FE-003","2010-11","463.8"
"FE-003","2010-12","472.5"
"FE-003","2011-01","475"
"FE-003","2011-02","490"
"FE-003","2011-03","494"
"FE-003","2011-04","535.6"
"FE-003","2011-05","547.5"
"FE-003","2011-06","549.5"
"FE-003","2011-07","555"
"FE-003","2011-08","560"
"FE-003","2011-09","560"
"FE-003","2011-10","592.5"
"FE-003","2011-11","570"
"FE-003","2011-12","530"
"FE-003","2012-01","435"
"FE-003","2012-02","445"
"FE-003","2012-03","441.3"
"FE-003","2012-04","441.3"
"FE-003","2012-05","485"
"FE-003","2012-06","485"
"FE-003","2012-07","485"
"FE-003","2012-08","485"
"FE-003","2012-09","485"
"FE-003","2012-10","474"
"FE-003","2012-11","447.5"
"FE-003","2012-12","435"
"FE-003","2013-01","428"
"FE-003","2013-02","419"
"FE-003","2013-03","415"
"FE-003","2013-04","409"
"FE-003","2013-05","410"
"FE-003","2013-06","410"
"FE-003","2013-07","410"
"FE-003","2013-08","360"
"FE-003","2013-09","344"
"FE-003","2013-10","324"
"FE-003","2013-11","320"
"FE-003","2013-12","320"
"FE-003","2014-01","333"
"FE-003","2014-02","367"
"FE-003","2014-03","384"
"FE-003","2014-04","383"
"FE-003","2014-05","385"
"FE-003","2014-06","389"
"FE-003","2014-07","390"
"FE-003","2014-08","391"
"FE-003","2014-09","398"
"FE-003","2014-10","398"
"FE-003","2014-11","385"
"FE-003","2014-12","381"
"FE-003","2015-01","381.5"
"FE-003","2015-02","382.5"
"FE-003","2015-03","383"
"FE-003","2015-04","380"
"FE-003","2015-05","380"
"FE-003","2015-06","380"
"FE-003","2015-07","380"
"FE-003","2015-08","378.8"
"FE-003","2015-09","379"
"FE-003","2015-10","380"
"FE-003","2015-11","366.4"
"FE-003","2015-12","360"
"FE-003","2016-01","334"
"FE-003","2016-02","286.3"
"FE-003","2016-03","291.3"
"FE-003","2016-04","295"
"FE-003","2016-05","295"
"FE-003","2016-06","285"
"FE-003","2016-07","281"
"FE-003","2016-08","281.3"
"FE-003","2016-09","287"
"FE-003","2016-10","285"
"FE-003","2016-11","285"
"FE-003","2016-12","277.5"
"FE-003","2017-01","270"
"FE-003","2017-02","278.8"
"FE-003","2017-03","288"
"FE-003","2017-04","285"
"FE-003","2017-05","275"
"FE-003","2017-06","275"
"FE-003","2017-07","275.8"
"FE-003","2017-08","280.5"
"FE-003","2017-09","283.2"
"FE-003","2017-10","283.5"
"FE-003","2017-11","295"
"FE-003","2017-12","308.8"
"FE-003","2018-01","320"
"FE-003","2018-02","320"
"FE-003","2018-03","324"
"FE-003","2018-04","325"
"FE-003","2018-05","326"
"FE-003","2018-06","335.2"
"FE-003","2018-07","344.3"
"FE-003","2018-08","357.6"
"FE-003","2018-09","376.3"
"FE-003","2018-10","385"
"FE-003","2018-11","379.2"
"FE-003","2018-12","368.3"
"FE-003","2019-01","355"
"FE-003","2019-02","343.8"
"FE-003","2019-03","321"
"FE-003","2019-04","310"
"FE-003","2019-05","305"
"FE-003","2019-06","293.8"
"FE-003","2019-07","283.8"
"FE-003","2019-08","275"
"FE-003","2019-09","270"
"FE-003","2019-10","270"
"FE-003","2019-11","264"
"FE-003","2019-12","243.3"
"FE-003","2020-01","239"
"FE-003","2020-02","245"
"FE-003","2020-03","245"
"FE-003","2020-04","245"
"FE-003","2020-05","243"
"FE-003","2020-06","240"
"FE-003","2020-07","262.2"
"FE-003","2020-08","276.3"
"FE-003","2020-09","282.5"
"FE-003","2020-10","290"
"FE-003","2020-11","292.5"
"FE-003","2020-12","320"
"FE-003","2021-01","337.6"
"FE-003","2021-02","453.8"
"FE-003","2021-03","458"
"FE-003","2021-04","478"
"FE-003","2021-05","527.5"
"FE-003","2021-06","550"
"FE-003","2021-07","555"
"FE-003","2021-08","555"
"FE-003","2021-09","573.8"
"FE-003","2021-10","618"
"FE-003","2021-11","665"
"FE-003","2021-12","686.7"
"FE-003","2022-01","674.4"
"FE-003","2022-02","680"
"FE-003","2022-03","792.5"
"FE-003","2022-04","856"
"FE-003","2022-05","827.5"
"FE-003","2022-06","730.1"
"FE-003","2022-07","736"
"FE-003","2022-08","703.8"
"FE-003","2022-09","708"
"FE-003","2022-10","675"
"FE-003","2022-11","625"
"FE-003","2022-12","584.4"
"FE-003","2023-01","569.4"
"FE-003","2023-02","547.5"
"FE-003","2023-03","537.5"
"FE-003","2023-04","550"
"FE-003","2023-05","485.6"
"FE-003","2023-06","390"
"FE-003","2023-07","392.3"
"FE-003","2023-08","450.6"
"FE-003","2023-09","461.5"
"FE-003","2023-10","468.1"
"FE-003","2023-11","462.6"
"FE-003","2023-12","447.5"
"FE-003","2024-01","450.6"
"FE-003","2024-02","454.4"
"FE-003","2024-03","449"
"FE-003","2024-04","442.5"
"FE-003","2024-05","434.9"
"FE-003","2024-06","473.8"
"FE-003","2024-07","505.8"
"FE-003","2024-08","507.2"
"FE-003","2024-09","504.4"
"FE-003","2024-10","503.8"
"FE-003","2024-11","491"
"FE-003","2024-12","477.5"
"FE-003","2025-01","478"
"FE-003","2025-02","480.6"
"FE-003","2025-03","478.5"
"FE-003","2025-04","496"
"FE-003","2025-05","541.5"
"FE-003","2025-06","641.3"
"FE-003","2025-07","655"
"FE-003","2025-08","662.9"
"FE-003","2025-09","664.4"
"FE-003","2025-10","658.5"
"FE-003","2025-11","636.3"
"FE-003","2025-12","538.5"
"FE-003","2026-01","529.2"
"FE-003","2026-02","536.3"
"FE-003","2026-03","558.1"
"FE-003","2026-04","658.1"
"FE-003","2026-05","713.5"
"FE-003","2026-06","735.6"
"FE-004","1960-01","28.5"
"FE-004","1960-02","28.5"
"FE-004","1960-03","28.5"
"FE-004","1960-04","28.5"
"FE-004","1960-05","28.5"
"FE-004","1960-06","28.5"
"FE-004","1960-07","28.5"
"FE-004","1960-08","28.5"
"FE-004","1960-09","28.5"
"FE-004","1960-10","28.5"
"FE-004","1960-11","28.5"
"FE-004","1960-12","28.5"
"FE-004","1961-01","30"
"FE-004","1961-02","30"
"FE-004","1961-03","30"
"FE-004","1961-04","30"
"FE-004","1961-05","30"
"FE-004","1961-06","30"
"FE-004","1961-07","30"
"FE-004","1961-08","30"
"FE-004","1961-09","30"
"FE-004","1961-10","30"
"FE-004","1961-11","30"
"FE-004","1961-12","30"
"FE-004","1962-01","30"
"FE-004","1962-02","30"
"FE-004","1962-03","30"
"FE-004","1962-04","30"
"FE-004","1962-05","30"
"FE-004","1962-06","30"
"FE-004","1962-07","30"
"FE-004","1962-08","30"
"FE-004","1962-09","30"
"FE-004","1962-10","30"
"FE-004","1962-11","30"
"FE-004","1962-12","30"
"FE-004","1963-01","30"
"FE-004","1963-02","30"
"FE-004","1963-03","30"
"FE-004","1963-04","30"
"FE-004","1963-05","30"
"FE-004","1963-06","30"
"FE-004","1963-07","30"
"FE-004","1963-08","30"
"FE-004","1963-09","30"
"FE-004","1963-10","30"
"FE-004","1963-11","30"
"FE-004","1963-12","30"
"FE-004","1964-01","32.5"
"FE-004","1964-02","32.5"
"FE-004","1964-03","32.5"
"FE-004","1964-04","32.5"
"FE-004","1964-05","32.5"
"FE-004","1964-06","32.5"
"FE-004","1964-07","32.5"
"FE-004","1964-08","32.5"
"FE-004","1964-09","32.5"
"FE-004","1964-10","32.5"
"FE-004","1964-11","32.5"
"FE-004","1964-12","32.5"
"FE-004","1965-01","29.5"
"FE-004","1965-02","29.5"
"FE-004","1965-03","29.5"
"FE-004","1965-04","29.5"
"FE-004","1965-05","29.5"
"FE-004","1965-06","29.5"
"FE-004","1965-07","29.5"
"FE-004","1965-08","29.5"
"FE-004","1965-09","29.5"
"FE-004","1965-10","29.5"
"FE-004","1965-11","29.5"
"FE-004","1965-12","29.5"
"FE-004","1966-01","27.5"
"FE-004","1966-02","27.5"
"FE-004","1966-03","27.5"
"FE-004","1966-04","27.5"
"FE-004","1966-05","27.5"
"FE-004","1966-06","27.5"
"FE-004","1966-07","27.5"
"FE-004","1966-08","27.5"
"FE-004","1966-09","27.5"
"FE-004","1966-10","27.5"
"FE-004","1966-11","27.5"
"FE-004","1966-12","27.5"
"FE-004","1967-01","25.5"
"FE-004","1967-02","25.5"
"FE-004","1967-03","25.5"
"FE-004","1967-04","25.5"
"FE-004","1967-05","25.5"
"FE-004","1967-06","25.5"
"FE-004","1967-07","25.5"
"FE-004","1967-08","25.5"
"FE-004","1967-09","25.5"
"FE-004","1967-10","25.5"
"FE-004","1967-11","25.5"
"FE-004","1967-12","25.5"
"FE-004","1968-01","24"
"FE-004","1968-02","24"
"FE-004","1968-03","24"
"FE-004","1968-04","24"
"FE-004","1968-05","24"
"FE-004","1968-06","24"
"FE-004","1968-07","24"
"FE-004","1968-08","24"
"FE-004","1968-09","24"
"FE-004","1968-10","24"
"FE-004","1968-11","24"
"FE-004","1968-12","24"
"FE-004","1969-01","22"
"FE-004","1969-02","22"
"FE-004","1969-03","22"
"FE-004","1969-04","22"
"FE-004","1969-05","22"
"FE-004","1969-06","22"
"FE-004","1969-07","22"
"FE-004","1969-08","22"
"FE-004","1969-09","22"
"FE-004","1969-10","22"
"FE-004","1969-11","22"
"FE-004","1969-12","22"
"FE-004","1970-01","31.5"
"FE-004","1970-02","31.5"
"FE-004","1970-03","31.5"
"FE-004","1970-04","31.5"
"FE-004","1970-05","31.5"
"FE-004","1970-06","31.5"
"FE-004","1970-07","31.5"
"FE-004","1970-08","31.5"
"FE-004","1970-09","31.5"
"FE-004","1970-10","31.5"
"FE-004","1970-11","31.5"
"FE-004","1970-12","31.5"
"FE-004","1971-01","32.5"
"FE-004","1971-02","32.5"
"FE-004","1971-03","32.5"
"FE-004","1971-04","32.5"
"FE-004","1971-05","32.5"
"FE-004","1971-06","32.5"
"FE-004","1971-07","32.5"
"FE-004","1971-08","32.5"
"FE-004","1971-09","32.5"
"FE-004","1971-10","32.5"
"FE-004","1971-11","32.5"
"FE-004","1971-12","32.5"
"FE-004","1972-01","33.5"
"FE-004","1972-02","33.5"
"FE-004","1972-03","33.5"
"FE-004","1972-04","33.5"
"FE-004","1972-05","33.5"
"FE-004","1972-06","33.5"
"FE-004","1972-07","33.5"
"FE-004","1972-08","33.5"
"FE-004","1972-09","33.5"
"FE-004","1972-10","33.5"
"FE-004","1972-11","33.5"
"FE-004","1972-12","33.5"
"FE-004","1973-01","42.5"
"FE-004","1973-02","42.5"
"FE-004","1973-03","42.5"
"FE-004","1973-04","42.5"
"FE-004","1973-05","42.5"
"FE-004","1973-06","42.5"
"FE-004","1973-07","42.5"
"FE-004","1973-08","42.5"
"FE-004","1973-09","42.5"
"FE-004","1973-10","42.5"
"FE-004","1973-11","42.5"
"FE-004","1973-12","42.5"
"FE-004","1974-01","53"
"FE-004","1974-02","55"
"FE-004","1974-03","55"
"FE-004","1974-04","55"
"FE-004","1974-05","55"
"FE-004","1974-06","57"
"FE-004","1974-07","58"
"FE-004","1974-08","62"
"FE-004","1974-09","66"
"FE-004","1974-10","70"
"FE-004","1974-11","70"
"FE-004","1974-12","70"
"FE-004","1975-01","70"
"FE-004","1975-02","70"
"FE-004","1975-03","88"
"FE-004","1975-04","88"
"FE-004","1975-05","89"
"FE-004","1975-06","88"
"FE-004","1975-07","85"
"FE-004","1975-08","85"
"FE-004","1975-09","84"
"FE-004","1975-10","78"
"FE-004","1975-11","76"
"FE-004","1975-12","75"
"FE-004","1976-01","70"
"FE-004","1976-02","56"
"FE-004","1976-03","56"
"FE-004","1976-04","55"
"FE-004","1976-05","53"
"FE-004","1976-06","53"
"FE-004","1976-07","55"
"FE-004","1976-08","53"
"FE-004","1976-09","53"
"FE-004","1976-10","55"
"FE-004","1976-11","54"
"FE-004","1976-12","53"
"FE-004","1977-01","54.5"
"FE-004","1977-02","54.5"
"FE-004","1977-03","54.5"
"FE-004","1977-04","54.5"
"FE-004","1977-05","54.3"
"FE-004","1977-06","55"
"FE-004","1977-07","55"
"FE-004","1977-08","55.1"
"FE-004","1977-09","56.6"
"FE-004","1977-10","57.5"
"FE-004","1977-11","56"
"FE-004","1977-12","56"
"FE-004","1978-01","56"
"FE-004","1978-02","56"
"FE-004","1978-03","56"
"FE-004","1978-04","56"
"FE-004","1978-05","56"
"FE-004","1978-06","56"
"FE-004","1978-07","57"
"FE-004","1978-08","58.5"
"FE-004","1978-09","63.1"
"FE-004","1978-10","63.5"
"FE-004","1978-11","65"
"FE-004","1978-12","65"
"FE-004","1979-01","65"
"FE-004","1979-02","64.5"
"FE-004","1979-03","65.5"
"FE-004","1979-04","70"
"FE-004","1979-05","70"
"FE-004","1979-06","71.3"
"FE-004","1979-07","77"
"FE-004","1979-08","79"
"FE-004","1979-09","80.1"
"FE-004","1979-10","83.5"
"FE-004","1979-11","83.5"
"FE-004","1979-12","108.3"
"FE-004","1980-01","106.5"
"FE-004","1980-02","106.5"
"FE-004","1980-03","106.5"
"FE-004","1980-04","106.5"
"FE-004","1980-05","106.5"
"FE-004","1980-06","106.5"
"FE-004","1980-07","106.5"
"FE-004","1980-08","106.5"
"FE-004","1980-09","106.5"
"FE-004","1980-10","106.5"
"FE-004","1980-11","106.5"
"FE-004","1980-12","106.5"
"FE-004","1981-01","115"
"FE-004","1981-02","115"
"FE-004","1981-03","115"
"FE-004","1981-04","70"
"FE-004","1981-05","115"
"FE-004","1981-06","115"
"FE-004","1981-07","116.5"
"FE-004","1981-08","116.5"
"FE-004","1981-09","116.5"
"FE-004","1981-10","116.5"
"FE-004","1981-11","116.5"
"FE-004","1981-12","94.5"
"FE-004","1982-01","94.5"
"FE-004","1982-02","94.5"
"FE-004","1982-03","94.5"
"FE-004","1982-04","94.5"
"FE-004","1982-05","90"
"FE-004","1982-06","75"
"FE-004","1982-07","77.5"
"FE-004","1982-08","77.5"
"FE-004","1982-09","77"
"FE-004","1982-10","79"
"FE-004","1982-11","72.5"
"FE-004","1982-12","72.5"
"FE-004","1983-01","75"
"FE-004","1983-02","75.5"
"FE-004","1983-03","75.5"
"FE-004","1983-04","75.5"
"FE-004","1983-05","75.5"
"FE-004","1983-06","73"
"FE-004","1983-07","73"
"FE-004","1983-08","73"
"FE-004","1983-09","73"
"FE-004","1983-10","73"
"FE-004","1983-11","75.5"
"FE-004","1983-12","75.5"
"FE-004","1984-01","82.5"
"FE-004","1984-02","82.5"
"FE-004","1984-03","82.5"
"FE-004","1984-04","81"
"FE-004","1984-05","81"
"FE-004","1984-06","81"
"FE-004","1984-07","86.5"
"FE-004","1984-08","86.5"
"FE-004","1984-09","86.5"
"FE-004","1984-10","86.5"
"FE-004","1984-11","86.5"
"FE-004","1984-12","86.5"
"FE-004","1985-01","86.5"
"FE-004","1985-02","87"
"FE-004","1985-03","75.5"
"FE-004","1985-04","75.5"
"FE-004","1985-05","87"
"FE-004","1985-06","87"
"FE-004","1985-07","87"
"FE-004","1985-08","87"
"FE-004","1985-09","81.5"
"FE-004","1985-10","81.5"
"FE-004","1985-11","81.5"
"FE-004","1985-12","81.5"
"FE-004","1986-01","81.5"
"FE-004","1986-02","80"
"FE-004","1986-03","80"
"FE-004","1986-04","75"
"FE-004","1986-05","75"
"FE-004","1986-06","75"
"FE-004","1986-07","72.5"
"FE-004","1986-08","72.5"
"FE-004","1986-09","66.5"
"FE-004","1986-10","66.5"
"FE-004","1986-11","65.5"
"FE-004","1986-12","65.5"
"FE-004","1987-01","63"
"FE-004","1987-02","61.5"
"FE-004","1987-03","61.5"
"FE-004","1987-04","61.5"
"FE-004","1987-05","61.5"
"FE-004","1987-06","61.5"
"FE-004","1987-07","70"
"FE-004","1987-08","70"
"FE-004","1987-09","70"
"FE-004","1987-10","73"
"FE-004","1987-11","73"
"FE-004","1987-12","81"
"FE-004","1988-01","82"
"FE-004","1988-02","83"
"FE-004","1988-03","83"
"FE-004","1988-04","83"
"FE-004","1988-05","84.5"
"FE-004","1988-06","84.5"
"FE-004","1988-07","84.5"
"FE-004","1988-08","93"
"FE-004","1988-09","90"
"FE-004","1988-10","91.5"
"FE-004","1988-11","91.5"
"FE-004","1988-12","91.5"
"FE-004","1989-01","91.5"
"FE-004","1989-02","101.5"
"FE-004","1989-03","100.5"
"FE-004","1989-04","98.5"
"FE-004","1989-05","98.5"
"FE-004","1989-06","98.5"
"FE-004","1989-07","98.5"
"FE-004","1989-08","98.5"
"FE-004","1989-09","98.5"
"FE-004","1989-10","98.5"
"FE-004","1989-11","98.5"
"FE-004","1989-12","98.5"
"FE-004","1990-01","98.5"
"FE-004","1990-02","98.5"
"FE-004","1990-03","97.4"
"FE-004","1990-04","93.2"
"FE-004","1990-05","93.5"
"FE-004","1990-06","93.5"
"FE-004","1990-07","93.5"
"FE-004","1990-08","93.5"
"FE-004","1990-09","93.5"
"FE-004","1990-10","93.5"
"FE-004","1990-11","93.5"
"FE-004","1990-12","93.5"
"FE-004","1991-01","93.5"
"FE-004","1991-02","95.6"
"FE-004","1991-03","95.6"
"FE-004","1991-04","108"
"FE-004","1991-05","112"
"FE-004","1991-06","112"
"FE-004","1991-07","110.4"
"FE-004","1991-08","110"
"FE-004","1991-09","110"
"FE-004","1991-10","110"
"FE-004","1991-11","110"
"FE-004","1991-12","110"
"FE-004","1992-01","110"
"FE-004","1992-02","110"
"FE-004","1992-03","110"
"FE-004","1992-04","110"
"FE-004","1992-05","110"
"FE-004","1992-06","110"
"FE-004","1992-07","110"
"FE-004","1992-08","113.6"
"FE-004","1992-09","114.5"
"FE-004","1992-10","114.5"
"FE-004","1992-11","114.5"
"FE-004","1992-12","114"
"FE-004","1993-01","113"
"FE-004","1993-02","112.5"
"FE-004","1993-03","112.5"
"FE-004","1993-04","112.5"
"FE-004","1993-05","112.5"
"FE-004","1993-06","112.5"
"FE-004","1993-07","112.5"
"FE-004","1993-08","112.5"
"FE-004","1993-09","112.5"
"FE-004","1993-10","112.5"
"FE-004","1993-11","112.5"
"FE-004","1993-12","112.5"
"FE-004","1994-01","112.5"
"FE-004","1994-02","112.5"
"FE-004","1994-03","112.5"
"FE-004","1994-04","112.5"
"FE-004","1994-05","112.5"
"FE-004","1994-06","112.5"
"FE-004","1994-07","112.5"
"FE-004","1994-08","112.5"
"FE-004","1994-09","112.5"
"FE-004","1994-10","112.5"
"FE-004","1994-11","112.5"
"FE-004","1994-12","112.5"
"FE-004","1995-01","112.5"
"FE-004","1995-02","112.5"
"FE-004","1995-03","112.5"
"FE-004","1995-04","112.5"
"FE-004","1995-05","112.5"
"FE-004","1995-06","112.5"
"FE-004","1995-07","112.5"
"FE-004","1995-08","112.5"
"FE-004","1995-09","112.5"
"FE-004","1995-10","112.5"
"FE-004","1995-11","112.5"
"FE-004","1995-12","112.5"
"FE-004","1996-01","112.5"
"FE-004","1996-02","112.5"
"FE-004","1996-03","112.5"
"FE-004","1996-04","112.5"
"FE-004","1996-05","112.5"
"FE-004","1996-06","112.5"
"FE-004","1996-07","112.5"
"FE-004","1996-08","112.5"
"FE-004","1996-09","112.5"
"FE-004","1996-10","112.5"
"FE-004","1996-11","112.5"
"FE-004","1996-12","112.5"
"FE-004","1997-01","112.5"
"FE-004","1997-02","112.5"
"FE-004","1997-03","112.5"
"FE-004","1997-04","112.5"
"FE-004","1997-05","112.5"
"FE-004","1997-06","112.5"
"FE-004","1997-07","112.5"
"FE-004","1997-08","112.5"
"FE-004","1997-09","112.5"
"FE-004","1997-10","112.5"
"FE-004","1997-11","112.5"
"FE-004","1997-12","112.5"
"FE-004","1998-01","112.5"
"FE-004","1998-02","112.5"
"FE-004","1998-03","112.5"
"FE-004","1998-04","112.5"
"FE-004","1998-05","112.5"
"FE-004","1998-06","112.5"
"FE-004","1998-07","112.5"
"FE-004","1998-08","112.5"
"FE-004","1998-09","112.5"
"FE-004","1998-10","112.5"
"FE-004","1998-11","112.5"
"FE-004","1998-12","112.5"
"FE-004","1999-01","112.5"
"FE-004","1999-02","112.5"
"FE-004","1999-03","112.5"
"FE-004","1999-04","112.5"
"FE-004","1999-05","112.5"
"FE-004","1999-06","112.5"
"FE-004","1999-07","112.5"
"FE-004","1999-08","112.5"
"FE-004","1999-09","112.5"
"FE-004","1999-10","112.5"
"FE-004","1999-11","112.5"
"FE-004","1999-12","112.5"
"FE-004","2000-01","112.5"
"FE-004","2000-02","112.5"
"FE-004","2000-03","112.5"
"FE-004","2000-04","112.5"
"FE-004","2000-05","112.5"
"FE-004","2000-06","112.5"
"FE-004","2000-07","112.5"
"FE-004","2000-08","112.5"
"FE-004","2000-09","112.5"
"FE-004","2000-10","112.5"
"FE-004","2000-11","112.5"
"FE-004","2000-12","112.5"
"FE-004","2001-01","112.5"
"FE-004","2001-02","112.5"
"FE-004","2001-03","112.5"
"FE-004","2001-04","112.5"
"FE-004","2001-05","112.5"
"FE-004","2001-06","112.5"
"FE-004","2001-07","112.5"
"FE-004","2001-08","112.5"
"FE-004","2001-09","112.5"
"FE-004","2001-10","112.5"
"FE-004","2001-11","112.5"
"FE-004","2001-12","112.5"
"FE-004","2002-01","112.5"
"FE-004","2002-02","112.5"
"FE-004","2002-03","112.5"
"FE-004","2002-04","112.5"
"FE-004","2002-05","112.5"
"FE-004","2002-06","112.5"
"FE-004","2002-07","112.5"
"FE-004","2002-08","112.5"
"FE-004","2002-09","112.5"
"FE-004","2002-10","112.5"
"FE-004","2002-11","112.5"
"FE-004","2002-12","112.5"
"FE-004","2003-01","112.5"
"FE-004","2003-02","112.5"
"FE-004","2003-03","112.5"
"FE-004","2003-04","112.5"
"FE-004","2003-05","112.5"
"FE-004","2003-06","112.5"
"FE-004","2003-07","112.5"
"FE-004","2003-08","112.5"
"FE-004","2003-09","112.5"
"FE-004","2003-10","112.5"
"FE-004","2003-11","112.5"
"FE-004","2003-12","112.5"
"FE-004","2004-01","112.5"
"FE-004","2004-02","112.5"
"FE-004","2004-03","112.5"
"FE-004","2004-04","112.5"
"FE-004","2004-05","112.5"
"FE-004","2004-06","112.5"
"FE-004","2004-07","112.5"
"FE-004","2004-08","125.9"
"FE-004","2004-09","143.5"
"FE-004","2004-10","146"
"FE-004","2004-11","151.2"
"FE-004","2004-12","152.5"
"FE-004","2005-01","152.5"
"FE-004","2005-02","152.5"
"FE-004","2005-03","152.5"
"FE-004","2005-04","152.5"
"FE-004","2005-05","152.5"
"FE-004","2005-06","152.5"
"FE-004","2005-07","152.5"
"FE-004","2005-08","152.5"
"FE-004","2005-09","152.5"
"FE-004","2005-10","152.5"
"FE-004","2005-11","167.5"
"FE-004","2005-12","167.5"
"FE-004","2006-01","167.5"
"FE-004","2006-02","167.5"
"FE-004","2006-03","167.5"
"FE-004","2006-04","167.5"
"FE-004","2006-05","167.5"
"FE-004","2006-06","167.5"
"FE-004","2006-07","172.5"
"FE-004","2006-08","192.5"
"FE-004","2006-09","192.5"
"FE-004","2006-10","192.5"
"FE-004","2006-11","192.5"
"FE-004","2006-12","192.5"
"FE-004","2007-01","192.5"
"FE-004","2007-02","192.5"
"FE-004","2007-03","192.5"
"FE-004","2007-04","192.5"
"FE-004","2007-05","192.5"
"FE-004","2007-06","192.5"
"FE-004","2007-07","192.5"
"FE-004","2007-08","192.5"
"FE-004","2007-09","197.5"
"FE-004","2007-10","202.5"
"FE-004","2007-11","202.5"
"FE-004","2007-12","202.5"
"FE-004","2008-01","230.6"
"FE-004","2008-02","240"
"FE-004","2008-03","240"
"FE-004","2008-04","393"
"FE-004","2008-05","546"
"FE-004","2008-06","546"
"FE-004","2008-07","546"
"FE-004","2008-08","546"
"FE-004","2008-09","546"
"FE-004","2008-10","546"
"FE-004","2008-11","546"
"FE-004","2008-12","546"
"FE-004","2009-01","546"
"FE-004","2009-02","580.1"
"FE-004","2009-03","682.5"
"FE-004","2009-04","682.5"
"FE-004","2009-05","682.5"
"FE-004","2009-06","682.5"
"FE-004","2009-07","615.6"
"FE-004","2009-08","530"
"FE-004","2009-09","425"
"FE-004","2009-10","425"
"FE-004","2009-11","425"
"FE-004","2009-12","425"
"FE-004","2010-01","389.4"
"FE-004","2010-02","374.4"
"FE-004","2010-03","340"
"FE-004","2010-04","340"
"FE-004","2010-05","334.5"
"FE-004","2010-06","312.5"
"FE-004","2010-07","312.5"
"FE-004","2010-08","312.5"
"FE-004","2010-09","312.5"
"FE-004","2010-10","312.5"
"FE-004","2010-11","322.5"
"FE-004","2010-12","322.5"
"FE-004","2011-01","322.5"
"FE-004","2011-02","374.4"
"FE-004","2011-03","340"
"FE-004","2011-04","340"
"FE-004","2011-05","334.5"
"FE-004","2011-06","355"
"FE-004","2011-07","442.5"
"FE-004","2011-08","442.5"
"FE-004","2011-09","442.5"
"FE-004","2011-10","435"
"FE-004","2011-11","435"
"FE-004","2011-12","450"
"FE-004","2012-01","495"
"FE-004","2012-02","495"
"FE-004","2012-03","495"
"FE-004","2012-04","477.5"
"FE-004","2012-05","477.5"
"FE-004","2012-06","477.5"
"FE-004","2012-07","279.5"
"FE-004","2012-08","477.5"
"FE-004","2012-09","477.5"
"FE-004","2012-10","477.5"
"FE-004","2012-11","477.5"
"FE-004","2012-12","477.5"
"FE-004","2013-01","395"
"FE-004","2013-02","395"
"FE-004","2013-03","395"
"FE-004","2013-04","395"
"FE-004","2013-05","395"
"FE-004","2013-06","395"
"FE-004","2013-07","395"
"FE-004","2013-08","395"
"FE-004","2013-09","395"
"FE-004","2013-10","395"
"FE-004","2013-11","395"
"FE-004","2013-12","395"
"FE-004","2014-01","395"
"FE-004","2014-02","307.6"
"FE-004","2014-03","278.5"
"FE-004","2014-04","299"
"FE-004","2014-05","300.9"
"FE-004","2014-06","301.5"
"FE-004","2014-07","279.5"
"FE-004","2014-08","279.5"
"FE-004","2014-09","279.5"
"FE-004","2014-10","279.5"
"FE-004","2014-11","279.5"
"FE-004","2014-12","279.5"
"FE-004","2015-01","279.5"
"FE-004","2015-02","279.5"
"FE-004","2015-03","283.4"
"FE-004","2015-04","299"
"FE-004","2015-05","300.9"
"FE-004","2015-06","301.5"
"FE-004","2015-07","301.5"
"FE-004","2015-08","301.5"
"FE-004","2015-09","301.5"
"FE-004","2015-10","301.5"
"FE-004","2015-11","301.5"
"FE-004","2015-12","301.5"
"FE-004","2016-01","301.5"
"FE-004","2016-02","301.5"
"FE-004","2016-03","301.5"
"FE-004","2016-04","301.5"
"FE-004","2016-05","301.5"
"FE-004","2016-06","301.5"
"FE-004","2016-07","282.5"
"FE-004","2016-08","206.5"
"FE-004","2016-09","206.5"
"FE-004","2016-10","206.5"
"FE-004","2016-11","206.5"
"FE-004","2016-12","206.5"
"FE-004","2017-01","206.5"
"FE-004","2017-02","301.5"
"FE-004","2017-03","206.5"
"FE-004","2017-04","206.5"
"FE-004","2017-05","206.5"
"FE-004","2017-06","206.5"
"FE-004","2017-07","207.3"
"FE-004","2017-08","215.5"
"FE-004","2017-09","215.5"
"FE-004","2017-10","215.5"
"FE-004","2017-11","215.5"
"FE-004","2017-12","215.5"
"FE-004","2018-01","215.5"
"FE-004","2018-02","215.5"
"FE-004","2018-03","215.5"
"FE-004","2018-04","215.5"
"FE-004","2018-05","215.5"
"FE-004","2018-06","215.5"
"FE-004","2018-07","215.5"
"FE-004","2018-08","215.5"
"FE-004","2018-09","215.5"
"FE-004","2018-10","215.5"
"FE-004","2018-11","215.5"
"FE-004","2018-12","215.5"
"FE-004","2019-01","215.5"
"FE-004","2019-02","215.5"
"FE-004","2019-03","245.5"
"FE-004","2019-04","265.5"
"FE-004","2019-05","265.5"
"FE-004","2019-06","265.5"
"FE-004","2019-07","265.5"
"FE-004","2019-08","265.5"
"FE-004","2019-09","265.5"
"FE-004","2019-10","265.5"
"FE-004","2019-11","265.5"
"FE-004","2019-12","265.5"
"FE-004","2020-01","268.7"
"FE-004","2020-02","243.4"
"FE-004","2020-03","235"
"FE-004","2020-04","220.4"
"FE-004","2020-05","222.2"
"FE-004","2020-06","226.3"
"FE-004","2020-07","237.5"
"FE-004","2020-08","240.4"
"FE-004","2020-09","247.8"
"FE-004","2020-10","255"
"FE-004","2020-11","250"
"FE-004","2020-12","246.3"
"FE-004","2021-01","255.5"
"FE-004","2021-02","290.6"
"FE-004","2021-03","320.9"
"FE-004","2021-04","345.5"
"FE-004","2021-05","378.1"
"FE-004","2021-06","462.5"
"FE-004","2021-07","633"
"FE-004","2021-08","695"
"FE-004","2021-09","736.3"
"FE-004","2021-10","782"
"FE-004","2021-11","806.9"
"FE-004","2021-12","807.5"
"FE-004","2022-01","785.6"
"FE-004","2022-02","791.9"
"FE-004","2022-03","977.5"
"FE-004","2022-04","1202"
"FE-004","2022-05","1170"
"FE-004","2022-06","1101.9"
"FE-004","2022-07","1013"
"FE-004","2022-08","888.8"
"FE-004","2022-09","731"
"FE-004","2022-10","622.5"
"FE-004","2022-11","563.1"
"FE-004","2022-12","513.8"
"FE-004","2023-01","508.8"
"FE-004","2023-02","496.9"
"FE-004","2023-03","453"
"FE-004","2023-04","407.5"
"FE-004","2023-05","372.5"
"FE-004","2023-06","328"
"FE-004","2023-07","341.3"
"FE-004","2023-08","353.1"
"FE-004","2023-09","352"
"FE-004","2023-10","341.9"
"FE-004","2023-11","331.9"
"FE-004","2023-12","311.9"
"FE-004","2024-01","296.3"
"FE-004","2024-02","289.4"
"FE-004","2024-03","300.5"
"FE-004","2024-04","305"
"FE-004","2024-05","307"
"FE-004","2024-06","310"
"FE-004","2024-07","300.6"
"FE-004","2024-08","294"
"FE-004","2024-09","286.9"
"FE-004","2024-10","278.1"
"FE-004","2024-11","281"
"FE-004","2024-12","292.5"
"FE-004","2025-01","302"
"FE-004","2025-02","318.8"
"FE-004","2025-03","336.3"
"FE-004","2025-04","351.9"
"FE-004","2025-05","362.5"
"FE-004","2025-06","363.1"
"FE-004","2025-07","362.5"
"FE-004","2025-08","356.5"
"FE-004","2025-09","352.5"
"FE-004","2025-10","352"
"FE-004","2025-11","353.8"
"FE-004","2025-12","358.3"
"FE-004","2026-01","366"
"FE-004","2026-02","372.5"
"FE-004","2026-03","380.6"
"FE-004","2026-04","401.3"
"FE-004","2026-05","405"
"FE-004","2026-06","402.5"
"FE-005","1960-01","13"
"FE-005","1960-02","13"
"FE-005","1960-03","13"
"FE-005","1960-04","13"
"FE-005","1960-05","13"
"FE-005","1960-06","13"
"FE-005","1960-07","13"
"FE-005","1960-08","13"
"FE-005","1960-09","13"
"FE-005","1960-10","13"
"FE-005","1960-11","13"
"FE-005","1960-12","13"
"FE-005","1961-01","13"
"FE-005","1961-02","13"
"FE-005","1961-03","13"
"FE-005","1961-04","13"
"FE-005","1961-05","13"
"FE-005","1961-06","13"
"FE-005","1961-07","13"
"FE-005","1961-08","13"
"FE-005","1961-09","13"
"FE-005","1961-10","13"
"FE-005","1961-11","13"
"FE-005","1961-12","13"
"FE-005","1962-01","11.5"
"FE-005","1962-02","11.5"
"FE-005","1962-03","11.5"
"FE-005","1962-04","11.5"
"FE-005","1962-05","11.5"
"FE-005","1962-06","11.5"
"FE-005","1962-07","11.5"
"FE-005","1962-08","11.5"
"FE-005","1962-09","11.5"
"FE-005","1962-10","11.5"
"FE-005","1962-11","11.5"
"FE-005","1962-12","11.5"
"FE-005","1963-01","11.5"
"FE-005","1963-02","11.5"
"FE-005","1963-03","11.5"
"FE-005","1963-04","11.5"
"FE-005","1963-05","11.5"
"FE-005","1963-06","11.5"
"FE-005","1963-07","11.5"
"FE-005","1963-08","11.5"
"FE-005","1963-09","11.5"
"FE-005","1963-10","11.5"
"FE-005","1963-11","11.5"
"FE-005","1963-12","11.5"
"FE-005","1964-01","12.5"
"FE-005","1964-02","12.5"
"FE-005","1964-03","12.5"
"FE-005","1964-04","12.5"
"FE-005","1964-05","12.5"
"FE-005","1964-06","12.5"
"FE-005","1964-07","12.5"
"FE-005","1964-08","12.5"
"FE-005","1964-09","12.5"
"FE-005","1964-10","12.5"
"FE-005","1964-11","12.5"
"FE-005","1964-12","12.5"
"FE-005","1965-01","14"
"FE-005","1965-02","14"
"FE-005","1965-03","14"
"FE-005","1965-04","14"
"FE-005","1965-05","14"
"FE-005","1965-06","14"
"FE-005","1965-07","14"
"FE-005","1965-08","14"
"FE-005","1965-09","14"
"FE-005","1965-10","14"
"FE-005","1965-11","14"
"FE-005","1965-12","14"
"FE-005","1966-01","13"
"FE-005","1966-02","13"
"FE-005","1966-03","13"
"FE-005","1966-04","13"
"FE-005","1966-05","13"
"FE-005","1966-06","13"
"FE-005","1966-07","13"
"FE-005","1966-08","13"
"FE-005","1966-09","13"
"FE-005","1966-10","13"
"FE-005","1966-11","13"
"FE-005","1966-12","13"
"FE-005","1967-01","12"
"FE-005","1967-02","12"
"FE-005","1967-03","12"
"FE-005","1967-04","12"
"FE-005","1967-05","12"
"FE-005","1967-06","12"
"FE-005","1967-07","12"
"FE-005","1967-08","12"
"FE-005","1967-09","12"
"FE-005","1967-10","12"
"FE-005","1967-11","12"
"FE-005","1967-12","12"
"FE-005","1968-01","11.5"
"FE-005","1968-02","11.5"
"FE-005","1968-03","11.5"
"FE-005","1968-04","11.5"
"FE-005","1968-05","11.5"
"FE-005","1968-06","11.5"
"FE-005","1968-07","11.5"
"FE-005","1968-08","11.5"
"FE-005","1968-09","11.5"
"FE-005","1968-10","11.5"
"FE-005","1968-11","11.5"
"FE-005","1968-12","11.5"
"FE-005","1969-01","11.3"
"FE-005","1969-02","11.3"
"FE-005","1969-03","11.3"
"FE-005","1969-04","11.3"
"FE-005","1969-05","11.3"
"FE-005","1969-06","11.3"
"FE-005","1969-07","11.3"
"FE-005","1969-08","11.3"
"FE-005","1969-09","11.3"
"FE-005","1969-10","11.3"
"FE-005","1969-11","11.3"
"FE-005","1969-12","11.3"
"FE-005","1970-01","11"
"FE-005","1970-02","11"
"FE-005","1970-03","11"
"FE-005","1970-04","11"
"FE-005","1970-05","11"
"FE-005","1970-06","11"
"FE-005","1970-07","11"
"FE-005","1970-08","11"
"FE-005","1970-09","11"
"FE-005","1970-10","11"
"FE-005","1970-11","11"
"FE-005","1970-12","11"
"FE-005","1971-01","11.3"
"FE-005","1971-02","11.3"
"FE-005","1971-03","11.3"
"FE-005","1971-04","11.3"
"FE-005","1971-05","11.3"
"FE-005","1971-06","11.3"
"FE-005","1971-07","11.3"
"FE-005","1971-08","11.3"
"FE-005","1971-09","11.3"
"FE-005","1971-10","11.3"
"FE-005","1971-11","11.3"
"FE-005","1971-12","11.3"
"FE-005","1972-01","11.5"
"FE-005","1972-02","11.5"
"FE-005","1972-03","11.5"
"FE-005","1972-04","11.5"
"FE-005","1972-05","11.5"
"FE-005","1972-06","11.5"
"FE-005","1972-07","11.5"
"FE-005","1972-08","11.5"
"FE-005","1972-09","11.5"
"FE-005","1972-10","11.5"
"FE-005","1972-11","11.5"
"FE-005","1972-12","11.5"
"FE-005","1973-01","13.8"
"FE-005","1973-02","13.8"
"FE-005","1973-03","13.8"
"FE-005","1973-04","13.8"
"FE-005","1973-05","13.8"
"FE-005","1973-06","13.8"
"FE-005","1973-07","13.8"
"FE-005","1973-08","13.8"
"FE-005","1973-09","13.8"
"FE-005","1973-10","13.8"
"FE-005","1973-11","13.8"
"FE-005","1973-12","13.8"
"FE-005","1974-01","42"
"FE-005","1974-02","42"
"FE-005","1974-03","42"
"FE-005","1974-04","42"
"FE-005","1974-05","42"
"FE-005","1974-06","63"
"FE-005","1974-07","63"
"FE-005","1974-08","63"
"FE-005","1974-09","63"
"FE-005","1974-10","63"
"FE-005","1974-11","65"
"FE-005","1974-12","64.3"
"FE-005","1975-01","68"
"FE-005","1975-02","68"
"FE-005","1975-03","68"
"FE-005","1975-04","68"
"FE-005","1975-05","68"
"FE-005","1975-06","68"
"FE-005","1975-07","68"
"FE-005","1975-08","68"
"FE-005","1975-09","68"
"FE-005","1975-10","68"
"FE-005","1975-11","68"
"FE-005","1975-12","58"
"FE-005","1976-01","40"
"FE-005","1976-02","40"
"FE-005","1976-03","35"
"FE-005","1976-04","35"
"FE-005","1976-05","35"
"FE-005","1976-06","35"
"FE-005","1976-07","35"
"FE-005","1976-08","35"
"FE-005","1976-09","35"
"FE-005","1976-10","35"
"FE-005","1976-11","35"
"FE-005","1976-12","35"
"FE-005","1977-01","140"
"FE-005","1977-02","142.5"
"FE-005","1977-03","123.5"
"FE-005","1977-04","44"
"FE-005","1977-05","44"
"FE-005","1977-06","40.8"
"FE-005","1977-07","37.5"
"FE-005","1977-08","31.2"
"FE-005","1977-09","34.5"
"FE-005","1977-10","34.5"
"FE-005","1977-11","34.5"
"FE-005","1977-12","34.5"
"FE-005","1978-01","28"
"FE-005","1978-02","28"
"FE-005","1978-03","28"
"FE-005","1978-04","31.4"
"FE-005","1978-05","32.5"
"FE-005","1978-06","32.5"
"FE-005","1978-07","32.5"
"FE-005","1978-08","32.5"
"FE-005","1978-09","32.5"
"FE-005","1978-10","32.5"
"FE-005","1978-11","32.5"
"FE-005","1978-12","32.5"
"FE-005","1979-01","32.5"
"FE-005","1979-02","32.5"
"FE-005","1979-03","32.5"
"FE-005","1979-04","32.5"
"FE-005","1979-05","32.5"
"FE-005","1979-06","32.5"
"FE-005","1979-07","35.8"
"FE-005","1979-08","39"
"FE-005","1979-09","39"
"FE-005","1979-10","39"
"FE-005","1979-11","39"
"FE-005","1979-12","39"
"FE-005","1980-01","39"
"FE-005","1980-02","39"
"FE-005","1980-03","42"
"FE-005","1980-04","54"
"FE-005","1980-05","54"
"FE-005","1980-06","44"
"FE-005","1980-07","44"
"FE-005","1980-08","44"
"FE-005","1980-09","44"
"FE-005","1980-10","44"
"FE-005","1980-11","44"
"FE-005","1980-12","44"
"FE-005","1981-01","44"
"FE-005","1981-02","44"
"FE-005","1981-03","44"
"FE-005","1981-04","47.5"
"FE-005","1981-05","51"
"FE-005","1981-06","51"
"FE-005","1981-07","51"
"FE-005","1981-08","51"
"FE-005","1981-09","51"
"FE-005","1981-10","51"
"FE-005","1981-11","51"
"FE-005","1981-12","51"
"FE-005","1982-01","51"
"FE-005","1982-02","51"
"FE-005","1982-03","51"
"FE-005","1982-04","51"
"FE-005","1982-05","48.4"
"FE-005","1982-06","44.5"
"FE-005","1982-07","37.4"
"FE-005","1982-08","35"
"FE-005","1982-09","35"
"FE-005","1982-10","35"
"FE-005","1982-11","35"
"FE-005","1982-12","41.3"
"FE-005","1983-01","47.5"
"FE-005","1983-02","47.5"
"FE-005","1983-03","47.5"
"FE-005","1983-04","47.5"
"FE-005","1983-05","43"
"FE-005","1983-06","41.1"
"FE-005","1983-07","37.3"
"FE-005","1983-08","34"
"FE-005","1983-09","34"
"FE-005","1983-10","34"
"FE-005","1983-11","32.8"
"FE-005","1983-12","31.5"
"FE-005","1984-01","31.5"
"FE-005","1984-02","31.5"
"FE-005","1984-03","31.5"
"FE-005","1984-04","31.5"
"FE-005","1984-05","31.5"
"FE-005","1984-06","31.5"
"FE-005","1984-07","33.8"
"FE-005","1984-08","33.5"
"FE-005","1984-09","33.5"
"FE-005","1984-10","35"
"FE-005","1984-11","36"
"FE-005","1984-12","36"
"FE-005","1985-01","36"
"FE-005","1985-02","36"
"FE-005","1985-03","36"
"FE-005","1985-04","36"
"FE-005","1985-05","36"
"FE-005","1985-06","36"
"FE-005","1985-07","36"
"FE-005","1985-08","36"
"FE-005","1985-09","36"
"FE-005","1985-10","36"
"FE-005","1985-11","36"
"FE-005","1985-12","36"
"FE-005","1986-01","36"
"FE-005","1986-02","36"
"FE-005","1986-03","36"
"FE-005","1986-04","36"
"FE-005","1986-05","36"
"FE-005","1986-06","36"
"FE-005","1986-07","36"
"FE-005","1986-08","36"
"FE-005","1986-09","36"
"FE-005","1986-10","36"
"FE-005","1986-11","36"
"FE-005","1986-12","36"
"FE-005","1987-01","36"
"FE-005","1987-02","36"
"FE-005","1987-03","36"
"FE-005","1987-04","34.5"
"FE-005","1987-05","34.5"
"FE-005","1987-06","34.5"
"FE-005","1987-07","34.5"
"FE-005","1987-08","34.5"
"FE-005","1987-09","33.3"
"FE-005","1987-10","32"
"FE-005","1987-11","32"
"FE-005","1987-12","32"
"FE-005","1988-01","32"
"FE-005","1988-02","32"
"FE-005","1988-03","32"
"FE-005","1988-04","32"
"FE-005","1988-05","32"
"FE-005","1988-06","32"
"FE-005","1988-07","32"
"FE-005","1988-08","31.2"
"FE-005","1988-09","31"
"FE-005","1988-10","31"
"FE-005","1988-11","31"
"FE-005","1988-12","31"
"FE-005","1989-01","31"
"FE-005","1989-02","31"
"FE-005","1989-03","31"
"FE-005","1989-04","31"
"FE-005","1989-05","31"
"FE-005","1989-06","31"
"FE-005","1989-07","31"
"FE-005","1989-08","31"
"FE-005","1989-09","31"
"FE-005","1989-10","31"
"FE-005","1989-11","31"
"FE-005","1989-12","31"
"FE-005","1990-01","31"
"FE-005","1990-02","31"
"FE-005","1990-03","31"
"FE-005","1990-04","31"
"FE-005","1990-05","31"
"FE-005","1990-06","31.5"
"FE-005","1990-07","31.5"
"FE-005","1990-08","31.5"
"FE-005","1990-09","31.5"
"FE-005","1990-10","31.5"
"FE-005","1990-11","31.5"
"FE-005","1990-12","31.5"
"FE-005","1991-01","31.5"
"FE-005","1991-02","31.5"
"FE-005","1991-03","31.5"
"FE-005","1991-04","31.5"
"FE-005","1991-05","31.5"
"FE-005","1991-06","31.5"
"FE-005","1991-07","31.5"
"FE-005","1991-08","31.5"
"FE-005","1991-09","31.5"
"FE-005","1991-10","31.5"
"FE-005","1991-11","31.5"
"FE-005","1991-12","31.5"
"FE-005","1992-01","31.5"
"FE-005","1992-02","31.5"
"FE-005","1992-03","31.5"
"FE-005","1992-04","31.5"
"FE-005","1992-05","31.5"
"FE-005","1992-06","31.5"
"FE-005","1992-07","31.5"
"FE-005","1992-08","31.5"
"FE-005","1992-09","31.5"
"FE-005","1992-10","31.5"
"FE-005","1992-11","31.5"
"FE-005","1992-12","31.5"
"FE-005","1993-01","31.5"
"FE-005","1993-02","31.5"
"FE-005","1993-03","31.5"
"FE-005","1993-04","31.5"
"FE-005","1993-05","31.5"
"FE-005","1993-06","31.5"
"FE-005","1993-07","31.5"
"FE-005","1993-08","31.5"
"FE-005","1993-09","31.5"
"FE-005","1993-10","31.5"
"FE-005","1993-11","31.5"
"FE-005","1993-12","31.5"
"FE-005","1994-01","31.5"
"FE-005","1994-02","31.5"
"FE-005","1994-03","31.5"
"FE-005","1994-04","31.5"
"FE-005","1994-05","31.5"
"FE-005","1994-06","31.5"
"FE-005","1994-07","31.5"
"FE-005","1994-08","31.5"
"FE-005","1994-09","31.5"
"FE-005","1994-10","31.5"
"FE-005","1994-11","33.5"
"FE-005","1994-12","33.5"
"FE-005","1995-01","33.5"
"FE-005","1995-02","31.5"
"FE-005","1995-03","31.5"
"FE-005","1995-04","31.5"
"FE-005","1995-05","31.5"
"FE-005","1995-06","31.5"
"FE-005","1995-07","33.5"
"FE-005","1995-08","33.5"
"FE-005","1995-09","33.5"
"FE-005","1995-10","33.5"
"FE-005","1995-11","33.5"
"FE-005","1995-12","33.5"
"FE-005","1996-01","33.5"
"FE-005","1996-02","33.5"
"FE-005","1996-03","33.5"
"FE-005","1996-04","33.5"
"FE-005","1996-05","33.5"
"FE-005","1996-06","33.5"
"FE-005","1996-07","32.9"
"FE-005","1996-08","32.5"
"FE-005","1996-09","32.5"
"FE-005","1996-10","32.5"
"FE-005","1996-11","32.5"
"FE-005","1996-12","32.5"
"FE-005","1997-01","32.5"
"FE-005","1997-02","32.5"
"FE-005","1997-03","32.5"
"FE-005","1997-04","32.5"
"FE-005","1997-05","32.5"
"FE-005","1997-06","32.5"
"FE-005","1997-07","32.5"
"FE-005","1997-08","32.5"
"FE-005","1997-09","32.5"
"FE-005","1997-10","32.5"
"FE-005","1997-11","32.5"
"FE-005","1997-12","32.5"
"FE-005","1998-01","32.5"
"FE-005","1998-02","32.5"
"FE-005","1998-03","32.5"
"FE-005","1998-04","32.5"
"FE-005","1998-05","32.5"
"FE-005","1998-06","32.5"
"FE-005","1998-07","32.5"
"FE-005","1998-08","32.5"
"FE-005","1998-09","32.5"
"FE-005","1998-10","32.5"
"FE-005","1998-11","32.5"
"FE-005","1998-12","32.5"
"FE-005","1999-01","32.5"
"FE-005","1999-02","41.1"
"FE-005","1999-03","44"
"FE-005","1999-04","44"
"FE-005","1999-05","44"
"FE-005","1999-06","44"
"FE-005","1999-07","44"
"FE-005","1999-08","44"
"FE-005","1999-09","44"
"FE-005","1999-10","44"
"FE-005","1999-11","44"
"FE-005","1999-12","44"
"FE-005","2000-01","44"
"FE-005","2000-02","44"
"FE-005","2000-03","44"
"FE-005","2000-04","44"
"FE-005","2000-05","44"
"FE-005","2000-06","44"
"FE-005","2000-07","44"
"FE-005","2000-08","44"
"FE-005","2000-09","44"
"FE-005","2000-10","44"
"FE-005","2000-11","44"
"FE-005","2000-12","44"
"FE-005","2001-01","44"
"FE-005","2001-02","44"
"FE-005","2001-03","44"
"FE-005","2001-04","44"
"FE-005","2001-05","44"
"FE-005","2001-06","44"
"FE-005","2001-07","44"
"FE-005","2001-08","44"
"FE-005","2001-09","44"
"FE-005","2001-10","44"
"FE-005","2001-11","44"
"FE-005","2001-12","44"
"FE-005","2002-01","44"
"FE-005","2002-02","44"
"FE-005","2002-03","44"
"FE-005","2002-04","44"
"FE-005","2002-05","44"
"FE-005","2002-06","44"
"FE-005","2002-07","44"
"FE-005","2002-08","44"
"FE-005","2002-09","44"
"FE-005","2002-10","44"
"FE-005","2002-11","44"
"FE-005","2002-12","44"
"FE-005","2003-01","44"
"FE-005","2003-02","44"
"FE-005","2003-03","44"
"FE-005","2003-04","44"
"FE-005","2003-05","44"
"FE-005","2003-06","44"
"FE-005","2003-07","44"
"FE-005","2003-08","44"
"FE-005","2003-09","44"
"FE-005","2003-10","44"
"FE-005","2003-11","44"
"FE-005","2003-12","44"
"FE-005","2004-01","44"
"FE-005","2004-02","44"
"FE-005","2004-03","44"
"FE-005","2004-04","44"
"FE-005","2004-05","44"
"FE-005","2004-06","44"
"FE-005","2004-07","44"
"FE-005","2004-08","44"
"FE-005","2004-09","44"
"FE-005","2004-10","44"
"FE-005","2004-11","44"
"FE-005","2004-12","44"
"FE-005","2005-01","44"
"FE-005","2005-02","44"
"FE-005","2005-03","44"
"FE-005","2005-04","44"
"FE-005","2005-05","44"
"FE-005","2005-06","44"
"FE-005","2005-07","44"
"FE-005","2005-08","44"
"FE-005","2005-09","44"
"FE-005","2005-10","44"
"FE-005","2005-11","44"
"FE-005","2005-12","44"
"FE-005","2006-01","44"
"FE-005","2006-02","44"
"FE-005","2006-03","44"
"FE-005","2006-04","44"
"FE-005","2006-05","44"
"FE-005","2006-06","44"
"FE-005","2006-07","44"
"FE-005","2006-08","44"
"FE-005","2006-09","44"
"FE-005","2006-10","44"
"FE-005","2006-11","44"
"FE-005","2006-12","44"
"FE-005","2007-01","44"
"FE-005","2007-02","44"
"FE-005","2007-03","44"
"FE-005","2007-04","44"
"FE-005","2007-05","44"
"FE-005","2007-06","44"
"FE-005","2007-07","44"
"FE-005","2007-08","44"
"FE-005","2007-09","57.8"
"FE-005","2007-10","71.5"
"FE-005","2007-11","71.5"
"FE-005","2007-12","71.5"
"FE-005","2008-01","71.5"
"FE-005","2008-02","71.5"
"FE-005","2008-03","71.5"
"FE-005","2008-04","160.4"
"FE-005","2008-05","190"
"FE-005","2008-06","190"
"FE-005","2008-07","240"
"FE-005","2008-08","290"
"FE-005","2008-09","278"
"FE-005","2008-10","450"
"FE-005","2008-11","450"
"FE-005","2008-12","450"
"FE-005","2009-01","450"
"FE-005","2009-02","450"
"FE-005","2009-03","450"
"FE-005","2009-04","315"
"FE-005","2009-05","270"
"FE-005","2009-06","198"
"FE-005","2009-07","90"
"FE-005","2009-08","90"
"FE-005","2009-09","90"
"FE-005","2009-10","90"
"FE-005","2009-11","90"
"FE-005","2009-12","90"
"FE-005","2010-01","90"
"FE-005","2010-02","90"
"FE-005","2010-03","90"
"FE-005","2010-04","90"
"FE-005","2010-05","90"
"FE-005","2010-06","90"
"FE-005","2010-07","98.8"
"FE-005","2010-08","125"
"FE-005","2010-09","125"
"FE-005","2010-10","125"
"FE-005","2010-11","125"
"FE-005","2010-12","125"
"FE-005","2011-01","125"
"FE-005","2011-02","140"
"FE-005","2011-03","145"
"FE-005","2011-04","145"
"FE-005","2011-05","147"
"FE-005","2011-06","155"
"FE-005","2011-07","161.9"
"FE-005","2011-08","182.5"
"FE-005","2011-09","182.5"
"FE-005","2011-10","188.8"
"FE-005","2011-11","195"
"FE-005","2011-12","195"
"FE-005","2012-01","195"
"FE-005","2012-02","190"
"FE-005","2012-03","160"
"FE-005","2012-04","185"
"FE-005","2012-05","195"
"FE-005","2012-06","193.1"
"FE-005","2012-07","188.5"
"FE-005","2012-08","182.5"
"FE-005","2012-09","182.5"
"FE-005","2012-10","182.5"
"FE-005","2012-11","182.5"
"FE-005","2012-12","182.5"
"FE-005","2013-01","182.5"
"FE-005","2013-02","182.5"
"FE-005","2013-03","160"
"FE-005","2013-04","111.5"
"FE-005","2013-05","157.5"
"FE-005","2013-06","125.6"
"FE-005","2013-07","115"
"FE-005","2013-08","115"
"FE-005","2013-09","97.5"
"FE-005","2013-10","84.4"
"FE-005","2013-11","87.5"
"FE-005","2013-12","96.9"
"FE-005","2014-01","97.5"
"FE-005","2014-02","97.5"
"FE-005","2014-03","106.6"
"FE-005","2014-04","111.5"
"FE-005","2014-05","112.6"
"FE-005","2014-06","111.4"
"FE-005","2014-07","111"
"FE-005","2014-08","111"
"FE-005","2014-09","111.4"
"FE-005","2014-10","116"
"FE-005","2014-11","119.5"
"FE-005","2014-12","119.5"
"FE-005","2015-01","119.5"
"FE-005","2015-02","121.3"
"FE-005","2015-03","123"
"FE-005","2015-04","114.1"
"FE-005","2015-05","110.5"
"FE-005","2015-06","118.9"
"FE-005","2015-07","121"
"FE-005","2015-08","121"
"FE-005","2015-09","124"
"FE-005","2015-10","123.5"
"FE-005","2015-11","123.5"
"FE-005","2015-12","123.5"
"FE-005","2016-01","122.6"
"FE-005","2016-02","114.5"
"FE-005","2016-03","114.5"
"FE-005","2016-04","114.1"
"FE-005","2016-05","110.5"
"FE-005","2016-06","110.5"
"FE-005","2016-07","110.5"
"FE-005","2016-08","109.8"
"FE-005","2016-09","109"
"FE-005","2016-10","109"
"FE-005","2016-11","103"
"FE-005","2016-12","97.5"
"FE-005","2017-01","96.9"
"FE-005","2017-02","95"
"FE-005","2017-03","97.5"
"FE-005","2017-04","95.6"
"FE-005","2017-05","92.5"
"FE-005","2017-06","92.5"
"FE-005","2017-07","92.5"
"FE-005","2017-08","88.8"
"FE-005","2017-09","85"
"FE-005","2017-10","80"
"FE-005","2017-11","80"
"FE-005","2017-12","80"
"FE-005","2018-01","80"
"FE-005","2018-02","82.5"
"FE-005","2018-03","84.7"
"FE-005","2018-04","88"
"FE-005","2018-05","88"
"FE-005","2018-06","86.8"
"FE-005","2018-07","86.9"
"FE-005","2018-08","87.5"
"FE-005","2018-09","87.5"
"FE-005","2018-10","91.3"
"FE-005","2018-11","92.5"
"FE-005","2018-12","99.2"
"FE-005","2019-01","102.5"
"FE-005","2019-02","102.5"
"FE-005","2019-03","98.5"
"FE-005","2019-04","97.5"
"FE-005","2019-05","97.5"
"FE-005","2019-06","97.5"
"FE-005","2019-07","80"
"FE-005","2019-08","78"
"FE-005","2019-09","77.5"
"FE-005","2019-10","77.5"
"FE-005","2019-11","74"
"FE-005","2019-12","72.5"
"FE-005","2020-01","72.5"
"FE-005","2020-02","72.5"
"FE-005","2020-03","71.9"
"FE-005","2020-04","70.8"
"FE-005","2020-05","72.9"
"FE-005","2020-06","75"
"FE-005","2020-07","75"
"FE-005","2020-08","76.9"
"FE-005","2020-09","79.4"
"FE-005","2020-10","80"
"FE-005","2020-11","82.5"
"FE-005","2020-12","83.3"
"FE-005","2021-01","85"
"FE-005","2021-02","88.1"
"FE-005","2021-03","96.3"
"FE-005","2021-04","95"
"FE-005","2021-05","102.5"
"FE-005","2021-06","125"
"FE-005","2021-07","125"
"FE-005","2021-08","136.9"
"FE-005","2021-09","147.5"
"FE-005","2021-10","147.5"
"FE-005","2021-11","153.1"
"FE-005","2021-12","176.7"
"FE-005","2022-01","173.1"
"FE-005","2022-02","172.5"
"FE-005","2022-03","178.8"
"FE-005","2022-04","249.5"
"FE-005","2022-05","255"
"FE-005","2022-06","287.5"
"FE-005","2022-07","320"
"FE-005","2022-08","320"
"FE-005","2022-09","320"
"FE-005","2022-10","317.5"
"FE-005","2022-11","300"
"FE-005","2022-12","300"
"FE-005","2023-01","300"
"FE-005","2023-02","322.5"
"FE-005","2023-03","345"
"FE-005","2023-04","345"
"FE-005","2023-05","345"
"FE-005","2023-06","344.5"
"FE-005","2023-07","342.5"
"FE-005","2023-08","346.3"
"FE-005","2023-09","347.5"
"FE-005","2023-10","347.5"
"FE-005","2023-12","152.5"
"FE-005","2024-01","152.5"
"FE-005","2024-02","152.5"
"FE-005","2024-03","152.5"
"FE-005","2024-04","152.5"
"FE-005","2024-05","152.5"
"FE-005","2024-06","152.5"
"FE-005","2024-07","152.5"
"FE-005","2024-08","152.5"
"FE-005","2024-09","152.5"
"FE-005","2024-10","152.5"
"FE-005","2024-11","152.5"
"FE-005","2024-12","152.5"
"FE-005","2025-01","152.5"
"FE-005","2025-02","152.5"
"FE-005","2025-03","152.5"
"FE-005","2025-04","152.5"
"FE-005","2025-05","152.5"
"FE-005","2025-06","152.5"
"FE-005","2025-07","152.5"
"FE-005","2025-08","152.5"
"FE-005","2025-09","152.5"
"FE-005","2025-10","152.5"
"FE-005","2025-11","152.5"
"FE-005","2025-12","152.5"
"FE-005","2026-01","152.5"
"FE-005","2026-02","152.5"
"FE-005","2026-03","152.5"
"FE-005","2026-04","152.5"
"FE-005","2026-05","152.5"
"FE-005","2026-06","156.9"
"FE-006","2015-01","87.9"
"FE-006","2015-02","87.8"
"FE-006","2015-03","88.9"
"FE-006","2015-04","89.8"
"FE-006","2015-05","88"
"FE-006","2015-06","86.9"
"FE-006","2015-07","85.9"
"FE-006","2015-08","86.2"
"FE-006","2015-09","86.3"
"FE-006","2015-10","86.1"
"FE-006","2015-11","85.2"
"FE-006","2015-12","84.9"
"FE-006","2016-01","83.7"
"FE-006","2016-02","83.4"
"FE-006","2016-03","81.5"
"FE-006","2016-04","78.9"
"FE-006","2016-05","77.2"
"FE-006","2016-06","75.2"
"FE-006","2016-07","73.9"
"FE-006","2016-08","73.2"
"FE-006","2016-09","72"
"FE-006","2016-10","71.9"
"FE-006","2016-11","72.3"
"FE-006","2016-12","73.2"
"FE-006","2017-01","76.1"
"FE-006","2017-02","78"
"FE-006","2017-03","78.6"
"FE-006","2017-04","78.7"
"FE-006","2017-05","77.2"
"FE-006","2017-06","75.9"
"FE-006","2017-07","75.1"
"FE-006","2017-08","74.1"
"FE-006","2017-09","74.4"
"FE-006","2017-10","75.6"
"FE-006","2017-11","77.1"
"FE-006","2017-12","77.7"
"FE-006","2018-01","79.2"
"FE-006","2018-02","79.6"
"FE-006","2018-03","79.2"
"FE-006","2018-04","78.9"
"FE-006","2018-05","77.7"
"FE-006","2018-06","77.2"
"FE-006","2018-07","77.9"
"FE-006","2018-08","79.1"
"FE-006","2018-09","79.9"
"FE-006","2018-10","80.9"
"FE-006","2018-11","82.3"
"FE-006","2018-12","83.2"
"FE-006","2019-01","83.3"
"FE-006","2019-02","83.5"
"FE-006","2019-03","83.1"
"FE-006","2019-04","81.9"
"FE-006","2019-05","81.8"
"FE-006","2019-06","81.1"
"FE-006","2019-07","81.9"
"FE-006","2019-08","81.8"
"FE-006","2019-09","81.4"
"FE-006","2019-10","81.9"
"FE-006","2019-11","81.5"
"FE-006","2019-12","80.5"
"FE-006","2020-01","80.7"
"FE-006","2020-02","80.6"
"FE-006","2020-03","80.7"
"FE-006","2020-04","79.9"
"FE-006","2020-05","78.2"
"FE-006","2020-06","77.2"
"FE-006","2020-07","75.6"
"FE-006","2020-08","75.7"
"FE-006","2020-09","76"
"FE-006","2020-10","76.4"
"FE-006","2020-11","76.3"
"FE-006","2020-12","76.7"
"FE-006","2021-01","77"
"FE-006","2021-02","80.6"
"FE-006","2021-03","83.9"
"FE-006","2021-04","88.8"
"FE-006","2021-05","89.7"
"FE-006","2021-06","90.7"
"FE-006","2021-07","96"
"FE-006","2021-08","99.9"
"FE-006","2021-09","103.9"
"FE-006","2021-10","115.6"
"FE-006","2021-11","130.3"
"FE-006","2021-12","143.7"
"FE-006","2022-01","151.6"
"FE-006","2022-02","158.1"
"FE-006","2022-03","169.7"
"FE-006","2022-04","185.4"
"FE-006","2022-05","181.8"
"FE-006","2022-06","183.6"
"FE-006","2022-07","186.9"
"FE-006","2022-08","197.6"
"FE-006","2022-09","206.4"
"FE-006","2022-10","205.7"
"FE-006","2022-11","196.9"
"FE-006","2022-12","191.6"
"FE-006","2023-01","184.2"
"FE-006","2023-02","165.6"
"FE-006","2023-03","154.5"
"FE-006","2023-04","142.2"
"FE-006","2023-05","132.5"
"FE-006","2023-06","123.8"
"FE-006","2023-07","119.8"
"FE-006","2023-08","118.7"
"FE-006","2023-09","119.6"
"FE-006","2023-10","120.9"
"FE-006","2023-11","121.8"
"FE-006","2023-12","122"
"FE-006","2024-01","120.8"
"FE-006","2024-02","119.8"
"FE-006","2024-03","118.7"
"FE-006","2024-04","116.8"
"FE-006","2024-05","115.2"
"FE-006","2024-06","113.9"
"FE-006","2024-07","114.2"
"FE-006","2024-08","114.4"
"FE-006","2024-09","115.1"
"FE-006","2024-10","116.1"
"FE-006","2024-11","117.7"
"FE-006","2024-12","118.9"
"FE-006","2025-01","120.9"
"FE-006","2025-02","123.1"
"FE-006","2025-03","123.9"
"FE-006","2025-04","122.8"
"FE-006","2025-05","119.9"
"FE-006","2025-06","118.1"
"FE-006","2025-07","118.7"
"FE-006","2025-08","121.5"
"FE-006","2025-09","122"
"FE-006","2025-10","121.8"
"FE-006","2025-11","122.9"
"FE-006","2025-12","125.3"
"FE-006","2026-01","125.9"
"FE-006","2026-02","127"
"FE-006","2026-03","130.1"
"FE-006","2026-04","136.6"
"FE-006","2026-05","139.1"
"FE-007","2020-03","103.35"
"FE-007","2020-06","100.85"
"FE-007","2020-09","97.55"
"FE-007","2020-12","98.25"
"FE-007","2021-03","104.49"
"FE-007","2021-06","113.14"
"FE-007","2021-09","127.12"
"FE-007","2021-12","172.45"
"FE-007","2022-03","208.18"
"FE-007","2022-06","247.92"
"FE-007","2022-09","257.84"
"FE-007","2022-12","262.7"
"FE-007","2023-03","223.8"
"FE-007","2023-06","187.49"
"FE-007","2023-09","165.13"
"FE-007","2023-12","161.19"
"FE-007","2024-03","156.65"
"FE-007","2024-06","152.25"
"FE-007","2024-09","149.06"
"FE-007","2024-12","150.04"
"FE-007","2025-03","158.39"
"FE-007","2025-06","160.81"
"FE-007","2025-09","160.67"
"FE-007","2025-12","162.09"
"FE-007","2026-03","168.84"
"FE-008","2019-01","263"
"FE-008","2019-02","249"
"FE-008","2019-03","245"
"FE-008","2019-04","231"
"FE-008","2019-05","233"
"FE-008","2019-06","235"
"FE-008","2019-07","240"
"FE-008","2019-08","237"
"FE-008","2019-09","232"
"FE-008","2019-10","230"
"FE-008","2019-11","224"
"FE-008","2019-12","215"
"FE-008","2020-01","217"
"FE-008","2020-02","215"
"FE-008","2020-03","214"
"FE-008","2020-04","205"
"FE-008","2020-05","194"
"FE-008","2020-06","186"
"FE-008","2020-07","185"
"FE-008","2020-08","190"
"FE-008","2020-09","197"
"FE-008","2020-10","197"
"FE-008","2020-11","199"
"FE-008","2020-12","203"
"FE-008","2021-01","219"
"FE-008","2021-02","277"
"FE-008","2021-03","290"
"FE-008","2021-04","294"
"FE-008","2021-05","282"
"FE-008","2021-06","294"
"FE-008","2021-07","319"
"FE-008","2021-08","334"
"FE-008","2021-09","353"
"FE-008","2021-10","593"
"FE-008","2021-11","663"
"FE-008","2021-12","709"
"FE-008","2022-01","698"
"FE-008","2022-02","673"
"FE-008","2022-03","896"
"FE-008","2022-04","923"
"FE-008","2022-05","785"
"FE-008","2022-06","734"
"FE-008","2022-07","738"
"FE-008","2022-08","758"
"FE-008","2022-09","846"
"FE-008","2022-10","836"
"FE-008","2022-11","752"
"FE-008","2022-12","667"
"FE-008","2023-01","595"
"FE-008","2023-02","523"
"FE-008","2023-03","447"
"FE-008","2023-04","378"
"FE-008","2023-05","351"
"FE-008","2023-06","315"
"FE-008","2023-07","337"
"FE-008","2023-08","367"
"FE-008","2023-09","376"
"FE-008","2023-10","375"
"FE-008","2023-11","375"
"FE-008","2023-12","355"
"FE-008","2024-01","340"
"FE-008","2024-02","338"
"FE-008","2024-03","330"
"FE-008","2024-04","317"
"FE-008","2024-05","307"
"FE-008","2024-06","322"
"FE-008","2024-07","324"
"FE-008","2024-08","318"
"FE-008","2024-09","321"
"FE-008","2024-10","328"
"FE-008","2024-11","335"
"FE-008","2024-12","349"
"FE-008","2025-01","365"
"FE-008","2025-02","401"
"FE-008","2025-03","394"
"FE-008","2025-04","376"
"FE-008","2025-05","353"
"FE-008","2025-06","366"
"FE-008","2025-07","389"
"FE-008","2025-08","390"
"FE-008","2025-09","372"
"FE-008","2025-10","366"
"FE-008","2025-11","396"
"FE-008","2025-12","397"
"FE-008","2026-01","405"
"FE-008","2026-02","416"
"FE-008","2026-03","519"
"FE-008","2026-04","554"
"FE-008","2026-05","541"
"FE-009","2015-01","89.3"
"FE-009","2015-02","89.4"
"FE-009","2015-03","89.7"
"FE-009","2015-04","89"
"FE-009","2015-05","88.9"
"FE-009","2015-06","89.1"
"FE-009","2015-07","88.7"
"FE-009","2015-08","88.9"
"FE-009","2015-09","88.9"
"FE-009","2015-10","88.5"
"FE-009","2015-11","88.9"
"FE-009","2015-12","88.3"
"FE-009","2016-01","88.9"
"FE-009","2016-02","89"
"FE-009","2016-03","88.9"
"FE-009","2016-04","88.9"
"FE-009","2016-05","88.1"
"FE-009","2016-06","88"
"FE-009","2016-07","88.2"
"FE-009","2016-08","87.9"
"FE-009","2016-09","87.9"
"FE-009","2016-10","87.8"
"FE-009","2016-11","87.7"
"FE-009","2016-12","88"
"FE-009","2017-01","88.5"
"FE-009","2017-02","88.5"
"FE-009","2017-03","88.5"
"FE-009","2017-04","88.4"
"FE-009","2017-05","88.4"
"FE-009","2017-06","88"
"FE-009","2017-07","88.2"
"FE-009","2017-08","88.1"
"FE-009","2017-09","88.1"
"FE-009","2017-10","88.2"
"FE-009","2017-11","88.2"
"FE-009","2017-12","88.3"
"FE-009","2018-01","88.9"
"FE-009","2018-02","89.5"
"FE-009","2018-03","89.8"
"FE-009","2018-04","89.5"
"FE-009","2018-05","89.8"
"FE-009","2018-06","89.4"
"FE-009","2018-07","89.3"
"FE-009","2018-08","89.9"
"FE-009","2018-09","89.4"
"FE-009","2018-10","89.9"
"FE-009","2018-11","90"
"FE-009","2018-12","90"
"FE-009","2019-01","91.7"
"FE-009","2019-02","92.4"
"FE-009","2019-03","92.3"
"FE-009","2019-04","92.4"
"FE-009","2019-05","92.2"
"FE-009","2019-06","91.9"
"FE-009","2019-07","92.1"
"FE-009","2019-08","92.5"
"FE-009","2019-09","92.4"
"FE-009","2019-10","92.2"
"FE-009","2019-11","92.4"
"FE-009","2019-12","92.5"
"FE-009","2020-01","94.2"
"FE-009","2020-02","95"
"FE-009","2020-03","94.8"
"FE-009","2020-04","94.7"
"FE-009","2020-05","95"
"FE-009","2020-06","94.9"
"FE-009","2020-07","94.7"
"FE-009","2020-08","94.8"
"FE-009","2020-09","94.8"
"FE-009","2020-10","94.7"
"FE-009","2020-11","95"
"FE-009","2020-12","94.8"
"FE-009","2021-01","96.6"
"FE-009","2021-02","97"
"FE-009","2021-03","96.9"
"FE-009","2021-04","97.5"
"FE-009","2021-05","98.4"
"FE-009","2021-06","98.8"
"FE-009","2021-07","99.4"
"FE-009","2021-08","100.9"
"FE-009","2021-09","101.4"
"FE-009","2021-10","102.8"
"FE-009","2021-11","105"
"FE-009","2021-12","105.3"
"FE-009","2022-01","120.3"
"FE-009","2022-02","123.8"
"FE-009","2022-03","125.7"
"FE-009","2022-04","130.4"
"FE-009","2022-05","132.7"
"FE-009","2022-06","134.8"
"FE-009","2022-07","137.3"
"FE-009","2022-08","140.9"
"FE-009","2022-09","145.6"
"FE-009","2022-10","157.5"
"FE-009","2022-11","158.6"
"FE-009","2022-12","159.8"
"FE-009","2023-01","168.1"
"FE-009","2023-02","168.5"
"FE-009","2023-03","170.8"
"FE-009","2023-04","169"
"FE-009","2023-05","170"
"FE-009","2023-06","168.1"
"FE-009","2023-07","165.2"
"FE-009","2023-08","164.3"
"FE-009","2023-09","163.8"
"FE-009","2023-10","163.3"
"FE-009","2023-11","162.3"
"FE-009","2023-12","161.8"
"FE-009","2024-01","163.8"
"FE-009","2024-02","163.4"
"FE-009","2024-03","163.7"
"FE-009","2024-04","165.3"
"FE-009","2024-05","165.8"
"FE-009","2024-06","165.6"
"FE-009","2024-07","165.9"
"FE-009","2024-08","166.3"
"FE-009","2024-09","165.7"
"FE-009","2024-10","165.6"
"FE-009","2024-11","165.7"
"FE-009","2024-12","166.2"
"FE-009","2025-01","167.2"
"FE-009","2025-02","167.7"
"FE-009","2025-03","167.7"
"FE-009","2025-04","167.1"
"FE-009","2025-05","168.4"
"FE-009","2025-06","166.8"
"FE-009","2025-07","166.6"
"FE-009","2025-08","166.8"
"FE-009","2025-09","166.1"
"FE-009","2025-10","165.9"
"FE-009","2025-11","166"
"FE-009","2025-12","165.5"
"FE-009","2026-01","171.4"
"FE-009","2026-02","172.9"
"FE-009","2026-03","173.8"
"FE-009","2026-04","175.6"
"FE-009","2026-05","175.3"
"FE-010","2019-01","410"
"FE-010","2019-02","408"
"FE-010","2019-03","403"
"FE-010","2019-04","391"
"FE-010","2019-05","388"
"FE-010","2019-06","367"
"FE-010","2019-07","357"
"FE-010","2019-08","343"
"FE-010","2019-09","338"
"FE-010","2019-10","328"
"FE-010","2019-11","316"
"FE-010","2019-12","303"
"FE-010","2020-01","301"
"FE-010","2020-02","310"
"FE-010","2020-03","309"
"FE-010","2020-04","311"
"FE-010","2020-05","306"
"FE-010","2020-06","296"
"FE-010","2020-07","296"
"FE-010","2020-08","302"
"FE-010","2020-09","314"
"FE-010","2020-10","321"
"FE-010","2020-11","323"
"FE-010","2020-12","333"
"FE-010","2021-01","341"
"FE-010","2021-02","436"
"FE-010","2021-03","474"
"FE-010","2021-04","495"
"FE-010","2021-05","497"
"FE-010","2021-06","544"
"FE-010","2021-07","603"
"FE-010","2021-08","609"
"FE-010","2021-09","615"
"FE-010","2021-10","655"
"FE-010","2021-11","730"
"FE-010","2021-12","794"
"FE-010","2022-01","787"
"FE-010","2022-02","791"
"FE-010","2022-03","920"
"FE-010","2022-04","1025"
"FE-010","2022-05","1035"
"FE-010","2022-06","1026"
"FE-010","2022-07","1012"
"FE-010","2022-08","1004"
"FE-010","2022-09","985"
"FE-010","2022-10","909"
"FE-010","2022-11","841"
"FE-010","2022-12","780"
"FE-010","2023-01","751"
"FE-010","2023-02","721"
"FE-010","2023-03","700"
"FE-010","2023-04","680"
"FE-010","2023-05","620"
"FE-010","2023-06","540"
"FE-010","2023-07","500"
"FE-010","2023-08","540"
"FE-010","2023-09","552"
"FE-010","2023-10","548"
"FE-010","2023-11","598"
"FE-010","2023-12","600"
"FE-010","2024-01","584"
"FE-010","2024-02","586"
"FE-010","2024-03","590"
"FE-010","2024-04","581"
"FE-010","2024-05","575"
"FE-010","2024-06","580"
"FE-010","2024-07","590"
"FE-010","2024-08","588"
"FE-010","2024-09","602"
"FE-010","2024-10","602"
"FE-010","2024-11","589"
"FE-010","2024-12","588"
"FE-010","2025-01","552"
"FE-010","2025-02","572"
"FE-010","2025-03","571"
"FE-010","2025-04","569"
"FE-010","2025-05","577"
"FE-010","2025-06","600"
"FE-010","2025-07","620"
"FE-010","2025-08","623"
"FE-010","2025-09","626"
"FE-010","2025-10","611"
"FE-010","2025-11","606"
"FE-010","2025-12","607"
"FE-010","2026-01","604"
"FE-010","2026-02","606"
"FE-010","2026-03","663"
"FE-010","2026-04","700"
"FE-010","2026-05","717"
"FE-011","2019-01","297"
"FE-011","2019-02","295"
"FE-011","2019-03","298"
"FE-011","2019-04","300"
"FE-011","2019-05","298"
"FE-011","2019-06","298"
"FE-011","2019-07","298"
"FE-011","2019-08","290"
"FE-011","2019-09","290"
"FE-011","2019-10","277"
"FE-011","2019-11","280"
"FE-011","2019-12","280"
"FE-011","2020-01","275"
"FE-011","2020-02","275"
"FE-011","2020-03","278"
"FE-011","2020-04","273"
"FE-011","2020-05","267"
"FE-011","2020-06","250"
"FE-011","2020-07","247"
"FE-011","2020-08","247"
"FE-011","2020-09","247"
"FE-011","2020-10","243"
"FE-011","2020-11","243"
"FE-011","2020-12","241"
"FE-011","2021-01","243"
"FE-011","2021-02","247"
"FE-011","2021-03","252"
"FE-011","2021-04","262"
"FE-011","2021-05","267"
"FE-011","2021-06","325"
"FE-011","2021-07","381"
"FE-011","2021-08","427"
"FE-011","2021-09","460"
"FE-011","2021-10","510"
"FE-011","2021-11","567"
"FE-011","2021-12","565"
"FE-011","2022-01","568"
"FE-011","2022-02","560"
"FE-011","2022-03","728"
"FE-011","2022-04","800"
"FE-011","2022-05","797"
"FE-011","2022-06","800"
"FE-011","2022-07","876"
"FE-011","2022-08","871"
"FE-011","2022-09","873"
"FE-011","2022-10","873"
"FE-011","2022-11","837"
"FE-011","2022-12","833"
"FE-011","2023-01","793"
"FE-011","2023-02","750"
"FE-011","2023-03","727"
"FE-011","2023-04","664"
"FE-011","2023-05","558"
"FE-011","2023-06","478"
"FE-011","2023-07","417"
"FE-011","2023-08","415"
"FE-011","2023-09","415"
"FE-011","2023-10","418"
"FE-011","2023-11","405"
"FE-011","2023-12","400"
"FE-011","2024-01","400"
"FE-011","2024-02","389"
"FE-011","2024-03","380"
"FE-011","2024-04","373"
"FE-011","2024-05","371"
"FE-011","2024-06","351"
"FE-011","2024-07","350"
"FE-011","2024-08","338"
"FE-011","2024-09","340"
"FE-011","2024-10","339"
"FE-011","2024-11","333"
"FE-011","2024-12","327"
"FE-011","2025-01","330"
"FE-011","2025-02","335"
"FE-011","2025-03","350"
"FE-011","2025-04","360"
"FE-011","2025-05","360"
"FE-011","2025-06","365"
"FE-011","2025-07","366"
"FE-011","2025-08","370"
"FE-011","2025-09","369"
"FE-011","2025-10","366"
"FE-011","2025-11","363"
"FE-011","2025-12","360"
"FE-011","2026-01","360"
"FE-011","2026-02","357"
"FE-011","2026-03","359"
"FE-011","2026-04","368"
"FE-011","2026-05","370"
"FR-001","2015-01","99.2"
"FR-001","2015-02","98.6"
"FR-001","2015-03","101.1"
"FR-001","2015-04","98.5"
"FR-001","2015-05","99.4"
"FR-001","2015-06","99.4"
"FR-001","2015-07","100.2"
"FR-001","2015-08","100.9"
"FR-001","2015-09","100.9"
"FR-001","2015-10","100.7"
"FR-001","2015-11","99.6"
"FR-001","2015-12","101.1"
"FR-001","2016-01","102.7"
"FR-001","2016-02","101.6"
"FR-001","2016-03","101.7"
"FR-001","2016-04","103.2"
"FR-001","2016-05","102"
"FR-001","2016-06","102.2"
"FR-001","2016-07","104.8"
"FR-001","2016-08","101.4"
"FR-001","2016-09","100.2"
"FR-001","2016-10","101.6"
"FR-001","2016-11","102.4"
"FR-001","2016-12","103.2"
"FR-001","2017-01","103"
"FR-001","2017-02","104"
"FR-001","2017-03","103"
"FR-001","2017-04","104.3"
"FR-001","2017-05","104.7"
"FR-001","2017-06","103.6"
"FR-001","2017-07","107.2"
"FR-001","2017-08","108.3"
"FR-001","2017-09","109"
"FR-001","2017-10","109.4"
"FR-001","2017-11","110.2"
"FR-001","2017-12","112"
"FR-001","2018-01","109.1"
"FR-001","2018-02","111.7"
"FR-001","2018-03","112.2"
"FR-001","2018-04","111.6"
"FR-001","2018-05","113"
"FR-001","2018-06","114"
"FR-001","2018-07","113.4"
"FR-001","2018-08","114"
"FR-001","2018-09","115.2"
"FR-001","2018-10","116.1"
"FR-001","2018-11","117"
"FR-001","2018-12","115.1"
"FR-001","2019-01","115.6"
"FR-001","2019-02","115.9"
"FR-001","2019-03","116"
"FR-001","2019-04","116.9"
"FR-001","2019-05","116.9"
"FR-001","2019-06","117.6"
"FR-001","2019-07","119"
"FR-001","2019-08","120.4"
"FR-001","2019-09","117.6"
"FR-001","2019-10","118"
"FR-001","2019-11","117.4"
"FR-001","2019-12","116.4"
"FR-001","2020-01","116.3"
"FR-001","2020-02","116.3"
"FR-001","2020-03","116.7"
"FR-001","2020-04","106.5"
"FR-001","2020-05","109.5"
"FR-001","2020-06","111.4"
"FR-001","2020-07","114"
"FR-001","2020-08","111.9"
"FR-001","2020-09","111"
"FR-001","2020-10","111.3"
"FR-001","2020-11","112.4"
"FR-001","2020-12","113.3"
"FR-001","2021-01","114.6"
"FR-001","2021-02","111.9"
"FR-001","2021-03","113.5"
"FR-001","2021-04","113.8"
"FR-001","2021-05","113"
"FR-001","2021-06","111.4"
"FR-001","2021-07","111.1"
"FR-001","2021-08","110.6"
"FR-001","2021-09","112.4"
"FR-001","2021-10","113.3"
"FR-001","2021-11","114.3"
"FR-001","2021-12","115.2"
"FR-001","2022-01","115.7"
"FR-001","2022-02","115"
"FR-001","2022-03","117.4"
"FR-001","2022-04","117.2"
"FR-001","2022-05","116.8"
"FR-001","2022-06","117.9"
"FR-001","2022-07","116.5"
"FR-001","2022-08","117.5"
"FR-001","2022-09","118.7"
"FR-001","2022-10","117.6"
"FR-001","2022-11","115.4"
"FR-001","2022-12","116.7"
"FR-001","2023-01","117.4"
"FR-001","2023-02","116.7"
"FR-001","2023-03","114.5"
"FR-001","2023-04","114"
"FR-001","2023-05","113.6"
"FR-001","2023-06","114.1"
"FR-001","2023-07","115"
"FR-001","2023-08","114.1"
"FR-001","2023-09","114"
"FR-001","2023-10","114.3"
"FR-001","2023-11","113.8"
"FR-001","2023-12","116.2"
"FR-001","2024-01","112.4"
"FR-001","2024-02","113.7"
"FR-001","2024-03","112.9"
"FR-001","2024-04","113"
"FR-001","2024-05","114.8"
"FR-001","2024-06","113.7"
"FR-001","2024-07","113.4"
"FR-001","2024-08","114.6"
"FR-001","2024-09","112.9"
"FR-001","2024-10","114"
"FR-001","2024-11","113.1"
"FR-001","2024-12","112.9"
"FR-001","2025-01","113.1"
"FR-001","2025-02","113.4"
"FR-001","2025-03","113.4"
"FR-001","2025-04","113.8"
"FR-001","2025-05","113.4"
"FR-001","2025-06","113.1"
"FR-001","2025-07","113.9"
"FR-001","2025-08","115.2"
"FR-001","2025-09","113.7"
"FR-001","2025-10","112.1"
"FR-001","2025-11","113"
"FR-001","2025-12","113"
"FR-001","2026-01","114.1"
"FR-001","2026-02","115.8"
"FR-001","2026-03","117.4"
"FR-001","2026-04","117.7"
"FR-002","2015-01","144"
"FR-002","2015-02","143.1"
"FR-002","2015-03","143.3"
"FR-002","2015-04","143.6"
"FR-002","2015-05","143.6"
"FR-002","2015-06","144.7"
"FR-002","2015-07","144.5"
"FR-002","2015-08","143.7"
"FR-002","2015-09","143.3"
"FR-002","2015-10","143.1"
"FR-002","2015-11","143.3"
"FR-002","2015-12","142"
"FR-002","2016-01","140.5"
"FR-002","2016-02","138.9"
"FR-002","2016-03","138.7"
"FR-002","2016-04","139.2"
"FR-002","2016-05","138.3"
"FR-002","2016-06","138.1"
"FR-002","2016-07","138.5"
"FR-002","2016-08","138.5"
"FR-002","2016-09","139"
"FR-002","2016-10","139.9"
"FR-002","2016-11","140"
"FR-002","2016-12","140.1"
"FR-002","2017-01","140.3"
"FR-002","2017-02","140.6"
"FR-002","2017-03","139.9"
"FR-002","2017-04","140.1"
"FR-002","2017-05","139.7"
"FR-002","2017-06","139.9"
"FR-002","2017-07","139.9"
"FR-002","2017-08","142.1"
"FR-002","2017-09","142.7"
"FR-002","2017-10","143"
"FR-002","2017-11","145.2"
"FR-002","2017-12","147.4"
"FR-002","2018-01","148.3"
"FR-002","2018-02","149.4"
"FR-002","2018-03","149.5"
"FR-002","2018-04","149.8"
"FR-002","2018-05","151.2"
"FR-002","2018-06","152.6"
"FR-002","2018-07","154"
"FR-002","2018-08","154.9"
"FR-002","2018-09","156.6"
"FR-002","2018-10","158.1"
"FR-002","2018-11","158.5"
"FR-002","2018-12","158.6"
"FR-002","2019-01","156.5"
"FR-002","2019-02","154.8"
"FR-002","2019-03","154.2"
"FR-002","2019-04","153.7"
"FR-002","2019-05","152.6"
"FR-002","2019-06","154"
"FR-002","2019-07","153.3"
"FR-002","2019-08","152.6"
"FR-002","2019-09","153.5"
"FR-002","2019-10","154"
"FR-002","2019-11","154.3"
"FR-002","2019-12","155.2"
"FR-002","2020-01","152.9"
"FR-002","2020-02","152.6"
"FR-002","2020-03","148.7"
"FR-002","2020-04","146.8"
"FR-002","2020-05","145"
"FR-002","2020-06","146.3"
"FR-002","2020-07","149"
"FR-002","2020-08","153"
"FR-002","2020-09","154"
"FR-002","2020-10","157.1"
"FR-002","2020-11","162"
"FR-002","2020-12","164.8"
"FR-002","2021-01","162.5"
"FR-002","2021-02","168.4"
"FR-002","2021-03","170.4"
"FR-002","2021-04","176.3"
"FR-002","2021-05","178.7"
"FR-002","2021-06","178.7"
"FR-002","2021-07","184.218"
"FR-002","2021-08","186.702"
"FR-002","2021-09","191.037"
"FR-002","2021-10","198.353"
"FR-002","2021-11","204.992"
"FR-002","2021-12","205.897"
"FR-002","2022-01","209.094"
"FR-002","2022-02","214.128"
"FR-002","2022-03","224.224"
"FR-002","2022-04","226.516"
"FR-002","2022-05","232.534"
"FR-002","2022-06","224.582"
"FR-002","2022-07","224.278"
"FR-002","2022-08","214.944"
"FR-002","2022-09","214.781"
"FR-002","2022-10","209.579"
"FR-002","2022-11","212.075"
"FR-002","2022-12","211.253"
"FR-002","2023-01","199.93"
"FR-002","2023-02","193.505"
"FR-002","2023-03","188.045"
"FR-002","2023-04","182.593"
"FR-002","2023-05","177.116"
"FR-002","2023-06","174.979"
"FR-002","2023-07","175.61"
"FR-002","2023-08","175.03"
"FR-002","2023-09","178.395"
"FR-002","2023-10","177.857"
"FR-002","2023-11","178.724"
"FR-002","2023-12","176.596"
"FR-002","2024-01","172.009"
"FR-002","2024-02","175.045"
"FR-002","2024-03","173.176"
"FR-002","2024-04","174.121"
"FR-002","2024-05","172.055"
"FR-002","2024-06","171.892"
"FR-002","2024-07","175.818"
"FR-002","2024-08","174.937"
"FR-002","2024-09","175.155"
"FR-002","2024-10","175.66"
"FR-002","2024-11","176.842"
"FR-002","2024-12","179.781"
"FR-002","2025-01","177.546"
"FR-002","2025-02","178.155"
"FR-002","2025-03","170.478"
"FR-002","2025-04","170.064"
"FR-002","2025-05","170.625"
"FR-002","2025-06","170.77"
"FR-002","2025-07","172.59"
"FR-002","2025-08","173.557"
"FR-002","2025-09","171.135"
"FR-002","2025-10","171.307"
"FR-002","2025-11","175.403"
"FR-002","2025-12","174.711"
"FR-002","2026-01","171.294"
"FR-002","2026-02","176.254"
"FR-002","2026-03","184.818"
"FR-002","2026-04","196.813"
"FR-002","2026-05","209.623"
"FR-003","2015-01","206.5"
"FR-003","2015-02","204"
"FR-003","2015-03","200.5"
"FR-003","2015-04","201"
"FR-003","2015-05","200.7"
"FR-003","2015-06","200.1"
"FR-003","2015-07","200.5"
"FR-003","2015-08","199.4"
"FR-003","2015-09","198.5"
"FR-003","2015-10","197.1"
"FR-003","2015-11","197"
"FR-003","2015-12","197.1"
"FR-003","2016-01","195.2"
"FR-003","2016-02","193.8"
"FR-003","2016-03","193.2"
"FR-003","2016-04","193.6"
"FR-003","2016-05","194.2"
"FR-003","2016-06","195.2"
"FR-003","2016-07","196.1"
"FR-003","2016-08","196.4"
"FR-003","2016-09","197.3"
"FR-003","2016-10","197.1"
"FR-003","2016-11","197.7"
"FR-003","2016-12","198.6"
"FR-003","2017-01","199.8"
"FR-003","2017-02","200.8"
"FR-003","2017-03","201.7"
"FR-003","2017-04","201.8"
"FR-003","2017-05","202.1"
"FR-003","2017-06","202.3"
"FR-003","2017-07","202.3"
"FR-003","2017-08","202.2"
"FR-003","2017-09","202.8"
"FR-003","2017-10","205"
"FR-003","2017-11","206.2"
"FR-003","2017-12","207"
"FR-003","2018-01","208.2"
"FR-003","2018-02","208.9"
"FR-003","2018-03","211"
"FR-003","2018-04","212.3"
"FR-003","2018-05","213"
"FR-003","2018-06","214.3"
"FR-003","2018-07","214.7"
"FR-003","2018-08","215.4"
"FR-003","2018-09","217.6"
"FR-003","2018-10","217.9"
"FR-003","2018-11","218.7"
"FR-003","2018-12","219"
"FR-003","2019-01","218.8"
"FR-003","2019-02","218.7"
"FR-003","2019-03","218.4"
"FR-003","2019-04","220.5"
"FR-003","2019-05","221.4"
"FR-003","2019-06","221.6"
"FR-003","2019-07","221.7"
"FR-003","2019-08","221.3"
"FR-003","2019-09","221"
"FR-003","2019-10","221.5"
"FR-003","2019-11","221.6"
"FR-003","2019-12","221.8"
"FR-003","2020-01","223.1"
"FR-003","2020-02","223.2"
"FR-003","2020-03","222.7"
"FR-003","2020-04","221.7"
"FR-003","2020-05","219.9"
"FR-003","2020-06","218.6"
"FR-003","2020-07","218.4"
"FR-003","2020-08","219.4"
"FR-003","2020-09","219.9"
"FR-003","2020-10","220.1"
"FR-003","2020-11","220.4"
"FR-003","2020-12","221.4"
"FR-003","2021-01","223.2"
"FR-003","2021-02","224.4"
"FR-003","2021-03","226.8"
"FR-003","2021-04","228.4"
"FR-003","2021-05","230.3"
"FR-003","2021-06","231"
"FR-003","2021-07","232.41"
"FR-003","2021-08","233.491"
"FR-003","2021-09","234.583"
"FR-003","2021-10","236.297"
"FR-003","2021-11","237.879"
"FR-003","2021-12","238.886"
"FR-003","2022-01","240.995"
"FR-003","2022-02","241.782"
"FR-003","2022-03","243.482"
"FR-003","2022-04","249.784"
"FR-003","2022-05","254.679"
"FR-003","2022-06","255.971"
"FR-003","2022-07","259.024"
"FR-003","2022-08","258.055"
"FR-003","2022-09","258.332"
"FR-003","2022-10","256.928"
"FR-003","2022-11","258.981"
"FR-003","2022-12","258.83"
"FR-003","2023-01","261.529"
"FR-003","2023-02","259.191"
"FR-003","2023-03","258.719"
"FR-003","2023-04","258.207"
"FR-003","2023-05","255.864"
"FR-003","2023-06","254.981"
"FR-003","2023-07","254.812"
"FR-003","2023-08","255.906"
"FR-003","2023-09","257.632"
"FR-003","2023-10","260.697"
"FR-003","2023-11","261.657"
"FR-003","2023-12","261.52"
"FR-003","2024-01","264.276"
"FR-003","2024-02","260.755"
"FR-003","2024-03","260.378"
"FR-003","2024-04","262.727"
"FR-003","2024-05","263.162"
"FR-003","2024-06","263.046"
"FR-003","2024-07","264.537"
"FR-003","2024-08","264.358"
"FR-003","2024-09","265.106"
"FR-003","2024-10","264.717"
"FR-003","2024-11","264.454"
"FR-003","2024-12","264.678"
"FR-003","2025-01","268.295"
"FR-003","2025-02","268.054"
"FR-003","2025-03","268.191"
"FR-003","2025-04","268.077"
"FR-003","2025-05","268.028"
"FR-003","2025-06","268.262"
"FR-003","2025-07","268.34"
"FR-003","2025-08","268.573"
"FR-003","2025-09","268.978"
"FR-003","2025-10","268.717"
"FR-003","2025-11","268.859"
"FR-003","2025-12","269.176"
"FR-003","2026-01","268.651"
"FR-003","2026-02","268.576"
"FR-003","2026-03","268.531"
"FR-003","2026-04","268.637"
"FR-003","2026-05","268.732"
"FR-004","2015-01","259.9"
"FR-004","2015-02","267.4"
"FR-004","2015-03","268.1"
"FR-004","2015-04","269.2"
"FR-004","2015-05","269.1"
"FR-004","2015-06","263.2"
"FR-004","2015-07","258.9"
"FR-004","2015-08","257.9"
"FR-004","2015-09","252.6"
"FR-004","2015-10","252.7"
"FR-004","2015-11","249.2"
"FR-004","2015-12","242.6"
"FR-004","2016-01","240"
"FR-004","2016-02","236"
"FR-004","2016-03","238.4"
"FR-004","2016-04","237.1"
"FR-004","2016-05","237.7"
"FR-004","2016-06","239.3"
"FR-004","2016-07","237"
"FR-004","2016-08","240.9"
"FR-004","2016-09","240.9"
"FR-004","2016-10","249.1"
"FR-004","2016-11","249.7"
"FR-004","2016-12","252.8"
"FR-004","2017-01","254.9"
"FR-004","2017-02","258.2"
"FR-004","2017-03","256.8"
"FR-004","2017-04","259.4"
"FR-004","2017-05","262.2"
"FR-004","2017-06","262.2"
"FR-004","2017-07","264.1"
"FR-004","2017-08","264.3"
"FR-004","2017-09","264.7"
"FR-004","2017-10","263.1"
"FR-004","2017-11","272.5"
"FR-004","2017-12","270.8"
"FR-004","2018-01","275.1"
"FR-004","2018-02","275.4"
"FR-004","2018-03","275.6"
"FR-004","2018-04","278.3"
"FR-004","2018-05","286.6"
"FR-004","2018-06","294.1"
"FR-004","2018-07","300.8"
"FR-004","2018-08","300.5"
"FR-004","2018-09","301.1"
"FR-004","2018-10","304.5"
"FR-004","2018-11","305.2"
"FR-004","2018-12","304.5"
"FR-004","2019-01","307.2"
"FR-004","2019-02","306.5"
"FR-004","2019-03","308.2"
"FR-004","2019-04","309.5"
"FR-004","2019-05","310.2"
"FR-004","2019-06","309.3"
"FR-004","2019-07","313.7"
"FR-004","2019-08","304.2"
"FR-004","2019-09","305"
"FR-004","2019-10","302.9"
"FR-004","2019-11","316.9"
"FR-004","2019-12","320.6"
"FR-004","2020-01","320.8"
"FR-004","2020-02","304.1"
"FR-004","2020-03","302.1"
"FR-004","2020-04","286.9"
"FR-004","2020-05","287"
"FR-004","2020-06","287.8"
"FR-004","2020-07","288.6"
"FR-004","2020-08","288.8"
"FR-004","2020-09","288.2"
"FR-004","2020-10","284.3"
"FR-004","2020-11","281.1"
"FR-004","2020-12","284"
"FR-004","2021-01","286.3"
"FR-004","2021-02","294.3"
"FR-004","2021-03","299.9"
"FR-004","2021-04","309.5"
"FR-004","2021-05","322.9"
"FR-004","2021-06","336.9"
"FR-004","2021-07","340.299"
"FR-004","2021-08","334.857"
"FR-004","2021-09","346.891"
"FR-004","2021-10","356.86"
"FR-004","2021-11","353.44"
"FR-004","2021-12","365.693"
"FR-004","2022-01","367.044"
"FR-004","2022-02","367.258"
"FR-004","2022-03","356.471"
"FR-004","2022-04","386.914"
"FR-004","2022-05","437.537"
"FR-004","2022-06","429.9"
"FR-004","2022-07","444.804"
"FR-004","2022-08","458.815"
"FR-004","2022-09","468.156"
"FR-004","2022-10","468.11"
"FR-004","2022-11","461.904"
"FR-004","2022-12","459.372"
"FR-004","2023-01","433.237"
"FR-004","2023-02","446.935"
"FR-004","2023-03","403.374"
"FR-004","2023-04","400.943"
"FR-004","2023-05","434.42"
"FR-004","2023-06","411.803"
"FR-004","2023-07","436.784"
"FR-004","2023-08","452.689"
"FR-004","2023-09","432.525"
"FR-004","2023-10","408.92"
"FR-004","2023-11","396.223"
"FR-004","2023-12","408.436"
"FR-004","2024-01","420.196"
"FR-004","2024-02","410.193"
"FR-004","2024-03","398.465"
"FR-004","2024-04","400.708"
"FR-004","2024-05","414.552"
"FR-004","2024-06","434.674"
"FR-004","2024-07","439.668"
"FR-004","2024-08","432.687"
"FR-004","2024-09","414.282"
"FR-004","2024-10","409.49"
"FR-004","2024-11","396.571"
"FR-004","2024-12","394.191"
"FR-004","2025-01","428.44"
"FR-004","2025-02","437.603"
"FR-004","2025-03","415.837"
"FR-004","2025-04","410.34"
"FR-004","2025-05","399.524"
"FR-004","2025-06","404.766"
"FR-004","2025-07","392.604"
"FR-004","2025-08","392.827"
"FR-004","2025-09","390.95"
"FR-004","2025-10","420.696"
"FR-004","2025-11","402.725"
"FR-004","2025-12","415.302"
"FR-004","2026-01","445.272"
"FR-004","2026-02","441.81"
"FR-004","2026-03","437.286"
"FR-004","2026-04","443.951"
"FR-004","2026-05","466.381"
"FR-005","2021-03","98.5"
"FR-005","2021-06","99.4"
"FR-005","2021-09","100.5"
"FR-005","2021-12","101.7"
"FR-005","2022-03","104.9"
"FR-005","2022-06","109.2"
"FR-005","2022-09","111"
"FR-005","2022-12","113.6"
"FR-005","2023-03","115.2"
"FR-005","2023-06","114.8"
"FR-005","2023-09","114.9"
"FR-005","2023-12","115.3"
"FR-005","2024-03","116.3"
"FR-005","2024-06","117.6"
"FR-005","2024-09","118.2"
"FR-005","2024-12","117.9"
"FR-005","2025-03","119.4"
"FR-005","2025-06","120.7"
"FR-005","2025-09","120.9"
"FR-005","2025-12","121.1"
"FR-005","2026-03","123.1"
"IX-001","1990-01","64.4"
"IX-001","1990-02","64.7"
"IX-001","1990-03","64"
"IX-001","1990-04","66"
"IX-001","1990-05","64.6"
"IX-001","1990-06","64.1"
"IX-001","1990-07","62.9"
"IX-001","1990-08","61.8"
"IX-001","1990-09","61.3"
"IX-001","1990-10","61.4"
"IX-001","1990-11","62.3"
"IX-001","1990-12","62.2"
"IX-001","1991-01","61"
"IX-001","1991-02","61.8"
"IX-001","1991-03","62.3"
"IX-001","1991-04","61"
"IX-001","1991-05","60.8"
"IX-001","1991-06","61.3"
"IX-001","1991-07","62.2"
"IX-001","1991-08","61.8"
"IX-001","1991-09","62.4"
"IX-001","1991-10","64.5"
"IX-001","1991-11","64.6"
"IX-001","1991-12","64.3"
"IX-001","1992-01","65.1"
"IX-001","1992-02","65.9"
"IX-001","1992-03","66.5"
"IX-001","1992-04","64.8"
"IX-001","1992-05","65.1"
"IX-001","1992-06","65.9"
"IX-001","1992-07","64.7"
"IX-001","1992-08","63.1"
"IX-001","1992-09","63.8"
"IX-001","1992-10","61.8"
"IX-001","1992-11","62.7"
"IX-001","1992-12","61.3"
"IX-001","1993-01","61.6"
"IX-001","1993-02","61.4"
"IX-001","1993-03","63.2"
"IX-001","1993-04","62.8"
"IX-001","1993-05","62.4"
"IX-001","1993-06","61.8"
"IX-001","1993-07","62.2"
"IX-001","1993-08","60.9"
"IX-001","1993-09","61.2"
"IX-001","1993-10","61.5"
"IX-001","1993-11","63.4"
"IX-001","1993-12","64.7"
"IX-001","1994-01","64.8"
"IX-001","1994-02","64.5"
"IX-001","1994-03","64.8"
"IX-001","1994-04","64.1"
"IX-001","1994-05","65.9"
"IX-001","1994-06","65.5"
"IX-001","1994-07","64.2"
"IX-001","1994-08","66.6"
"IX-001","1994-09","69.6"
"IX-001","1994-10","70.3"
"IX-001","1994-11","73.6"
"IX-001","1994-12","73.3"
"IX-001","1995-01","73"
"IX-001","1995-02","74.7"
"IX-001","1995-03","75.5"
"IX-001","1995-04","74.3"
"IX-001","1995-05","74.1"
"IX-001","1995-06","75.3"
"IX-001","1995-07","79.6"
"IX-001","1995-08","78.1"
"IX-001","1995-09","78.5"
"IX-001","1995-10","80.5"
"IX-001","1995-11","80"
"IX-001","1995-12","78.2"
"IX-001","1996-01","77.1"
"IX-001","1996-02","77.6"
"IX-001","1996-03","78.7"
"IX-001","1996-04","80.9"
"IX-001","1996-05","82.5"
"IX-001","1996-06","80.7"
"IX-001","1996-07","80.5"
"IX-001","1996-08","80.1"
"IX-001","1996-09","77.1"
"IX-001","1996-10","74.4"
"IX-001","1996-11","72.7"
"IX-001","1996-12","71.5"
"IX-001","1997-01","71"
"IX-001","1997-02","71.2"
"IX-001","1997-03","73"
"IX-001","1997-04","73.5"
"IX-001","1997-05","72.9"
"IX-001","1997-06","70.3"
"IX-001","1997-07","68.6"
"IX-001","1997-08","70"
"IX-001","1997-09","70.1"
"IX-001","1997-10","69.9"
"IX-001","1997-11","70.5"
"IX-001","1997-12","68.1"
"IX-001","1998-01","67.5"
"IX-001","1998-02","67.7"
"IX-001","1998-03","67.6"
"IX-001","1998-04","67"
"IX-001","1998-05","66.6"
"IX-001","1998-06","64.4"
"IX-001","1998-07","64.4"
"IX-001","1998-08","62.6"
"IX-001","1998-09","62.1"
"IX-001","1998-10","62.9"
"IX-001","1998-11","62.8"
"IX-001","1998-12","62.2"
"IX-001","1999-01","61.2"
"IX-001","1999-02","58.6"
"IX-001","1999-03","57.2"
"IX-001","1999-04","56"
"IX-001","1999-05","55.6"
"IX-001","1999-06","54.8"
"IX-001","1999-07","52.8"
"IX-001","1999-08","54.6"
"IX-001","1999-09","54.8"
"IX-001","1999-10","53.5"
"IX-001","1999-11","53.5"
"IX-001","1999-12","52.1"
"IX-001","2000-01","52.8"
"IX-001","2000-02","52.5"
"IX-001","2000-03","53.1"
"IX-001","2000-04","53.7"
"IX-001","2000-05","54"
"IX-001","2000-06","54.2"
"IX-001","2000-07","54.4"
"IX-001","2000-08","53.5"
"IX-001","2000-09","52.9"
"IX-001","2000-10","53.7"
"IX-001","2000-11","54.2"
"IX-001","2000-12","54.8"
"IX-001","2001-01","54.1"
"IX-001","2001-02","54.6"
"IX-001","2001-03","55.5"
"IX-001","2001-04","55"
"IX-001","2001-05","55.8"
"IX-001","2001-06","55.2"
"IX-001","2001-07","56.9"
"IX-001","2001-08","57"
"IX-001","2001-09","55.8"
"IX-001","2001-10","54.5"
"IX-001","2001-11","55.1"
"IX-001","2001-12","54.6"
"IX-001","2002-01","53.8"
"IX-001","2002-02","52"
"IX-001","2002-03","52.3"
"IX-001","2002-04","51.4"
"IX-001","2002-05","50.8"
"IX-001","2002-06","51.6"
"IX-001","2002-07","52.3"
"IX-001","2002-08","53.7"
"IX-001","2002-09","55.1"
"IX-001","2002-10","55.5"
"IX-001","2002-11","56.6"
"IX-001","2002-12","56"
"IX-001","2003-01","56.2"
"IX-001","2003-02","56.9"
"IX-001","2003-03","55.9"
"IX-001","2003-04","55.9"
"IX-001","2003-05","56.7"
"IX-001","2003-06","56.4"
"IX-001","2003-07","57.1"
"IX-001","2003-08","57.8"
"IX-001","2003-09","59"
"IX-001","2003-10","60.6"
"IX-001","2003-11","62"
"IX-001","2003-12","62.9"
"IX-001","2004-01","64.7"
"IX-001","2004-02","65.5"
"IX-001","2004-03","67.1"
"IX-001","2004-04","67.7"
"IX-001","2004-05","66.8"
"IX-001","2004-06","66.4"
"IX-001","2004-07","65.8"
"IX-001","2004-08","64.8"
"IX-001","2004-09","65.4"
"IX-001","2004-10","64.9"
"IX-001","2004-11","65.7"
"IX-001","2004-12","66"
"IX-001","2005-01","65.8"
"IX-001","2005-02","66.2"
"IX-001","2005-03","67.5"
"IX-001","2005-04","66"
"IX-001","2005-05","66.5"
"IX-001","2005-06","67.4"
"IX-001","2005-07","67.7"
"IX-001","2005-08","67.6"
"IX-001","2005-09","68.6"
"IX-001","2005-10","69.5"
"IX-001","2005-11","69"
"IX-001","2005-12","69.8"
"IX-001","2006-01","69.8"
"IX-001","2006-02","70.8"
"IX-001","2006-03","69.8"
"IX-001","2006-04","70.1"
"IX-001","2006-05","71.3"
"IX-001","2006-06","71.4"
"IX-001","2006-07","73.2"
"IX-001","2006-08","73.1"
"IX-001","2006-09","73.2"
"IX-001","2006-10","75.1"
"IX-001","2006-11","77.7"
"IX-001","2006-12","78.8"
"IX-001","2007-01","78.5"
"IX-001","2007-02","80"
"IX-001","2007-03","81.1"
"IX-001","2007-04","83.9"
"IX-001","2007-05","86.5"
"IX-001","2007-06","91.4"
"IX-001","2007-07","95.5"
"IX-001","2007-08","99.1"
"IX-001","2007-09","105.3"
"IX-001","2007-10","107.9"
"IX-001","2007-11","110.8"
"IX-001","2007-12","114.7"
"IX-001","2008-01","120.4"
"IX-001","2008-02","128.4"
"IX-001","2008-03","132.4"
"IX-001","2008-04","130.7"
"IX-001","2008-05","130.3"
"IX-001","2008-06","132.7"
"IX-001","2008-07","130.2"
"IX-001","2008-08","121.2"
"IX-001","2008-09","112.8"
"IX-001","2008-10","97.8"
"IX-001","2008-11","89.7"
"IX-001","2008-12","86.3"
"IX-001","2009-01","86.7"
"IX-001","2009-02","84.5"
"IX-001","2009-03","84.3"
"IX-001","2009-04","87.4"
"IX-001","2009-05","93.5"
"IX-001","2009-06","93.4"
"IX-001","2009-07","90.7"
"IX-001","2009-08","93.5"
"IX-001","2009-09","93.1"
"IX-001","2009-10","94.8"
"IX-001","2009-11","98.9"
"IX-001","2009-12","100.8"
"IX-001","2010-01","101.8"
"IX-001","2010-02","99.3"
"IX-001","2010-03","96.5"
"IX-001","2010-04","97.1"
"IX-001","2010-05","96.4"
"IX-001","2010-06","95.9"
"IX-001","2010-07","100"
"IX-001","2010-08","107.8"
"IX-001","2010-09","114.1"
"IX-001","2010-10","120.1"
"IX-001","2010-11","124.2"
"IX-001","2010-12","129.4"
"IX-001","2011-01","133.8"
"IX-001","2011-02","137.7"
"IX-001","2011-03","134.3"
"IX-001","2011-04","136.3"
"IX-001","2011-05","135.1"
"IX-001","2011-06","134.8"
"IX-001","2011-07","133"
"IX-001","2011-08","132.7"
"IX-001","2011-09","130.1"
"IX-001","2011-10","125.6"
"IX-001","2011-11","125.9"
"IX-001","2011-12","121.9"
"IX-001","2012-01","122.2"
"IX-001","2012-02","125.3"
"IX-001","2012-03","125.7"
"IX-001","2012-04","124.4"
"IX-001","2012-05","119"
"IX-001","2012-06","115.8"
"IX-001","2012-07","122"
"IX-001","2012-08","123.2"
"IX-001","2012-09","125.1"
"IX-001","2012-10","124"
"IX-001","2012-11","123.5"
"IX-001","2012-12","122.8"
"IX-001","2013-01","123.4"
"IX-001","2013-02","123.3"
"IX-001","2013-03","122.9"
"IX-001","2013-04","122.9"
"IX-001","2013-05","122.2"
"IX-001","2013-06","120.9"
"IX-001","2013-07","118"
"IX-001","2013-08","116.2"
"IX-001","2013-09","116.4"
"IX-001","2013-10","118.7"
"IX-001","2013-11","118.6"
"IX-001","2013-12","118.2"
"IX-001","2014-01","116.2"
"IX-001","2014-02","118.6"
"IX-001","2014-03","122.1"
"IX-001","2014-04","121.5"
"IX-001","2014-05","121.2"
"IX-001","2014-06","119.2"
"IX-001","2014-07","116.3"
"IX-001","2014-08","112.8"
"IX-001","2014-09","109.2"
"IX-001","2014-10","109.3"
"IX-001","2014-11","108.1"
"IX-001","2014-12","105.2"
"IX-001","2015-01","101"
"IX-001","2015-02","98.7"
"IX-001","2015-03","95.7"
"IX-001","2015-04","94.6"
"IX-001","2015-05","95"
"IX-001","2015-06","94.6"
"IX-001","2015-07","93.8"
"IX-001","2015-08","89.5"
"IX-001","2015-09","88.9"
"IX-001","2015-10","90.3"
"IX-001","2015-11","87.7"
"IX-001","2015-12","87"
"IX-001","2016-01","84.9"
"IX-001","2016-02","86.1"
"IX-001","2016-03","87.4"
"IX-001","2016-04","89.1"
"IX-001","2016-05","90.6"
"IX-001","2016-06","93.8"
"IX-001","2016-07","93"
"IX-001","2016-08","95.3"
"IX-001","2016-09","96.1"
"IX-001","2016-10","95.9"
"IX-001","2016-11","96"
"IX-001","2016-12","95.3"
"IX-001","2017-01","97.8"
"IX-001","2017-02","98.1"
"IX-001","2017-03","96.2"
"IX-001","2017-04","95"
"IX-001","2017-05","97.3"
"IX-001","2017-06","97.8"
"IX-001","2017-07","100"
"IX-001","2017-08","99.2"
"IX-001","2017-09","99.7"
"IX-001","2017-10","98.8"
"IX-001","2017-11","98.8"
"IX-001","2017-12","96.4"
"IX-001","2018-01","96.7"
"IX-001","2018-02","97.8"
"IX-001","2018-03","98.8"
"IX-001","2018-04","98.4"
"IX-001","2018-05","98.5"
"IX-001","2018-06","96.8"
"IX-001","2018-07","95"
"IX-001","2018-08","95.8"
"IX-001","2018-09","94"
"IX-001","2018-10","93.2"
"IX-001","2018-11","91.9"
"IX-001","2018-12","92"
"IX-001","2019-01","93.1"
"IX-001","2019-02","93.8"
"IX-001","2019-03","93"
"IX-001","2019-04","93.5"
"IX-001","2019-05","94.2"
"IX-001","2019-06","95.4"
"IX-001","2019-07","95.1"
"IX-001","2019-08","93.8"
"IX-001","2019-09","93.2"
"IX-001","2019-10","95"
"IX-001","2019-11","98.2"
"IX-001","2019-12","100.8"
"IX-001","2020-01","102.5"
"IX-001","2020-02","99.6"
"IX-001","2020-03","95.2"
"IX-001","2020-04","92.4"
"IX-001","2020-05","91.2"
"IX-001","2020-06","93.1"
"IX-001","2020-07","93.8"
"IX-001","2020-08","95.7"
"IX-001","2020-09","97.9"
"IX-001","2020-10","101.3"
"IX-001","2020-11","105.5"
"IX-001","2020-12","108.5"
"IX-001","2021-01","113.5"
"IX-001","2021-02","116.5"
"IX-001","2021-03","119.1"
"IX-001","2021-04","122.1"
"IX-001","2021-05","128.4"
"IX-001","2021-06","125.4"
"IX-001","2021-07","124.4"
"IX-001","2021-08","128"
"IX-001","2021-09","129.1"
"IX-001","2021-10","133.3"
"IX-001","2021-11","135.4"
"IX-001","2021-12","133.7"
"IX-001","2022-01","135.7"
"IX-001","2022-02","141.7"
"IX-001","2022-03","160.2"
"IX-001","2022-04","158.8"
"IX-001","2022-05","158.7"
"IX-001","2022-06","155.7"
"IX-001","2022-07","141.6"
"IX-001","2022-08","138.7"
"IX-001","2022-09","137.3"
"IX-001","2022-10","136.7"
"IX-001","2022-11","136"
"IX-001","2022-12","133.1"
"IX-001","2023-01","131.4"
"IX-001","2023-02","130.7"
"IX-001","2023-03","128"
"IX-001","2023-04","128.4"
"IX-001","2023-05","124.5"
"IX-001","2023-06","123"
"IX-001","2023-07","124.4"
"IX-001","2023-08","121.8"
"IX-001","2023-09","121.7"
"IX-001","2023-10","120.7"
"IX-001","2023-11","120.6"
"IX-001","2023-12","119.1"
"IX-001","2024-01","117.6"
"IX-001","2024-02","117.4"
"IX-001","2024-03","118.9"
"IX-001","2024-04","119.2"
"IX-001","2024-05","120.5"
"IX-001","2024-06","121"
"IX-001","2024-07","120.9"
"IX-001","2024-08","121.7"
"IX-001","2024-09","124.6"
"IX-001","2024-10","126.9"
"IX-001","2024-11","127.7"
"IX-001","2024-12","127.3"
"IX-001","2025-01","124.6"
"IX-001","2025-02","126.6"
"IX-001","2025-03","127.2"
"IX-001","2025-04","128.2"
"IX-001","2025-05","127.1"
"IX-001","2025-06","128.1"
"IX-001","2025-07","129.8"
"IX-001","2025-08","130"
"IX-001","2025-09","128.6"
"IX-001","2025-10","126.4"
"IX-001","2025-11","125.2"
"IX-001","2025-12","124.5"
"IX-001","2026-01","124.1"
"IX-001","2026-02","125.5"
"IX-001","2026-03","128.7"
"IX-001","2026-04","131"
"IX-001","2026-05","130.8"
"IX-001","2026-06","130.3"
"IX-002","1990-01","64.1"
"IX-002","1990-02","62.2"
"IX-002","1990-03","61.3"
"IX-002","1990-04","62.8"
"IX-002","1990-05","62"
"IX-002","1990-06","60.7"
"IX-002","1990-07","57.9"
"IX-002","1990-08","55.7"
"IX-002","1990-09","52.5"
"IX-002","1990-10","52.8"
"IX-002","1990-11","52.4"
"IX-002","1990-12","52.6"
"IX-002","1991-01","53.7"
"IX-002","1991-02","55.2"
"IX-002","1991-03","57.3"
"IX-002","1991-04","57.6"
"IX-002","1991-05","57.2"
"IX-002","1991-06","56.5"
"IX-002","1991-07","55.7"
"IX-002","1991-08","58.3"
"IX-002","1991-09","58.8"
"IX-002","1991-10","60.6"
"IX-002","1991-11","60.8"
"IX-002","1991-12","62.7"
"IX-002","1992-01","63.9"
"IX-002","1992-02","66.5"
"IX-002","1992-03","65.9"
"IX-002","1992-04","63"
"IX-002","1992-05","62"
"IX-002","1992-06","61.8"
"IX-002","1992-07","58.5"
"IX-002","1992-08","56.1"
"IX-002","1992-09","58.3"
"IX-002","1992-10","58.2"
"IX-002","1992-11","58.8"
"IX-002","1992-12","58.5"
"IX-002","1993-01","59.1"
"IX-002","1993-02","58.1"
"IX-002","1993-03","57.8"
"IX-002","1993-04","57.3"
"IX-002","1993-05","55.4"
"IX-002","1993-06","52.8"
"IX-002","1993-07","55.8"
"IX-002","1993-08","56.6"
"IX-002","1993-09","58.4"
"IX-002","1993-10","61.4"
"IX-002","1993-11","66.7"
"IX-002","1993-12","68.9"
"IX-002","1994-01","68.6"
"IX-002","1994-02","66.8"
"IX-002","1994-03","64.1"
"IX-002","1994-04","62.4"
"IX-002","1994-05","62"
"IX-002","1994-06","60.1"
"IX-002","1994-07","56"
"IX-002","1994-08","57.5"
"IX-002","1994-09","60.2"
"IX-002","1994-10","61.7"
"IX-002","1994-11","61.1"
"IX-002","1994-12","62.7"
"IX-002","1995-01","62.9"
"IX-002","1995-02","62.5"
"IX-002","1995-03","62.2"
"IX-002","1995-04","62.7"
"IX-002","1995-05","64.9"
"IX-002","1995-06","69.1"
"IX-002","1995-07","74"
"IX-002","1995-08","72.6"
"IX-002","1995-09","75.9"
"IX-002","1995-10","80.2"
"IX-002","1995-11","80.5"
"IX-002","1995-12","82.7"
"IX-002","1996-01","83.3"
"IX-002","1996-02","85.7"
"IX-002","1996-03","86.9"
"IX-002","1996-04","95.3"
"IX-002","1996-05","100"
"IX-002","1996-06","94.3"
"IX-002","1996-07","91.1"
"IX-002","1996-08","85.8"
"IX-002","1996-09","75.3"
"IX-002","1996-10","71.1"
"IX-002","1996-11","67.4"
"IX-002","1996-12","67.6"
"IX-002","1997-01","68.1"
"IX-002","1997-02","68.4"
"IX-002","1997-03","70.6"
"IX-002","1997-04","70.8"
"IX-002","1997-05","68.8"
"IX-002","1997-06","65.2"
"IX-002","1997-07","62.4"
"IX-002","1997-08","65.7"
"IX-002","1997-09","65.1"
"IX-002","1997-10","65.6"
"IX-002","1997-11","64.2"
"IX-002","1997-12","63.4"
"IX-002","1998-01","62.7"
"IX-002","1998-02","62.7"
"IX-002","1998-03","63.2"
"IX-002","1998-04","60.8"
"IX-002","1998-05","60.2"
"IX-002","1998-06","59"
"IX-002","1998-07","57.5"
"IX-002","1998-08","54.1"
"IX-002","1998-09","53.9"
"IX-002","1998-10","57.7"
"IX-002","1998-11","58.2"
"IX-002","1998-12","56.8"
"IX-002","1999-01","57.1"
"IX-002","1999-02","54.9"
"IX-002","1999-03","55.2"
"IX-002","1999-04","53.7"
"IX-002","1999-05","52.8"
"IX-002","1999-06","53.6"
"IX-002","1999-07","51.4"
"IX-002","1999-08","53"
"IX-002","1999-09","52.6"
"IX-002","1999-10","51.5"
"IX-002","1999-11","51.3"
"IX-002","1999-12","50.4"
"IX-002","2000-01","52.1"
"IX-002","2000-02","52.2"
"IX-002","2000-03","51.7"
"IX-002","2000-04","51.8"
"IX-002","2000-05","52.8"
"IX-002","2000-06","51.4"
"IX-002","2000-07","49.8"
"IX-002","2000-08","48.6"
"IX-002","2000-09","49.4"
"IX-002","2000-10","51.2"
"IX-002","2000-11","52.1"
"IX-002","2000-12","53.7"
"IX-002","2001-01","53.9"
"IX-002","2001-02","53"
"IX-002","2001-03","52.2"
"IX-002","2001-04","51"
"IX-002","2001-05","51.7"
"IX-002","2001-06","51"
"IX-002","2001-07","51.7"
"IX-002","2001-08","51.6"
"IX-002","2001-09","51.2"
"IX-002","2001-10","51"
"IX-002","2001-11","51.9"
"IX-002","2001-12","52"
"IX-002","2002-01","51.7"
"IX-002","2002-02","50.4"
"IX-002","2002-03","49.6"
"IX-002","2002-04","49.3"
"IX-002","2002-05","50.2"
"IX-002","2002-06","52"
"IX-002","2002-07","54.6"
"IX-002","2002-08","58.1"
"IX-002","2002-09","63.8"
"IX-002","2002-10","64.4"
"IX-002","2002-11","63"
"IX-002","2002-12","59.8"
"IX-002","2003-01","58"
"IX-002","2003-02","57.8"
"IX-002","2003-03","56.5"
"IX-002","2003-04","56.4"
"IX-002","2003-05","58.2"
"IX-002","2003-06","57.7"
"IX-002","2003-07","56.5"
"IX-002","2003-08","59.9"
"IX-002","2003-09","60.5"
"IX-002","2003-10","60.6"
"IX-002","2003-11","64.8"
"IX-002","2003-12","65.7"
"IX-002","2004-01","66.9"
"IX-002","2004-02","67.5"
"IX-002","2004-03","68.5"
"IX-002","2004-04","70.2"
"IX-002","2004-05","68.8"
"IX-002","2004-06","66.4"
"IX-002","2004-07","60.7"
"IX-002","2004-08","59.1"
"IX-002","2004-09","60"
"IX-002","2004-10","59.3"
"IX-002","2004-11","60"
"IX-002","2004-12","60.5"
"IX-002","2005-01","60.5"
"IX-002","2005-02","60.3"
"IX-002","2005-03","61.5"
"IX-002","2005-04","59.5"
"IX-002","2005-05","59.4"
"IX-002","2005-06","60.2"
"IX-002","2005-07","61.2"
"IX-002","2005-08","60.9"
"IX-002","2005-09","61.5"
"IX-002","2005-10","62.1"
"IX-002","2005-11","60.6"
"IX-002","2005-12","61.5"
"IX-002","2006-01","62.7"
"IX-002","2006-02","64.8"
"IX-002","2006-03","63.9"
"IX-002","2006-04","65.1"
"IX-002","2006-05","67.8"
"IX-002","2006-06","67.8"
"IX-002","2006-07","69.9"
"IX-002","2006-08","69.6"
"IX-002","2006-09","72.5"
"IX-002","2006-10","79.9"
"IX-002","2006-11","85.3"
"IX-002","2006-12","85.4"
"IX-002","2007-01","85.1"
"IX-002","2007-02","87"
"IX-002","2007-03","86.4"
"IX-002","2007-04","85.1"
"IX-002","2007-05","86.6"
"IX-002","2007-06","91.9"
"IX-002","2007-07","94.9"
"IX-002","2007-08","102.1"
"IX-002","2007-09","117.2"
"IX-002","2007-10","121.3"
"IX-002","2007-11","121"
"IX-002","2007-12","132.2"
"IX-002","2008-01","141"
"IX-002","2008-02","160.8"
"IX-002","2008-03","163.3"
"IX-002","2008-04","162.7"
"IX-002","2008-05","157.4"
"IX-002","2008-06","160.3"
"IX-002","2008-07","148.2"
"IX-002","2008-08","136.5"
"IX-002","2008-09","125.3"
"IX-002","2008-10","104.9"
"IX-002","2008-11","96"
"IX-002","2008-12","95.1"
"IX-002","2009-01","100.4"
"IX-002","2009-02","97.2"
"IX-002","2009-03","97.2"
"IX-002","2009-04","98.1"
"IX-002","2009-05","103.3"
"IX-002","2009-06","103"
"IX-002","2009-07","94.5"
"IX-002","2009-08","91.9"
"IX-002","2009-09","89.8"
"IX-002","2009-10","93.8"
"IX-002","2009-11","98"
"IX-002","2009-12","99"
"IX-002","2010-01","98.4"
"IX-002","2010-02","94"
"IX-002","2010-03","91.8"
"IX-002","2010-04","90.7"
"IX-002","2010-05","90.6"
"IX-002","2010-06","87.8"
"IX-002","2010-07","95.3"
"IX-002","2010-08","112.9"
"IX-002","2010-09","125.9"
"IX-002","2010-10","130.6"
"IX-002","2010-11","132.4"
"IX-002","2010-12","139.7"
"IX-002","2011-01","144.9"
"IX-002","2011-02","151.4"
"IX-002","2011-03","145.5"
"IX-002","2011-04","151.7"
"IX-002","2011-05","150.9"
"IX-002","2011-06","147.1"
"IX-002","2011-07","140.5"
"IX-002","2011-08","144.9"
"IX-002","2011-09","140.5"
"IX-002","2011-10","133.1"
"IX-002","2011-11","130.9"
"IX-002","2011-12","124.4"
"IX-002","2012-01","127.2"
"IX-002","2012-02","131.1"
"IX-002","2012-03","130.6"
"IX-002","2012-04","129.1"
"IX-002","2012-05","126.3"
"IX-002","2012-06","125.3"
"IX-002","2012-07","143.9"
"IX-002","2012-08","147.1"
"IX-002","2012-09","146.8"
"IX-002","2012-10","146.5"
"IX-002","2012-11","148.5"
"IX-002","2012-12","146.4"
"IX-002","2013-01","145.2"
"IX-002","2013-02","142.3"
"IX-002","2013-03","139.9"
"IX-002","2013-04","134.9"
"IX-002","2013-05","136.4"
"IX-002","2013-06","133.8"
"IX-002","2013-07","126.4"
"IX-002","2013-08","119.2"
"IX-002","2013-09","116.7"
"IX-002","2013-10","118.7"
"IX-002","2013-11","118"
"IX-002","2013-12","117.9"
"IX-002","2014-01","117"
"IX-002","2014-02","119.7"
"IX-002","2014-03","125.4"
"IX-002","2014-04","125.5"
"IX-002","2014-05","125.2"
"IX-002","2014-06","118.7"
"IX-002","2014-07","112.2"
"IX-002","2014-08","110.4"
"IX-002","2014-09","107.4"
"IX-002","2014-10","108.2"
"IX-002","2014-11","109.3"
"IX-002","2014-12","110.9"
"IX-002","2015-01","105.9"
"IX-002","2015-02","101.6"
"IX-002","2015-03","99.5"
"IX-002","2015-04","98.2"
"IX-002","2015-05","95.7"
"IX-002","2015-06","96.7"
"IX-002","2015-07","98.9"
"IX-002","2015-08","91.9"
"IX-002","2015-09","90.5"
"IX-002","2015-10","91.7"
"IX-002","2015-11","90.5"
"IX-002","2015-12","89.4"
"IX-002","2016-01","87.6"
"IX-002","2016-02","87.3"
"IX-002","2016-03","86.5"
"IX-002","2016-04","88.4"
"IX-002","2016-05","91.1"
"IX-002","2016-06","94.1"
"IX-002","2016-07","90.4"
"IX-002","2016-08","89.3"
"IX-002","2016-09","86.3"
"IX-002","2016-10","86.7"
"IX-002","2016-11","86"
"IX-002","2016-12","86.1"
"IX-002","2017-01","88.7"
"IX-002","2017-02","90"
"IX-002","2017-03","87.9"
"IX-002","2017-04","86.9"
"IX-002","2017-05","88.3"
"IX-002","2017-06","92.4"
"IX-002","2017-07","96.9"
"IX-002","2017-08","92.3"
"IX-002","2017-09","92.1"
"IX-002","2017-10","91.8"
"IX-002","2017-11","92.1"
"IX-002","2017-12","92.4"
"IX-002","2018-01","95.2"
"IX-002","2018-02","98.4"
"IX-002","2018-03","101.8"
"IX-002","2018-04","104"
"IX-002","2018-05","105.5"
"IX-002","2018-06","100.8"
"IX-002","2018-07","98.7"
"IX-002","2018-08","103.5"
"IX-002","2018-09","100.3"
"IX-002","2018-10","100.9"
"IX-002","2018-11","99.6"
"IX-002","2018-12","101.1"
"IX-002","2019-01","101.8"
"IX-002","2019-02","100.7"
"IX-002","2019-03","97.5"
"IX-002","2019-04","94.6"
"IX-002","2019-05","94.4"
"IX-002","2019-06","99.2"
"IX-002","2019-07","97.6"
"IX-002","2019-08","92.6"
"IX-002","2019-09","91.8"
"IX-002","2019-10","96"
"IX-002","2019-11","95.6"
"IX-002","2019-12","97.4"
"IX-002","2020-01","100.7"
"IX-002","2020-02","99.6"
"IX-002","2020-03","98"
"IX-002","2020-04","99.6"
"IX-002","2020-05","98"
"IX-002","2020-06","97.3"
"IX-002","2020-07","97.3"
"IX-002","2020-08","99.2"
"IX-002","2020-09","104.3"
"IX-002","2020-10","112.1"
"IX-002","2020-11","114.8"
"IX-002","2020-12","116.4"
"IX-002","2021-01","125"
"IX-002","2021-02","126.1"
"IX-002","2021-03","123.9"
"IX-002","2021-04","126.2"
"IX-002","2021-05","133.7"
"IX-002","2021-06","130.3"
"IX-002","2021-07","126.3"
"IX-002","2021-08","130.4"
"IX-002","2021-09","132.8"
"IX-002","2021-10","137.1"
"IX-002","2021-11","141.4"
"IX-002","2021-12","140.5"
"IX-002","2022-01","140.6"
"IX-002","2022-02","145.3"
"IX-002","2022-03","170.1"
"IX-002","2022-04","169.7"
"IX-002","2022-05","173.5"
"IX-002","2022-06","166.3"
"IX-002","2022-07","147.3"
"IX-002","2022-08","145.6"
"IX-002","2022-09","147.9"
"IX-002","2022-10","152.3"
"IX-002","2022-11","150.1"
"IX-002","2022-12","147.3"
"IX-002","2023-01","147.5"
"IX-002","2023-02","146.7"
"IX-002","2023-03","138.6"
"IX-002","2023-04","136.1"
"IX-002","2023-05","129.3"
"IX-002","2023-06","126.6"
"IX-002","2023-07","125.9"
"IX-002","2023-08","125"
"IX-002","2023-09","126.3"
"IX-002","2023-10","124.8"
"IX-002","2023-11","121"
"IX-002","2023-12","122.8"
"IX-002","2024-01","119.9"
"IX-002","2024-02","113.8"
"IX-002","2024-03","110.9"
"IX-002","2024-04","111.6"
"IX-002","2024-05","118.7"
"IX-002","2024-06","115.2"
"IX-002","2024-07","110.7"
"IX-002","2024-08","110.2"
"IX-002","2024-09","113.6"
"IX-002","2024-10","114.4"
"IX-002","2024-11","111.4"
"IX-002","2024-12","111.4"
"IX-002","2025-01","111.8"
"IX-002","2025-02","112.6"
"IX-002","2025-03","109.7"
"IX-002","2025-04","110.9"
"IX-002","2025-05","109"
"IX-002","2025-06","107.3"
"IX-002","2025-07","106.5"
"IX-002","2025-08","105.6"
"IX-002","2025-09","104.8"
"IX-002","2025-10","103.8"
"IX-002","2025-11","105.6"
"IX-002","2025-12","107.2"
"IX-002","2026-01","107.5"
"IX-002","2026-02","108.7"
"IX-002","2026-03","110.4"
"IX-002","2026-04","111.3"
"IX-002","2026-05","114.2"
"IX-002","2026-06","110.2"
"IX-003","1990-01","44.59"
"IX-003","1990-02","44.5"
"IX-003","1990-03","45.75"
"IX-003","1990-04","44.02"
"IX-003","1990-05","45.5"
"IX-003","1990-06","43.8"
"IX-003","1990-07","43.72"
"IX-003","1990-08","45.37"
"IX-003","1990-09","44.79"
"IX-003","1990-10","45.72"
"IX-003","1990-11","48.3"
"IX-003","1990-12","49.6"
"IX-003","1991-01","49.47"
"IX-003","1991-02","48.42"
"IX-003","1991-03","48.75"
"IX-003","1991-04","47"
"IX-003","1991-05","46.56"
"IX-003","1991-06","46.73"
"IX-003","1991-07","48.22"
"IX-003","1991-08","48.81"
"IX-003","1991-09","48.58"
"IX-003","1991-10","51.13"
"IX-003","1991-11","51.79"
"IX-003","1991-12","52.63"
"IX-003","1992-01","52.84"
"IX-003","1992-02","51.96"
"IX-003","1992-03","54.08"
"IX-003","1992-04","53.95"
"IX-003","1992-05","54.02"
"IX-003","1992-06","54.82"
"IX-003","1992-07","51.93"
"IX-003","1992-08","51.02"
"IX-003","1992-09","52.2"
"IX-003","1992-10","52.22"
"IX-003","1992-11","53.88"
"IX-003","1992-12","53"
"IX-003","1993-01","53.98"
"IX-003","1993-02","54.24"
"IX-003","1993-03","53.05"
"IX-003","1993-04","52.83"
"IX-003","1993-05","51.9"
"IX-003","1993-06","51.24"
"IX-003","1993-07","53.28"
"IX-003","1993-08","52.61"
"IX-003","1993-09","52.54"
"IX-003","1993-10","52.12"
"IX-003","1993-11","56.22"
"IX-003","1993-12","63.58"
"IX-003","1994-01","63.88"
"IX-003","1994-02","60.4"
"IX-003","1994-03","61.31"
"IX-003","1994-04","63.66"
"IX-003","1994-05","67.78"
"IX-003","1994-06","68.47"
"IX-003","1994-07","67.15"
"IX-003","1994-08","73.33"
"IX-003","1994-09","80.5"
"IX-003","1994-10","79"
"IX-003","1994-11","88.31"
"IX-003","1994-12","88.62"
"IX-003","1995-01","82.66"
"IX-003","1995-02","82.67"
"IX-003","1995-03","84.42"
"IX-003","1995-04","77.94"
"IX-003","1995-05","76.79"
"IX-003","1995-06","80.33"
"IX-003","1995-07","83.96"
"IX-003","1995-08","79.95"
"IX-003","1995-09","76.28"
"IX-003","1995-10","79.95"
"IX-003","1995-11","78.99"
"IX-003","1995-12","75.58"
"IX-003","1996-01","70.75"
"IX-003","1996-02","68.63"
"IX-003","1996-03","68.17"
"IX-003","1996-04","73.56"
"IX-003","1996-05","73.37"
"IX-003","1996-06","68.85"
"IX-003","1996-07","66.07"
"IX-003","1996-08","69.1"
"IX-003","1996-09","71.47"
"IX-003","1996-10","69.08"
"IX-003","1996-11","70.01"
"IX-003","1996-12","70.17"
"IX-003","1997-01","70.76"
"IX-003","1997-02","71.49"
"IX-003","1997-03","70.32"
"IX-003","1997-04","71.11"
"IX-003","1997-05","71.65"
"IX-003","1997-06","68.96"
"IX-003","1997-07","65.53"
"IX-003","1997-08","65.4"
"IX-003","1997-09","67.96"
"IX-003","1997-10","72.78"
"IX-003","1997-11","76.71"
"IX-003","1997-12","75.55"
"IX-003","1998-01","79.26"
"IX-003","1998-02","81.88"
"IX-003","1998-03","84.68"
"IX-003","1998-04","86.01"
"IX-003","1998-05","89.97"
"IX-003","1998-06","82.76"
"IX-003","1998-07","83.56"
"IX-003","1998-08","83.17"
"IX-003","1998-09","84.56"
"IX-003","1998-10","84.44"
"IX-003","1998-11","84.31"
"IX-003","1998-12","82.04"
"IX-003","1999-01","77.31"
"IX-003","1999-02","68.4"
"IX-003","1999-03","62.31"
"IX-003","1999-04","64.88"
"IX-003","1999-05","62.26"
"IX-003","1999-06","54.79"
"IX-003","1999-07","48.63"
"IX-003","1999-08","52.29"
"IX-003","1999-09","54.07"
"IX-003","1999-10","52.96"
"IX-003","1999-11","51.32"
"IX-003","1999-12","49.49"
"IX-003","2000-01","48.58"
"IX-003","2000-02","46.37"
"IX-003","2000-03","47.82"
"IX-003","2000-04","49.5"
"IX-003","2000-05","44.49"
"IX-003","2000-06","42.93"
"IX-003","2000-07","42.67"
"IX-003","2000-08","41.7"
"IX-003","2000-09","38.47"
"IX-003","2000-10","36.38"
"IX-003","2000-11","37.67"
"IX-003","2000-12","38.14"
"IX-003","2001-01","37.27"
"IX-003","2001-02","35.83"
"IX-003","2001-03","38.2"
"IX-003","2001-04","38.03"
"IX-003","2001-05","36.57"
"IX-003","2001-06","38.85"
"IX-003","2001-07","47.44"
"IX-003","2001-08","50.02"
"IX-003","2001-09","45.4"
"IX-003","2001-10","43.3"
"IX-003","2001-11","48.27"
"IX-003","2001-12","50.61"
"IX-003","2002-01","49.26"
"IX-003","2002-02","47.79"
"IX-003","2002-03","47.62"
"IX-003","2002-04","48.97"
"IX-003","2002-05","51.64"
"IX-003","2002-06","55.8"
"IX-003","2002-07","56.15"
"IX-003","2002-08","59.65"
"IX-003","2002-09","56.68"
"IX-003","2002-10","58.76"
"IX-003","2002-11","63.91"
"IX-003","2002-12","65.51"
"IX-003","2003-01","64.32"
"IX-003","2003-02","62.35"
"IX-003","2003-03","59.23"
"IX-003","2003-04","59.57"
"IX-003","2003-05","61.09"
"IX-003","2003-06","61.96"
"IX-003","2003-07","58.84"
"IX-003","2003-08","57.09"
"IX-003","2003-09","59.33"
"IX-003","2003-10","67.39"
"IX-003","2003-11","68.83"
"IX-003","2003-12","71.56"
"IX-003","2004-01","71.22"
"IX-003","2004-02","76.06"
"IX-003","2004-03","76.73"
"IX-003","2004-04","76.45"
"IX-003","2004-05","73.52"
"IX-003","2004-06","66.06"
"IX-003","2004-07","64.82"
"IX-003","2004-08","65.44"
"IX-003","2004-09","66.27"
"IX-003","2004-10","65.8"
"IX-003","2004-11","66.94"
"IX-003","2004-12","66.02"
"IX-003","2005-01","63.15"
"IX-003","2005-02","62.27"
"IX-003","2005-03","66.74"
"IX-003","2005-04","65.07"
"IX-003","2005-05","64.23"
"IX-003","2005-06","64.64"
"IX-003","2005-07","64.44"
"IX-003","2005-08","62.51"
"IX-003","2005-09","64"
"IX-003","2005-10","66.81"
"IX-003","2005-11","65.44"
"IX-003","2005-12","63.49"
"IX-003","2006-01","63.67"
"IX-003","2006-02","64.99"
"IX-003","2006-03","65.16"
"IX-003","2006-04","66.76"
"IX-003","2006-05","68.28"
"IX-003","2006-06","67.94"
"IX-003","2006-07","70.45"
"IX-003","2006-08","73.55"
"IX-003","2006-09","71.7"
"IX-003","2006-10","72.7"
"IX-003","2006-11","78.35"
"IX-003","2006-12","83.01"
"IX-003","2007-01","82.27"
"IX-003","2007-02","82.87"
"IX-003","2007-03","84.42"
"IX-003","2007-04","92.76"
"IX-003","2007-05","100.25"
"IX-003","2007-06","104.92"
"IX-003","2007-07","108.58"
"IX-003","2007-08","112.8"
"IX-003","2007-09","118.25"
"IX-003","2007-10","125.85"
"IX-003","2007-11","136.25"
"IX-003","2007-12","138.56"
"IX-003","2008-01","154.1"
"IX-003","2008-02","168.63"
"IX-003","2008-03","176.6"
"IX-003","2008-04","169.41"
"IX-003","2008-05","172.02"
"IX-003","2008-06","178.32"
"IX-003","2008-07","164.8"
"IX-003","2008-08","135.62"
"IX-003","2008-09","120.59"
"IX-003","2008-10","92.21"
"IX-003","2008-11","82.03"
"IX-003","2008-12","78.55"
"IX-003","2009-01","82.78"
"IX-003","2009-02","82.24"
"IX-003","2009-03","81.49"
"IX-003","2009-04","93.8"
"IX-003","2009-05","106.61"
"IX-003","2009-06","100.72"
"IX-003","2009-07","89.9"
"IX-003","2009-08","97.85"
"IX-003","2009-09","93.25"
"IX-003","2009-10","95.17"
"IX-003","2009-11","101.76"
"IX-003","2009-12","107.56"
"IX-003","2010-01","107.1"
"IX-003","2010-02","107.31"
"IX-003","2010-03","110.33"
"IX-003","2010-04","109.36"
"IX-003","2010-05","107.17"
"IX-003","2010-06","106.03"
"IX-003","2010-07","110.13"
"IX-003","2010-08","121.81"
"IX-003","2010-09","124.85"
"IX-003","2010-10","139.18"
"IX-003","2010-11","153.87"
"IX-003","2010-12","166.26"
"IX-003","2011-01","174.49"
"IX-003","2011-02","175.43"
"IX-003","2011-03","163.11"
"IX-003","2011-04","162.79"
"IX-003","2011-05","162.4"
"IX-003","2011-06","160.78"
"IX-003","2011-07","156.05"
"IX-003","2011-08","151.48"
"IX-003","2011-09","147.82"
"IX-003","2011-10","137.99"
"IX-003","2011-11","144.96"
"IX-003","2011-12","140.45"
"IX-003","2012-01","144.33"
"IX-003","2012-02","148.34"
"IX-003","2012-03","152.47"
"IX-003","2012-04","156.29"
"IX-003","2012-05","144.4"
"IX-003","2012-06","135.26"
"IX-003","2012-07","138.56"
"IX-003","2012-08","138.31"
"IX-003","2012-09","136.93"
"IX-003","2012-10","124.9"
"IX-003","2012-11","121.52"
"IX-003","2012-12","118.38"
"IX-003","2013-01","124.28"
"IX-003","2013-02","125.55"
"IX-003","2013-03","122.38"
"IX-003","2013-04","120.64"
"IX-003","2013-05","121.05"
"IX-003","2013-06","120.68"
"IX-003","2013-07","116.22"
"IX-003","2013-08","111.89"
"IX-003","2013-09","112.92"
"IX-003","2013-10","116.04"
"IX-003","2013-11","121.97"
"IX-003","2013-12","120.38"
"IX-003","2014-01","115.58"
"IX-003","2014-02","120.84"
"IX-003","2014-03","125.38"
"IX-003","2014-04","121.53"
"IX-003","2014-05","119.18"
"IX-003","2014-06","115.22"
"IX-003","2014-07","110.63"
"IX-003","2014-08","101.65"
"IX-003","2014-09","98.55"
"IX-003","2014-10","100.09"
"IX-003","2014-11","100.85"
"IX-003","2014-12","97.89"
"IX-003","2015-01","95"
"IX-003","2015-02","95.18"
"IX-003","2015-03","92.62"
"IX-003","2015-04","91.87"
"IX-003","2015-05","94.49"
"IX-003","2015-06","95.89"
"IX-003","2015-07","90.43"
"IX-003","2015-08","82.29"
"IX-003","2015-09","81.96"
"IX-003","2015-10","87.76"
"IX-003","2015-11","85.13"
"IX-003","2015-12","86.68"
"IX-003","2016-01","85.29"
"IX-003","2016-02","92.15"
"IX-003","2016-03","97.34"
"IX-003","2016-04","101.17"
"IX-003","2016-05","99.56"
"IX-003","2016-06","97.93"
"IX-003","2016-07","94.9"
"IX-003","2016-08","102.39"
"IX-003","2016-09","104.32"
"IX-003","2016-10","101.85"
"IX-003","2016-11","106.16"
"IX-003","2016-12","110.26"
"IX-003","2017-01","112.19"
"IX-003","2017-02","107.97"
"IX-003","2017-03","101.59"
"IX-003","2017-04","97.58"
"IX-003","2017-05","101.96"
"IX-003","2017-06","97.47"
"IX-003","2017-07","96.66"
"IX-003","2017-08","99.16"
"IX-003","2017-09","103.83"
"IX-003","2017-10","102.68"
"IX-003","2017-11","103.85"
"IX-003","2017-12","97.96"
"IX-003","2018-01","98.25"
"IX-003","2018-02","95.6"
"IX-003","2018-03","95.36"
"IX-003","2018-04","94.02"
"IX-003","2018-05","92.15"
"IX-003","2018-06","89.33"
"IX-003","2018-07","86.9"
"IX-003","2018-08","84.43"
"IX-003","2018-09","82.33"
"IX-003","2018-10","81.33"
"IX-003","2018-11","76.59"
"IX-003","2018-12","76.84"
"IX-003","2019-01","80.26"
"IX-003","2019-02","81.78"
"IX-003","2019-03","78.41"
"IX-003","2019-04","79.11"
"IX-003","2019-05","78.5"
"IX-003","2019-06","77.46"
"IX-003","2019-07","78.09"
"IX-003","2019-08","82.59"
"IX-003","2019-09","83.89"
"IX-003","2019-10","84.11"
"IX-003","2019-11","93.16"
"IX-003","2019-12","101.5"
"IX-003","2020-01","108.73"
"IX-003","2020-02","97.55"
"IX-003","2020-03","85.42"
"IX-003","2020-04","81.18"
"IX-003","2020-05","77.77"
"IX-003","2020-06","86.61"
"IX-003","2020-07","93.2"
"IX-003","2020-08","98.7"
"IX-003","2020-09","104.6"
"IX-003","2020-10","106.45"
"IX-003","2020-11","121.9"
"IX-003","2020-12","131.2"
"IX-003","2021-01","138.87"
"IX-003","2021-02","147.46"
"IX-003","2021-03","159.3"
"IX-003","2021-04","162.19"
"IX-003","2021-05","174.9"
"IX-003","2021-06","157.7"
"IX-003","2021-07","155.5"
"IX-003","2021-08","165.9"
"IX-003","2021-09","168.6"
"IX-003","2021-10","184.8"
"IX-003","2021-11","184.6"
"IX-003","2021-12","178.5"
"IX-003","2022-01","185.9"
"IX-003","2022-02","201.7"
"IX-003","2022-03","251.8"
"IX-003","2022-04","237.5"
"IX-003","2022-05","229.2"
"IX-003","2022-06","211.8"
"IX-003","2022-07","168.8"
"IX-003","2022-08","163.3"
"IX-003","2022-09","152.6"
"IX-003","2022-10","151.3"
"IX-003","2022-11","154.7"
"IX-003","2022-12","144.6"
"IX-003","2023-01","140.4"
"IX-003","2023-02","135.9"
"IX-003","2023-03","131.8"
"IX-003","2023-04","130"
"IX-003","2023-05","118.7"
"IX-003","2023-06","115.8"
"IX-003","2023-07","129.8"
"IX-003","2023-08","125.8"
"IX-003","2023-09","120.9"
"IX-003","2023-10","120"
"IX-003","2023-11","124.1"
"IX-003","2023-12","122.3"
"IX-003","2024-01","122.5"
"IX-003","2024-02","120.9"
"IX-003","2024-03","130.6"
"IX-003","2024-04","130.9"
"IX-003","2024-05","127.8"
"IX-003","2024-06","131.8"
"IX-003","2024-07","135"
"IX-003","2024-08","136.1"
"IX-003","2024-09","142.4"
"IX-003","2024-10","152.7"
"IX-003","2024-11","164.1"
"IX-003","2024-12","162.1"
"IX-003","2025-01","153"
"IX-003","2025-02","156"
"IX-003","2025-03","161.8"
"IX-003","2025-04","158"
"IX-003","2025-05","152.2"
"IX-003","2025-06","155.7"
"IX-003","2025-07","166.8"
"IX-003","2025-08","169.1"
"IX-003","2025-09","167.9"
"IX-003","2025-10","169.4"
"IX-003","2025-11","165"
"IX-003","2025-12","165.2"
"IX-003","2026-01","168.6"
"IX-003","2026-02","174.2"
"IX-003","2026-03","183.1"
"IX-003","2026-04","193.9"
"IX-003","2026-05","185"
"IX-003","2026-06","192"
"IX-004","1990-01","53.5"
"IX-004","1990-02","52.2"
"IX-004","1990-03","41.4"
"IX-004","1990-04","48.4"
"IX-004","1990-05","39.2"
"IX-004","1990-06","39.2"
"IX-004","1990-07","39.2"
"IX-004","1990-08","36.8"
"IX-004","1990-09","38.1"
"IX-004","1990-10","38.9"
"IX-004","1990-11","39.4"
"IX-004","1990-12","45.1"
"IX-004","1991-01","46.9"
"IX-004","1991-02","46.7"
"IX-004","1991-03","45.8"
"IX-004","1991-04","42.8"
"IX-004","1991-05","42.1"
"IX-004","1991-06","43.4"
"IX-004","1991-07","40.4"
"IX-004","1991-08","41.7"
"IX-004","1991-09","45.4"
"IX-004","1991-10","48.8"
"IX-004","1991-11","50.8"
"IX-004","1991-12","50.8"
"IX-004","1992-01","52.9"
"IX-004","1992-02","52.9"
"IX-004","1992-03","52.4"
"IX-004","1992-04","52.4"
"IX-004","1992-05","54.6"
"IX-004","1992-06","57.7"
"IX-004","1992-07","58.1"
"IX-004","1992-08","56.6"
"IX-004","1992-09","58.1"
"IX-004","1992-10","54.9"
"IX-004","1992-11","53.8"
"IX-004","1992-12","53.2"
"IX-004","1993-01","53.3"
"IX-004","1993-02","54"
"IX-004","1993-03","53.3"
"IX-004","1993-04","52.4"
"IX-004","1993-05","51.7"
"IX-004","1993-06","51.8"
"IX-004","1993-07","49.7"
"IX-004","1993-08","48"
"IX-004","1993-09","45.1"
"IX-004","1993-10","41"
"IX-004","1993-11","41.2"
"IX-004","1993-12","41.8"
"IX-004","1994-01","45.5"
"IX-004","1994-02","45.4"
"IX-004","1994-03","46"
"IX-004","1994-04","42.3"
"IX-004","1994-05","42.3"
"IX-004","1994-06","45.1"
"IX-004","1994-07","45.6"
"IX-004","1994-08","46.6"
"IX-004","1994-09","49.9"
"IX-004","1994-10","52"
"IX-004","1994-11","53.2"
"IX-004","1994-12","55"
"IX-004","1995-01","58.9"
"IX-004","1995-02","61.1"
"IX-004","1995-03","61.8"
"IX-004","1995-04","61.1"
"IX-004","1995-05","61.2"
"IX-004","1995-06","61.2"
"IX-004","1995-07","64.6"
"IX-004","1995-08","64.3"
"IX-004","1995-09","64.3"
"IX-004","1995-10","64.8"
"IX-004","1995-11","64.8"
"IX-004","1995-12","64.4"
"IX-004","1996-01","64.3"
"IX-004","1996-02","64.2"
"IX-004","1996-03","63"
"IX-004","1996-04","62.7"
"IX-004","1996-05","61"
"IX-004","1996-06","61.1"
"IX-004","1996-07","61.3"
"IX-004","1996-08","60.7"
"IX-004","1996-09","60.1"
"IX-004","1996-10","61"
"IX-004","1996-11","59.9"
"IX-004","1996-12","60.2"
"IX-004","1997-01","60.3"
"IX-004","1997-02","59.5"
"IX-004","1997-03","59.3"
"IX-004","1997-04","59.1"
"IX-004","1997-05","58.8"
"IX-004","1997-06","58.6"
"IX-004","1997-07","58.1"
"IX-004","1997-08","57.8"
"IX-004","1997-09","59"
"IX-004","1997-10","60.8"
"IX-004","1997-11","61"
"IX-004","1997-12","61"
"IX-004","1998-01","60.9"
"IX-004","1998-02","59.7"
"IX-004","1998-03","57.8"
"IX-004","1998-04","57.6"
"IX-004","1998-05","56.5"
"IX-004","1998-06","55.6"
"IX-004","1998-07","55.3"
"IX-004","1998-08","55.4"
"IX-004","1998-09","53.9"
"IX-004","1998-10","52.1"
"IX-004","1998-11","52.1"
"IX-004","1998-12","52.3"
"IX-004","1999-01","52.4"
"IX-004","1999-02","51.5"
"IX-004","1999-03","50.7"
"IX-004","1999-04","48"
"IX-004","1999-05","47.4"
"IX-004","1999-06","47.1"
"IX-004","1999-07","46.4"
"IX-004","1999-08","46.4"
"IX-004","1999-09","46.8"
"IX-004","1999-10","47"
"IX-004","1999-11","47.5"
"IX-004","1999-12","48.5"
"IX-004","2000-01","50.2"
"IX-004","2000-02","50.4"
"IX-004","2000-03","50.1"
"IX-004","2000-04","50.4"
"IX-004","2000-05","50.9"
"IX-004","2000-06","53.8"
"IX-004","2000-07","55.6"
"IX-004","2000-08","56"
"IX-004","2000-09","57.4"
"IX-004","2000-10","59.1"
"IX-004","2000-11","59.6"
"IX-004","2000-12","60.1"
"IX-004","2001-01","59.7"
"IX-004","2001-02","59.5"
"IX-004","2001-03","59.7"
"IX-004","2001-04","59.5"
"IX-004","2001-05","62"
"IX-004","2001-06","62.4"
"IX-004","2001-07","62.9"
"IX-004","2001-08","62.5"
"IX-004","2001-09","62.1"
"IX-004","2001-10","62.8"
"IX-004","2001-11","60.6"
"IX-004","2001-12","56.9"
"IX-004","2002-01","53"
"IX-004","2002-02","52.8"
"IX-004","2002-03","50.7"
"IX-004","2002-04","48.9"
"IX-004","2002-05","44.8"
"IX-004","2002-06","42.9"
"IX-004","2002-07","40.6"
"IX-004","2002-08","40.1"
"IX-004","2002-09","41.6"
"IX-004","2002-10","42.9"
"IX-004","2002-11","45.5"
"IX-004","2002-12","49.3"
"IX-004","2003-01","51.3"
"IX-004","2003-02","53.1"
"IX-004","2003-03","53.7"
"IX-004","2003-04","52.7"
"IX-004","2003-05","52.6"
"IX-004","2003-06","52.6"
"IX-004","2003-07","53.2"
"IX-004","2003-08","53.6"
"IX-004","2003-09","55.2"
"IX-004","2003-10","57.6"
"IX-004","2003-11","58.6"
"IX-004","2003-12","59.7"
"IX-004","2004-01","60.9"
"IX-004","2004-02","64.3"
"IX-004","2004-03","65.2"
"IX-004","2004-04","65.8"
"IX-004","2004-05","67.8"
"IX-004","2004-06","70.7"
"IX-004","2004-07","72.6"
"IX-004","2004-08","72.7"
"IX-004","2004-09","73.3"
"IX-004","2004-10","73.8"
"IX-004","2004-11","75.1"
"IX-004","2004-12","75.8"
"IX-004","2005-01","76.2"
"IX-004","2005-02","76.7"
"IX-004","2005-03","77"
"IX-004","2005-04","76.2"
"IX-004","2005-05","76.5"
"IX-004","2005-06","76.4"
"IX-004","2005-07","77.1"
"IX-004","2005-08","78.3"
"IX-004","2005-09","78.7"
"IX-004","2005-10","78.5"
"IX-004","2005-11","78"
"IX-004","2005-12","76.9"
"IX-004","2006-01","74.3"
"IX-004","2006-02","74.5"
"IX-004","2006-03","73.1"
"IX-004","2006-04","71.6"
"IX-004","2006-05","71.3"
"IX-004","2006-06","71"
"IX-004","2006-07","71.3"
"IX-004","2006-08","70.3"
"IX-004","2006-09","70.3"
"IX-004","2006-10","71.9"
"IX-004","2006-11","75.4"
"IX-004","2006-12","81.7"
"IX-004","2007-01","84.2"
"IX-004","2007-02","88.3"
"IX-004","2007-03","91.8"
"IX-004","2007-04","102"
"IX-004","2007-05","105.3"
"IX-004","2007-06","121"
"IX-004","2007-07","135"
"IX-004","2007-08","141.5"
"IX-004","2007-09","145.1"
"IX-004","2007-10","148"
"IX-004","2007-11","154"
"IX-004","2007-12","152.6"
"IX-004","2008-01","150.6"
"IX-004","2008-02","149.9"
"IX-004","2008-03","152.6"
"IX-004","2008-04","148.9"
"IX-004","2008-05","144.3"
"IX-004","2008-06","143.9"
"IX-004","2008-07","144.1"
"IX-004","2008-08","133.5"
"IX-004","2008-09","120.5"
"IX-004","2008-10","107"
"IX-004","2008-11","97.8"
"IX-004","2008-12","94.9"
"IX-004","2009-01","88.2"
"IX-004","2009-02","82.6"
"IX-004","2009-03","80.9"
"IX-004","2009-04","80.4"
"IX-004","2009-05","83.5"
"IX-004","2009-06","84.7"
"IX-004","2009-07","85.1"
"IX-004","2009-08","88"
"IX-004","2009-09","95.1"
"IX-004","2009-10","102.7"
"IX-004","2009-11","113.1"
"IX-004","2009-12","112.8"
"IX-004","2010-01","109"
"IX-004","2010-02","101.6"
"IX-004","2010-03","101.6"
"IX-004","2010-04","109.7"
"IX-004","2010-05","111.8"
"IX-004","2010-06","110.4"
"IX-004","2010-07","112.8"
"IX-004","2010-08","112.3"
"IX-004","2010-09","116"
"IX-004","2010-10","121.4"
"IX-004","2010-11","118.7"
"IX-004","2010-12","117.4"
"IX-004","2011-01","122.8"
"IX-004","2011-02","130.3"
"IX-004","2011-03","135.8"
"IX-004","2011-04","134.5"
"IX-004","2011-05","134.2"
"IX-004","2011-06","135.3"
"IX-004","2011-07","133.6"
"IX-004","2011-08","131.9"
"IX-004","2011-09","127.1"
"IX-004","2011-10","126.2"
"IX-004","2011-11","125.1"
"IX-004","2011-12","122"
"IX-004","2012-01","120.3"
"IX-004","2012-02","121.2"
"IX-004","2012-03","118.1"
"IX-004","2012-04","112.5"
"IX-004","2012-05","105.5"
"IX-004","2012-06","102.3"
"IX-004","2012-07","99.7"
"IX-004","2012-08","102"
"IX-004","2012-09","111"
"IX-004","2012-10","114.2"
"IX-004","2012-11","114.9"
"IX-004","2012-12","118.1"
"IX-004","2013-01","121"
"IX-004","2013-02","123.8"
"IX-004","2013-03","128"
"IX-004","2013-04","140.8"
"IX-004","2013-05","140"
"IX-004","2013-06","140.3"
"IX-004","2013-07","141"
"IX-004","2013-08","145.6"
"IX-004","2013-09","149"
"IX-004","2013-10","153"
"IX-004","2013-11","151.9"
"IX-004","2013-12","156.5"
"IX-004","2014-01","156.2"
"IX-004","2014-02","156.4"
"IX-004","2014-03","154.8"
"IX-004","2014-04","147.3"
"IX-004","2014-05","141.8"
"IX-004","2014-06","136.1"
"IX-004","2014-07","130.2"
"IX-004","2014-08","120.6"
"IX-004","2014-09","110.8"
"IX-004","2014-10","107.1"
"IX-004","2014-11","102.6"
"IX-004","2014-12","98.5"
"IX-004","2015-01","92.4"
"IX-004","2015-02","95.2"
"IX-004","2015-03","95.1"
"IX-004","2015-04","90.6"
"IX-004","2015-05","89.9"
"IX-004","2015-06","87.7"
"IX-004","2015-07","82.2"
"IX-004","2015-08","79.9"
"IX-004","2015-09","83.2"
"IX-004","2015-10","88"
"IX-004","2015-11","80.5"
"IX-004","2015-12","81"
"IX-004","2016-01","79.4"
"IX-004","2016-02","78.8"
"IX-004","2016-03","76.7"
"IX-004","2016-04","77.1"
"IX-004","2016-05","72.7"
"IX-004","2016-06","73.9"
"IX-004","2016-07","76"
"IX-004","2016-08","81.8"
"IX-004","2016-09","90.9"
"IX-004","2016-10","93.8"
"IX-004","2016-11","94.5"
"IX-004","2016-12","96.2"
"IX-004","2017-01","98.6"
"IX-004","2017-02","99.2"
"IX-004","2017-03","100.6"
"IX-004","2017-04","100"
"IX-004","2017-05","104.8"
"IX-004","2017-06","109.7"
"IX-004","2017-07","113.9"
"IX-004","2017-08","116.9"
"IX-004","2017-09","118.4"
"IX-004","2017-10","115.4"
"IX-004","2017-11","111.4"
"IX-004","2017-12","107.3"
"IX-004","2018-01","106"
"IX-004","2018-02","108.8"
"IX-004","2018-03","111.3"
"IX-004","2018-04","110"
"IX-004","2018-05","111.4"
"IX-004","2018-06","112.3"
"IX-004","2018-07","110.1"
"IX-004","2018-08","108.5"
"IX-004","2018-09","108.3"
"IX-004","2018-10","102.8"
"IX-004","2018-11","100"
"IX-004","2018-12","97.8"
"IX-004","2019-01","100.9"
"IX-004","2019-02","103.8"
"IX-004","2019-03","105.6"
"IX-004","2019-04","106.1"
"IX-004","2019-05","106.6"
"IX-004","2019-06","102.9"
"IX-004","2019-07","101.1"
"IX-004","2019-08","100.3"
"IX-004","2019-09","99.6"
"IX-004","2019-10","100.8"
"IX-004","2019-11","102.5"
"IX-004","2019-12","103.5"
"IX-004","2020-01","103.8"
"IX-004","2020-02","102.8"
"IX-004","2020-03","101.6"
"IX-004","2020-04","95.9"
"IX-004","2020-05","94.5"
"IX-004","2020-06","98.3"
"IX-004","2020-07","101.8"
"IX-004","2020-08","102.1"
"IX-004","2020-09","102.3"
"IX-004","2020-10","104.5"
"IX-004","2020-11","105.4"
"IX-004","2020-12","108.7"
"IX-004","2021-01","111.1"
"IX-004","2021-02","112.8"
"IX-004","2021-03","117.2"
"IX-004","2021-04","119"
"IX-004","2021-05","121.2"
"IX-004","2021-06","120.1"
"IX-004","2021-07","117.2"
"IX-004","2021-08","117.2"
"IX-004","2021-09","119.2"
"IX-004","2021-10","122.6"
"IX-004","2021-11","127.2"
"IX-004","2021-12","130.4"
"IX-004","2022-01","134.3"
"IX-004","2022-02","145"
"IX-004","2022-03","149.6"
"IX-004","2022-04","150.7"
"IX-004","2022-05","149.7"
"IX-004","2022-06","158.2"
"IX-004","2022-07","155.6"
"IX-004","2022-08","153.1"
"IX-004","2022-09","152.8"
"IX-004","2022-10","149.2"
"IX-004","2022-11","147.4"
"IX-004","2022-12","148.6"
"IX-004","2023-01","144.7"
"IX-004","2023-02","138.7"
"IX-004","2023-03","135.3"
"IX-004","2023-04","129.3"
"IX-004","2023-05","121.7"
"IX-004","2023-06","119.9"
"IX-004","2023-07","119.1"
"IX-004","2023-08","114.3"
"IX-004","2023-09","112"
"IX-004","2023-10","114.6"
"IX-004","2023-11","116.5"
"IX-004","2023-12","118.7"
"IX-004","2024-01","118.7"
"IX-004","2024-02","120.7"
"IX-004","2024-03","124"
"IX-004","2024-04","123.8"
"IX-004","2024-05","126.3"
"IX-004","2024-06","127.9"
"IX-004","2024-07","127.8"
"IX-004","2024-08","131.3"
"IX-004","2024-09","136.5"
"IX-004","2024-10","138.6"
"IX-004","2024-11","139.8"
"IX-004","2024-12","141.2"
"IX-004","2025-01","143.1"
"IX-004","2025-02","147.7"
"IX-004","2025-03","148.7"
"IX-004","2025-04","151.7"
"IX-004","2025-05","153.6"
"IX-004","2025-06","155.5"
"IX-004","2025-07","154.6"
"IX-004","2025-08","152.2"
"IX-004","2025-09","147.2"
"IX-004","2025-10","141.7"
"IX-004","2025-11","136.2"
"IX-004","2025-12","128.2"
"IX-004","2026-01","120.7"
"IX-004","2026-02","119.4"
"IX-004","2026-03","121.2"
"IX-004","2026-04","119.7"
"IX-004","2026-05","119.2"
"IX-004","2026-06","117.4"
"IX-005","1990-01","87.9"
"IX-005","1990-02","90.7"
"IX-005","1990-03","95.1"
"IX-005","1990-04","94.3"
"IX-005","1990-05","90.4"
"IX-005","1990-06","80.3"
"IX-005","1990-07","74.2"
"IX-005","1990-08","67.6"
"IX-005","1990-09","68.5"
"IX-005","1990-10","60.8"
"IX-005","1990-11","62.3"
"IX-005","1990-12","60.3"
"IX-005","1991-01","54.5"
"IX-005","1991-02","52.7"
"IX-005","1991-03","56.6"
"IX-005","1991-04","52.7"
"IX-005","1991-05","46.9"
"IX-005","1991-06","56.9"
"IX-005","1991-07","63.8"
"IX-005","1991-08","58.5"
"IX-005","1991-09","57.5"
"IX-005","1991-10","56.4"
"IX-005","1991-11","53.6"
"IX-005","1991-12","55.7"
"IX-005","1992-01","51.5"
"IX-005","1992-02","48.5"
"IX-005","1992-03","50.9"
"IX-005","1992-04","58.5"
"IX-005","1992-05","59.3"
"IX-005","1992-06","64.1"
"IX-005","1992-07","63.8"
"IX-005","1992-08","60.8"
"IX-005","1992-09","57.6"
"IX-005","1992-10","53.9"
"IX-005","1992-11","53"
"IX-005","1992-12","50.4"
"IX-005","1993-01","51"
"IX-005","1993-02","53"
"IX-005","1993-03","65.7"
"IX-005","1993-04","69"
"IX-005","1993-05","73.2"
"IX-005","1993-06","64.3"
"IX-005","1993-07","59.9"
"IX-005","1993-08","57.8"
"IX-005","1993-09","59"
"IX-005","1993-10","63.7"
"IX-005","1993-11","62.6"
"IX-005","1993-12","65.1"
"IX-005","1994-01","63.7"
"IX-005","1994-02","67"
"IX-005","1994-03","72.7"
"IX-005","1994-04","68.1"
"IX-005","1994-05","71.7"
"IX-005","1994-06","74.6"
"IX-005","1994-07","72.8"
"IX-005","1994-08","74.9"
"IX-005","1994-09","77.9"
"IX-005","1994-10","78.9"
"IX-005","1994-11","86.3"
"IX-005","1994-12","90.8"
"IX-005","1995-01","91.3"
"IX-005","1995-02","89.2"
"IX-005","1995-03","90.3"
"IX-005","1995-04","84.8"
"IX-005","1995-05","83.7"
"IX-005","1995-06","86.8"
"IX-005","1995-07","84.1"
"IX-005","1995-08","80.3"
"IX-005","1995-09","72.3"
"IX-005","1995-10","73.3"
"IX-005","1995-11","74.1"
"IX-005","1995-12","76.2"
"IX-005","1996-01","77.5"
"IX-005","1996-02","79.3"
"IX-005","1996-03","79.9"
"IX-005","1996-04","74.1"
"IX-005","1996-05","70.5"
"IX-005","1996-06","75.3"
"IX-005","1996-07","79.3"
"IX-005","1996-08","76.6"
"IX-005","1996-09","73.8"
"IX-005","1996-10","68.8"
"IX-005","1996-11","66.3"
"IX-005","1996-12","66.5"
"IX-005","1997-01","66.2"
"IX-005","1997-02","66.9"
"IX-005","1997-03","68.8"
"IX-005","1997-04","69.9"
"IX-005","1997-05","68.9"
"IX-005","1997-06","70.7"
"IX-005","1997-07","69.4"
"IX-005","1997-08","72.4"
"IX-005","1997-09","70.1"
"IX-005","1997-10","70.6"
"IX-005","1997-11","74.3"
"IX-005","1997-12","76.3"
"IX-005","1998-01","71.5"
"IX-005","1998-02","66.3"
"IX-005","1998-03","60.9"
"IX-005","1998-04","60"
"IX-005","1998-05","57.1"
"IX-005","1998-06","50.1"
"IX-005","1998-07","53.5"
"IX-005","1998-08","52.5"
"IX-005","1998-09","44.7"
"IX-005","1998-10","46.2"
"IX-005","1998-11","49.9"
"IX-005","1998-12","50"
"IX-005","1999-01","50.2"
"IX-005","1999-02","42.2"
"IX-005","1999-03","37.3"
"IX-005","1999-04","33.5"
"IX-005","1999-05","35.6"
"IX-005","1999-06","37.3"
"IX-005","1999-07","33.3"
"IX-005","1999-08","35.6"
"IX-005","1999-09","41.3"
"IX-005","1999-10","41.9"
"IX-005","1999-11","40.2"
"IX-005","1999-12","37.2"
"IX-005","2000-01","34.7"
"IX-005","2000-02","32.7"
"IX-005","2000-03","31.8"
"IX-005","2000-04","37.3"
"IX-005","2000-05","42.8"
"IX-005","2000-06","51.8"
"IX-005","2000-07","59.6"
"IX-005","2000-08","64.6"
"IX-005","2000-09","62.1"
"IX-005","2000-10","66.5"
"IX-005","2000-11","61.5"
"IX-005","2000-12","62"
"IX-005","2001-01","63.9"
"IX-005","2001-02","61.1"
"IX-005","2001-03","57.4"
"IX-005","2001-04","54.1"
"IX-005","2001-05","59.3"
"IX-005","2001-06","56"
"IX-005","2001-07","54.4"
"IX-005","2001-08","50.2"
"IX-005","2001-09","47.3"
"IX-005","2001-10","42"
"IX-005","2001-11","47.5"
"IX-005","2001-12","48.5"
"IX-005","2002-01","48.2"
"IX-005","2002-02","40.5"
"IX-005","2002-03","41.4"
"IX-005","2002-04","42.6"
"IX-005","2002-05","37.6"
"IX-005","2002-06","35.6"
"IX-005","2002-07","39.5"
"IX-005","2002-08","39"
"IX-005","2002-09","43.1"
"IX-005","2002-10","46.5"
"IX-005","2002-11","48.5"
"IX-005","2002-12","49.2"
"IX-005","2003-01","50.7"
"IX-005","2003-02","55.7"
"IX-005","2003-03","50.9"
"IX-005","2003-04","48"
"IX-005","2003-05","44.4"
"IX-005","2003-06","41.6"
"IX-005","2003-07","42.3"
"IX-005","2003-08","42.3"
"IX-005","2003-09","37"
"IX-005","2003-10","36.9"
"IX-005","2003-11","37.6"
"IX-005","2003-12","38.9"
"IX-005","2004-01","35.9"
"IX-005","2004-02","36.2"
"IX-005","2004-03","40"
"IX-005","2004-04","40.7"
"IX-005","2004-05","39.2"
"IX-005","2004-06","42.9"
"IX-005","2004-07","49"
"IX-005","2004-08","46.9"
"IX-005","2004-09","47.6"
"IX-005","2004-10","52.3"
"IX-005","2004-11","50.5"
"IX-005","2004-12","51"
"IX-005","2005-01","54"
"IX-005","2005-02","56.3"
"IX-005","2005-03","55"
"IX-005","2005-04","53.2"
"IX-005","2005-05","53.1"
"IX-005","2005-06","56"
"IX-005","2005-07","59.7"
"IX-005","2005-08","61.5"
"IX-005","2005-09","63.8"
"IX-005","2005-10","68.8"
"IX-005","2005-11","70.4"
"IX-005","2005-12","82.6"
"IX-005","2006-01","97.5"
"IX-005","2006-02","111.1"
"IX-005","2006-03","106.7"
"IX-005","2006-04","108.2"
"IX-005","2006-05","104.1"
"IX-005","2006-06","95.3"
"IX-005","2006-07","99.3"
"IX-005","2006-08","83.2"
"IX-005","2006-09","74.8"
"IX-005","2006-10","72"
"IX-005","2006-11","72.9"
"IX-005","2006-12","71.6"
"IX-005","2007-01","67.8"
"IX-005","2007-02","65.4"
"IX-005","2007-03","64.6"
"IX-005","2007-04","60.2"
"IX-005","2007-05","58.4"
"IX-005","2007-06","57.5"
"IX-005","2007-07","62.9"
"IX-005","2007-08","60.7"
"IX-005","2007-09","60.4"
"IX-005","2007-10","61.9"
"IX-005","2007-11","62.5"
"IX-005","2007-12","66.3"
"IX-005","2008-01","74.1"
"IX-005","2008-02","83.6"
"IX-005","2008-03","81.7"
"IX-005","2008-04","77.7"
"IX-005","2008-05","74.7"
"IX-005","2008-06","75"
"IX-005","2008-07","88.1"
"IX-005","2008-08","90.4"
"IX-005","2008-09","83.7"
"IX-005","2008-10","73.6"
"IX-005","2008-11","74.9"
"IX-005","2008-12","72.7"
"IX-005","2009-01","77.4"
"IX-005","2009-02","81.9"
"IX-005","2009-03","82.9"
"IX-005","2009-04","84.5"
"IX-005","2009-05","99.4"
"IX-005","2009-06","101.7"
"IX-005","2009-07","114"
"IX-005","2009-08","138.8"
"IX-005","2009-09","142.6"
"IX-005","2009-10","140.1"
"IX-005","2009-11","137.8"
"IX-005","2009-12","145.6"
"IX-005","2010-01","163.8"
"IX-005","2010-02","157.4"
"IX-005","2010-03","115.5"
"IX-005","2010-04","101.8"
"IX-005","2010-05","94.1"
"IX-005","2010-06","98.1"
"IX-005","2010-07","107.9"
"IX-005","2010-08","114.6"
"IX-005","2010-09","138.7"
"IX-005","2010-10","152.3"
"IX-005","2010-11","162.8"
"IX-005","2010-12","173.8"
"IX-005","2011-01","183.2"
"IX-005","2011-02","182.4"
"IX-005","2011-03","162.4"
"IX-005","2011-04","150.7"
"IX-005","2011-05","136.2"
"IX-005","2011-06","156"
"IX-005","2011-07","174.6"
"IX-005","2011-08","171.7"
"IX-005","2011-09","165.3"
"IX-005","2011-10","157.5"
"IX-005","2011-11","148.2"
"IX-005","2011-12","142.6"
"IX-005","2012-01","145.8"
"IX-005","2012-02","149.3"
"IX-005","2012-03","149.1"
"IX-005","2012-04","141.3"
"IX-005","2012-05","128.5"
"IX-005","2012-06","126.7"
"IX-005","2012-07","141.4"
"IX-005","2012-08","129.2"
"IX-005","2012-09","123.7"
"IX-005","2012-10","125.7"
"IX-005","2012-11","119.7"
"IX-005","2012-12","119.5"
"IX-005","2013-01","116.8"
"IX-005","2013-02","113"
"IX-005","2013-03","114.3"
"IX-005","2013-04","110.2"
"IX-005","2013-05","109.1"
"IX-005","2013-06","105.8"
"IX-005","2013-07","104.2"
"IX-005","2013-08","105.4"
"IX-005","2013-09","107.5"
"IX-005","2013-10","115.5"
"IX-005","2013-11","109.3"
"IX-005","2013-12","102.4"
"IX-005","2014-01","96.7"
"IX-005","2014-02","102.6"
"IX-005","2014-03","110.8"
"IX-005","2014-04","109"
"IX-005","2014-05","113.1"
"IX-005","2014-06","112.5"
"IX-005","2014-07","113"
"IX-005","2014-08","106.6"
"IX-005","2014-09","99.5"
"IX-005","2014-10","103.6"
"IX-005","2014-11","100.2"
"IX-005","2014-12","94.8"
"IX-005","2015-01","95"
"IX-005","2015-02","90.3"
"IX-005","2015-03","82"
"IX-005","2015-04","80.9"
"IX-005","2015-05","82.6"
"IX-005","2015-06","77.1"
"IX-005","2015-07","79"
"IX-005","2015-08","71.2"
"IX-005","2015-09","73.4"
"IX-005","2015-10","86.1"
"IX-005","2015-11","90"
"IX-005","2015-12","90.6"
"IX-005","2016-01","86.9"
"IX-005","2016-02","81.6"
"IX-005","2016-03","95.5"
"IX-005","2016-04","93.9"
"IX-005","2016-05","104.8"
"IX-005","2016-06","120.4"
"IX-005","2016-07","121.6"
"IX-005","2016-08","124.6"
"IX-005","2016-09","132.9"
"IX-005","2016-10","137.5"
"IX-005","2016-11","125.2"
"IX-005","2016-12","114.5"
"IX-005","2017-01","125.8"
"IX-005","2017-02","125.6"
"IX-005","2017-03","111.9"
"IX-005","2017-04","101.7"
"IX-005","2017-05","99.4"
"IX-005","2017-06","86"
"IX-005","2017-07","90.5"
"IX-005","2017-08","88.9"
"IX-005","2017-09","89"
"IX-005","2017-10","88.7"
"IX-005","2017-11","92.7"
"IX-005","2017-12","89"
"IX-005","2018-01","87.2"
"IX-005","2018-02","83.9"
"IX-005","2018-03","80.9"
"IX-005","2018-04","76.8"
"IX-005","2018-05","76.4"
"IX-005","2018-06","77.4"
"IX-005","2018-07","72.5"
"IX-005","2018-08","68.6"
"IX-005","2018-09","70.4"
"IX-005","2018-10","76.5"
"IX-005","2018-11","79.9"
"IX-005","2018-12","78.3"
"IX-005","2019-01","79.3"
"IX-005","2019-02","80.3"
"IX-005","2019-03","78.7"
"IX-005","2019-04","79.3"
"IX-005","2019-05","76.7"
"IX-005","2019-06","79.9"
"IX-005","2019-07","79.4"
"IX-005","2019-08","76.2"
"IX-005","2019-09","73.5"
"IX-005","2019-10","77.8"
"IX-005","2019-11","79.2"
"IX-005","2019-12","83"
"IX-005","2020-01","87.5"
"IX-005","2020-02","91.4"
"IX-005","2020-03","73.9"
"IX-005","2020-04","63.2"
"IX-005","2020-05","67.8"
"IX-005","2020-06","74.9"
"IX-005","2020-07","76"
"IX-005","2020-08","81.1"
"IX-005","2020-09","79"
"IX-005","2020-10","84.7"
"IX-005","2020-11","87.5"
"IX-005","2020-12","87.1"
"IX-005","2021-01","94.2"
"IX-005","2021-02","100.2"
"IX-005","2021-03","96.2"
"IX-005","2021-04","100"
"IX-005","2021-05","106.8"
"IX-005","2021-06","107.7"
"IX-005","2021-07","109.6"
"IX-005","2021-08","120.5"
"IX-005","2021-09","121.2"
"IX-005","2021-10","119.1"
"IX-005","2021-11","120.2"
"IX-005","2021-12","116.4"
"IX-005","2022-01","112.7"
"IX-005","2022-02","110.5"
"IX-005","2022-03","117.9"
"IX-005","2022-04","121.5"
"IX-005","2022-05","120.4"
"IX-005","2022-06","117.3"
"IX-005","2022-07","112.8"
"IX-005","2022-08","110.5"
"IX-005","2022-09","109.7"
"IX-005","2022-10","108.6"
"IX-005","2022-11","114.4"
"IX-005","2022-12","117.2"
"IX-005","2023-01","116.8"
"IX-005","2023-02","125.2"
"IX-005","2023-03","127"
"IX-005","2023-04","149.4"
"IX-005","2023-05","157.2"
"IX-005","2023-06","152.2"
"IX-005","2023-07","146.3"
"IX-005","2023-08","148.2"
"IX-005","2023-09","162.7"
"IX-005","2023-10","159.2"
"IX-005","2023-11","161.4"
"IX-005","2023-12","134.2"
"IX-005","2024-01","136.4"
"IX-005","2024-02","140.8"
"IX-005","2024-03","133.4"
"IX-005","2024-04","126.6"
"IX-005","2024-05","117.1"
"IX-005","2024-06","119.4"
"IX-005","2024-07","119.5"
"IX-005","2024-08","113.9"
"IX-005","2024-09","126.3"
"IX-005","2024-10","129.6"
"IX-005","2024-11","126.4"
"IX-005","2024-12","119.3"
"IX-005","2025-01","111.2"
"IX-005","2025-02","118.5"
"IX-005","2025-03","116.9"
"IX-005","2025-04","112.3"
"IX-005","2025-05","109.4"
"IX-005","2025-06","103.6"
"IX-005","2025-07","103.3"
"IX-005","2025-08","103.6"
"IX-005","2025-09","99.4"
"IX-005","2025-10","94.1"
"IX-005","2025-11","88.6"
"IX-005","2025-12","90.7"
"IX-005","2026-01","89.8"
"IX-005","2026-02","86.2"
"IX-005","2026-03","92.8"
"IX-005","2026-04","88.5"
"IX-005","2026-05","95.1"
"IX-005","2026-06","89.7"
"MZ-001","1960-01","45"
"MZ-001","1960-02","44"
"MZ-001","1960-03","45"
"MZ-001","1960-04","45"
"MZ-001","1960-05","48"
"MZ-001","1960-06","47"
"MZ-001","1960-07","47"
"MZ-001","1960-08","47"
"MZ-001","1960-09","46"
"MZ-001","1960-10","42"
"MZ-001","1960-11","38"
"MZ-001","1960-12","40"
"MZ-001","1961-01","43"
"MZ-001","1961-02","44"
"MZ-001","1961-03","44"
"MZ-001","1961-04","43"
"MZ-001","1961-05","45"
"MZ-001","1961-06","44"
"MZ-001","1961-07","45"
"MZ-001","1961-08","44"
"MZ-001","1961-09","43"
"MZ-001","1961-10","47.6"
"MZ-001","1961-11","48.4"
"MZ-001","1961-12","48.4"
"MZ-001","1962-01","48"
"MZ-001","1962-02","48"
"MZ-001","1962-03","48.8"
"MZ-001","1962-04","48.8"
"MZ-001","1962-05","49.6"
"MZ-001","1962-06","49.6"
"MZ-001","1962-07","48.8"
"MZ-001","1962-08","47.2"
"MZ-001","1962-09","47.6"
"MZ-001","1962-10","47.6"
"MZ-001","1962-11","48.4"
"MZ-001","1962-12","51.2"
"MZ-001","1963-01","52.8"
"MZ-001","1963-02","53.2"
"MZ-001","1963-03","52.4"
"MZ-001","1963-04","52"
"MZ-001","1963-05","52.4"
"MZ-001","1963-06","55.5"
"MZ-001","1963-07","56.7"
"MZ-001","1963-08","55.5"
"MZ-001","1963-09","55.9"
"MZ-001","1963-10","53.2"
"MZ-001","1963-11","52.4"
"MZ-001","1963-12","53.5"
"MZ-001","1964-01","55.1"
"MZ-001","1964-02","52.8"
"MZ-001","1964-03","54.3"
"MZ-001","1964-04","55.5"
"MZ-001","1964-05","55.9"
"MZ-001","1964-06","56.3"
"MZ-001","1964-07","55.9"
"MZ-001","1964-08","54.7"
"MZ-001","1964-09","55.1"
"MZ-001","1964-10","52.8"
"MZ-001","1964-11","52.8"
"MZ-001","1964-12","54.3"
"MZ-001","1965-01","55.9"
"MZ-001","1965-02","56.7"
"MZ-001","1965-03","57.1"
"MZ-001","1965-04","57.5"
"MZ-001","1965-05","58.7"
"MZ-001","1965-06","58.3"
"MZ-001","1965-07","56.7"
"MZ-001","1965-08","55.1"
"MZ-001","1965-09","53.9"
"MZ-001","1965-10","51.6"
"MZ-001","1965-11","51.6"
"MZ-001","1965-12","55.1"
"MZ-001","1966-01","57.1"
"MZ-001","1966-02","57.1"
"MZ-001","1966-03","55.5"
"MZ-001","1966-04","55.9"
"MZ-001","1966-05","55.1"
"MZ-001","1966-06","57.1"
"MZ-001","1966-07","59.1"
"MZ-001","1966-08","62.6"
"MZ-001","1966-09","61"
"MZ-001","1966-10","58.7"
"MZ-001","1966-11","59.1"
"MZ-001","1966-12","61.4"
"MZ-001","1967-01","60.2"
"MZ-001","1967-02","59.1"
"MZ-001","1967-03","59.1"
"MZ-001","1967-04","57.9"
"MZ-001","1967-05","57.1"
"MZ-001","1967-06","57.1"
"MZ-001","1967-07","55.1"
"MZ-001","1967-08","52"
"MZ-001","1967-09","49.2"
"MZ-001","1967-10","48"
"MZ-001","1967-11","47.6"
"MZ-001","1967-12","46.9"
"MZ-001","1968-01","51.6"
"MZ-001","1968-02","51.2"
"MZ-001","1968-03","50"
"MZ-001","1968-04","48"
"MZ-001","1968-05","48.4"
"MZ-001","1968-06","47.6"
"MZ-001","1968-07","47.2"
"MZ-001","1968-08","44.9"
"MZ-001","1968-09","44.1"
"MZ-001","1968-10","44.9"
"MZ-001","1968-11","49.2"
"MZ-001","1968-12","48.4"
"MZ-001","1969-01","50.4"
"MZ-001","1969-02","50.4"
"MZ-001","1969-03","50.4"
"MZ-001","1969-04","51.6"
"MZ-001","1969-05","54.3"
"MZ-001","1969-06","54.3"
"MZ-001","1969-07","53.9"
"MZ-001","1969-08","53.5"
"MZ-001","1969-09","51.2"
"MZ-001","1969-10","51.9"
"MZ-001","1969-11","53.2"
"MZ-001","1969-12","52.4"
"MZ-001","1970-01","58.4"
"MZ-001","1970-02","58.4"
"MZ-001","1970-03","58.4"
"MZ-001","1970-04","58.4"
"MZ-001","1970-05","58.4"
"MZ-001","1970-06","58.4"
"MZ-001","1970-07","58.4"
"MZ-001","1970-08","58.4"
"MZ-001","1970-09","58.4"
"MZ-001","1970-10","58.4"
"MZ-001","1970-11","58.4"
"MZ-001","1970-12","58.4"
"MZ-001","1971-01","58.4"
"MZ-001","1971-02","58.4"
"MZ-001","1971-03","58.4"
"MZ-001","1971-04","58.4"
"MZ-001","1971-05","58.4"
"MZ-001","1971-06","58.4"
"MZ-001","1971-07","58.4"
"MZ-001","1971-08","58.4"
"MZ-001","1971-09","58.4"
"MZ-001","1971-10","58.4"
"MZ-001","1971-11","58.4"
"MZ-001","1971-12","58.4"
"MZ-001","1972-01","51.3"
"MZ-001","1972-02","51.7"
"MZ-001","1972-03","52.5"
"MZ-001","1972-04","53.7"
"MZ-001","1972-05","54.5"
"MZ-001","1972-06","52.9"
"MZ-001","1972-07","54.1"
"MZ-001","1972-08","55.7"
"MZ-001","1972-09","59.2"
"MZ-001","1972-10","57.2"
"MZ-001","1972-11","59.2"
"MZ-001","1972-12","67.1"
"MZ-001","1973-01","79.1"
"MZ-001","1973-02","81.1"
"MZ-001","1973-03","79.9"
"MZ-001","1973-04","77.8"
"MZ-001","1973-05","89"
"MZ-001","1973-06","101.2"
"MZ-001","1973-07","109.4"
"MZ-001","1973-08","122.4"
"MZ-001","1973-09","107.1"
"MZ-001","1973-10","106.4"
"MZ-001","1973-11","107.9"
"MZ-001","1973-12","112.6"
"MZ-001","1974-01","112.3"
"MZ-001","1974-02","131.1"
"MZ-001","1974-03","126.4"
"MZ-001","1974-04","114.2"
"MZ-001","1974-05","113.7"
"MZ-001","1974-06","116.6"
"MZ-001","1974-07","132.3"
"MZ-001","1974-08","145.8"
"MZ-001","1974-09","141.4"
"MZ-001","1974-10","151.6"
"MZ-001","1974-11","144.1"
"MZ-001","1974-12","145.3"
"MZ-001","1975-01","131.7"
"MZ-001","1975-02","120.5"
"MZ-001","1975-03","120.2"
"MZ-001","1975-04","119.7"
"MZ-001","1975-05","114.5"
"MZ-001","1975-06","119.1"
"MZ-001","1975-07","119.8"
"MZ-001","1975-08","131.6"
"MZ-001","1975-09","122.3"
"MZ-001","1975-10","116.9"
"MZ-001","1975-11","110.3"
"MZ-001","1975-12","109.2"
"MZ-001","1976-01","110.3"
"MZ-001","1976-02","113.2"
"MZ-001","1976-03","113.1"
"MZ-001","1976-04","111.1"
"MZ-001","1976-05","118.2"
"MZ-001","1976-06","121.8"
"MZ-001","1976-07","121.3"
"MZ-001","1976-08","116.1"
"MZ-001","1976-09","115"
"MZ-001","1976-10","106.2"
"MZ-001","1976-11","98.7"
"MZ-001","1976-12","103.5"
"MZ-001","1977-01","111.6"
"MZ-001","1977-02","110.6"
"MZ-001","1977-03","108"
"MZ-001","1977-04","105.8"
"MZ-001","1977-05","100.9"
"MZ-001","1977-06","94.5"
"MZ-001","1977-07","85"
"MZ-001","1977-08","76.9"
"MZ-001","1977-09","78.3"
"MZ-001","1977-10","83.2"
"MZ-001","1977-11","93.4"
"MZ-001","1977-12","96"
"MZ-001","1978-01","95.8"
"MZ-001","1978-02","101"
"MZ-001","1978-03","106.1"
"MZ-001","1978-04","111.5"
"MZ-001","1978-05","112.7"
"MZ-001","1978-06","106.6"
"MZ-001","1978-07","97.3"
"MZ-001","1978-08","92"
"MZ-001","1978-09","91"
"MZ-001","1978-10","95.9"
"MZ-001","1978-11","100.5"
"MZ-001","1978-12","98.5"
"MZ-001","1979-01","105.4"
"MZ-001","1979-02","107"
"MZ-001","1979-03","109.5"
"MZ-001","1979-04","111.5"
"MZ-001","1979-05","112.6"
"MZ-001","1979-06","120.4"
"MZ-001","1979-07","130.5"
"MZ-001","1979-08","118.9"
"MZ-001","1979-09","118"
"MZ-001","1979-10","119.1"
"MZ-001","1979-11","118.2"
"MZ-001","1979-12","115.3"
"MZ-001","1980-01","105.4"
"MZ-001","1980-02","113.9"
"MZ-001","1980-03","110.4"
"MZ-001","1980-04","108.2"
"MZ-001","1980-05","110"
"MZ-001","1980-06","113.6"
"MZ-001","1980-07","128.9"
"MZ-001","1980-08","143.5"
"MZ-001","1980-09","140.8"
"MZ-001","1980-10","140.4"
"MZ-001","1980-11","146.6"
"MZ-001","1980-12","141.5"
"MZ-001","1981-01","148.8"
"MZ-001","1981-02","143.3"
"MZ-001","1981-03","142.1"
"MZ-001","1981-04","145.5"
"MZ-001","1981-05","141.3"
"MZ-001","1981-06","136.1"
"MZ-001","1981-07","137.6"
"MZ-001","1981-08","127.1"
"MZ-001","1981-09","115.5"
"MZ-001","1981-10","112.7"
"MZ-001","1981-11","111.8"
"MZ-001","1981-12","107.6"
"MZ-001","1982-01","115.4"
"MZ-001","1982-02","112.6"
"MZ-001","1982-03","114.2"
"MZ-001","1982-04","117.8"
"MZ-001","1982-05","118.1"
"MZ-001","1982-06","115"
"MZ-001","1982-07","115"
"MZ-001","1982-08","102.3"
"MZ-001","1982-09","100.9"
"MZ-001","1982-10","91.7"
"MZ-001","1982-11","102.9"
"MZ-001","1982-12","105.5"
"MZ-001","1983-01","107.8"
"MZ-001","1983-02","117.3"
"MZ-001","1983-03","125.2"
"MZ-001","1983-04","133.4"
"MZ-001","1983-05","133.9"
"MZ-001","1983-06","135"
"MZ-001","1983-07","140.6"
"MZ-001","1983-08","152.8"
"MZ-001","1983-09","147.8"
"MZ-001","1983-10","148.2"
"MZ-001","1983-11","147"
"MZ-001","1983-12","143.3"
"MZ-001","1984-01","141.9"
"MZ-001","1984-02","137"
"MZ-001","1984-03","147.1"
"MZ-001","1984-04","148"
"MZ-001","1984-05","146.1"
"MZ-001","1984-06","147"
"MZ-001","1984-07","142.6"
"MZ-001","1984-08","138.8"
"MZ-001","1984-09","130.4"
"MZ-001","1984-10","121.2"
"MZ-001","1984-11","117.4"
"MZ-001","1984-12","114"
"MZ-001","1985-01","119"
"MZ-001","1985-02","119.8"
"MZ-001","1985-03","120.2"
"MZ-001","1985-04","120.1"
"MZ-001","1985-05","116.7"
"MZ-001","1985-06","116"
"MZ-001","1985-07","114.9"
"MZ-001","1985-08","105.5"
"MZ-001","1985-09","101.9"
"MZ-001","1985-10","98.6"
"MZ-001","1985-11","106.2"
"MZ-001","1985-12","107.9"
"MZ-001","1986-01","107.8"
"MZ-001","1986-02","103.2"
"MZ-001","1986-03","100.9"
"MZ-001","1986-04","101.3"
"MZ-001","1986-05","105.6"
"MZ-001","1986-06","103.5"
"MZ-001","1986-07","83"
"MZ-001","1986-08","72.3"
"MZ-001","1986-09","65.7"
"MZ-001","1986-10","65.3"
"MZ-001","1986-11","72.4"
"MZ-001","1986-12","69.6"
"MZ-001","1987-01","67.9"
"MZ-001","1987-02","66.1"
"MZ-001","1987-03","71.6"
"MZ-001","1987-04","74.9"
"MZ-001","1987-05","81.8"
"MZ-001","1987-06","80.7"
"MZ-001","1987-07","76.4"
"MZ-001","1987-08","71.7"
"MZ-001","1987-09","73.6"
"MZ-001","1987-10","78.9"
"MZ-001","1987-11","81.7"
"MZ-001","1987-12","83.2"
"MZ-001","1988-01","85.9"
"MZ-001","1988-02","88"
"MZ-001","1988-03","90.2"
"MZ-001","1988-04","89.5"
"MZ-001","1988-05","89.3"
"MZ-001","1988-06","120.3"
"MZ-001","1988-07","125.5"
"MZ-001","1988-08","119.9"
"MZ-001","1988-09","121.4"
"MZ-001","1988-10","121.4"
"MZ-001","1988-11","114.4"
"MZ-001","1988-12","116.9"
"MZ-001","1989-01","118.2"
"MZ-001","1989-02","117.4"
"MZ-001","1989-03","118.4"
"MZ-001","1989-04","115.7"
"MZ-001","1989-05","117.6"
"MZ-001","1989-06","113"
"MZ-001","1989-07","108.7"
"MZ-001","1989-08","100.9"
"MZ-001","1989-09","103.4"
"MZ-001","1989-10","107.3"
"MZ-001","1989-11","108.5"
"MZ-001","1989-12","109.2"
"MZ-001","1990-01","105.6"
"MZ-001","1990-02","106.1"
"MZ-001","1990-03","109.7"
"MZ-001","1990-04","118.8"
"MZ-001","1990-05","121"
"MZ-001","1990-06","120.9"
"MZ-001","1990-07","114.9"
"MZ-001","1990-08","110.1"
"MZ-001","1990-09","101.5"
"MZ-001","1990-10","100.3"
"MZ-001","1990-11","100.4"
"MZ-001","1990-12","102"
"MZ-001","1991-01","105.7"
"MZ-001","1991-02","106.1"
"MZ-001","1991-03","109.5"
"MZ-001","1991-04","110.3"
"MZ-001","1991-05","105.7"
"MZ-001","1991-06","104.2"
"MZ-001","1991-07","105.1"
"MZ-001","1991-08","110.4"
"MZ-001","1991-09","108.9"
"MZ-001","1991-10","109.7"
"MZ-001","1991-11","106.5"
"MZ-001","1991-12","106.9"
"MZ-001","1992-01","109.3"
"MZ-001","1992-02","113.6"
"MZ-001","1992-03","117"
"MZ-001","1992-04","108.5"
"MZ-001","1992-05","109.6"
"MZ-001","1992-06","110.9"
"MZ-001","1992-07","102.8"
"MZ-001","1992-08","97"
"MZ-001","1992-09","98.1"
"MZ-001","1992-10","95.1"
"MZ-001","1992-11","94.5"
"MZ-001","1992-12","94.6"
"MZ-001","1993-01","94.2"
"MZ-001","1993-02","94.4"
"MZ-001","1993-03","97.1"
"MZ-001","1993-04","100.6"
"MZ-001","1993-05","98.6"
"MZ-001","1993-06","92.8"
"MZ-001","1993-07","101.3"
"MZ-001","1993-08","100.3"
"MZ-001","1993-09","100.9"
"MZ-001","1993-10","106.5"
"MZ-001","1993-11","116.7"
"MZ-001","1993-12","121.8"
"MZ-001","1994-01","127.2"
"MZ-001","1994-02","123.2"
"MZ-001","1994-03","119.4"
"MZ-001","1994-04","113.2"
"MZ-001","1994-05","109.6"
"MZ-001","1994-06","112.2"
"MZ-001","1994-07","97.8"
"MZ-001","1994-08","96"
"MZ-001","1994-09","97.5"
"MZ-001","1994-10","96.5"
"MZ-001","1994-11","95.5"
"MZ-001","1994-12","102.5"
"MZ-001","1995-01","107"
"MZ-001","1995-02","106.7"
"MZ-001","1995-03","109.7"
"MZ-001","1995-04","109.3"
"MZ-001","1995-05","112"
"MZ-001","1995-06","119.9"
"MZ-001","1995-07","127"
"MZ-001","1995-08","126.4"
"MZ-001","1995-09","130.5"
"MZ-001","1995-10","140.9"
"MZ-001","1995-11","144"
"MZ-001","1995-12","148.7"
"MZ-001","1996-01","156.1"
"MZ-001","1996-02","164.8"
"MZ-001","1996-03","184.9"
"MZ-001","1996-04","190.4"
"MZ-001","1996-05","204"
"MZ-001","1996-06","197.6"
"MZ-001","1996-07","197.8"
"MZ-001","1996-08","185.5"
"MZ-001","1996-09","145.4"
"MZ-001","1996-10","127.9"
"MZ-001","1996-11","117.7"
"MZ-001","1996-12","117.7"
"MZ-001","1997-01","118.4"
"MZ-001","1997-02","121.7"
"MZ-001","1997-03","127.6"
"MZ-001","1997-04","124.4"
"MZ-001","1997-05","118.8"
"MZ-001","1997-06","112.1"
"MZ-001","1997-07","106.1"
"MZ-001","1997-08","112.9"
"MZ-001","1997-09","112.2"
"MZ-001","1997-10","120.4"
"MZ-001","1997-11","117.2"
"MZ-001","1997-12","113.5"
"MZ-001","1998-01","114.7"
"MZ-001","1998-02","113.4"
"MZ-001","1998-03","114.2"
"MZ-001","1998-04","107.1"
"MZ-001","1998-05","106.1"
"MZ-001","1998-06","104.2"
"MZ-001","1998-07","100.5"
"MZ-001","1998-08","87.9"
"MZ-001","1998-09","86.3"
"MZ-001","1998-10","95.5"
"MZ-001","1998-11","98.1"
"MZ-001","1998-12","95.8"
"MZ-001","1999-01","97.4"
"MZ-001","1999-02","94.2"
"MZ-001","1999-03","96.2"
"MZ-001","1999-04","94.1"
"MZ-001","1999-05","92.5"
"MZ-001","1999-06","93.7"
"MZ-001","1999-07","84"
"MZ-001","1999-08","85.7"
"MZ-001","1999-09","86.5"
"MZ-001","1999-10","85.8"
"MZ-001","1999-11","85.4"
"MZ-001","1999-12","87.2"
"MZ-001","2000-01","93.3"
"MZ-001","2000-02","95.2"
"MZ-001","2000-03","95.1"
"MZ-001","2000-04","95.2"
"MZ-001","2000-05","96.4"
"MZ-001","2000-06","84.3"
"MZ-001","2000-07","75.3"
"MZ-001","2000-08","75.6"
"MZ-001","2000-09","80.4"
"MZ-001","2000-10","85"
"MZ-001","2000-11","89.2"
"MZ-001","2000-12","97.6"
"MZ-001","2001-01","95.2"
"MZ-001","2001-02","92"
"MZ-001","2001-03","90.3"
"MZ-001","2001-04","88"
"MZ-001","2001-05","84.1"
"MZ-001","2001-06","83.3"
"MZ-001","2001-07","91.7"
"MZ-001","2001-08","93.1"
"MZ-001","2001-09","90.1"
"MZ-001","2001-10","86.6"
"MZ-001","2001-11","89.5"
"MZ-001","2001-12","91.9"
"MZ-001","2002-01","92"
"MZ-001","2002-02","90.8"
"MZ-001","2002-03","89.6"
"MZ-001","2002-04","87.1"
"MZ-001","2002-05","90.3"
"MZ-001","2002-06","94.1"
"MZ-001","2002-07","98.7"
"MZ-001","2002-08","108.9"
"MZ-001","2002-09","114.1"
"MZ-001","2002-10","109.7"
"MZ-001","2002-11","108.9"
"MZ-001","2002-12","107"
"MZ-001","2003-01","106.1"
"MZ-001","2003-02","105.9"
"MZ-001","2003-03","105.6"
"MZ-001","2003-04","105.5"
"MZ-001","2003-05","107.5"
"MZ-001","2003-06","107.3"
"MZ-001","2003-07","96.8"
"MZ-001","2003-08","100.7"
"MZ-001","2003-09","104.1"
"MZ-001","2003-10","105.4"
"MZ-001","2003-11","108.5"
"MZ-001","2003-12","111.2"
"MZ-001","2004-01","115.5"
"MZ-001","2004-02","123.5"
"MZ-001","2004-03","127.8"
"MZ-001","2004-04","133.5"
"MZ-001","2004-05","128.2"
"MZ-001","2004-06","123.3"
"MZ-001","2004-07","104.8"
"MZ-001","2004-08","104.1"
"MZ-001","2004-09","97.9"
"MZ-001","2004-10","93.8"
"MZ-001","2004-11","93.7"
"MZ-001","2004-12","95.4"
"MZ-001","2005-01","96.3"
"MZ-001","2005-02","94.1"
"MZ-001","2005-03","99.9"
"MZ-001","2005-04","96.3"
"MZ-001","2005-05","95.4"
"MZ-001","2005-06","97.1"
"MZ-001","2005-07","107.5"
"MZ-001","2005-08","101.7"
"MZ-001","2005-09","96.4"
"MZ-001","2005-10","101.9"
"MZ-001","2005-11","95.4"
"MZ-001","2005-12","102.1"
"MZ-001","2006-01","102.7"
"MZ-001","2006-02","107.1"
"MZ-001","2006-03","105.3"
"MZ-001","2006-04","107.7"
"MZ-001","2006-05","110.6"
"MZ-001","2006-06","109.4"
"MZ-001","2006-07","114"
"MZ-001","2006-08","116.6"
"MZ-001","2006-09","121.7"
"MZ-001","2006-10","142.2"
"MZ-001","2006-11","164.5"
"MZ-001","2006-12","160.4"
"MZ-001","2007-01","164.8"
"MZ-001","2007-02","177.3"
"MZ-001","2007-03","170.5"
"MZ-001","2007-04","152.7"
"MZ-001","2007-05","160.2"
"MZ-001","2007-06","165.2"
"MZ-001","2007-07","146.8"
"MZ-001","2007-08","151.2"
"MZ-001","2007-09","159.4"
"MZ-001","2007-10","164.2"
"MZ-001","2007-11","171.3"
"MZ-001","2007-12","180.3"
"MZ-001","2008-01","206.7"
"MZ-001","2008-02","220.1"
"MZ-001","2008-03","234.4"
"MZ-001","2008-04","246.4"
"MZ-001","2008-05","243.5"
"MZ-001","2008-06","287.1"
"MZ-001","2008-07","265.3"
"MZ-001","2008-08","235"
"MZ-001","2008-09","233.8"
"MZ-001","2008-10","183.1"
"MZ-001","2008-11","163.8"
"MZ-001","2008-12","158.3"
"MZ-001","2009-01","172.8"
"MZ-001","2009-02","163.4"
"MZ-001","2009-03","164.6"
"MZ-001","2009-04","168.5"
"MZ-001","2009-05","179.9"
"MZ-001","2009-06","179.5"
"MZ-001","2009-07","151.6"
"MZ-001","2009-08","152"
"MZ-001","2009-09","150.4"
"MZ-001","2009-10","167.3"
"MZ-001","2009-11","171.6"
"MZ-001","2009-12","164.6"
"MZ-001","2010-01","167.3"
"MZ-001","2010-02","161.8"
"MZ-001","2010-03","159"
"MZ-001","2010-04","157.1"
"MZ-001","2010-05","163.4"
"MZ-001","2010-06","152.7"
"MZ-001","2010-07","163.8"
"MZ-001","2010-08","175.6"
"MZ-001","2010-09","205.9"
"MZ-001","2010-10","235.8"
"MZ-001","2010-11","238.2"
"MZ-001","2010-12","250.4"
"MZ-001","2011-01","264.9"
"MZ-001","2011-02","292.9"
"MZ-001","2011-03","290.5"
"MZ-001","2011-04","319.3"
"MZ-001","2011-05","307.9"
"MZ-001","2011-06","310.6"
"MZ-001","2011-07","300.8"
"MZ-001","2011-08","310.2"
"MZ-001","2011-09","295.3"
"MZ-001","2011-10","274.8"
"MZ-001","2011-11","274.4"
"MZ-001","2011-12","258.6"
"MZ-001","2012-01","272.8"
"MZ-001","2012-02","279.5"
"MZ-001","2012-03","280.7"
"MZ-001","2012-04","274"
"MZ-001","2012-05","269.3"
"MZ-001","2012-06","267.3"
"MZ-001","2012-07","333.1"
"MZ-001","2012-08","332"
"MZ-001","2012-09","320.8"
"MZ-001","2012-10","321.2"
"MZ-001","2012-11","321.6"
"MZ-001","2012-12","308.6"
"MZ-001","2013-01","303.1"
"MZ-001","2013-02","302.7"
"MZ-001","2013-03","309"
"MZ-001","2013-04","279.9"
"MZ-001","2013-05","295.5"
"MZ-001","2013-06","298.4"
"MZ-001","2013-07","279.5"
"MZ-001","2013-08","238.7"
"MZ-001","2013-09","207.4"
"MZ-001","2013-10","201.7"
"MZ-001","2013-11","199.1"
"MZ-001","2013-12","197.4"
"MZ-001","2014-01","198.1"
"MZ-001","2014-02","209.3"
"MZ-001","2014-03","222.3"
"MZ-001","2014-04","222.4"
"MZ-001","2014-05","217.3"
"MZ-001","2014-06","202.4"
"MZ-001","2014-07","182.7"
"MZ-001","2014-08","176.4"
"MZ-001","2014-09","163.1"
"MZ-001","2014-10","163.1"
"MZ-001","2014-11","178.7"
"MZ-001","2014-12","178.7"
"MZ-001","2015-01","174.7"
"MZ-001","2015-02","173.7"
"MZ-001","2015-03","174.2"
"MZ-001","2015-04","172.1"
"MZ-001","2015-05","166.3"
"MZ-001","2015-06","166.7"
"MZ-001","2015-07","179.6"
"MZ-001","2015-08","162.6"
"MZ-001","2015-09","165.6"
"MZ-001","2015-10","171.4"
"MZ-001","2015-11","166.2"
"MZ-001","2015-12","163.9"
"MZ-001","2016-01","161"
"MZ-001","2016-02","159.7"
"MZ-001","2016-03","159.1"
"MZ-001","2016-04","164.4"
"MZ-001","2016-05","169"
"MZ-001","2016-06","179.9"
"MZ-001","2016-07","161.8"
"MZ-001","2016-08","150.2"
"MZ-001","2016-09","148.4"
"MZ-001","2016-10","152.3"
"MZ-001","2016-11","151.8"
"MZ-001","2016-12","152.4"
"MZ-001","2017-01","160"
"MZ-001","2017-02","162.9"
"MZ-001","2017-03","159"
"MZ-001","2017-04","156.4"
"MZ-001","2017-05","158.6"
"MZ-001","2017-06","157.9"
"MZ-001","2017-07","157.5"
"MZ-001","2017-08","148.5"
"MZ-001","2017-09","147.3"
"MZ-001","2017-10","148.6"
"MZ-001","2017-11","148.7"
"MZ-001","2017-12","149"
"MZ-001","2018-01","155.8"
"MZ-001","2018-02","163.4"
"MZ-001","2018-03","172"
"MZ-001","2018-04","175.6"
"MZ-001","2018-05","179.1"
"MZ-001","2018-06","165.1"
"MZ-001","2018-07","156.5"
"MZ-001","2018-08","162.4"
"MZ-001","2018-09","154.8"
"MZ-001","2018-10","160.3"
"MZ-001","2018-11","160.7"
"MZ-001","2018-12","167.4"
"MZ-001","2019-01","166.7"
"MZ-001","2019-02","169.5"
"MZ-001","2019-03","166.2"
"MZ-001","2019-04","161.5"
"MZ-001","2019-05","171.1"
"MZ-001","2019-06","195.1"
"MZ-001","2019-07","189.4"
"MZ-001","2019-08","163.6"
"MZ-001","2019-09","157.3"
"MZ-001","2019-10","167.1"
"MZ-001","2019-11","166.3"
"MZ-001","2019-12","167"
"MZ-001","2020-01","171.8"
"MZ-001","2020-02","168.7"
"MZ-001","2020-03","162.4"
"MZ-001","2020-04","146.9"
"MZ-001","2020-05","143.9"
"MZ-001","2020-06","148"
"MZ-001","2020-07","152.6"
"MZ-001","2020-08","149.3"
"MZ-001","2020-09","166.1"
"MZ-001","2020-10","186.7"
"MZ-001","2020-11","190.4"
"MZ-001","2020-12","198.8"
"MZ-001","2021-01","234.5"
"MZ-001","2021-02","245.2"
"MZ-001","2021-03","245.2"
"MZ-001","2021-04","268.2"
"MZ-001","2021-05","305.3"
"MZ-001","2021-06","292.6"
"MZ-001","2021-07","278.4"
"MZ-001","2021-08","256.6"
"MZ-001","2021-09","235.6"
"MZ-001","2021-10","239.6"
"MZ-001","2021-11","248.7"
"MZ-001","2021-12","264.5"
"MZ-001","2022-01","276.6"
"MZ-001","2022-02","292.6"
"MZ-001","2022-03","335.5"
"MZ-001","2022-04","348.2"
"MZ-001","2022-05","344.8"
"MZ-001","2022-06","335.7"
"MZ-001","2022-07","323"
"MZ-001","2022-08","289.8"
"MZ-001","2022-09","312.7"
"MZ-001","2022-10","343.6"
"MZ-001","2022-11","320.9"
"MZ-001","2022-12","302.2"
"MZ-001","2023-01","302.8"
"MZ-001","2023-02","298.2"
"MZ-001","2023-03","282.5"
"MZ-001","2023-04","291.1"
"MZ-001","2023-05","268.1"
"MZ-001","2023-06","266.9"
"MZ-001","2023-07","242.4"
"MZ-001","2023-08","207.6"
"MZ-001","2023-09","223.8"
"MZ-001","2023-10","230.7"
"MZ-001","2023-11","211.3"
"MZ-001","2023-12","206.5"
"MZ-001","2024-01","198.6"
"MZ-001","2024-02","189.1"
"MZ-001","2024-03","190.6"
"MZ-001","2024-04","191.7"
"MZ-001","2024-05","197.8"
"MZ-001","2024-06","192.5"
"MZ-001","2024-07","177.4"
"MZ-001","2024-08","170.3"
"MZ-001","2024-09","185"
"MZ-001","2024-10","190.3"
"MZ-001","2024-11","201.3"
"MZ-001","2024-12","202.6"
"MZ-001","2025-01","214.4"
"MZ-001","2025-02","220.9"
"MZ-001","2025-03","207.4"
"MZ-001","2025-04","215"
"MZ-001","2025-05","203.9"
"MZ-001","2025-06","196.1"
"MZ-001","2025-07","192"
"MZ-001","2025-08","185.5"
"MZ-001","2025-09","197.4"
"MZ-001","2025-10","198.1"
"MZ-001","2025-11","202"
"MZ-001","2025-12","205.7"
"MZ-001","2026-01","204.5"
"MZ-001","2026-02","209.6"
"MZ-001","2026-03","212.7"
"MZ-001","2026-04","214"
"MZ-001","2026-05","216.2"
"MZ-001","2026-06","197.1"
"MZ-002","2020-01-12","174.46"
"MZ-002","2020-01-19","174.58"
"MZ-002","2020-01-26","173.88"
"MZ-002","2020-02-02","173.14"
"MZ-002","2020-02-09","172.89"
"MZ-002","2020-02-16","172.01"
"MZ-002","2020-02-23","173.64"
"MZ-002","2020-03-01","172.01"
"MZ-002","2020-03-08","171.07"
"MZ-002","2020-03-15","168.44"
"MZ-002","2020-03-22","163.94"
"MZ-002","2020-03-29","166.94"
"MZ-002","2020-04-05","168.94"
"MZ-002","2020-04-12","167.87"
"MZ-002","2020-04-19","167.87"
"MZ-002","2020-04-26","169.96"
"MZ-002","2020-05-03","167.37"
"MZ-002","2020-05-10","168.3"
"MZ-002","2020-05-17","167.05"
"MZ-002","2020-05-24","166.8"
"MZ-002","2020-05-31","166.8"
"MZ-002","2020-06-07","169.73"
"MZ-002","2020-06-14","168.86"
"MZ-002","2020-06-21","166.23"
"MZ-002","2020-06-28","166.98"
"MZ-002","2020-07-05","158.25"
"MZ-002","2020-07-12","158.25"
"MZ-002","2020-07-26","163.2"
"MZ-002","2020-08-02","164"
"MZ-002","2020-08-09","181.84"
"MZ-002","2020-08-16","192.84"
"MZ-002","2020-08-23","192.09"
"MZ-002","2020-08-30","164.04"
"MZ-002","2020-09-06","165.79"
"MZ-002","2020-09-13","165.42"
"MZ-002","2020-09-20","168.79"
"MZ-002","2020-09-27","169.04"
"MZ-002","2020-10-11","177.04"
"MZ-002","2020-10-18","184.29"
"MZ-002","2020-10-25","196.79"
"MZ-002","2020-11-01","203.54"
"MZ-002","2020-11-08","194.72"
"MZ-002","2020-11-15","200.72"
"MZ-002","2020-11-22","200.06"
"MZ-002","2020-11-29","203.35"
"MZ-002","2020-12-06","199.65"
"MZ-002","2020-12-13","197.15"
"MZ-002","2021-01-10","204.02"
"MZ-002","2021-01-17","218.08"
"MZ-002","2021-01-24","228.08"
"MZ-002","2021-01-31","228.01"
"MZ-002","2021-02-07","228.01"
"MZ-002","2021-02-14","222.6"
"MZ-002","2021-02-21","223.18"
"MZ-002","2021-02-28","230.14"
"MZ-002","2021-03-07","231.57"
"MZ-002","2021-03-14","231.57"
"MZ-002","2021-03-21","227.78"
"MZ-002","2021-03-28","226.82"
"MZ-002","2021-04-04","225.19"
"MZ-002","2021-04-11","231.77"
"MZ-002","2021-04-18","226.47"
"MZ-002","2021-04-25","238.37"
"MZ-002","2021-05-02","248.87"
"MZ-002","2021-05-09","253.3"
"MZ-002","2021-05-16","260.8"
"MZ-002","2021-05-23","276.3"
"MZ-002","2021-05-30","275.3"
"MZ-002","2021-06-06","286.23"
"MZ-002","2021-06-13","283.73"
"MZ-002","2021-06-20","281.23"
"MZ-002","2021-06-27","270.23"
"MZ-002","2021-07-04","263.73"
"MZ-002","2021-07-18","253.49"
"MZ-002","2021-07-25","262.49"
"MZ-002","2021-08-01","272.93"
"MZ-002","2021-08-08","277.09"
"MZ-002","2021-08-15","277.09"
"MZ-002","2021-08-22","290.59"
"MZ-002","2021-08-29","295.09"
"MZ-002","2021-09-05","234.79"
"MZ-002","2021-09-12","231.79"
"MZ-002","2021-09-19","230.46"
"MZ-002","2021-09-26","231.04"
"MZ-002","2021-10-03","237.62"
"MZ-002","2021-10-10","249.72"
"MZ-002","2021-10-17","258.97"
"MZ-002","2021-10-24","251.22"
"MZ-002","2021-10-31","253.72"
"MZ-002","2021-11-07","249.65"
"MZ-002","2021-11-14","249.65"
"MZ-002","2021-11-21","253.15"
"MZ-002","2021-11-28","265.65"
"MZ-002","2021-12-05","252.65"
"MZ-002","2021-12-12","255.53"
"MZ-002","2022-01-09","257.01"
"MZ-002","2022-01-16","255.01"
"MZ-002","2022-01-23","255.51"
"MZ-002","2022-01-30","267.51"
"MZ-002","2022-02-06","265.26"
"MZ-002","2022-02-13","261.76"
"MZ-002","2022-02-20","261.99"
"MZ-002","2022-02-27","272.26"
"MZ-002","2022-03-06","327.44"
"MZ-002","2022-03-13","395.94"
"MZ-002","2022-03-20","382.11"
"MZ-002","2022-03-27","382.44"
"MZ-002","2022-04-03","350.44"
"MZ-002","2022-04-10","356.87"
"MZ-002","2022-04-17","356.87"
"MZ-002","2022-04-24","356.87"
"MZ-002","2022-05-01","351.87"
"MZ-002","2022-05-08","350.3"
"MZ-002","2022-05-15","360.8"
"MZ-002","2022-05-22","369.3"
"MZ-002","2022-05-29","355.8"
"MZ-002","2022-06-05","340.3"
"MZ-002","2022-06-12","338.73"
"MZ-002","2022-06-19","340.73"
"MZ-002","2022-06-26","337.73"
"MZ-002","2022-07-03","312.23"
"MZ-002","2022-07-10","304.58"
"MZ-002","2022-07-17","305.41"
"MZ-002","2022-07-24","313.16"
"MZ-002","2022-07-31","335.66"
"MZ-002","2022-08-07","346.84"
"MZ-002","2022-08-14","340.54"
"MZ-002","2022-08-21","332.79"
"MZ-002","2022-08-28","340.29"
"MZ-002","2022-09-04","333.54"
"MZ-002","2022-09-11","326.14"
"MZ-002","2022-09-18","326.14"
"MZ-002","2022-10-02","345.46"
"MZ-002","2022-10-09","347.35"
"MZ-002","2022-10-16","350.29"
"MZ-002","2022-10-23","350.29"
"MZ-002","2022-10-30","336.39"
"MZ-002","2022-11-06","350.58"
"MZ-002","2022-11-13","339.47"
"MZ-002","2022-11-20","333.72"
"MZ-002","2022-11-27","319.89"
"MZ-002","2022-12-11","294.05"
"MZ-002","2022-12-18","294.08"
"MZ-002","2022-12-25","291.08"
"MZ-002","2023-01-08","297.58"
"MZ-002","2023-01-15","289.25"
"MZ-002","2023-01-22","284.83"
"MZ-002","2023-01-29","284.83"
"MZ-002","2023-02-05","289.51"
"MZ-002","2023-02-12","294.26"
"MZ-002","2023-02-19","306.85"
"MZ-002","2023-02-26","301.01"
"MZ-002","2023-03-05","294.19"
"MZ-002","2023-03-12","281.57"
"MZ-002","2023-03-19","275.82"
"MZ-002","2023-03-26","267.94"
"MZ-002","2023-04-02","265.62"
"MZ-002","2023-04-09","267.37"
"MZ-002","2023-04-16","260.12"
"MZ-002","2023-04-23","258.62"
"MZ-002","2023-04-30","251.3"
"MZ-002","2023-05-07","238.8"
"MZ-002","2023-05-14","236.05"
"MZ-002","2023-05-21","238.3"
"MZ-002","2023-05-28","227.3"
"MZ-002","2023-06-04","232.73"
"MZ-002","2023-06-11","231.24"
"MZ-002","2023-06-18","237.66"
"MZ-002","2023-06-25","256.16"
"MZ-002","2023-07-02","250.66"
"MZ-002","2023-07-09","238.81"
"MZ-002","2023-07-16","237.84"
"MZ-002","2023-07-23","242.08"
"MZ-002","2023-07-30","263.16"
"MZ-002","2023-08-06","245.66"
"MZ-002","2023-08-13","229.29"
"MZ-002","2023-08-20","222.79"
"MZ-002","2023-08-27","220.79"
"MZ-002","2023-09-03","212.79"
"MZ-002","2023-09-10","217.67"
"MZ-002","2023-09-17","218.54"
"MZ-002","2023-09-24","211.72"
"MZ-002","2023-10-01","209.16"
"MZ-002","2023-10-08","210.22"
"MZ-002","2023-10-15","203.22"
"MZ-002","2023-10-22","200.22"
"MZ-002","2023-10-29","205.72"
"MZ-002","2023-11-05","206.44"
"MZ-002","2023-11-12","212.22"
"MZ-002","2023-11-19","207.72"
"MZ-002","2023-11-26","203.72"
"MZ-002","2023-12-03","200.89"
"MZ-002","2023-12-10","204.22"
"MZ-002","2023-12-17","205.15"
"MZ-002","2023-12-24","201.78"
"MZ-002","2024-01-14","198.58"
"MZ-002","2024-01-21","196.58"
"MZ-002","2024-01-28","195.58"
"MZ-002","2024-02-04","195.58"
"MZ-002","2024-02-11","196.51"
"MZ-002","2024-02-18","182.26"
"MZ-002","2024-02-25","178.32"
"MZ-002","2024-03-03","176.69"
"MZ-002","2024-03-10","177.19"
"MZ-002","2024-03-17","178.44"
"MZ-002","2024-03-24","188.94"
"MZ-002","2024-03-31","196.69"
"MZ-002","2024-04-07","196.44"
"MZ-002","2024-04-14","194.67"
"MZ-002","2024-04-21","196.37"
"MZ-002","2024-04-28","211.37"
"MZ-002","2024-05-05","205.37"
"MZ-002","2024-05-12","212.3"
"MZ-002","2024-05-19","217.3"
"MZ-002","2024-05-26","221.3"
"MZ-002","2024-06-02","225.8"
"MZ-002","2024-06-09","225.73"
"MZ-002","2024-06-16","219.23"
"MZ-002","2024-06-23","209.73"
"MZ-002","2024-06-30","214.73"
"MZ-002","2024-07-07","213.73"
"MZ-002","2024-07-14","218.23"
"MZ-002","2024-07-21","214.73"
"MZ-002","2024-07-28","222.23"
"MZ-002","2024-08-11","196.5"
"MZ-002","2024-08-18","217.29"
"MZ-002","2024-08-25","193.29"
"MZ-002","2024-09-01","201.79"
"MZ-002","2024-09-08","216.29"
"MZ-002","2024-09-15","213.04"
"MZ-002","2024-09-22","210.72"
"MZ-002","2024-09-29","212.72"
"MZ-002","2024-10-06","217.72"
"MZ-002","2024-10-13","217.9"
"MZ-002","2024-10-20","217.9"
"MZ-002","2024-10-27","213.65"
"MZ-002","2024-11-03","210.65"
"MZ-002","2024-11-10","209.32"
"MZ-002","2024-11-17","210.15"
"MZ-002","2024-11-24","213.55"
"MZ-002","2024-12-01","218.05"
"MZ-002","2024-12-08","213.9"
"MZ-002","2024-12-15","213.15"
"MZ-002","2024-12-22","215.94"
"MZ-002","2024-12-29","205.87"
"MZ-002","2025-01-12","217.15"
"MZ-002","2025-01-19","219.58"
"MZ-002","2025-01-26","222.08"
"MZ-002","2025-02-02","222.08"
"MZ-002","2025-02-09","223.58"
"MZ-002","2025-02-16","227.51"
"MZ-002","2025-02-23","222.01"
"MZ-002","2025-03-02","223.73"
"MZ-002","2025-03-09","215.94"
"MZ-002","2025-03-16","215.44"
"MZ-002","2025-03-23","217.44"
"MZ-002","2025-03-30","217.19"
"MZ-002","2025-04-06","214.17"
"MZ-002","2025-04-13","210.12"
"MZ-002","2025-04-20","210.12"
"MZ-002","2025-04-27","207.37"
"MZ-002","2025-05-04","205.87"
"MZ-002","2025-05-11","196.62"
"MZ-002","2025-05-18","195.87"
"MZ-002","2025-05-25","197.87"
"MZ-002","2025-06-01","200.87"
"MZ-002","2025-06-08","199.37"
"MZ-002","2025-06-15","197.87"
"MZ-002","2025-06-29","197.87"
"MZ-002","2025-07-06","198.21"
"MZ-002","2025-07-13","201.66"
"MZ-002","2025-07-20","209.66"
"MZ-002","2025-07-27","205.66"
"MZ-002","2025-08-03","207.16"
"MZ-002","2025-08-10","195.29"
"MZ-002","2025-08-17","199.58"
"MZ-002","2025-08-24","196.79"
"MZ-002","2025-08-31","196.79"
"MZ-002","2025-09-07","191.79"
"MZ-002","2025-09-14","189.54"
"MZ-002","2025-09-21","189.19"
"MZ-002","2025-09-28","188.79"
"MZ-002","2025-10-05","190.49"
"MZ-002","2025-10-12","187.47"
"MZ-002","2025-10-19","189.22"
"MZ-002","2025-10-26","187.77"
"MZ-002","2025-11-09","192.4"
"MZ-002","2025-11-16","193.75"
"MZ-002","2025-11-23","195.05"
"MZ-002","2025-11-30","198.07"
"MZ-002","2025-12-07","202.3"
"MZ-002","2025-12-14","194"
"MZ-002","2025-12-21","187.95"
"MZ-002","2026-01-11","198.81"
"MZ-002","2026-01-18","197.33"
"MZ-002","2026-01-25","201.58"
"MZ-002","2026-02-01","194.83"
"MZ-002","2026-02-08","200.16"
"MZ-002","2026-02-15","194.33"
"MZ-002","2026-02-22","194.91"
"MZ-002","2026-03-01","195.84"
"MZ-002","2026-03-08","200.69"
"MZ-002","2026-03-15","207.94"
"MZ-002","2026-03-22","212.84"
"MZ-002","2026-03-29","213.94"
"MZ-002","2026-04-05","208.69"
"MZ-002","2026-04-12","209.62"
"MZ-002","2026-04-19","215.24"
"MZ-002","2026-05-03","215.87"
"MZ-002","2026-05-10","220.3"
"MZ-002","2026-05-17","211.7"
"MZ-002","2026-05-24","214.3"
"MZ-002","2026-05-31","215.05"
"MZ-002","2026-06-07","217.23"
"MZ-002","2026-06-21","211.38"
"MZ-002","2026-06-28","206.73"
"PK-001","2015-01","178.9"
"PK-001","2015-02","184.3"
"PK-001","2015-03","184.2"
"PK-001","2015-04","183.4"
"PK-001","2015-05","182.8"
"PK-001","2015-06","182.1"
"PK-001","2015-07","183.3"
"PK-001","2015-08","182.7"
"PK-001","2015-09","181.5"
"PK-001","2015-10","179.9"
"PK-001","2015-11","178.4"
"PK-001","2015-12","177.4"
"PK-001","2016-01","175.3"
"PK-001","2016-02","174.7"
"PK-001","2016-03","174.3"
"PK-001","2016-04","174.9"
"PK-001","2016-05","170.6"
"PK-001","2016-06","168.4"
"PK-001","2016-07","169.8"
"PK-001","2016-08","171.7"
"PK-001","2016-09","170.5"
"PK-001","2016-10","170.5"
"PK-001","2016-11","168.1"
"PK-001","2016-12","169.9"
"PK-001","2017-01","169.7"
"PK-001","2017-02","167.4"
"PK-001","2017-03","169.7"
"PK-001","2017-04","171.9"
"PK-001","2017-05","172.9"
"PK-001","2017-06","177.2"
"PK-001","2017-07","179.1"
"PK-001","2017-08","184.3"
"PK-001","2017-09","187.4"
"PK-001","2017-10","188"
"PK-001","2017-11","188.9"
"PK-001","2017-12","195.6"
"PK-001","2018-01","201.4"
"PK-001","2018-02","206.6"
"PK-001","2018-03","212.1"
"PK-001","2018-04","215.9"
"PK-001","2018-05","216.6"
"PK-001","2018-06","217.1"
"PK-001","2018-07","219"
"PK-001","2018-08","220"
"PK-001","2018-09","221.3"
"PK-001","2018-10","218.2"
"PK-001","2018-11","221"
"PK-001","2018-12","222.3"
"PK-001","2019-01","211.7"
"PK-001","2019-02","209.7"
"PK-001","2019-03","192.4"
"PK-001","2019-04","189.7"
"PK-001","2019-05","195.4"
"PK-001","2019-06","185.7"
"PK-001","2019-07","176.6"
"PK-001","2019-08","162.3"
"PK-001","2019-09","146.6"
"PK-001","2019-10","140.1"
"PK-001","2019-11","137.4"
"PK-001","2019-12","140.3"
"PK-001","2020-01","139.2"
"PK-001","2020-02","142.7"
"PK-001","2020-03","137.4"
"PK-001","2020-04","141.1"
"PK-001","2020-05","144.6"
"PK-001","2020-06","145.9"
"PK-001","2020-07","145.5"
"PK-001","2020-08","139.9"
"PK-001","2020-09","139.1"
"PK-001","2020-10","139.8"
"PK-001","2020-11","142"
"PK-001","2020-12","142.5"
"PK-001","2021-01","143.8"
"PK-001","2021-02","156"
"PK-001","2021-03","167.2"
"PK-001","2021-04","189.2"
"PK-001","2021-05","196.8"
"PK-001","2021-06","203.6"
"PK-001","2021-07","207.506"
"PK-001","2021-08","211.209"
"PK-001","2021-09","210.931"
"PK-001","2021-10","210.811"
"PK-001","2021-11","207.439"
"PK-001","2021-12","212.777"
"PK-001","2022-01","212.003"
"PK-001","2022-02","213.299"
"PK-001","2022-03","214.692"
"PK-001","2022-04","217.229"
"PK-001","2022-05","221.341"
"PK-001","2022-06","243.575"
"PK-001","2022-07","236.704"
"PK-001","2022-08","254.138"
"PK-001","2022-09","254.218"
"PK-001","2022-10","252.599"
"PK-001","2022-11","264.353"
"PK-001","2022-12","258.453"
"PK-001","2023-01","268.947"
"PK-001","2023-02","255.659"
"PK-001","2023-03","254.684"
"PK-001","2023-04","237.568"
"PK-001","2023-05","224.401"
"PK-001","2023-06","203.2"
"PK-001","2023-07","204.108"
"PK-001","2023-08","199.121"
"PK-001","2023-09","190.761"
"PK-001","2023-10","196.091"
"PK-001","2023-11","199.526"
"PK-001","2023-12","205.776"
"PK-001","2024-01","209.264"
"PK-001","2024-02","210.58"
"PK-001","2024-03","215.883"
"PK-001","2024-04","227.333"
"PK-001","2024-05","232.147"
"PK-001","2024-06","233.312"
"PK-001","2024-07","236.466"
"PK-001","2024-08","239.277"
"PK-001","2024-09","235.703"
"PK-001","2024-10","234.942"
"PK-001","2024-11","233.858"
"PK-001","2024-12","229.038"
"PK-001","2025-01","221.905"
"PK-001","2025-02","219.741"
"PK-001","2025-03","216.731"
"PK-001","2025-04","220.088"
"PK-001","2025-05","222.199"
"PK-001","2025-06","223.495"
"PK-001","2025-07","224.831"
"PK-001","2025-08","226.231"
"PK-001","2025-09","222.355"
"PK-001","2025-10","215.803"
"PK-001","2025-11","209.19"
"PK-001","2025-12","205.046"
"PK-001","2026-01","202.159"
"PK-001","2026-02","199.252"
"PK-001","2026-03","200.18"
"PK-001","2026-04","201.453"
"PK-001","2026-05","201.275"
"PK-002","2015-01","87"
"PK-002","2015-02","87.2"
"PK-002","2015-03","87.7"
"PK-002","2015-04","88.4"
"PK-002","2015-05","88.5"
"PK-002","2015-06","88"
"PK-002","2015-07","88.5"
"PK-002","2015-08","89.1"
"PK-002","2015-09","89"
"PK-002","2015-10","88.9"
"PK-002","2015-11","89"
"PK-002","2015-12","89.2"
"PK-002","2016-01","88.8"
"PK-002","2016-02","88.2"
"PK-002","2016-03","89"
"PK-002","2016-04","88"
"PK-002","2016-05","87.4"
"PK-002","2016-06","87.2"
"PK-002","2016-07","87"
"PK-002","2016-08","87.2"
"PK-002","2016-09","86.8"
"PK-002","2016-10","86.5"
"PK-002","2016-11","86.3"
"PK-002","2016-12","86.4"
"PK-002","2017-01","85.8"
"PK-002","2017-02","85.9"
"PK-002","2017-03","87.2"
"PK-002","2017-04","88.5"
"PK-002","2017-05","89.1"
"PK-002","2017-06","89.6"
"PK-002","2017-07","90.2"
"PK-002","2017-08","91.2"
"PK-002","2017-09","91.3"
"PK-002","2017-10","92"
"PK-002","2017-11","92.5"
"PK-002","2017-12","93"
"PK-002","2018-01","94.3"
"PK-002","2018-02","95.2"
"PK-002","2018-03","95.5"
"PK-002","2018-04","96.7"
"PK-002","2018-05","97.4"
"PK-002","2018-06","98.6"
"PK-002","2018-07","99.8"
"PK-002","2018-08","100.2"
"PK-002","2018-09","100.3"
"PK-002","2018-10","100.7"
"PK-002","2018-11","101.2"
"PK-002","2018-12","100.7"
"PK-002","2019-01","100.7"
"PK-002","2019-02","99.7"
"PK-002","2019-03","98.5"
"PK-002","2019-04","97.3"
"PK-002","2019-05","96.2"
"PK-002","2019-06","95.8"
"PK-002","2019-07","94.3"
"PK-002","2019-08","93.3"
"PK-002","2019-09","92.2"
"PK-002","2019-10","91.1"
"PK-002","2019-11","89.9"
"PK-002","2019-12","89.4"
"PK-002","2020-01","88.4"
"PK-002","2020-02","87.8"
"PK-002","2020-03","88.2"
"PK-002","2020-04","88.5"
"PK-002","2020-05","88.9"
"PK-002","2020-06","88.8"
"PK-002","2020-07","87.1"
"PK-002","2020-08","86.1"
"PK-002","2020-09","85.1"
"PK-002","2020-10","85.1"
"PK-002","2020-11","85.4"
"PK-002","2020-12","85.8"
"PK-002","2021-01","85.3"
"PK-002","2021-02","87"
"PK-002","2021-03","89.5"
"PK-002","2021-04","92.5"
"PK-002","2021-05","96.6"
"PK-002","2021-06","98.8"
"PK-002","2021-07","102.2"
"PK-002","2021-08","104.5"
"PK-002","2021-09","106.8"
"PK-002","2021-10","109.2"
"PK-002","2021-11","112.6"
"PK-002","2021-12","114.9"
"PK-002","2022-01","119.4"
"PK-002","2022-02","121.8"
"PK-002","2022-03","124.6"
"PK-002","2022-04","132"
"PK-002","2022-05","136.5"
"PK-002","2022-06","138.4"
"PK-002","2022-07","140.8"
"PK-002","2022-08","143.6"
"PK-002","2022-09","146.7"
"PK-002","2022-10","148.4"
"PK-002","2022-11","147.5"
"PK-002","2022-12","144"
"PK-002","2023-01","140.9"
"PK-002","2023-02","136.2"
"PK-002","2023-03","131.9"
"PK-002","2023-04","127.6"
"PK-002","2023-05","124"
"PK-002","2023-06","121.9"
"PK-002","2023-07","118.4"
"PK-002","2023-08","116.6"
"PK-002","2023-09","114.8"
"PK-002","2023-10","112.7"
"PK-002","2023-11","112.7"
"PK-002","2023-12","112.7"
"PK-002","2024-01","112.6"
"PK-002","2024-02","112.8"
"PK-002","2024-03","114"
"PK-002","2024-04","116.9"
"PK-002","2024-05","119.3"
"PK-002","2024-06","121.4"
"PK-002","2024-07","123.4"
"PK-002","2024-08","123.8"
"PK-002","2024-09","123.5"
"PK-002","2024-10","121.9"
"PK-002","2024-11","119.8"
"PK-002","2024-12","119"
"PK-002","2025-01","115.2"
"PK-002","2025-02","116.3"
"PK-002","2025-03","117.1"
"PK-002","2025-04","118.1"
"PK-002","2025-05","119.3"
"PK-002","2025-06","118.7"
"PK-002","2025-07","117.5"
"PK-002","2025-08","114.7"
"PK-002","2025-09","112"
"PK-002","2025-10","111.5"
"PK-002","2025-11","111.4"
"PK-002","2025-12","110.8"
"PK-002","2026-01","109.1"
"PK-002","2026-02","108.8"
"PK-002","2026-03","110.8"
"PK-002","2026-04","113.3"
"PK-002","2026-05","115.4"
"PK-003","2015-01","274.2"
"PK-003","2015-02","272.7"
"PK-003","2015-03","271.7"
"PK-003","2015-04","269.5"
"PK-003","2015-05","270.5"
"PK-003","2015-06","269.2"
"PK-003","2015-07","268.7"
"PK-003","2015-08","267.5"
"PK-003","2015-09","268.6"
"PK-003","2015-10","268.5"
"PK-003","2015-11","268.8"
"PK-003","2015-12","268.4"
"PK-003","2016-01","267.5"
"PK-003","2016-02","261.1"
"PK-003","2016-03","257.1"
"PK-003","2016-04","255.3"
"PK-003","2016-05","255.9"
"PK-003","2016-06","255.4"
"PK-003","2016-07","255.6"
"PK-003","2016-08","255.1"
"PK-003","2016-09","254.9"
"PK-003","2016-10","256.5"
"PK-003","2016-11","260.8"
"PK-003","2016-12","265.4"
"PK-003","2017-01","269.6"
"PK-003","2017-02","268.9"
"PK-003","2017-03","269.1"
"PK-003","2017-04","273.9"
"PK-003","2017-05","277.8"
"PK-003","2017-06","288.4"
"PK-003","2017-07","289.7"
"PK-003","2017-08","290.4"
"PK-003","2017-09","291.4"
"PK-003","2017-10","292.5"
"PK-003","2017-11","292.3"
"PK-003","2017-12","293.1"
"PK-003","2018-01","291.6"
"PK-003","2018-02","292.4"
"PK-003","2018-03","290.8"
"PK-003","2018-04","293.4"
"PK-003","2018-05","303.8"
"PK-003","2018-06","305.1"
"PK-003","2018-07","306.5"
"PK-003","2018-08","306.5"
"PK-003","2018-09","306.5"
"PK-003","2018-10","306.2"
"PK-003","2018-11","304.9"
"PK-003","2018-12","305.3"
"PK-003","2019-01","304.9"
"PK-003","2019-02","301.9"
"PK-003","2019-03","300.8"
"PK-003","2019-04","299.5"
"PK-003","2019-05","299.2"
"PK-003","2019-06","296"
"PK-003","2019-07","288.8"
"PK-003","2019-08","287.2"
"PK-003","2019-09","286.3"
"PK-003","2019-10","286.5"
"PK-003","2019-11","285.7"
"PK-003","2019-12","284.8"
"PK-003","2020-01","283.5"
"PK-003","2020-02","280.2"
"PK-003","2020-03","279.6"
"PK-003","2020-04","279.4"
"PK-003","2020-05","280.3"
"PK-003","2020-06","279.1"
"PK-003","2020-07","281"
"PK-003","2020-08","281"
"PK-003","2020-09","279.8"
"PK-003","2020-10","280.9"
"PK-003","2020-11","280.8"
"PK-003","2020-12","286.5"
"PK-003","2021-01","296"
"PK-003","2021-02","300.2"
"PK-003","2021-03","299.5"
"PK-003","2021-04","307.2"
"PK-003","2021-05","317.4"
"PK-003","2021-06","322.7"
"PK-003","2021-07","328.758"
"PK-003","2021-08","338.974"
"PK-003","2021-09","343.114"
"PK-003","2021-10","355.569"
"PK-003","2021-11","355.177"
"PK-003","2021-12","357.204"
"PK-003","2022-01","359.696"
"PK-003","2022-02","364"
"PK-003","2022-03","368.746"
"PK-003","2022-04","377.32"
"PK-003","2022-05","380.182"
"PK-003","2022-06","392.559"
"PK-003","2022-07","393.573"
"PK-003","2022-08","395.166"
"PK-003","2022-09","395.137"
"PK-003","2022-10","395.036"
"PK-003","2022-11","395.831"
"PK-003","2022-12","394.437"
"PK-003","2023-01","393.163"
"PK-003","2023-02","389.126"
"PK-003","2023-03","388.374"
"PK-003","2023-04","385.96"
"PK-003","2023-05","374.979"
"PK-003","2023-06","376.972"
"PK-003","2023-07","368.599"
"PK-003","2023-08","367.043"
"PK-003","2023-09","370.593"
"PK-003","2023-10","367.819"
"PK-003","2023-11","368.542"
"PK-003","2023-12","361.429"
"PK-003","2024-01","364.045"
"PK-003","2024-02","363.748"
"PK-003","2024-03","364.455"
"PK-003","2024-04","366.33"
"PK-003","2024-05","368.016"
"PK-003","2024-06","369.108"
"PK-003","2024-07","371.015"
"PK-003","2024-08","378.228"
"PK-003","2024-09","378.92"
"PK-003","2024-10","381.169"
"PK-003","2024-11","381.992"
"PK-003","2024-12","379.845"
"PK-003","2025-01","381.999"
"PK-003","2025-02","382.181"
"PK-003","2025-03","385.1"
"PK-003","2025-04","390.86"
"PK-003","2025-05","392.285"
"PK-003","2025-06","399.072"
"PK-003","2025-07","392.671"
"PK-003","2025-08","392.7"
"PK-003","2025-09","391.631"
"PK-003","2025-10","394.972"
"PK-003","2025-11","393.914"
"PK-003","2025-12","393.745"
"PK-003","2026-01","393.979"
"PK-003","2026-02","391.021"
"PK-003","2026-03","391.073"
"PK-003","2026-04","390.245"
"PK-003","2026-05","396.725"
"PK-004","2015-01","92.1"
"PK-004","2015-02","92.1"
"PK-004","2015-03","92"
"PK-004","2015-04","92"
"PK-004","2015-05","92.1"
"PK-004","2015-06","92.1"
"PK-004","2015-07","92.3"
"PK-004","2015-08","92.2"
"PK-004","2015-09","92.4"
"PK-004","2015-10","92.6"
"PK-004","2015-11","92.6"
"PK-004","2015-12","92.5"
"PK-004","2016-01","92.8"
"PK-004","2016-02","92.9"
"PK-004","2016-03","92.8"
"PK-004","2016-04","92.7"
"PK-004","2016-05","92.8"
"PK-004","2016-06","92.8"
"PK-004","2016-07","92.6"
"PK-004","2016-08","92.5"
"PK-004","2016-09","92.6"
"PK-004","2016-10","92.4"
"PK-004","2016-11","92.6"
"PK-004","2016-12","92.5"
"PK-004","2017-01","92.5"
"PK-004","2017-02","92.4"
"PK-004","2017-03","92.3"
"PK-004","2017-04","92.5"
"PK-004","2017-05","92.7"
"PK-004","2017-06","92.9"
"PK-004","2017-07","93.2"
"PK-004","2017-08","93.4"
"PK-004","2017-09","93.8"
"PK-004","2017-10","93.8"
"PK-004","2017-11","94.1"
"PK-004","2017-12","94.1"
"PK-004","2018-01","94.8"
"PK-004","2018-02","95.1"
"PK-004","2018-03","95.5"
"PK-004","2018-04","95.8"
"PK-004","2018-05","96"
"PK-004","2018-06","96.2"
"PK-004","2018-07","96.4"
"PK-004","2018-08","96.6"
"PK-004","2018-09","96.8"
"PK-004","2018-10","96.9"
"PK-004","2018-11","96.9"
"PK-004","2018-12","96.9"
"PK-004","2019-01","97.3"
"PK-004","2019-02","97.3"
"PK-004","2019-03","97.3"
"PK-004","2019-04","97.2"
"PK-004","2019-05","97.1"
"PK-004","2019-06","97"
"PK-004","2019-07","96.8"
"PK-004","2019-08","96.7"
"PK-004","2019-09","96.6"
"PK-004","2019-10","96.5"
"PK-004","2019-11","96.1"
"PK-004","2019-12","95.9"
"PK-004","2020-01","95.8"
"PK-004","2020-02","95.6"
"PK-004","2020-03","95.6"
"PK-004","2020-04","95.6"
"PK-004","2020-05","95.6"
"PK-004","2020-06","95.5"
"PK-004","2020-07","95.5"
"PK-004","2020-08","95.4"
"PK-004","2020-09","95.2"
"PK-004","2020-10","95.2"
"PK-004","2020-11","95.1"
"PK-004","2020-12","95.1"
"PK-004","2021-01","95.4"
"PK-004","2021-02","95.9"
"PK-004","2021-03","96.3"
"PK-004","2021-04","97.2"
"PK-004","2021-05","97.9"
"PK-004","2021-06","98.6"
"PK-004","2021-07","99.9"
"PK-004","2021-08","100.9"
"PK-004","2021-09","102.2"
"PK-004","2021-10","103.7"
"PK-004","2021-11","105.3"
"PK-004","2021-12","106.6"
"PK-004","2022-01","109.8"
"PK-004","2022-02","112.1"
"PK-004","2022-03","114.5"
"PK-004","2022-04","118"
"PK-004","2022-05","120.8"
"PK-004","2022-06","122.8"
"PK-004","2022-07","124.9"
"PK-004","2022-08","125.9"
"PK-004","2022-09","127.5"
"PK-004","2022-10","129.1"
"PK-004","2022-11","129.4"
"PK-004","2022-12","129.2"
"PK-004","2023-01","130"
"PK-004","2023-02","129.4"
"PK-004","2023-03","128.2"
"PK-004","2023-04","126.8"
"PK-004","2023-05","125.4"
"PK-004","2023-06","124.6"
"PK-004","2023-07","123.2"
"PK-004","2023-08","122.4"
"PK-004","2023-09","121.9"
"PK-004","2023-10","121.4"
"PK-004","2023-11","120.5"
"PK-004","2023-12","120.4"
"PK-004","2024-01","119.5"
"PK-004","2024-02","119"
"PK-004","2024-03","119"
"PK-004","2024-04","119"
"PK-004","2024-05","119.1"
"PK-004","2024-06","119.5"
"PK-004","2024-07","120.3"
"PK-004","2024-08","120.5"
"PK-004","2024-09","121.1"
"PK-004","2024-10","121"
"PK-004","2024-11","121.1"
"PK-004","2024-12","120.8"
"PK-004","2025-01","120.7"
"PK-004","2025-02","120.7"
"PK-004","2025-03","120.8"
"PK-004","2025-04","120.9"
"PK-004","2025-05","121"
"PK-004","2025-06","121.3"
"PK-004","2025-07","121.5"
"PK-004","2025-08","120.9"
"PK-004","2025-09","121"
"PK-004","2025-10","120.7"
"PK-004","2025-11","120.1"
"PK-004","2025-12","120"
"PK-004","2026-01","119.8"
"PK-004","2026-02","119.5"
"PK-004","2026-03","119.4"
"PK-004","2026-04","120.1"
"PK-004","2026-05","120.6"
"PK-005","1960-01","511"
"PK-005","1960-02","511"
"PK-005","1960-03","511"
"PK-005","1960-04","511"
"PK-005","1960-05","511"
"PK-005","1960-06","511"
"PK-005","1960-07","511"
"PK-005","1960-08","511"
"PK-005","1960-09","511"
"PK-005","1960-10","511"
"PK-005","1960-11","511"
"PK-005","1960-12","511"
"PK-005","1961-01","511"
"PK-005","1961-02","511"
"PK-005","1961-03","511"
"PK-005","1961-04","511"
"PK-005","1961-05","511"
"PK-005","1961-06","511"
"PK-005","1961-07","511"
"PK-005","1961-08","511"
"PK-005","1961-09","511"
"PK-005","1961-10","511"
"PK-005","1961-11","511"
"PK-005","1961-12","511"
"PK-005","1962-01","511"
"PK-005","1962-02","505"
"PK-005","1962-03","496"
"PK-005","1962-04","496"
"PK-005","1962-05","496"
"PK-005","1962-06","496"
"PK-005","1962-07","496"
"PK-005","1962-08","496"
"PK-005","1962-09","496"
"PK-005","1962-10","496"
"PK-005","1962-11","496"
"PK-005","1962-12","496"
"PK-005","1963-01","496"
"PK-005","1963-02","496"
"PK-005","1963-03","496"
"PK-005","1963-04","496"
"PK-005","1963-05","496"
"PK-005","1963-06","496"
"PK-005","1963-07","496"
"PK-005","1963-08","496"
"PK-005","1963-09","496"
"PK-005","1963-10","507"
"PK-005","1963-11","507"
"PK-005","1963-12","507"
"PK-005","1964-01","507"
"PK-005","1964-02","507"
"PK-005","1964-03","525"
"PK-005","1964-04","529"
"PK-005","1964-05","529"
"PK-005","1964-06","529"
"PK-005","1964-07","529"
"PK-005","1964-08","529"
"PK-005","1964-09","529"
"PK-005","1964-10","529"
"PK-005","1964-11","529"
"PK-005","1964-12","540"
"PK-005","1965-01","540"
"PK-005","1965-02","540"
"PK-005","1965-03","540"
"PK-005","1965-04","540"
"PK-005","1965-05","540"
"PK-005","1965-06","540"
"PK-005","1965-07","540"
"PK-005","1965-08","540"
"PK-005","1965-09","540"
"PK-005","1965-10","540"
"PK-005","1965-11","540"
"PK-005","1965-12","540"
"PK-005","1966-01","540"
"PK-005","1966-02","540"
"PK-005","1966-03","540"
"PK-005","1966-04","540"
"PK-005","1966-05","540"
"PK-005","1966-06","540"
"PK-005","1966-07","540"
"PK-005","1966-08","540"
"PK-005","1966-09","540"
"PK-005","1966-10","540"
"PK-005","1966-11","540"
"PK-005","1966-12","540"
"PK-005","1967-01","540"
"PK-005","1967-02","540"
"PK-005","1967-03","540"
"PK-005","1967-04","540"
"PK-005","1967-05","540"
"PK-005","1967-06","540"
"PK-005","1967-07","540"
"PK-005","1967-08","540"
"PK-005","1967-09","540"
"PK-005","1967-10","540"
"PK-005","1967-11","540"
"PK-005","1967-12","540"
"PK-005","1968-01","540"
"PK-005","1968-02","540"
"PK-005","1968-03","540"
"PK-005","1968-04","540"
"PK-005","1968-05","540"
"PK-005","1968-06","562"
"PK-005","1968-07","562"
"PK-005","1968-08","562"
"PK-005","1968-09","562"
"PK-005","1968-10","562"
"PK-005","1968-11","562"
"PK-005","1968-12","562"
"PK-005","1969-01","573"
"PK-005","1969-02","584"
"PK-005","1969-03","584"
"PK-005","1969-04","584"
"PK-005","1969-05","584"
"PK-005","1969-06","584"
"PK-005","1969-07","584"
"PK-005","1969-08","584"
"PK-005","1969-09","584"
"PK-005","1969-10","602"
"PK-005","1969-11","606"
"PK-005","1969-12","606"
"PK-005","1970-01","606"
"PK-005","1970-02","606"
"PK-005","1970-03","606"
"PK-005","1970-04","613"
"PK-005","1970-05","617"
"PK-005","1970-06","617"
"PK-005","1970-07","617"
"PK-005","1970-08","617"
"PK-005","1970-09","617"
"PK-005","1970-10","617"
"PK-005","1970-11","617"
"PK-005","1970-12","617"
"PK-005","1971-01","617"
"PK-005","1971-02","617"
"PK-005","1971-03","617"
"PK-005","1971-04","617"
"PK-005","1971-05","617"
"PK-005","1971-06","617"
"PK-005","1971-07","617"
"PK-005","1971-08","628"
"PK-005","1971-09","639"
"PK-005","1971-10","639"
"PK-005","1971-11","642"
"PK-005","1971-12","666"
"PK-005","1972-01","670"
"PK-005","1972-02","670"
"PK-005","1972-03","670"
"PK-005","1972-04","670"
"PK-005","1972-05","600"
"PK-005","1972-06","567"
"PK-005","1972-07","538"
"PK-005","1972-08","540"
"PK-005","1972-09","538"
"PK-005","1972-10","538"
"PK-005","1972-11","540"
"PK-005","1972-12","540"
"PK-005","1973-01","542"
"PK-005","1973-02","558"
"PK-005","1973-03","571"
"PK-005","1973-04","571"
"PK-005","1973-05","582"
"PK-005","1973-06","602"
"PK-005","1973-07","635"
"PK-005","1973-08","619"
"PK-005","1973-09","604"
"PK-005","1973-10","622"
"PK-005","1973-11","650"
"PK-005","1973-12","633"
"PK-005","1974-01","604"
"PK-005","1974-02","619"
"PK-005","1974-03","688"
"PK-005","1974-04","752"
"PK-005","1974-05","765"
"PK-005","1974-06","756"
"PK-005","1974-07","761"
"PK-005","1974-08","849"
"PK-005","1974-09","838"
"PK-005","1974-10","844"
"PK-005","1974-11","842"
"PK-005","1974-12","860"
"PK-005","1975-01","895"
"PK-005","1975-02","908"
"PK-005","1975-03","917"
"PK-005","1975-04","897"
"PK-005","1975-05","904"
"PK-005","1975-06","904"
"PK-005","1975-07","864"
"PK-005","1975-08","838"
"PK-005","1975-09","827"
"PK-005","1975-10","816"
"PK-005","1975-11","814"
"PK-005","1975-12","838"
"PK-005","1976-01","853"
"PK-005","1976-02","851"
"PK-005","1976-03","816"
"PK-005","1976-04","820"
"PK-005","1976-05","825"
"PK-005","1976-06","805"
"PK-005","1976-07","904"
"PK-005","1976-08","939"
"PK-005","1976-09","996"
"PK-005","1976-10","948"
"PK-005","1976-11","948"
"PK-005","1976-12","974"
"PK-005","1977-01","1058"
"PK-005","1977-02","1078"
"PK-005","1977-03","1082"
"PK-005","1977-04","1082"
"PK-005","1977-05","1082"
"PK-005","1977-06","1102"
"PK-005","1977-07","1171"
"PK-005","1977-08","1184"
"PK-005","1977-09","1184"
"PK-005","1977-10","1204"
"PK-005","1977-11","1237"
"PK-005","1977-12","1261"
"PK-005","1978-01","1316"
"PK-005","1978-02","1321"
"PK-005","1978-03","1299"
"PK-005","1978-04","1259"
"PK-005","1978-05","1237"
"PK-005","1978-06","1248"
"PK-005","1978-07","1290"
"PK-005","1978-08","1321"
"PK-005","1978-09","1382"
"PK-005","1978-10","1425"
"PK-005","1978-11","1394"
"PK-005","1978-12","1409"
"PK-005","1979-01","1265"
"PK-005","1979-02","1442"
"PK-005","1979-03","1542"
"PK-005","1979-04","1569"
"PK-005","1979-05","1576"
"PK-005","1979-06","1597"
"PK-005","1979-07","1534"
"PK-005","1979-08","1562"
"PK-005","1979-09","1616"
"PK-005","1979-10","1786"
"PK-005","1979-11","1833"
"PK-005","1979-12","1913"
"PK-005","1980-01","2055"
"PK-005","1980-02","2131"
"PK-005","1980-03","1978"
"PK-005","1980-04","1932"
"PK-005","1980-05","1776"
"PK-005","1980-06","1669"
"PK-005","1980-07","1758"
"PK-005","1980-08","1784"
"PK-005","1980-09","1655"
"PK-005","1980-10","1626"
"PK-005","1980-11","1504"
"PK-005","1980-12","1431"
"PK-005","1981-01","1431"
"PK-005","1981-02","1452"
"PK-005","1981-03","1443"
"PK-005","1981-04","1369"
"PK-005","1981-05","1297"
"PK-005","1981-06","1232"
"PK-005","1981-07","1175"
"PK-005","1981-08","1231"
"PK-005","1981-09","1169"
"PK-005","1981-10","1140"
"PK-005","1981-11","1082"
"PK-005","1981-12","1131"
"PK-005","1982-01","1113"
"PK-005","1982-02","1088"
"PK-005","1982-03","1029"
"PK-005","1982-04","996"
"PK-005","1982-05","973"
"PK-005","1982-06","919"
"PK-005","1982-07","958"
"PK-005","1982-08","959"
"PK-005","1982-09","960"
"PK-005","1982-10","952"
"PK-005","1982-11","965"
"PK-005","1982-12","987"
"PK-005","1983-01","1077"
"PK-005","1983-02","1230"
"PK-005","1983-03","1302"
"PK-005","1983-04","1364"
"PK-005","1983-05","1453"
"PK-005","1983-06","1466"
"PK-005","1983-07","1520"
"PK-005","1983-08","1604"
"PK-005","1983-09","1614"
"PK-005","1983-10","1566"
"PK-005","1983-11","1517"
"PK-005","1983-12","1549"
"PK-005","1984-01","1549"
"PK-005","1984-02","1491"
"PK-005","1984-03","1456"
"PK-005","1984-04","1370"
"PK-005","1984-05","1289"
"PK-005","1984-06","1275"
"PK-005","1984-07","1163"
"PK-005","1984-08","1136"
"PK-005","1984-09","1012"
"PK-005","1984-10","1028"
"PK-005","1984-11","1152"
"PK-005","1984-12","1095"
"PK-005","1985-01","1075"
"PK-005","1985-02","1098"
"PK-005","1985-03","1095"
"PK-005","1985-04","1106"
"PK-005","1985-05","1105"
"PK-005","1985-06","1032"
"PK-005","1985-07","1012"
"PK-005","1985-08","1019"
"PK-005","1985-09","985"
"PK-005","1985-10","971"
"PK-005","1985-11","950"
"PK-005","1985-12","1039"
"PK-005","1986-01","1119"
"PK-005","1986-02","1115"
"PK-005","1986-03","1168"
"PK-005","1986-04","1164"
"PK-005","1986-05","1164"
"PK-005","1986-06","1183"
"PK-005","1986-07","1123"
"PK-005","1986-08","1129"
"PK-005","1986-09","1206"
"PK-005","1986-10","1162"
"PK-005","1986-11","1132"
"PK-005","1986-12","1133"
"PK-005","1987-01","1171"
"PK-005","1987-02","1283"
"PK-005","1987-03","1367"
"PK-005","1987-04","1401"
"PK-005","1987-05","1412"
"PK-005","1987-06","1472"
"PK-005","1987-07","1653"
"PK-005","1987-08","1810"
"PK-005","1987-09","1746"
"PK-005","1987-10","1963"
"PK-005","1987-11","1681"
"PK-005","1987-12","1824"
"PK-005","1988-01","2002"
"PK-005","1988-02","2138"
"PK-005","1988-03","2526"
"PK-005","1988-04","2508"
"PK-005","1988-05","2988"
"PK-005","1988-06","3578"
"PK-005","1988-07","2582"
"PK-005","1988-08","2701"
"PK-005","1988-09","2387"
"PK-005","1988-10","2309"
"PK-005","1988-11","2382"
"PK-005","1988-12","2503"
"PK-005","1989-01","2398"
"PK-005","1989-02","2183"
"PK-005","1989-03","2074"
"PK-005","1989-04","2126"
"PK-005","1989-05","2259"
"PK-005","1989-06","1914"
"PK-005","1989-07","1756"
"PK-005","1989-08","1798"
"PK-005","1989-09","1718"
"PK-005","1989-10","1820"
"PK-005","1989-11","1736"
"PK-005","1989-12","1633"
"PK-005","1990-01","1528"
"PK-005","1990-02","1454"
"PK-005","1990-03","1567"
"PK-005","1990-04","1526"
"PK-005","1990-05","1527"
"PK-005","1990-06","1566"
"PK-005","1990-07","1571"
"PK-005","1990-08","1782"
"PK-005","1990-09","2067"
"PK-005","1990-10","1946"
"PK-005","1990-11","1618"
"PK-005","1990-12","1522"
"PK-005","1991-01","1515"
"PK-005","1991-02","1505"
"PK-005","1991-03","1496"
"PK-005","1991-04","1392"
"PK-005","1991-05","1296"
"PK-005","1991-06","1275"
"PK-005","1991-07","1297"
"PK-005","1991-08","1256"
"PK-005","1991-09","1212"
"PK-005","1991-10","1150"
"PK-005","1991-11","1135"
"PK-005","1991-12","1098"
"PK-005","1992-01","1177"
"PK-005","1992-02","1267"
"PK-005","1992-03","1280"
"PK-005","1992-04","1317"
"PK-005","1992-05","1307"
"PK-005","1992-06","1276"
"PK-005","1992-07","1313"
"PK-005","1992-08","1305"
"PK-005","1992-09","1270"
"PK-005","1992-10","1174"
"PK-005","1992-11","1159"
"PK-005","1992-12","1207"
"PK-005","1993-01","1207"
"PK-005","1993-02","1202"
"PK-005","1993-03","1151"
"PK-005","1993-04","1109"
"PK-005","1993-05","1124"
"PK-005","1993-06","1165"
"PK-005","1993-07","1202"
"PK-005","1993-08","1172"
"PK-005","1993-09","1115"
"PK-005","1993-10","1087"
"PK-005","1993-11","1040"
"PK-005","1993-12","1094"
"PK-005","1994-01","1175"
"PK-005","1994-02","1270"
"PK-005","1994-03","1289"
"PK-005","1994-04","1279"
"PK-005","1994-05","1323"
"PK-005","1994-06","1401"
"PK-005","1994-07","1492"
"PK-005","1994-08","1455"
"PK-005","1994-09","1569"
"PK-005","1994-10","1698"
"PK-005","1994-11","1893"
"PK-005","1994-12","1878"
"PK-005","1995-01","2061"
"PK-005","1995-02","1916"
"PK-005","1995-03","1805"
"PK-005","1995-04","1849"
"PK-005","1995-05","1763"
"PK-005","1995-06","1780"
"PK-005","1995-07","1860"
"PK-005","1995-08","1888"
"PK-005","1995-09","1761"
"PK-005","1995-10","1674"
"PK-005","1995-11","1654"
"PK-005","1995-12","1657"
"PK-005","1996-01","1589"
"PK-005","1996-02","1592"
"PK-005","1996-03","1612"
"PK-005","1996-04","1587"
"PK-005","1996-05","1589"
"PK-005","1996-06","1482"
"PK-005","1996-07","1459"
"PK-005","1996-08","1463"
"PK-005","1996-09","1407"
"PK-005","1996-10","1336"
"PK-005","1996-11","1450"
"PK-005","1996-12","1500"
"PK-005","1997-01","1576"
"PK-005","1997-02","1580"
"PK-005","1997-03","1632"
"PK-005","1997-04","1561"
"PK-005","1997-05","1625"
"PK-005","1997-06","1568"
"PK-005","1997-07","1592"
"PK-005","1997-08","1711"
"PK-005","1997-09","1611"
"PK-005","1997-10","1608"
"PK-005","1997-11","1599"
"PK-005","1997-12","1531"
"PK-005","1998-01","1486"
"PK-005","1998-02","1466"
"PK-005","1998-03","1438"
"PK-005","1998-04","1418"
"PK-005","1998-05","1365"
"PK-005","1998-06","1307"
"PK-005","1998-07","1309"
"PK-005","1998-08","1311"
"PK-005","1998-09","1342"
"PK-005","1998-10","1304"
"PK-005","1998-11","1295"
"PK-005","1998-12","1249"
"PK-005","1999-01","1218"
"PK-005","1999-02","1187"
"PK-005","1999-03","1182"
"PK-005","1999-04","1278"
"PK-005","1999-05","1323"
"PK-005","1999-06","1315"
"PK-005","1999-07","1404"
"PK-005","1999-08","1431"
"PK-005","1999-09","1492"
"PK-005","1999-10","1474"
"PK-005","1999-11","1473"
"PK-005","1999-12","1554"
"PK-005","2000-01","1680"
"PK-005","2000-02","1670"
"PK-005","2000-03","1577"
"PK-005","2000-04","1457"
"PK-005","2000-05","1467"
"PK-005","2000-06","1506"
"PK-005","2000-07","1564"
"PK-005","2000-08","1528"
"PK-005","2000-09","1601"
"PK-005","2000-10","1500"
"PK-005","2000-11","1474"
"PK-005","2000-12","1565"
"PK-005","2001-01","1616"
"PK-005","2001-02","1604"
"PK-005","2001-03","1509"
"PK-005","2001-04","1497"
"PK-005","2001-05","1539"
"PK-005","2001-06","1466"
"PK-005","2001-07","1416"
"PK-005","2001-08","1377"
"PK-005","2001-09","1345"
"PK-005","2001-10","1283"
"PK-005","2001-11","1327"
"PK-005","2001-12","1345"
"PK-005","2002-01","1369"
"PK-005","2002-02","1369"
"PK-005","2002-03","1405"
"PK-005","2002-04","1370"
"PK-005","2002-05","1343"
"PK-005","2002-06","1354"
"PK-005","2002-07","1338"
"PK-005","2002-08","1292"
"PK-005","2002-09","1301"
"PK-005","2002-10","1311"
"PK-005","2002-11","1372"
"PK-005","2002-12","1375"
"PK-005","2003-01","1378"
"PK-005","2003-02","1422"
"PK-005","2003-03","1389"
"PK-005","2003-04","1332"
"PK-005","2003-05","1398"
"PK-005","2003-06","1410"
"PK-005","2003-07","1436"
"PK-005","2003-08","1456"
"PK-005","2003-09","1416"
"PK-005","2003-10","1474"
"PK-005","2003-11","1508"
"PK-005","2003-12","1555"
"PK-005","2004-01","1606"
"PK-005","2004-02","1686"
"PK-005","2004-03","1656"
"PK-005","2004-04","1730"
"PK-005","2004-05","1623"
"PK-005","2004-06","1678"
"PK-005","2004-07","1709"
"PK-005","2004-08","1692"
"PK-005","2004-09","1724"
"PK-005","2004-10","1820"
"PK-005","2004-11","1814"
"PK-005","2004-12","1849"
"PK-005","2005-01","1834"
"PK-005","2005-02","1883"
"PK-005","2005-03","1980"
"PK-005","2005-04","1894"
"PK-005","2005-05","1744"
"PK-005","2005-06","1731"
"PK-005","2005-07","1779"
"PK-005","2005-08","1868"
"PK-005","2005-09","1840"
"PK-005","2005-10","1929"
"PK-005","2005-11","2051"
"PK-005","2005-12","2247"
"PK-005","2006-01","2378"
"PK-005","2006-02","2455"
"PK-005","2006-03","2429"
"PK-005","2006-04","2621"
"PK-005","2006-05","2861"
"PK-005","2006-06","2477"
"PK-005","2006-07","2513"
"PK-005","2006-08","2460"
"PK-005","2006-09","2473"
"PK-005","2006-10","2655"
"PK-005","2006-11","2703"
"PK-005","2006-12","2814"
"PK-005","2007-01","2809"
"PK-005","2007-02","2832"
"PK-005","2007-03","2762"
"PK-005","2007-04","2815"
"PK-005","2007-05","2793"
"PK-005","2007-06","2677"
"PK-005","2007-07","2732"
"PK-005","2007-08","2516"
"PK-005","2007-09","2391"
"PK-005","2007-10","2442"
"PK-005","2007-11","2507"
"PK-005","2007-12","2382"
"PK-005","2008-01","2446"
"PK-005","2008-02","2777"
"PK-005","2008-03","3005"
"PK-005","2008-04","2959"
"PK-005","2008-05","2903"
"PK-005","2008-06","2958"
"PK-005","2008-07","3071"
"PK-005","2008-08","2764"
"PK-005","2008-09","2526"
"PK-005","2008-10","2121"
"PK-005","2008-11","1852"
"PK-005","2008-12","1490"
"PK-005","2009-01","1413"
"PK-005","2009-02","1330"
"PK-005","2009-03","1336"
"PK-005","2009-04","1421"
"PK-005","2009-05","1460"
"PK-005","2009-06","1574"
"PK-005","2009-07","1668"
"PK-005","2009-08","1934"
"PK-005","2009-09","1834"
"PK-005","2009-10","1879"
"PK-005","2009-11","1949"
"PK-005","2009-12","2180"
"PK-005","2010-01","2235"
"PK-005","2010-02","2049"
"PK-005","2010-03","2206"
"PK-005","2010-04","2317"
"PK-005","2010-05","2041"
"PK-005","2010-06","1931"
"PK-005","2010-07","1988"
"PK-005","2010-08","2118"
"PK-005","2010-09","2162"
"PK-005","2010-10","2347"
"PK-005","2010-11","2333"
"PK-005","2010-12","2351"
"PK-005","2011-01","2440"
"PK-005","2011-02","2508"
"PK-005","2011-03","2556"
"PK-005","2011-04","2678"
"PK-005","2011-05","2596"
"PK-005","2011-06","2558"
"PK-005","2011-07","2525"
"PK-005","2011-08","2379"
"PK-005","2011-09","2293"
"PK-005","2011-10","2181"
"PK-005","2011-11","2080"
"PK-005","2011-12","2022"
"PK-005","2012-01","2144"
"PK-005","2012-02","2208"
"PK-005","2012-03","2184"
"PK-005","2012-04","2050"
"PK-005","2012-05","2008"
"PK-005","2012-06","1890"
"PK-005","2012-07","1876"
"PK-005","2012-08","1845"
"PK-005","2012-09","2064"
"PK-005","2012-10","1974"
"PK-005","2012-11","1949"
"PK-005","2012-12","2087"
"PK-005","2013-01","2038"
"PK-005","2013-02","2054"
"PK-005","2013-03","1910"
"PK-005","2013-04","1862"
"PK-005","2013-05","1832"
"PK-005","2013-06","1815"
"PK-005","2013-07","1770"
"PK-005","2013-08","1818"
"PK-005","2013-09","1761"
"PK-005","2013-10","1815"
"PK-005","2013-11","1748"
"PK-005","2013-12","1740"
"PK-005","2014-01","1727"
"PK-005","2014-02","1695"
"PK-005","2014-03","1705"
"PK-005","2014-04","1811"
"PK-005","2014-05","1751"
"PK-005","2014-06","1839"
"PK-005","2014-07","1948"
"PK-005","2014-08","2030"
"PK-005","2014-09","1990"
"PK-005","2014-10","1946"
"PK-005","2014-11","2056"
"PK-005","2014-12","1909"
"PK-005","2015-01","1815"
"PK-005","2015-02","1818"
"PK-005","2015-03","1774"
"PK-005","2015-04","1819"
"PK-005","2015-05","1804"
"PK-005","2015-06","1688"
"PK-005","2015-07","1640"
"PK-005","2015-08","1548"
"PK-005","2015-09","1590"
"PK-005","2015-10","1516"
"PK-005","2015-11","1468"
"PK-005","2015-12","1497"
"PK-005","2016-01","1481"
"PK-005","2016-02","1531"
"PK-005","2016-03","1531"
"PK-005","2016-04","1571"
"PK-005","2016-05","1551"
"PK-005","2016-06","1594"
"PK-005","2016-07","1629"
"PK-005","2016-08","1639"
"PK-005","2016-09","1592"
"PK-005","2016-10","1666"
"PK-005","2016-11","1737"
"PK-005","2016-12","1728"
"PK-005","2017-01","1791"
"PK-005","2017-02","1861"
"PK-005","2017-03","1901"
"PK-005","2017-04","1921"
"PK-005","2017-05","1913"
"PK-005","2017-06","1885"
"PK-005","2017-07","1903"
"PK-005","2017-08","2030"
"PK-005","2017-09","2096"
"PK-005","2017-10","2131"
"PK-005","2017-11","2097"
"PK-005","2017-12","2080"
"PK-005","2018-01","2210"
"PK-005","2018-02","2182"
"PK-005","2018-03","2069"
"PK-005","2018-04","2255"
"PK-005","2018-05","2300"
"PK-005","2018-06","2238"
"PK-005","2018-07","2082"
"PK-005","2018-08","2052"
"PK-005","2018-09","2026"
"PK-005","2018-10","2030"
"PK-005","2018-11","1939"
"PK-005","2018-12","1920"
"PK-005","2019-01","1854"
"PK-005","2019-02","1863"
"PK-005","2019-03","1871"
"PK-005","2019-04","1845"
"PK-005","2019-05","1781"
"PK-005","2019-06","1756"
"PK-005","2019-07","1797"
"PK-005","2019-08","1741"
"PK-005","2019-09","1754"
"PK-005","2019-10","1726"
"PK-005","2019-11","1775"
"PK-005","2019-12","1771"
"PK-005","2020-01","1773"
"PK-005","2020-02","1688"
"PK-005","2020-03","1611"
"PK-005","2020-04","1460"
"PK-005","2020-05","1466"
"PK-005","2020-06","1569"
"PK-005","2020-07","1644"
"PK-005","2020-08","1737"
"PK-005","2020-09","1744"
"PK-005","2020-10","1806"
"PK-005","2020-11","1935"
"PK-005","2020-12","2015"
"PK-005","2021-01","2004"
"PK-005","2021-02","2079"
"PK-005","2021-03","2190"
"PK-005","2021-04","2319"
"PK-005","2021-05","2434"
"PK-005","2021-06","2447"
"PK-005","2021-07","2498"
"PK-005","2021-08","2603"
"PK-005","2021-09","2835"
"PK-005","2021-10","2934"
"PK-005","2021-11","2636"
"PK-005","2021-12","2696"
"PK-005","2022-01","3006"
"PK-005","2022-02","3246"
"PK-005","2022-03","3498"
"PK-005","2022-04","3244"
"PK-005","2022-05","2830"
"PK-005","2022-06","2563"
"PK-005","2022-07","2408"
"PK-005","2022-08","2431"
"PK-005","2022-09","2225"
"PK-005","2022-10","2256"
"PK-005","2022-11","2351"
"PK-005","2022-12","2402"
"PK-005","2023-01","2502"
"PK-005","2023-02","2416"
"PK-005","2023-03","2296"
"PK-005","2023-04","2343"
"PK-005","2023-05","2269"
"PK-005","2023-06","2185"
"PK-005","2023-07","2160"
"PK-005","2023-08","2137"
"PK-005","2023-09","2185"
"PK-005","2023-10","2192"
"PK-005","2023-11","2202"
"PK-005","2023-12","2182"
"PK-005","2024-01","2193"
"PK-005","2024-02","2179"
"PK-005","2024-03","2226"
"PK-005","2024-04","2506"
"PK-005","2024-05","2565"
"PK-005","2024-06","2498"
"PK-005","2024-07","2349"
"PK-005","2024-08","2344"
"PK-005","2024-09","2450"
"PK-005","2024-10","2596"
"PK-005","2024-11","2582"
"PK-005","2024-12","2541"
"PK-005","2025-01","2573"
"PK-005","2025-02","2658"
"PK-005","2025-03","2658"
"PK-005","2025-04","2372"
"PK-005","2025-05","2449"
"PK-005","2025-06","2526"
"PK-005","2025-07","2606"
"PK-005","2025-08","2597"
"PK-005","2025-09","2653"
"PK-005","2025-10","2793"
"PK-005","2025-11","2819"
"PK-005","2025-12","2876"
"PK-005","2026-01","3142"
"PK-005","2026-02","3065"
"PK-005","2026-03","3373"
"PK-005","2026-04","3600"
"PK-005","2026-05","3666"
"PK-005","2026-06","3439"
"PK-006","2015-01","194.2"
"PK-006","2015-02","194.5"
"PK-006","2015-03","194.5"
"PK-006","2015-04","194.3"
"PK-006","2015-05","194.4"
"PK-006","2015-06","194.5"
"PK-006","2015-07","194.5"
"PK-006","2015-08","194.5"
"PK-006","2015-09","194.5"
"PK-006","2015-10","194.5"
"PK-006","2015-11","194.3"
"PK-006","2015-12","194.3"
"PK-006","2016-01","194.1"
"PK-006","2016-02","194.4"
"PK-006","2016-03","194.4"
"PK-006","2016-04","194.9"
"PK-006","2016-05","194.9"
"PK-006","2016-06","194.8"
"PK-006","2016-07","195"
"PK-006","2016-08","195.1"
"PK-006","2016-09","195.1"
"PK-006","2016-10","195.1"
"PK-006","2016-11","195.1"
"PK-006","2016-12","195.4"
"PK-006","2017-01","196.5"
"PK-006","2017-02","196.5"
"PK-006","2017-03","198"
"PK-006","2017-04","197.4"
"PK-006","2017-05","196.9"
"PK-006","2017-06","197"
"PK-006","2017-07","197"
"PK-006","2017-08","196.8"
"PK-006","2017-09","196.9"
"PK-006","2017-10","196.9"
"PK-006","2017-11","197.6"
"PK-006","2017-12","197.6"
"PK-006","2018-01","200"
"PK-006","2018-02","199.9"
"PK-006","2018-03","200.8"
"PK-006","2018-04","201.1"
"PK-006","2018-05","201.6"
"PK-006","2018-06","201.7"
"PK-006","2018-07","201.9"
"PK-006","2018-08","201.9"
"PK-006","2018-09","201.9"
"PK-006","2018-10","201.9"
"PK-006","2018-11","201.9"
"PK-006","2018-12","202"
"PK-006","2019-01","205.9"
"PK-006","2019-02","206"
"PK-006","2019-03","206.1"
"PK-006","2019-04","206.6"
"PK-006","2019-05","207"
"PK-006","2019-06","207.2"
"PK-006","2019-07","207.2"
"PK-006","2019-08","207.2"
"PK-006","2019-09","207.5"
"PK-006","2019-10","207.5"
"PK-006","2019-11","207.5"
"PK-006","2019-12","207.5"
"PK-006","2020-01","212.3"
"PK-006","2020-02","212.3"
"PK-006","2020-03","212.3"
"PK-006","2020-04","212.3"
"PK-006","2020-05","211.4"
"PK-006","2020-06","211.4"
"PK-006","2020-07","211.4"
"PK-006","2020-08","211.4"
"PK-006","2020-09","211.4"
"PK-006","2020-10","211"
"PK-006","2020-11","211"
"PK-006","2020-12","211"
"PK-006","2021-01","214.8"
"PK-006","2021-02","214.8"
"PK-006","2021-03","221.3"
"PK-006","2021-04","221.3"
"PK-006","2021-05","221.1"
"PK-006","2021-06","221.1"
"PK-006","2021-07","222.35"
"PK-006","2021-08","222.35"
"PK-006","2021-09","234.24"
"PK-006","2021-10","234.257"
"PK-006","2021-11","239.321"
"PK-006","2021-12","239.371"
"PK-006","2022-01","247.964"
"PK-006","2022-02","248.298"
"PK-006","2022-03","248.298"
"PK-006","2022-04","248.298"
"PK-006","2022-05","248.298"
"PK-006","2022-06","249.4"
"PK-006","2022-07","250.239"
"PK-006","2022-08","250.239"
"PK-006","2022-09","250.239"
"PK-006","2022-10","250.239"
"PK-006","2022-11","256.03"
"PK-006","2022-12","256.03"
"PK-006","2023-01","278.523"
"PK-006","2023-02","277.779"
"PK-006","2023-03","277.779"
"PK-006","2023-04","277.779"
"PK-006","2023-05","279.324"
"PK-006","2023-06","279.324"
"PK-006","2023-07","278.875"
"PK-006","2023-08","280.052"
"PK-006","2023-09","274.106"
"PK-006","2023-10","274.2"
"PK-006","2023-11","272.617"
"PK-006","2023-12","272.471"
"PK-006","2024-01","282.193"
"PK-006","2024-02","283.099"
"PK-006","2024-03","283.192"
"PK-006","2024-04","281.131"
"PK-006","2024-05","281.678"
"PK-006","2024-06","281.955"
"PK-006","2024-07","291.066"
"PK-006","2024-08","290.257"
"PK-006","2024-09","290.264"
"PK-006","2024-10","291.474"
"PK-006","2024-11","291.403"
"PK-006","2024-12","291.586"
"PK-006","2025-01","295.532"
"PK-006","2025-02","296.181"
"PK-006","2025-03","296.921"
"PK-006","2025-04","296.938"
"PK-006","2025-05","297.608"
"PK-006","2025-06","297.624"
"PK-006","2025-07","297.203"
"PK-006","2025-08","297.065"
"PK-006","2025-09","296.931"
"PK-006","2025-10","297.231"
"PK-006","2025-11","297.251"
"PK-006","2025-12","298.273"
"PK-006","2026-01","306.179"
"PK-006","2026-02","310.727"
"PK-006","2026-03","305.379"
"PK-006","2026-04","305.528"
"PK-006","2026-05","305.71"
"PK-007","2015-01","91"
"PK-007","2015-02","90.9"
"PK-007","2015-03","90.8"
"PK-007","2015-04","90.7"
"PK-007","2015-05","90.7"
"PK-007","2015-06","90.9"
"PK-007","2015-07","91"
"PK-007","2015-08","91.1"
"PK-007","2015-09","91.1"
"PK-007","2015-10","91.2"
"PK-007","2015-11","91.2"
"PK-007","2015-12","91.2"
"PK-007","2016-01","91.5"
"PK-007","2016-02","91.6"
"PK-007","2016-03","91.5"
"PK-007","2016-04","91.6"
"PK-007","2016-05","91.9"
"PK-007","2016-06","92.1"
"PK-007","2016-07","92.3"
"PK-007","2016-08","92.2"
"PK-007","2016-09","92.4"
"PK-007","2016-10","92.4"
"PK-007","2016-11","92.5"
"PK-007","2016-12","92.7"
"PK-007","2017-01","92.8"
"PK-007","2017-02","92.8"
"PK-007","2017-03","93"
"PK-007","2017-04","93.2"
"PK-007","2017-05","93.3"
"PK-007","2017-06","93.4"
"PK-007","2017-07","93.5"
"PK-007","2017-08","93.4"
"PK-007","2017-09","93.5"
"PK-007","2017-10","93.5"
"PK-007","2017-11","93.7"
"PK-007","2017-12","93.7"
"PK-007","2018-01","94"
"PK-007","2018-02","94.2"
"PK-007","2018-03","94.1"
"PK-007","2018-04","94.5"
"PK-007","2018-05","94.7"
"PK-007","2018-06","94.9"
"PK-007","2018-07","95.1"
"PK-007","2018-08","95"
"PK-007","2018-09","95.4"
"PK-007","2018-10","95.6"
"PK-007","2018-11","95.6"
"PK-007","2018-12","95.5"
"PK-007","2019-01","96.4"
"PK-007","2019-02","96.6"
"PK-007","2019-03","96.6"
"PK-007","2019-04","96.7"
"PK-007","2019-05","97"
"PK-007","2019-06","97"
"PK-007","2019-07","96.8"
"PK-007","2019-08","97.1"
"PK-007","2019-09","97"
"PK-007","2019-10","96.6"
"PK-007","2019-11","96.9"
"PK-007","2019-12","96.6"
"PK-007","2020-01","96.6"
"PK-007","2020-02","96.8"
"PK-007","2020-03","96.8"
"PK-007","2020-04","96.7"
"PK-007","2020-05","96.9"
"PK-007","2020-06","96.7"
"PK-007","2020-07","97.3"
"PK-007","2020-08","96.9"
"PK-007","2020-09","97"
"PK-007","2020-10","97.1"
"PK-007","2020-11","97.4"
"PK-007","2020-12","97.5"
"PK-007","2021-01","97.9"
"PK-007","2021-02","98.1"
"PK-007","2021-03","98.4"
"PK-007","2021-04","98.5"
"PK-007","2021-05","98.8"
"PK-007","2021-06","99.3"
"PK-007","2021-07","99.7"
"PK-007","2021-08","99.9"
"PK-007","2021-09","100.4"
"PK-007","2021-10","102"
"PK-007","2021-11","103"
"PK-007","2021-12","104"
"PK-007","2022-01","108.3"
"PK-007","2022-02","109.6"
"PK-007","2022-03","111.7"
"PK-007","2022-04","115.4"
"PK-007","2022-05","118.2"
"PK-007","2022-06","119.7"
"PK-007","2022-07","122.7"
"PK-007","2022-08","124.6"
"PK-007","2022-09","128.2"
"PK-007","2022-10","131"
"PK-007","2022-11","132.7"
"PK-007","2022-12","132.1"
"PK-007","2023-01","137.9"
"PK-007","2023-02","139.4"
"PK-007","2023-03","140"
"PK-007","2023-04","140"
"PK-007","2023-05","139.1"
"PK-007","2023-06","138.2"
"PK-007","2023-07","137.5"
"PK-007","2023-08","136.7"
"PK-007","2023-09","136.1"
"PK-007","2023-10","135.6"
"PK-007","2023-11","134.9"
"PK-007","2023-12","134.5"
"PK-007","2024-01","132"
"PK-007","2024-02","130.5"
"PK-007","2024-03","129.9"
"PK-007","2024-04","129"
"PK-007","2024-05","127.9"
"PK-007","2024-06","127"
"PK-007","2024-07","127.2"
"PK-007","2024-08","127.1"
"PK-007","2024-09","127"
"PK-007","2024-10","126.9"
"PK-007","2024-11","126.7"
"PK-007","2024-12","126.8"
"PK-007","2025-01","126.3"
"PK-007","2025-02","125.9"
"PK-007","2025-03","126"
"PK-007","2025-04","127.1"
"PK-007","2025-05","128.3"
"PK-007","2025-06","128.9"
"PK-007","2025-07","129.5"
"PK-007","2025-08","129.9"
"PK-007","2025-09","130.4"
"PK-007","2025-10","129.9"
"PK-007","2025-11","129.6"
"PK-007","2025-12","129.9"
"PK-007","2026-01","129.6"
"PK-007","2026-02","129.5"
"PK-007","2026-03","129.3"
"PK-007","2026-04","130"
"PK-007","2026-05","130.2"
"PK-008","2015-01","285.4"
"PK-008","2015-02","280.8"
"PK-008","2015-03","274"
"PK-008","2015-04","273.2"
"PK-008","2015-05","274.1"
"PK-008","2015-06","275.6"
"PK-008","2015-07","273.8"
"PK-008","2015-08","270.7"
"PK-008","2015-09","264.5"
"PK-008","2015-10","261.4"
"PK-008","2015-11","260.2"
"PK-008","2015-12","261.2"
"PK-008","2016-01","256.7"
"PK-008","2016-02","255.4"
"PK-008","2016-03","254.3"
"PK-008","2016-04","254"
"PK-008","2016-05","257.2"
"PK-008","2016-06","260.1"
"PK-008","2016-07","259.9"
"PK-008","2016-08","259.5"
"PK-008","2016-09","260.7"
"PK-008","2016-10","263.3"
"PK-008","2016-11","262.2"
"PK-008","2016-12","258.1"
"PK-008","2017-01","260.1"
"PK-008","2017-02","265.1"
"PK-008","2017-03","269.2"
"PK-008","2017-04","273.8"
"PK-008","2017-05","274.1"
"PK-008","2017-06","272.9"
"PK-008","2017-07","270.3"
"PK-008","2017-08","269.9"
"PK-008","2017-09","272.6"
"PK-008","2017-10","277.2"
"PK-008","2017-11","278.8"
"PK-008","2017-12","280.3"
"PK-008","2018-01","275.1"
"PK-008","2018-02","278"
"PK-008","2018-03","282.7"
"PK-008","2018-04","280.7"
"PK-008","2018-05","285.1"
"PK-008","2018-06","288"
"PK-008","2018-07","289"
"PK-008","2018-08","292.6"
"PK-008","2018-09","290.4"
"PK-008","2018-10","291.4"
"PK-008","2018-11","286.8"
"PK-008","2018-12","282.2"
"PK-008","2019-01","276.5"
"PK-008","2019-02","275.8"
"PK-008","2019-03","273.9"
"PK-008","2019-04","273.9"
"PK-008","2019-05","275.7"
"PK-008","2019-06","273.2"
"PK-008","2019-07","272.7"
"PK-008","2019-08","273.1"
"PK-008","2019-09","273.3"
"PK-008","2019-10","273.8"
"PK-008","2019-11","271.2"
"PK-008","2019-12","266.1"
"PK-008","2020-01","265.7"
"PK-008","2020-02","269.6"
"PK-008","2020-03","268.6"
"PK-008","2020-04","255.8"
"PK-008","2020-05","249"
"PK-008","2020-06","251.1"
"PK-008","2020-07","254.5"
"PK-008","2020-08","261.2"
"PK-008","2020-09","262.3"
"PK-008","2020-10","272.2"
"PK-008","2020-11","273.6"
"PK-008","2020-12","279.1"
"PK-008","2021-01","287.5"
"PK-008","2021-02","300.4"
"PK-008","2021-03","326.7"
"PK-008","2021-04","342.8"
"PK-008","2021-05","350.3"
"PK-008","2021-06","362.9"
"PK-008","2021-07","371.402"
"PK-008","2021-08","376.96"
"PK-008","2021-09","377.061"
"PK-008","2021-10","379.449"
"PK-008","2021-11","375.398"
"PK-008","2021-12","367.883"
"PK-008","2022-01","357.296"
"PK-008","2022-02","357.647"
"PK-008","2022-03","357.628"
"PK-008","2022-04","370.66"
"PK-008","2022-05","377.211"
"PK-008","2022-06","380.764"
"PK-008","2022-07","373.717"
"PK-008","2022-08","362.99"
"PK-008","2022-09","361.292"
"PK-008","2022-10","353.335"
"PK-008","2022-11","337.078"
"PK-008","2022-12","333.108"
"PK-008","2023-01","327.564"
"PK-008","2023-02","334.96"
"PK-008","2023-03","338.133"
"PK-008","2023-04","344.749"
"PK-008","2023-05","340.782"
"PK-008","2023-06","334.366"
"PK-008","2023-07","322.48"
"PK-008","2023-08","318.412"
"PK-008","2023-09","317.718"
"PK-008","2023-10","318.102"
"PK-008","2023-11","318.798"
"PK-008","2023-12","317.748"
"PK-008","2024-01","314.049"
"PK-008","2024-02","320.519"
"PK-008","2024-03","317.074"
"PK-008","2024-04","320.7"
"PK-008","2024-05","321.393"
"PK-008","2024-06","321.248"
"PK-008","2024-07","324.553"
"PK-008","2024-08","325.268"
"PK-008","2024-09","315.105"
"PK-008","2024-10","320.429"
"PK-008","2024-11","317.001"
"PK-008","2024-12","315.192"
"PK-008","2025-01","315.011"
"PK-008","2025-02","321.45"
"PK-008","2025-03","325.548"
"PK-008","2025-04","322.852"
"PK-008","2025-05","319.543"
"PK-008","2025-06","317.427"
"PK-008","2025-07","315.615"
"PK-008","2025-08","313.877"
"PK-008","2025-09","309.16"
"PK-008","2025-10","309.279"
"PK-008","2025-11","307.1"
"PK-008","2025-12","302.525"
"PK-008","2026-01","303.509"
"PK-008","2026-02","308.307"
"PK-008","2026-03","312.707"
"PK-008","2026-04","331.419"
"PK-008","2026-05","377.676"
"PK-009","2015-01","91.2"
"PK-009","2015-02","90.7"
"PK-009","2015-03","90.6"
"PK-009","2015-04","90.7"
"PK-009","2015-05","91.4"
"PK-009","2015-06","91.9"
"PK-009","2015-07","92.4"
"PK-009","2015-08","92.5"
"PK-009","2015-09","92.4"
"PK-009","2015-10","92.2"
"PK-009","2015-11","91.9"
"PK-009","2015-12","92"
"PK-009","2016-01","91.9"
"PK-009","2016-02","91.6"
"PK-009","2016-03","91.5"
"PK-009","2016-04","91.5"
"PK-009","2016-05","91.6"
"PK-009","2016-06","91.7"
"PK-009","2016-07","91.6"
"PK-009","2016-08","91.5"
"PK-009","2016-09","91.5"
"PK-009","2016-10","91.4"
"PK-009","2016-11","91.5"
"PK-009","2016-12","91.5"
"PK-009","2017-01","91.7"
"PK-009","2017-02","91.9"
"PK-009","2017-03","92.4"
"PK-009","2017-04","92.7"
"PK-009","2017-05","92.7"
"PK-009","2017-06","92.7"
"PK-009","2017-07","92.6"
"PK-009","2017-08","92.6"
"PK-009","2017-09","92.7"
"PK-009","2017-10","92.9"
"PK-009","2017-11","92.8"
"PK-009","2017-12","92.8"
"PK-009","2018-01","93.2"
"PK-009","2018-02","93.3"
"PK-009","2018-03","93.5"
"PK-009","2018-04","93.5"
"PK-009","2018-05","93.7"
"PK-009","2018-06","93.7"
"PK-009","2018-07","93.9"
"PK-009","2018-08","94"
"PK-009","2018-09","94.1"
"PK-009","2018-10","94"
"PK-009","2018-11","94"
"PK-009","2018-12","93.8"
"PK-009","2019-01","94.2"
"PK-009","2019-02","94"
"PK-009","2019-03","94"
"PK-009","2019-04","94.1"
"PK-009","2019-05","94.2"
"PK-009","2019-06","94.2"
"PK-009","2019-07","94"
"PK-009","2019-08","94"
"PK-009","2019-09","94"
"PK-009","2019-10","93.6"
"PK-009","2019-11","93.6"
"PK-009","2019-12","93.4"
"PK-009","2020-01","93.5"
"PK-009","2020-02","93.4"
"PK-009","2020-03","93.5"
"PK-009","2020-04","93.4"
"PK-009","2020-05","93.1"
"PK-009","2020-06","93"
"PK-009","2020-07","92.6"
"PK-009","2020-08","92.7"
"PK-009","2020-09","92.8"
"PK-009","2020-10","92.9"
"PK-009","2020-11","93"
"PK-009","2020-12","93.1"
"PK-009","2021-01","93.8"
"PK-009","2021-02","94.4"
"PK-009","2021-03","95.7"
"PK-009","2021-04","97.7"
"PK-009","2021-05","99.2"
"PK-009","2021-06","100"
"PK-009","2021-07","101.6"
"PK-009","2021-08","102.2"
"PK-009","2021-09","102.7"
"PK-009","2021-10","103.4"
"PK-009","2021-11","104.3"
"PK-009","2021-12","104.9"
"PK-009","2022-01","107.3"
"PK-009","2022-02","108.3"
"PK-009","2022-03","109.9"
"PK-009","2022-04","112.6"
"PK-009","2022-05","114.5"
"PK-009","2022-06","115.3"
"PK-009","2022-07","116.3"
"PK-009","2022-08","116.5"
"PK-009","2022-09","116.3"
"PK-009","2022-10","116.6"
"PK-009","2022-11","116.4"
"PK-009","2022-12","116.3"
"PK-009","2023-01","116.6"
"PK-009","2023-02","116.6"
"PK-009","2023-03","116.2"
"PK-009","2023-04","116"
"PK-009","2023-05","115.4"
"PK-009","2023-06","114.7"
"PK-009","2023-07","114"
"PK-009","2023-08","113.4"
"PK-009","2023-09","113.1"
"PK-009","2023-10","112.9"
"PK-009","2023-11","112.6"
"PK-009","2023-12","112.5"
"PK-009","2024-01","112.1"
"PK-009","2024-02","112.2"
"PK-009","2024-03","112.3"
"PK-009","2024-04","112.3"
"PK-009","2024-05","112.4"
"PK-009","2024-06","112.4"
"PK-009","2024-07","112.5"
"PK-009","2024-08","112.4"
"PK-009","2024-09","112.5"
"PK-009","2024-10","112.7"
"PK-009","2024-11","112.3"
"PK-009","2024-12","112.3"
"PK-009","2025-01","112.4"
"PK-009","2025-02","112.5"
"PK-009","2025-03","112.6"
"PK-009","2025-04","112.7"
"PK-009","2025-05","112.7"
"PK-009","2025-06","112.8"
"PK-009","2025-07","112.7"
"PK-009","2025-08","112.6"
"PK-009","2025-09","112.5"
"PK-009","2025-10","112.3"
"PK-009","2025-11","112.1"
"PK-009","2025-12","111.8"
"PK-009","2026-01","111.6"
"PK-009","2026-02","111.5"
"PK-009","2026-03","112.3"
"PK-009","2026-04","114.8"
"PK-009","2026-05","117.6"
"SG-001","1960-01","0.07"
"SG-001","1960-02","0.07"
"SG-001","1960-03","0.07"
"SG-001","1960-04","0.07"
"SG-001","1960-05","0.07"
"SG-001","1960-06","0.07"
"SG-001","1960-07","0.07"
"SG-001","1960-08","0.07"
"SG-001","1960-09","0.07"
"SG-001","1960-10","0.05"
"SG-001","1960-11","0.05"
"SG-001","1960-12","0.06"
"SG-001","1961-01","0.06"
"SG-001","1961-02","0.06"
"SG-001","1961-03","0.06"
"SG-001","1961-04","0.07"
"SG-001","1961-05","0.07"
"SG-001","1961-06","0.07"
"SG-001","1961-07","0.06"
"SG-001","1961-08","0.05"
"SG-001","1961-09","0.05"
"SG-001","1961-10","0.05"
"SG-001","1961-11","0.05"
"SG-001","1961-12","0.05"
"SG-001","1962-01","0.05"
"SG-001","1962-02","0.05"
"SG-001","1962-03","0.06"
"SG-001","1962-04","0.06"
"SG-001","1962-05","0.06"
"SG-001","1962-06","0.06"
"SG-001","1962-07","0.06"
"SG-001","1962-08","0.06"
"SG-001","1962-09","0.06"
"SG-001","1962-10","0.07"
"SG-001","1962-11","0.08"
"SG-001","1962-12","0.09"
"SG-001","1963-01","0.12"
"SG-001","1963-02","0.13"
"SG-001","1963-03","0.14"
"SG-001","1963-04","0.16"
"SG-001","1963-05","0.22"
"SG-001","1963-06","0.22"
"SG-001","1963-07","0.2"
"SG-001","1963-08","0.14"
"SG-001","1963-09","0.16"
"SG-001","1963-10","0.23"
"SG-001","1963-11","0.25"
"SG-001","1963-12","0.23"
"SG-001","1964-01","0.23"
"SG-001","1964-02","0.2"
"SG-001","1964-03","0.16"
"SG-001","1964-04","0.17"
"SG-001","1964-05","0.15"
"SG-001","1964-06","0.12"
"SG-001","1964-07","0.1"
"SG-001","1964-08","0.09"
"SG-001","1964-09","0.08"
"SG-001","1964-10","0.08"
"SG-001","1964-11","0.07"
"SG-001","1964-12","0.06"
"SG-001","1965-01","0.05"
"SG-001","1965-02","0.05"
"SG-001","1965-03","0.05"
"SG-001","1965-04","0.05"
"SG-001","1965-05","0.05"
"SG-001","1965-06","0.04"
"SG-001","1965-07","0.04"
"SG-001","1965-08","0.04"
"SG-001","1965-09","0.04"
"SG-001","1965-10","0.04"
"SG-001","1965-11","0.04"
"SG-001","1965-12","0.04"
"SG-001","1966-01","0.05"
"SG-001","1966-02","0.05"
"SG-001","1966-03","0.05"
"SG-001","1966-04","0.05"
"SG-001","1966-05","0.05"
"SG-001","1966-06","0.04"
"SG-001","1966-07","0.04"
"SG-001","1966-08","0.04"
"SG-001","1966-09","0.03"
"SG-001","1966-10","0.03"
"SG-001","1966-11","0.03"
"SG-001","1966-12","0.03"
"SG-001","1967-01","0.03"
"SG-001","1967-02","0.04"
"SG-001","1967-03","0.03"
"SG-001","1967-04","0.05"
"SG-001","1967-05","0.06"
"SG-001","1967-06","0.05"
"SG-001","1967-07","0.04"
"SG-001","1967-08","0.04"
"SG-001","1967-09","0.04"
"SG-001","1967-10","0.04"
"SG-001","1967-11","0.05"
"SG-001","1967-12","0.05"
"SG-001","1968-01","0.05"
"SG-001","1968-02","0.05"
"SG-001","1968-03","0.04"
"SG-001","1968-04","0.04"
"SG-001","1968-05","0.04"
"SG-001","1968-06","0.04"
"SG-001","1968-07","0.04"
"SG-001","1968-08","0.03"
"SG-001","1968-09","0.03"
"SG-001","1968-10","0.04"
"SG-001","1968-11","0.05"
"SG-001","1968-12","0.06"
"SG-001","1969-01","0.06"
"SG-001","1969-02","0.07"
"SG-001","1969-03","0.08"
"SG-001","1969-04","0.08"
"SG-001","1969-05","0.08"
"SG-001","1969-06","0.08"
"SG-001","1969-07","0.08"
"SG-001","1969-08","0.07"
"SG-001","1969-09","0.06"
"SG-001","1969-10","0.07"
"SG-001","1969-11","0.07"
"SG-001","1969-12","0.06"
"SG-001","1970-01","0.08"
"SG-001","1970-02","0.07"
"SG-001","1970-03","0.07"
"SG-001","1970-04","0.08"
"SG-001","1970-05","0.08"
"SG-001","1970-06","0.08"
"SG-001","1970-07","0.08"
"SG-001","1970-08","0.08"
"SG-001","1970-09","0.09"
"SG-001","1970-10","0.09"
"SG-001","1970-11","0.09"
"SG-001","1970-12","0.09"
"SG-001","1971-01","0.1"
"SG-001","1971-02","0.11"
"SG-001","1971-03","0.1"
"SG-001","1971-04","0.1"
"SG-001","1971-05","0.1"
"SG-001","1971-06","0.09"
"SG-001","1971-07","0.09"
"SG-001","1971-08","0.09"
"SG-001","1971-09","0.09"
"SG-001","1971-10","0.09"
"SG-001","1971-11","0.09"
"SG-001","1971-12","0.13"
"SG-001","1972-01","0.17"
"SG-001","1972-02","0.18"
"SG-001","1972-03","0.19"
"SG-001","1972-04","0.16"
"SG-001","1972-05","0.15"
"SG-001","1972-06","0.14"
"SG-001","1972-07","0.12"
"SG-001","1972-08","0.14"
"SG-001","1972-09","0.16"
"SG-001","1972-10","0.16"
"SG-001","1972-11","0.16"
"SG-001","1972-12","0.2"
"SG-001","1973-01","0.21"
"SG-001","1973-02","0.2"
"SG-001","1973-03","0.19"
"SG-001","1973-04","0.2"
"SG-001","1973-05","0.2"
"SG-001","1973-06","0.21"
"SG-001","1973-07","0.21"
"SG-001","1973-08","0.2"
"SG-001","1973-09","0.2"
"SG-001","1973-10","0.21"
"SG-001","1973-11","0.22"
"SG-001","1973-12","0.26"
"SG-001","1974-01","0.33"
"SG-001","1974-02","0.47"
"SG-001","1974-03","0.47"
"SG-001","1974-04","0.48"
"SG-001","1974-05","0.52"
"SG-001","1974-06","0.52"
"SG-001","1974-07","0.55"
"SG-001","1974-08","0.68"
"SG-001","1974-09","0.75"
"SG-001","1974-10","0.87"
"SG-001","1974-11","1.24"
"SG-001","1974-12","0.99"
"SG-001","1975-01","0.84"
"SG-001","1975-02","0.75"
"SG-001","1975-03","0.58"
"SG-001","1975-04","0.53"
"SG-001","1975-05","0.39"
"SG-001","1975-06","0.3"
"SG-001","1975-07","0.37"
"SG-001","1975-08","0.41"
"SG-001","1975-09","0.34"
"SG-001","1975-10","0.31"
"SG-001","1975-11","0.3"
"SG-001","1975-12","0.29"
"SG-001","1976-01","0.31"
"SG-001","1976-02","0.3"
"SG-001","1976-03","0.33"
"SG-001","1976-04","0.31"
"SG-001","1976-05","0.32"
"SG-001","1976-06","0.29"
"SG-001","1976-07","0.29"
"SG-001","1976-08","0.22"
"SG-001","1976-09","0.18"
"SG-001","1976-10","0.18"
"SG-001","1976-11","0.17"
"SG-001","1976-12","0.17"
"SG-001","1977-01","0.18"
"SG-001","1977-02","0.19"
"SG-001","1977-03","0.2"
"SG-001","1977-04","0.22"
"SG-001","1977-05","0.2"
"SG-001","1977-06","0.17"
"SG-001","1977-07","0.16"
"SG-001","1977-08","0.17"
"SG-001","1977-09","0.16"
"SG-001","1977-10","0.16"
"SG-001","1977-11","0.16"
"SG-001","1977-12","0.18"
"SG-001","1978-01","0.19"
"SG-001","1978-02","0.19"
"SG-001","1978-03","0.17"
"SG-001","1978-04","0.17"
"SG-001","1978-05","0.16"
"SG-001","1978-06","0.16"
"SG-001","1978-07","0.14"
"SG-001","1978-08","0.16"
"SG-001","1978-09","0.18"
"SG-001","1978-10","0.2"
"SG-001","1978-11","0.18"
"SG-001","1978-12","0.18"
"SG-001","1979-01","0.17"
"SG-001","1979-02","0.18"
"SG-001","1979-03","0.19"
"SG-001","1979-04","0.17"
"SG-001","1979-05","0.17"
"SG-001","1979-06","0.18"
"SG-001","1979-07","0.19"
"SG-001","1979-08","0.2"
"SG-001","1979-09","0.22"
"SG-001","1979-10","0.26"
"SG-001","1979-11","0.3"
"SG-001","1979-12","0.33"
"SG-001","1980-01","0.38"
"SG-001","1980-02","0.5"
"SG-001","1980-03","0.43"
"SG-001","1980-04","0.47"
"SG-001","1980-05","0.68"
"SG-001","1980-06","0.68"
"SG-001","1980-07","0.61"
"SG-001","1980-08","0.7"
"SG-001","1980-09","0.76"
"SG-001","1980-10","0.89"
"SG-001","1980-11","0.83"
"SG-001","1980-12","0.63"
"SG-001","1981-01","0.62"
"SG-001","1981-02","0.53"
"SG-001","1981-03","0.5"
"SG-001","1981-04","0.39"
"SG-001","1981-05","0.33"
"SG-001","1981-06","0.36"
"SG-001","1981-07","0.36"
"SG-001","1981-08","0.33"
"SG-001","1981-09","0.26"
"SG-001","1981-10","0.27"
"SG-001","1981-11","0.26"
"SG-001","1981-12","0.29"
"SG-001","1982-01","0.29"
"SG-001","1982-02","0.29"
"SG-001","1982-03","0.25"
"SG-001","1982-04","0.21"
"SG-001","1982-05","0.18"
"SG-001","1982-06","0.15"
"SG-001","1982-07","0.17"
"SG-001","1982-08","0.15"
"SG-001","1982-09","0.13"
"SG-001","1982-10","0.13"
"SG-001","1982-11","0.14"
"SG-001","1982-12","0.14"
"SG-001","1983-01","0.13"
"SG-001","1983-02","0.14"
"SG-001","1983-03","0.14"
"SG-001","1983-04","0.15"
"SG-001","1983-05","0.2"
"SG-001","1983-06","0.24"
"SG-001","1983-07","0.23"
"SG-001","1983-08","0.23"
"SG-001","1983-09","0.21"
"SG-001","1983-10","0.21"
"SG-001","1983-11","0.18"
"SG-001","1983-12","0.17"
"SG-001","1984-01","0.15"
"SG-001","1984-02","0.15"
"SG-001","1984-03","0.14"
"SG-001","1984-04","0.13"
"SG-001","1984-05","0.12"
"SG-001","1984-06","0.12"
"SG-001","1984-07","0.1"
"SG-001","1984-08","0.09"
"SG-001","1984-09","0.09"
"SG-001","1984-10","0.1"
"SG-001","1984-11","0.1"
"SG-001","1984-12","0.08"
"SG-001","1985-01","0.08"
"SG-001","1985-02","0.08"
"SG-001","1985-03","0.08"
"SG-001","1985-04","0.08"
"SG-001","1985-05","0.06"
"SG-001","1985-06","0.06"
"SG-001","1985-07","0.07"
"SG-001","1985-08","0.1"
"SG-001","1985-09","0.11"
"SG-001","1985-10","0.11"
"SG-001","1985-11","0.12"
"SG-001","1985-12","0.12"
"SG-001","1986-01","0.11"
"SG-001","1986-02","0.12"
"SG-001","1986-03","0.15"
"SG-001","1986-04","0.18"
"SG-001","1986-05","0.17"
"SG-001","1986-06","0.14"
"SG-001","1986-07","0.12"
"SG-001","1986-08","0.12"
"SG-001","1986-09","0.1"
"SG-001","1986-10","0.12"
"SG-001","1986-11","0.13"
"SG-001","1986-12","0.13"
"SG-001","1987-01","0.14"
"SG-001","1987-02","0.16"
"SG-001","1987-03","0.17"
"SG-001","1987-04","0.15"
"SG-001","1987-05","0.15"
"SG-001","1987-06","0.14"
"SG-001","1987-07","0.13"
"SG-001","1987-08","0.12"
"SG-001","1987-09","0.13"
"SG-001","1987-10","0.15"
"SG-001","1987-11","0.16"
"SG-001","1987-12","0.18"
"SG-001","1988-01","0.21"
"SG-001","1988-02","0.19"
"SG-001","1988-03","0.19"
"SG-001","1988-04","0.19"
"SG-001","1988-05","0.2"
"SG-001","1988-06","0.23"
"SG-001","1988-07","0.31"
"SG-001","1988-08","0.25"
"SG-001","1988-09","0.22"
"SG-001","1988-10","0.23"
"SG-001","1988-11","0.24"
"SG-001","1988-12","0.25"
"SG-001","1989-01","0.21"
"SG-001","1989-02","0.23"
"SG-001","1989-03","0.25"
"SG-001","1989-04","0.27"
"SG-001","1989-05","0.26"
"SG-001","1989-06","0.28"
"SG-001","1989-07","0.31"
"SG-001","1989-08","0.31"
"SG-001","1989-09","0.31"
"SG-001","1989-10","0.32"
"SG-001","1989-11","0.33"
"SG-001","1989-12","0.3"
"SG-001","1990-01","0.31"
"SG-001","1990-02","0.32"
"SG-001","1990-03","0.34"
"SG-001","1990-04","0.34"
"SG-001","1990-05","0.32"
"SG-001","1990-06","0.29"
"SG-001","1990-07","0.26"
"SG-001","1990-08","0.24"
"SG-001","1990-09","0.24"
"SG-001","1990-10","0.22"
"SG-001","1990-11","0.22"
"SG-001","1990-12","0.21"
"SG-001","1991-01","0.19"
"SG-001","1991-02","0.19"
"SG-001","1991-03","0.2"
"SG-001","1991-04","0.19"
"SG-001","1991-05","0.17"
"SG-001","1991-06","0.2"
"SG-001","1991-07","0.23"
"SG-001","1991-08","0.21"
"SG-001","1991-09","0.2"
"SG-001","1991-10","0.2"
"SG-001","1991-11","0.19"
"SG-001","1991-12","0.2"
"SG-001","1992-01","0.18"
"SG-001","1992-02","0.17"
"SG-001","1992-03","0.18"
"SG-001","1992-04","0.21"
"SG-001","1992-05","0.21"
"SG-001","1992-06","0.23"
"SG-001","1992-07","0.23"
"SG-001","1992-08","0.22"
"SG-001","1992-09","0.21"
"SG-001","1992-10","0.19"
"SG-001","1992-11","0.19"
"SG-001","1992-12","0.18"
"SG-001","1993-01","0.18"
"SG-001","1993-02","0.19"
"SG-001","1993-03","0.23"
"SG-001","1993-04","0.25"
"SG-001","1993-05","0.26"
"SG-001","1993-06","0.23"
"SG-001","1993-07","0.21"
"SG-001","1993-08","0.21"
"SG-001","1993-09","0.21"
"SG-001","1993-10","0.23"
"SG-001","1993-11","0.22"
"SG-001","1993-12","0.23"
"SG-001","1994-01","0.23"
"SG-001","1994-02","0.24"
"SG-001","1994-03","0.26"
"SG-001","1994-04","0.24"
"SG-001","1994-05","0.26"
"SG-001","1994-06","0.27"
"SG-001","1994-07","0.26"
"SG-001","1994-08","0.27"
"SG-001","1994-09","0.28"
"SG-001","1994-10","0.28"
"SG-001","1994-11","0.31"
"SG-001","1994-12","0.32"
"SG-001","1995-01","0.33"
"SG-001","1995-02","0.32"
"SG-001","1995-03","0.32"
"SG-001","1995-04","0.3"
"SG-001","1995-05","0.3"
"SG-001","1995-06","0.31"
"SG-001","1995-07","0.3"
"SG-001","1995-08","0.29"
"SG-001","1995-09","0.26"
"SG-001","1995-10","0.26"
"SG-001","1995-11","0.26"
"SG-001","1995-12","0.27"
"SG-001","1996-01","0.28"
"SG-001","1996-02","0.28"
"SG-001","1996-03","0.28"
"SG-001","1996-04","0.26"
"SG-001","1996-05","0.25"
"SG-001","1996-06","0.27"
"SG-001","1996-07","0.28"
"SG-001","1996-08","0.27"
"SG-001","1996-09","0.26"
"SG-001","1996-10","0.25"
"SG-001","1996-11","0.24"
"SG-001","1996-12","0.24"
"SG-001","1997-01","0.24"
"SG-001","1997-02","0.24"
"SG-001","1997-03","0.24"
"SG-001","1997-04","0.25"
"SG-001","1997-05","0.24"
"SG-001","1997-06","0.25"
"SG-001","1997-07","0.25"
"SG-001","1997-08","0.26"
"SG-001","1997-09","0.25"
"SG-001","1997-10","0.25"
"SG-001","1997-11","0.26"
"SG-001","1997-12","0.27"
"SG-001","1998-01","0.25"
"SG-001","1998-02","0.24"
"SG-001","1998-03","0.22"
"SG-001","1998-04","0.21"
"SG-001","1998-05","0.2"
"SG-001","1998-06","0.18"
"SG-001","1998-07","0.19"
"SG-001","1998-08","0.19"
"SG-001","1998-09","0.16"
"SG-001","1998-10","0.16"
"SG-001","1998-11","0.18"
"SG-001","1998-12","0.18"
"SG-001","1999-01","0.18"
"SG-001","1999-02","0.15"
"SG-001","1999-03","0.13"
"SG-001","1999-04","0.12"
"SG-001","1999-05","0.13"
"SG-001","1999-06","0.13"
"SG-001","1999-07","0.12"
"SG-001","1999-08","0.13"
"SG-001","1999-09","0.15"
"SG-001","1999-10","0.15"
"SG-001","1999-11","0.14"
"SG-001","1999-12","0.13"
"SG-001","2000-01","0.12"
"SG-001","2000-02","0.12"
"SG-001","2000-03","0.11"
"SG-001","2000-04","0.13"
"SG-001","2000-05","0.15"
"SG-001","2000-06","0.18"
"SG-001","2000-07","0.21"
"SG-001","2000-08","0.23"
"SG-001","2000-09","0.22"
"SG-001","2000-10","0.24"
"SG-001","2000-11","0.22"
"SG-001","2000-12","0.22"
"SG-001","2001-01","0.23"
"SG-001","2001-02","0.22"
"SG-001","2001-03","0.2"
"SG-001","2001-04","0.19"
"SG-001","2001-05","0.21"
"SG-001","2001-06","0.2"
"SG-001","2001-07","0.19"
"SG-001","2001-08","0.18"
"SG-001","2001-09","0.17"
"SG-001","2001-10","0.15"
"SG-001","2001-11","0.17"
"SG-001","2001-12","0.17"
"SG-001","2002-01","0.17"
"SG-001","2002-02","0.14"
"SG-001","2002-03","0.15"
"SG-001","2002-04","0.15"
"SG-001","2002-05","0.13"
"SG-001","2002-06","0.13"
"SG-001","2002-07","0.14"
"SG-001","2002-08","0.14"
"SG-001","2002-09","0.15"
"SG-001","2002-10","0.17"
"SG-001","2002-11","0.17"
"SG-001","2002-12","0.18"
"SG-001","2003-01","0.18"
"SG-001","2003-02","0.2"
"SG-001","2003-03","0.18"
"SG-001","2003-04","0.17"
"SG-001","2003-05","0.16"
"SG-001","2003-06","0.15"
"SG-001","2003-07","0.15"
"SG-001","2003-08","0.15"
"SG-001","2003-09","0.13"
"SG-001","2003-10","0.13"
"SG-001","2003-11","0.13"
"SG-001","2003-12","0.14"
"SG-001","2004-01","0.13"
"SG-001","2004-02","0.13"
"SG-001","2004-03","0.14"
"SG-001","2004-04","0.15"
"SG-001","2004-05","0.14"
"SG-001","2004-06","0.15"
"SG-001","2004-07","0.17"
"SG-001","2004-08","0.17"
"SG-001","2004-09","0.17"
"SG-001","2004-10","0.19"
"SG-001","2004-11","0.18"
"SG-001","2004-12","0.18"
"SG-001","2005-01","0.19"
"SG-001","2005-02","0.2"
"SG-001","2005-03","0.2"
"SG-001","2005-04","0.19"
"SG-001","2005-05","0.19"
"SG-001","2005-06","0.2"
"SG-001","2005-07","0.21"
"SG-001","2005-08","0.22"
"SG-001","2005-09","0.23"
"SG-001","2005-10","0.25"
"SG-001","2005-11","0.25"
"SG-001","2005-12","0.29"
"SG-001","2006-01","0.35"
"SG-001","2006-02","0.4"
"SG-001","2006-03","0.38"
"SG-001","2006-04","0.39"
"SG-001","2006-05","0.37"
"SG-001","2006-06","0.34"
"SG-001","2006-07","0.35"
"SG-001","2006-08","0.3"
"SG-001","2006-09","0.27"
"SG-001","2006-10","0.26"
"SG-001","2006-11","0.26"
"SG-001","2006-12","0.26"
"SG-001","2007-01","0.24"
"SG-001","2007-02","0.23"
"SG-001","2007-03","0.23"
"SG-001","2007-04","0.21"
"SG-001","2007-05","0.21"
"SG-001","2007-06","0.2"
"SG-001","2007-07","0.22"
"SG-001","2007-08","0.22"
"SG-001","2007-09","0.22"
"SG-001","2007-10","0.22"
"SG-001","2007-11","0.22"
"SG-001","2007-12","0.24"
"SG-001","2008-01","0.26"
"SG-001","2008-02","0.3"
"SG-001","2008-03","0.29"
"SG-001","2008-04","0.28"
"SG-001","2008-05","0.27"
"SG-001","2008-06","0.27"
"SG-001","2008-07","0.31"
"SG-001","2008-08","0.32"
"SG-001","2008-09","0.3"
"SG-001","2008-10","0.26"
"SG-001","2008-11","0.27"
"SG-001","2008-12","0.26"
"SG-001","2009-01","0.28"
"SG-001","2009-02","0.29"
"SG-001","2009-03","0.3"
"SG-001","2009-04","0.3"
"SG-001","2009-05","0.35"
"SG-001","2009-06","0.36"
"SG-001","2009-07","0.41"
"SG-001","2009-08","0.49"
"SG-001","2009-09","0.51"
"SG-001","2009-10","0.5"
"SG-001","2009-11","0.49"
"SG-001","2009-12","0.52"
"SG-001","2010-01","0.58"
"SG-001","2010-02","0.56"
"SG-001","2010-03","0.41"
"SG-001","2010-04","0.36"
"SG-001","2010-05","0.34"
"SG-001","2010-06","0.35"
"SG-001","2010-07","0.38"
"SG-001","2010-08","0.41"
"SG-001","2010-09","0.5"
"SG-001","2010-10","0.54"
"SG-001","2010-11","0.58"
"SG-001","2010-12","0.62"
"SG-001","2011-01","0.65"
"SG-001","2011-02","0.65"
"SG-001","2011-03","0.58"
"SG-001","2011-04","0.54"
"SG-001","2011-05","0.48"
"SG-001","2011-06","0.56"
"SG-001","2011-07","0.62"
"SG-001","2011-08","0.61"
"SG-001","2011-09","0.59"
"SG-001","2011-10","0.56"
"SG-001","2011-11","0.53"
"SG-001","2011-12","0.51"
"SG-001","2012-01","0.52"
"SG-001","2012-02","0.53"
"SG-001","2012-03","0.53"
"SG-001","2012-04","0.5"
"SG-001","2012-05","0.46"
"SG-001","2012-06","0.45"
"SG-001","2012-07","0.5"
"SG-001","2012-08","0.46"
"SG-001","2012-09","0.44"
"SG-001","2012-10","0.45"
"SG-001","2012-11","0.43"
"SG-001","2012-12","0.43"
"SG-001","2013-01","0.42"
"SG-001","2013-02","0.4"
"SG-001","2013-03","0.41"
"SG-001","2013-04","0.39"
"SG-001","2013-05","0.39"
"SG-001","2013-06","0.38"
"SG-001","2013-07","0.37"
"SG-001","2013-08","0.38"
"SG-001","2013-09","0.38"
"SG-001","2013-10","0.41"
"SG-001","2013-11","0.39"
"SG-001","2013-12","0.36"
"SG-001","2014-01","0.34"
"SG-001","2014-02","0.37"
"SG-001","2014-03","0.39"
"SG-001","2014-04","0.39"
"SG-001","2014-05","0.4"
"SG-001","2014-06","0.4"
"SG-001","2014-07","0.4"
"SG-001","2014-08","0.38"
"SG-001","2014-09","0.35"
"SG-001","2014-10","0.37"
"SG-001","2014-11","0.36"
"SG-001","2014-12","0.34"
"SG-001","2015-01","0.34"
"SG-001","2015-02","0.32"
"SG-001","2015-03","0.29"
"SG-001","2015-04","0.29"
"SG-001","2015-05","0.29"
"SG-001","2015-06","0.27"
"SG-001","2015-07","0.28"
"SG-001","2015-08","0.25"
"SG-001","2015-09","0.26"
"SG-001","2015-10","0.31"
"SG-001","2015-11","0.32"
"SG-001","2015-12","0.32"
"SG-001","2016-01","0.31"
"SG-001","2016-02","0.29"
"SG-001","2016-03","0.34"
"SG-001","2016-04","0.34"
"SG-001","2016-05","0.38"
"SG-001","2016-06","0.43"
"SG-001","2016-07","0.43"
"SG-001","2016-08","0.44"
"SG-001","2016-09","0.47"
"SG-001","2016-10","0.49"
"SG-001","2016-11","0.45"
"SG-001","2016-12","0.41"
"SG-001","2017-01","0.45"
"SG-001","2017-02","0.45"
"SG-001","2017-03","0.4"
"SG-001","2017-04","0.36"
"SG-001","2017-05","0.35"
"SG-001","2017-06","0.31"
"SG-001","2017-07","0.32"
"SG-001","2017-08","0.32"
"SG-001","2017-09","0.32"
"SG-001","2017-10","0.32"
"SG-001","2017-11","0.33"
"SG-001","2017-12","0.32"
"SG-001","2018-01","0.31"
"SG-001","2018-02","0.3"
"SG-001","2018-03","0.28"
"SG-001","2018-04","0.27"
"SG-001","2018-05","0.27"
"SG-001","2018-06","0.28"
"SG-001","2018-07","0.26"
"SG-001","2018-08","0.24"
"SG-001","2018-09","0.25"
"SG-001","2018-10","0.29"
"SG-001","2018-11","0.28"
"SG-001","2018-12","0.28"
"SG-001","2019-01","0.28"
"SG-001","2019-02","0.29"
"SG-001","2019-03","0.28"
"SG-001","2019-04","0.28"
"SG-001","2019-05","0.27"
"SG-001","2019-06","0.28"
"SG-001","2019-07","0.28"
"SG-001","2019-08","0.27"
"SG-001","2019-09","0.26"
"SG-001","2019-10","0.28"
"SG-001","2019-11","0.28"
"SG-001","2019-12","0.3"
"SG-001","2020-01","0.31"
"SG-001","2020-02","0.33"
"SG-001","2020-03","0.26"
"SG-001","2020-04","0.23"
"SG-001","2020-05","0.24"
"SG-001","2020-06","0.27"
"SG-001","2020-07","0.27"
"SG-001","2020-08","0.29"
"SG-001","2020-09","0.28"
"SG-001","2020-10","0.3"
"SG-001","2020-11","0.31"
"SG-001","2020-12","0.31"
"SG-001","2021-01","0.34"
"SG-001","2021-02","0.36"
"SG-001","2021-03","0.34"
"SG-001","2021-04","0.36"
"SG-001","2021-05","0.38"
"SG-001","2021-06","0.38"
"SG-001","2021-07","0.39"
"SG-001","2021-08","0.43"
"SG-001","2021-09","0.43"
"SG-001","2021-10","0.42"
"SG-001","2021-11","0.43"
"SG-001","2021-12","0.42"
"SG-001","2022-01","0.4"
"SG-001","2022-02","0.39"
"SG-001","2022-03","0.42"
"SG-001","2022-04","0.43"
"SG-001","2022-05","0.43"
"SG-001","2022-06","0.42"
"SG-001","2022-07","0.4"
"SG-001","2022-08","0.39"
"SG-001","2022-09","0.39"
"SG-001","2022-10","0.39"
"SG-001","2022-11","0.41"
"SG-001","2022-12","0.42"
"SG-001","2023-01","0.42"
"SG-001","2023-02","0.45"
"SG-001","2023-03","0.45"
"SG-001","2023-04","0.53"
"SG-001","2023-05","0.56"
"SG-001","2023-06","0.54"
"SG-001","2023-07","0.52"
"SG-001","2023-08","0.53"
"SG-001","2023-09","0.58"
"SG-001","2023-10","0.57"
"SG-001","2023-11","0.57"
"SG-001","2023-12","0.48"
"SG-001","2024-01","0.48"
"SG-001","2024-02","0.5"
"SG-001","2024-03","0.48"
"SG-001","2024-04","0.45"
"SG-001","2024-05","0.42"
"SG-001","2024-06","0.43"
"SG-001","2024-07","0.43"
"SG-001","2024-08","0.41"
"SG-001","2024-09","0.45"
"SG-001","2024-10","0.46"
"SG-001","2024-11","0.45"
"SG-001","2024-12","0.44"
"SG-001","2025-01","0.4"
"SG-001","2025-02","0.42"
"SG-001","2025-03","0.42"
"SG-001","2025-04","0.4"
"SG-001","2025-05","0.39"
"SG-001","2025-06","0.37"
"SG-001","2025-07","0.37"
"SG-001","2025-08","0.37"
"SG-001","2025-09","0.35"
"SG-001","2025-10","0.34"
"SG-001","2025-11","0.32"
"SG-001","2025-12","0.32"
"SG-001","2026-01","0.32"
"SG-001","2026-02","0.31"
"SG-001","2026-03","0.33"
"SG-001","2026-04","0.32"
"SG-001","2026-05","0.34"
"SG-001","2026-06","0.32"
"SG-002","1960-01","0.12"
"SG-002","1960-02","0.12"
"SG-002","1960-03","0.12"
"SG-002","1960-04","0.12"
"SG-002","1960-05","0.12"
"SG-002","1960-06","0.12"
"SG-002","1960-07","0.12"
"SG-002","1960-08","0.12"
"SG-002","1960-09","0.12"
"SG-002","1960-10","0.12"
"SG-002","1960-11","0.12"
"SG-002","1960-12","0.12"
"SG-002","1961-01","0.12"
"SG-002","1961-02","0.12"
"SG-002","1961-03","0.12"
"SG-002","1961-04","0.12"
"SG-002","1961-05","0.12"
"SG-002","1961-06","0.12"
"SG-002","1961-07","0.12"
"SG-002","1961-08","0.12"
"SG-002","1961-09","0.12"
"SG-002","1961-10","0.12"
"SG-002","1961-11","0.12"
"SG-002","1961-12","0.12"
"SG-002","1962-01","0.13"
"SG-002","1962-02","0.13"
"SG-002","1962-03","0.13"
"SG-002","1962-04","0.13"
"SG-002","1962-05","0.13"
"SG-002","1962-06","0.13"
"SG-002","1962-07","0.13"
"SG-002","1962-08","0.13"
"SG-002","1962-09","0.13"
"SG-002","1962-10","0.13"
"SG-002","1962-11","0.13"
"SG-002","1962-12","0.13"
"SG-002","1963-01","0.13"
"SG-002","1963-02","0.13"
"SG-002","1963-03","0.13"
"SG-002","1963-04","0.13"
"SG-002","1963-05","0.13"
"SG-002","1963-06","0.13"
"SG-002","1963-07","0.13"
"SG-002","1963-08","0.13"
"SG-002","1963-09","0.13"
"SG-002","1963-10","0.13"
"SG-002","1963-11","0.13"
"SG-002","1963-12","0.13"
"SG-002","1964-01","0.13"
"SG-002","1964-02","0.13"
"SG-002","1964-03","0.13"
"SG-002","1964-04","0.13"
"SG-002","1964-05","0.13"
"SG-002","1964-06","0.13"
"SG-002","1964-07","0.13"
"SG-002","1964-08","0.13"
"SG-002","1964-09","0.13"
"SG-002","1964-10","0.13"
"SG-002","1964-11","0.13"
"SG-002","1964-12","0.12"
"SG-002","1965-01","0.12"
"SG-002","1965-02","0.12"
"SG-002","1965-03","0.12"
"SG-002","1965-04","0.12"
"SG-002","1965-05","0.12"
"SG-002","1965-06","0.12"
"SG-002","1965-07","0.12"
"SG-002","1965-08","0.12"
"SG-002","1965-09","0.12"
"SG-002","1965-10","0.12"
"SG-002","1965-11","0.12"
"SG-002","1965-12","0.12"
"SG-002","1966-01","0.13"
"SG-002","1966-02","0.13"
"SG-002","1966-03","0.13"
"SG-002","1966-04","0.13"
"SG-002","1966-05","0.13"
"SG-002","1966-06","0.13"
"SG-002","1966-07","0.13"
"SG-002","1966-08","0.13"
"SG-002","1966-09","0.13"
"SG-002","1966-10","0.13"
"SG-002","1966-11","0.13"
"SG-002","1966-12","0.13"
"SG-002","1967-01","0.13"
"SG-002","1967-02","0.13"
"SG-002","1967-03","0.13"
"SG-002","1967-04","0.13"
"SG-002","1967-05","0.13"
"SG-002","1967-06","0.13"
"SG-002","1967-07","0.13"
"SG-002","1967-08","0.13"
"SG-002","1967-09","0.13"
"SG-002","1967-10","0.13"
"SG-002","1967-11","0.13"
"SG-002","1967-12","0.13"
"SG-002","1968-01","0.11"
"SG-002","1968-02","0.11"
"SG-002","1968-03","0.11"
"SG-002","1968-04","0.11"
"SG-002","1968-05","0.11"
"SG-002","1968-06","0.11"
"SG-002","1968-07","0.11"
"SG-002","1968-08","0.11"
"SG-002","1968-09","0.11"
"SG-002","1968-10","0.11"
"SG-002","1968-11","0.11"
"SG-002","1968-12","0.11"
"SG-002","1969-01","0.11"
"SG-002","1969-02","0.11"
"SG-002","1969-03","0.11"
"SG-002","1969-04","0.11"
"SG-002","1969-05","0.11"
"SG-002","1969-06","0.11"
"SG-002","1969-07","0.11"
"SG-002","1969-08","0.11"
"SG-002","1969-09","0.11"
"SG-002","1969-10","0.11"
"SG-002","1969-11","0.11"
"SG-002","1969-12","0.11"
"SG-002","1970-01","0.11"
"SG-002","1970-02","0.11"
"SG-002","1970-03","0.11"
"SG-002","1970-04","0.11"
"SG-002","1970-05","0.11"
"SG-002","1970-06","0.11"
"SG-002","1970-07","0.11"
"SG-002","1970-08","0.11"
"SG-002","1970-09","0.11"
"SG-002","1970-10","0.11"
"SG-002","1970-11","0.11"
"SG-002","1970-12","0.11"
"SG-002","1971-01","0.11"
"SG-002","1971-02","0.11"
"SG-002","1971-03","0.11"
"SG-002","1971-04","0.11"
"SG-002","1971-05","0.11"
"SG-002","1971-06","0.11"
"SG-002","1971-07","0.11"
"SG-002","1971-08","0.11"
"SG-002","1971-09","0.12"
"SG-002","1971-10","0.12"
"SG-002","1971-11","0.12"
"SG-002","1971-12","0.12"
"SG-002","1972-01","0.15"
"SG-002","1972-02","0.16"
"SG-002","1972-03","0.16"
"SG-002","1972-04","0.16"
"SG-002","1972-05","0.16"
"SG-002","1972-06","0.15"
"SG-002","1972-07","0.15"
"SG-002","1972-08","0.15"
"SG-002","1972-09","0.15"
"SG-002","1972-10","0.14"
"SG-002","1972-11","0.14"
"SG-002","1972-12","0.14"
"SG-002","1973-01","0.14"
"SG-002","1973-02","0.15"
"SG-002","1973-03","0.15"
"SG-002","1973-04","0.15"
"SG-002","1973-05","0.15"
"SG-002","1973-06","0.15"
"SG-002","1973-07","0.15"
"SG-002","1973-08","0.15"
"SG-002","1973-09","0.15"
"SG-002","1973-10","0.15"
"SG-002","1973-11","0.14"
"SG-002","1973-12","0.14"
"SG-002","1974-01","0.18"
"SG-002","1974-02","0.19"
"SG-002","1974-03","0.19"
"SG-002","1974-04","0.2"
"SG-002","1974-05","0.2"
"SG-002","1974-06","0.2"
"SG-002","1974-07","0.2"
"SG-002","1974-08","0.19"
"SG-002","1974-09","0.32"
"SG-002","1974-10","0.32"
"SG-002","1974-11","0.32"
"SG-002","1974-12","0.32"
"SG-002","1975-01","0.6"
"SG-002","1975-02","0.33"
"SG-002","1975-03","0.33"
"SG-002","1975-04","0.33"
"SG-002","1975-05","0.33"
"SG-002","1975-06","0.33"
"SG-002","1975-07","0.32"
"SG-002","1975-08","0.31"
"SG-002","1975-09","0.3"
"SG-002","1975-10","0.3"
"SG-002","1975-11","0.3"
"SG-002","1975-12","0.3"
"SG-002","1976-01","0.3"
"SG-002","1976-02","0.3"
"SG-002","1976-03","0.29"
"SG-002","1976-04","0.3"
"SG-002","1976-05","0.3"
"SG-002","1976-06","0.29"
"SG-002","1976-07","0.29"
"SG-002","1976-08","0.29"
"SG-002","1976-09","0.3"
"SG-002","1976-10","0.3"
"SG-002","1976-11","0.3"
"SG-002","1976-12","0.3"
"SG-002","1977-01","0.3"
"SG-002","1977-02","0.3"
"SG-002","1977-03","0.3"
"SG-002","1977-04","0.3"
"SG-002","1977-05","0.31"
"SG-002","1977-06","0.31"
"SG-002","1977-07","0.31"
"SG-002","1977-08","0.31"
"SG-002","1977-09","0.31"
"SG-002","1977-10","0.31"
"SG-002","1977-11","0.32"
"SG-002","1977-12","0.33"
"SG-002","1978-01","0.33"
"SG-002","1978-02","0.34"
"SG-002","1978-03","0.34"
"SG-002","1978-04","0.34"
"SG-002","1978-05","0.33"
"SG-002","1978-06","0.34"
"SG-002","1978-07","0.35"
"SG-002","1978-08","0.36"
"SG-002","1978-09","0.36"
"SG-002","1978-10","0.38"
"SG-002","1978-11","0.37"
"SG-002","1978-12","0.37"
"SG-002","1979-01","0.38"
"SG-002","1979-02","0.38"
"SG-002","1979-03","0.38"
"SG-002","1979-04","0.37"
"SG-002","1979-05","0.37"
"SG-002","1979-06","0.37"
"SG-002","1979-07","0.47"
"SG-002","1979-08","0.47"
"SG-002","1979-09","0.48"
"SG-002","1979-10","0.48"
"SG-002","1979-11","0.48"
"SG-002","1979-12","0.49"
"SG-002","1980-01","0.49"
"SG-002","1980-02","0.49"
"SG-002","1980-03","0.46"
"SG-002","1980-04","0.46"
"SG-002","1980-05","0.48"
"SG-002","1980-06","0.49"
"SG-002","1980-07","0.52"
"SG-002","1980-08","0.51"
"SG-002","1980-09","0.51"
"SG-002","1980-10","0.5"
"SG-002","1980-11","0.48"
"SG-002","1980-12","0.47"
"SG-002","1981-01","0.46"
"SG-002","1981-02","0.43"
"SG-002","1981-03","0.43"
"SG-002","1981-04","0.42"
"SG-002","1981-05","0.4"
"SG-002","1981-06","0.38"
"SG-002","1981-07","0.4"
"SG-002","1981-08","0.39"
"SG-002","1981-09","0.41"
"SG-002","1981-10","0.42"
"SG-002","1981-11","0.43"
"SG-002","1981-12","0.42"
"SG-002","1982-01","0.42"
"SG-002","1982-02","0.4"
"SG-002","1982-03","0.39"
"SG-002","1982-04","0.39"
"SG-002","1982-05","0.4"
"SG-002","1982-06","0.38"
"SG-002","1982-07","0.41"
"SG-002","1982-08","0.41"
"SG-002","1982-09","0.4"
"SG-002","1982-10","0.4"
"SG-002","1982-11","0.39"
"SG-002","1982-12","0.41"
"SG-002","1983-01","0.41"
"SG-002","1983-02","0.4"
"SG-002","1983-03","0.4"
"SG-002","1983-04","0.39"
"SG-002","1983-05","0.39"
"SG-002","1983-06","0.38"
"SG-002","1983-07","0.39"
"SG-002","1983-08","0.38"
"SG-002","1983-09","0.38"
"SG-002","1983-10","0.38"
"SG-002","1983-11","0.37"
"SG-002","1983-12","0.36"
"SG-002","1984-01","0.36"
"SG-002","1984-02","0.37"
"SG-002","1984-03","0.38"
"SG-002","1984-04","0.37"
"SG-002","1984-05","0.36"
"SG-002","1984-06","0.36"
"SG-002","1984-07","0.36"
"SG-002","1984-08","0.36"
"SG-002","1984-09","0.34"
"SG-002","1984-10","0.44"
"SG-002","1984-11","0.34"
"SG-002","1984-12","0.32"
"SG-002","1985-01","0.31"
"SG-002","1985-02","0.3"
"SG-002","1985-03","0.3"
"SG-002","1985-04","0.34"
"SG-002","1985-05","0.34"
"SG-002","1985-06","0.35"
"SG-002","1985-07","0.37"
"SG-002","1985-08","0.37"
"SG-002","1985-09","0.37"
"SG-002","1985-10","0.38"
"SG-002","1985-11","0.39"
"SG-002","1985-12","0.39"
"SG-002","1986-01","0.4"
"SG-002","1986-02","0.4"
"SG-002","1986-03","0.41"
"SG-002","1986-04","0.42"
"SG-002","1986-05","0.42"
"SG-002","1986-06","0.42"
"SG-002","1986-07","0.43"
"SG-002","1986-08","0.42"
"SG-002","1986-09","0.41"
"SG-002","1986-10","0.4"
"SG-002","1986-11","0.4"
"SG-002","1986-12","0.4"
"SG-002","1987-01","0.42"
"SG-002","1987-02","0.43"
"SG-002","1987-03","0.45"
"SG-002","1987-04","0.46"
"SG-002","1987-05","0.47"
"SG-002","1987-06","0.46"
"SG-002","1987-07","0.47"
"SG-002","1987-08","0.47"
"SG-002","1987-09","0.48"
"SG-002","1987-10","0.49"
"SG-002","1987-11","0.52"
"SG-002","1987-12","0.54"
"SG-002","1988-01","0.53"
"SG-002","1988-02","0.52"
"SG-002","1988-03","0.54"
"SG-002","1988-04","0.55"
"SG-002","1988-05","0.55"
"SG-002","1988-06","0.53"
"SG-002","1988-07","0.5"
"SG-002","1988-08","0.5"
"SG-002","1988-09","0.5"
"SG-002","1988-10","0.51"
"SG-002","1988-11","0.53"
"SG-002","1988-12","0.54"
"SG-002","1989-01","0.54"
"SG-002","1989-02","0.53"
"SG-002","1989-03","0.52"
"SG-002","1989-04","0.52"
"SG-002","1989-05","0.49"
"SG-002","1989-06","0.47"
"SG-002","1989-07","0.5"
"SG-002","1989-08","0.49"
"SG-002","1989-09","0.48"
"SG-002","1989-10","0.49"
"SG-002","1989-11","0.49"
"SG-002","1989-12","0.49"
"SG-002","1990-01","0.51"
"SG-002","1990-02","0.52"
"SG-002","1990-03","0.5"
"SG-002","1990-04","0.51"
"SG-002","1990-05","0.52"
"SG-002","1990-06","0.53"
"SG-002","1990-07","0.62"
"SG-002","1990-08","0.65"
"SG-002","1990-09","0.64"
"SG-002","1990-10","0.67"
"SG-002","1990-11","0.67"
"SG-002","1990-12","0.66"
"SG-002","1991-01","0.66"
"SG-002","1991-02","0.67"
"SG-002","1991-03","0.63"
"SG-002","1991-04","0.6"
"SG-002","1991-05","0.59"
"SG-002","1991-06","0.56"
"SG-002","1991-07","0.58"
"SG-002","1991-08","0.59"
"SG-002","1991-09","0.6"
"SG-002","1991-10","0.6"
"SG-002","1991-11","0.62"
"SG-002","1991-12","0.64"
"SG-002","1992-01","0.63"
"SG-002","1992-02","0.62"
"SG-002","1992-03","0.6"
"SG-002","1992-04","0.61"
"SG-002","1992-05","0.63"
"SG-002","1992-06","0.65"
"SG-002","1992-07","0.67"
"SG-002","1992-08","0.68"
"SG-002","1992-09","0.65"
"SG-002","1992-10","0.6"
"SG-002","1992-11","0.57"
"SG-002","1992-12","0.61"
"SG-002","1993-01","0.63"
"SG-002","1993-02","0.61"
"SG-002","1993-03","0.63"
"SG-002","1993-04","0.66"
"SG-002","1993-05","0.66"
"SG-002","1993-06","0.64"
"SG-002","1993-07","0.61"
"SG-002","1993-08","0.6"
"SG-002","1993-09","0.61"
"SG-002","1993-10","0.6"
"SG-002","1993-11","0.59"
"SG-002","1993-12","0.59"
"SG-002","1994-01","0.6"
"SG-002","1994-02","0.59"
"SG-002","1994-03","0.6"
"SG-002","1994-04","0.59"
"SG-002","1994-05","0.6"
"SG-002","1994-06","0.61"
"SG-002","1994-07","0.63"
"SG-002","1994-08","0.63"
"SG-002","1994-09","0.65"
"SG-002","1994-10","0.66"
"SG-002","1994-11","0.66"
"SG-002","1994-12","0.65"
"SG-002","1995-01","0.65"
"SG-002","1995-02","0.65"
"SG-002","1995-03","0.68"
"SG-002","1995-04","0.7"
"SG-002","1995-05","0.71"
"SG-002","1995-06","0.7"
"SG-002","1995-07","0.7"
"SG-002","1995-08","0.69"
"SG-002","1995-09","0.69"
"SG-002","1995-10","0.7"
"SG-002","1995-11","0.7"
"SG-002","1995-12","0.68"
"SG-002","1996-01","0.69"
"SG-002","1996-02","0.69"
"SG-002","1996-03","0.69"
"SG-002","1996-04","0.68"
"SG-002","1996-05","0.68"
"SG-002","1996-06","0.68"
"SG-002","1996-07","0.7"
"SG-002","1996-08","0.68"
"SG-002","1996-09","0.68"
"SG-002","1996-10","0.69"
"SG-002","1996-11","0.7"
"SG-002","1996-12","0.65"
"SG-002","1997-01","0.69"
"SG-002","1997-02","0.65"
"SG-002","1997-03","0.65"
"SG-002","1997-04","0.63"
"SG-002","1997-05","0.63"
"SG-002","1997-06","0.64"
"SG-002","1997-07","0.63"
"SG-002","1997-08","0.6"
"SG-002","1997-09","0.58"
"SG-002","1997-10","0.59"
"SG-002","1997-11","0.61"
"SG-002","1997-12","0.61"
"SG-002","1998-01","0.6"
"SG-002","1998-02","0.6"
"SG-002","1998-03","0.61"
"SG-002","1998-04","0.61"
"SG-002","1998-05","0.59"
"SG-002","1998-06","0.59"
"SG-002","1998-07","0.58"
"SG-002","1998-08","0.58"
"SG-002","1998-09","0.6"
"SG-002","1998-10","0.61"
"SG-002","1998-11","0.61"
"SG-002","1998-12","0.61"
"SG-002","1999-01","0.6"
"SG-002","1999-02","0.6"
"SG-002","1999-03","0.59"
"SG-002","1999-04","0.59"
"SG-002","1999-05","0.59"
"SG-002","1999-06","0.58"
"SG-002","1999-07","0.58"
"SG-002","1999-08","0.59"
"SG-002","1999-09","0.59"
"SG-002","1999-10","0.61"
"SG-002","1999-11","0.59"
"SG-002","1999-12","0.59"
"SG-002","2000-01","0.6"
"SG-002","2000-02","0.59"
"SG-002","2000-03","0.58"
"SG-002","2000-04","0.58"
"SG-002","2000-05","0.55"
"SG-002","2000-06","0.55"
"SG-002","2000-07","0.55"
"SG-002","2000-08","0.55"
"SG-002","2000-09","0.52"
"SG-002","2000-10","0.53"
"SG-002","2000-11","0.52"
"SG-002","2000-12","0.53"
"SG-002","2001-01","0.53"
"SG-002","2001-02","0.53"
"SG-002","2001-03","0.53"
"SG-002","2001-04","0.56"
"SG-002","2001-05","0.52"
"SG-002","2001-06","0.51"
"SG-002","2001-07","0.52"
"SG-002","2001-08","0.53"
"SG-002","2001-09","0.53"
"SG-002","2001-10","0.53"
"SG-002","2001-11","0.53"
"SG-002","2001-12","0.53"
"SG-002","2002-01","0.52"
"SG-002","2002-02","0.52"
"SG-002","2002-03","0.52"
"SG-002","2002-04","0.53"
"SG-002","2002-05","0.53"
"SG-002","2002-06","0.54"
"SG-002","2002-07","0.57"
"SG-002","2002-08","0.56"
"SG-002","2002-09","0.57"
"SG-002","2002-10","0.57"
"SG-002","2002-11","0.58"
"SG-002","2002-12","0.58"
"SG-002","2003-01","0.59"
"SG-002","2003-02","0.59"
"SG-002","2003-03","0.58"
"SG-002","2003-04","0.58"
"SG-002","2003-05","0.59"
"SG-002","2003-06","0.61"
"SG-002","2003-07","0.59"
"SG-002","2003-08","0.58"
"SG-002","2003-09","0.59"
"SG-002","2003-10","0.61"
"SG-002","2003-11","0.61"
"SG-002","2003-12","0.64"
"SG-002","2004-01","0.67"
"SG-002","2004-02","0.68"
"SG-002","2004-03","0.67"
"SG-002","2004-04","0.66"
"SG-002","2004-05","0.65"
"SG-002","2004-06","0.67"
"SG-002","2004-07","0.67"
"SG-002","2004-08","0.67"
"SG-002","2004-09","0.66"
"SG-002","2004-10","0.66"
"SG-002","2004-11","0.68"
"SG-002","2004-12","0.71"
"SG-002","2005-01","0.69"
"SG-002","2005-02","0.69"
"SG-002","2005-03","0.7"
"SG-002","2005-04","0.69"
"SG-002","2005-05","0.68"
"SG-002","2005-06","0.67"
"SG-002","2005-07","0.64"
"SG-002","2005-08","0.66"
"SG-002","2005-09","0.66"
"SG-002","2005-10","0.64"
"SG-002","2005-11","0.63"
"SG-002","2005-12","0.64"
"SG-002","2006-01","0.65"
"SG-002","2006-02","0.64"
"SG-002","2006-03","0.64"
"SG-002","2006-04","0.65"
"SG-002","2006-05","0.68"
"SG-002","2006-06","0.67"
"SG-002","2006-07","0.63"
"SG-002","2006-08","0.64"
"SG-002","2006-09","0.63"
"SG-002","2006-10","0.63"
"SG-002","2006-11","0.64"
"SG-002","2006-12","0.66"
"SG-002","2007-01","0.65"
"SG-002","2007-02","0.65"
"SG-002","2007-03","0.66"
"SG-002","2007-04","0.67"
"SG-002","2007-05","0.67"
"SG-002","2007-06","0.67"
"SG-002","2007-07","0.68"
"SG-002","2007-08","0.68"
"SG-002","2007-09","0.69"
"SG-002","2007-10","0.71"
"SG-002","2007-11","0.73"
"SG-002","2007-12","0.72"
"SG-002","2008-01","0.73"
"SG-002","2008-02","0.73"
"SG-002","2008-03","0.77"
"SG-002","2008-04","0.78"
"SG-002","2008-05","0.77"
"SG-002","2008-06","0.77"
"SG-002","2008-07","0.78"
"SG-002","2008-08","0.74"
"SG-002","2008-09","0.71"
"SG-002","2008-10","0.53"
"SG-002","2008-11","0.5"
"SG-002","2008-12","0.53"
"SG-002","2009-01","0.52"
"SG-002","2009-02","0.5"
"SG-002","2009-03","0.52"
"SG-002","2009-04","0.52"
"SG-002","2009-05","0.54"
"SG-002","2009-06","0.55"
"SG-002","2009-07","0.56"
"SG-002","2009-08","0.56"
"SG-002","2009-09","0.54"
"SG-002","2009-10","0.49"
"SG-002","2009-11","0.5"
"SG-002","2009-12","0.49"
"SG-002","2010-01","0.48"
"SG-002","2010-02","0.46"
"SG-002","2010-03","0.45"
"SG-002","2010-04","0.45"
"SG-002","2010-05","0.42"
"SG-002","2010-06","0.41"
"SG-002","2010-07","0.43"
"SG-002","2010-08","0.43"
"SG-002","2010-09","0.44"
"SG-002","2010-10","0.45"
"SG-002","2010-11","0.45"
"SG-002","2010-12","0.43"
"SG-002","2011-01","0.44"
"SG-002","2011-02","0.45"
"SG-002","2011-03","0.46"
"SG-002","2011-04","0.47"
"SG-002","2011-05","0.47"
"SG-002","2011-06","0.47"
"SG-002","2011-07","0.47"
"SG-002","2011-08","0.47"
"SG-002","2011-09","0.45"
"SG-002","2011-10","0.45"
"SG-002","2011-11","0.44"
"SG-002","2011-12","0.43"
"SG-002","2012-01","0.42"
"SG-002","2012-02","0.43"
"SG-002","2012-03","0.43"
"SG-002","2012-04","0.43"
"SG-002","2012-05","0.42"
"SG-002","2012-06","0.41"
"SG-002","2012-07","0.4"
"SG-002","2012-08","0.41"
"SG-002","2012-09","0.42"
"SG-002","2012-10","0.42"
"SG-002","2012-11","0.42"
"SG-002","2012-12","0.43"
"SG-002","2013-01","0.43"
"SG-002","2013-02","0.44"
"SG-002","2013-03","0.42"
"SG-002","2013-04","0.43"
"SG-002","2013-05","0.42"
"SG-002","2013-06","0.43"
"SG-002","2013-07","0.43"
"SG-002","2013-08","0.43"
"SG-002","2013-09","0.44"
"SG-002","2013-10","0.45"
"SG-002","2013-11","0.44"
"SG-002","2013-12","0.45"
"SG-002","2014-01","0.44"
"SG-002","2014-02","0.45"
"SG-002","2014-03","0.45"
"SG-002","2014-04","0.45"
"SG-002","2014-05","0.45"
"SG-002","2014-06","0.44"
"SG-002","2014-07","0.44"
"SG-002","2014-08","0.43"
"SG-002","2014-09","0.42"
"SG-002","2014-10","0.41"
"SG-002","2014-11","0.41"
"SG-002","2014-12","0.4"
"SG-002","2015-01","0.38"
"SG-002","2015-02","0.37"
"SG-002","2015-03","0.35"
"SG-002","2015-04","0.35"
"SG-002","2015-05","0.36"
"SG-002","2015-06","0.37"
"SG-002","2015-07","0.36"
"SG-002","2015-08","0.36"
"SG-002","2015-09","0.37"
"SG-002","2015-10","0.37"
"SG-002","2015-11","0.35"
"SG-002","2015-12","0.36"
"SG-002","2016-01","0.35"
"SG-002","2016-02","0.36"
"SG-002","2016-03","0.36"
"SG-002","2016-04","0.37"
"SG-002","2016-05","0.37"
"SG-002","2016-06","0.37"
"SG-002","2016-07","0.36"
"SG-002","2016-08","0.37"
"SG-002","2016-09","0.37"
"SG-002","2016-10","0.36"
"SG-002","2016-11","0.35"
"SG-002","2016-12","0.34"
"SG-002","2017-01","0.35"
"SG-002","2017-02","0.35"
"SG-002","2017-03","0.35"
"SG-002","2017-04","0.35"
"SG-002","2017-05","0.36"
"SG-002","2017-06","0.37"
"SG-002","2017-07","0.38"
"SG-002","2017-08","0.39"
"SG-002","2017-09","0.39"
"SG-002","2017-10","0.38"
"SG-002","2017-11","0.38"
"SG-002","2017-12","0.39"
"SG-002","2018-01","0.4"
"SG-002","2018-02","0.4"
"SG-002","2018-03","0.4"
"SG-002","2018-04","0.4"
"SG-002","2018-05","0.39"
"SG-002","2018-06","0.38"
"SG-002","2018-07","0.38"
"SG-002","2018-08","0.38"
"SG-002","2018-09","0.38"
"SG-002","2018-10","0.38"
"SG-002","2018-11","0.37"
"SG-002","2018-12","0.37"
"SG-002","2019-01","0.37"
"SG-002","2019-02","0.37"
"SG-002","2019-03","0.37"
"SG-002","2019-04","0.37"
"SG-002","2019-05","0.37"
"SG-002","2019-06","0.37"
"SG-002","2019-07","0.37"
"SG-002","2019-08","0.36"
"SG-002","2019-09","0.36"
"SG-002","2019-10","0.36"
"SG-002","2019-11","0.36"
"SG-002","2019-12","0.36"
"SG-002","2020-01","0.36"
"SG-002","2020-02","0.36"
"SG-002","2020-03","0.36"
"SG-002","2020-04","0.35"
"SG-002","2020-05","0.36"
"SG-002","2020-06","0.37"
"SG-002","2020-07","0.37"
"SG-002","2020-08","0.39"
"SG-002","2020-09","0.39"
"SG-002","2020-10","0.38"
"SG-002","2020-11","0.39"
"SG-002","2020-12","0.4"
"SG-002","2021-01","0.4"
"SG-002","2021-02","0.4"
"SG-002","2021-03","0.39"
"SG-002","2021-04","0.39"
"SG-002","2021-05","0.4"
"SG-002","2021-06","0.39"
"SG-002","2021-07","0.39"
"SG-002","2021-08","0.38"
"SG-002","2021-09","0.38"
"SG-002","2021-10","0.38"
"SG-002","2021-11","0.37"
"SG-002","2021-12","0.37"
"SG-002","2022-01","0.37"
"SG-002","2022-02","0.37"
"SG-002","2022-03","0.36"
"SG-002","2022-04","0.35"
"SG-002","2022-05","0.35"
"SG-002","2022-06","0.35"
"SG-002","2022-07","0.33"
"SG-002","2022-08","0.33"
"SG-002","2022-09","0.32"
"SG-002","2022-10","0.32"
"SG-002","2022-11","0.33"
"SG-002","2022-12","0.35"
"SG-002","2023-01","0.35"
"SG-002","2023-02","0.35"
"SG-002","2023-03","0.35"
"SG-002","2023-04","0.36"
"SG-002","2023-05","0.36"
"SG-002","2023-06","0.35"
"SG-002","2023-07","0.36"
"SG-002","2023-08","0.36"
"SG-002","2023-09","0.35"
"SG-002","2023-10","0.34"
"SG-002","2023-11","0.35"
"SG-002","2023-12","0.36"
"SG-002","2024-01","0.36"
"SG-002","2024-02","0.35"
"SG-002","2024-03","0.35"
"SG-002","2024-04","0.35"
"SG-002","2024-05","0.35"
"SG-002","2024-06","0.35"
"SG-002","2024-07","0.35"
"SG-002","2024-08","0.36"
"SG-002","2024-09","0.36"
"SG-002","2024-10","0.36"
"SG-002","2024-11","0.35"
"SG-002","2024-12","0.34"
"SG-002","2025-01","0.34"
"SG-002","2025-02","0.34"
"SG-002","2025-03","0.35"
"SG-002","2025-04","0.37"
"SG-002","2025-05","0.37"
"SG-002","2025-06","0.38"
"SG-002","2025-07","0.38"
"SG-002","2025-08","0.38"
"SG-002","2025-09","0.38"
"SG-002","2025-10","0.38"
"SG-002","2025-11","0.38"
"SG-002","2025-12","0.38"
"SG-002","2026-01","0.38"
"SG-002","2026-02","0.39"
"SG-002","2026-03","0.38"
"SG-002","2026-04","0.38"
"SG-002","2026-05","0.38"
"SG-002","2026-06","0.38"
"SG-003","2006-07","630"
"SG-003","2006-08","634"
"SG-003","2006-09","636"
"SG-003","2006-10","632"
"SG-003","2006-11","633"
"SG-003","2006-12","632"
"SG-003","2007-01","629"
"SG-003","2007-02","629"
"SG-003","2007-03","628"
"SG-003","2007-04","627"
"SG-003","2007-05","625"
"SG-003","2007-06","622"
"SG-003","2007-07","621"
"SG-003","2007-08","620"
"SG-003","2007-09","619"
"SG-003","2007-10","617"
"SG-003","2007-11","616"
"SG-003","2007-12","618"
"SG-003","2008-01","612"
"SG-003","2008-02","596"
"SG-003","2008-03","604"
"SG-003","2008-04","602.5"
"SG-003","2008-05","605.57"
"SG-003","2008-06","607.08"
"SG-003","2008-07","598.34"
"SG-003","2008-08","601.45"
"SG-003","2008-09","595.12"
"SG-003","2008-10","577.59"
"SG-003","2008-11","574.43"
"SG-003","2008-12","573.61"
"SG-003","2009-01","564.26"
"SG-003","2009-02","551.04"
"SG-003","2009-03","566.88"
"SG-003","2009-04","563.94"
"SG-003","2009-05","566.35"
"SG-003","2009-06","562.5"
"SG-003","2009-07","561.72"
"SG-003","2009-08","561.32"
"SG-003","2009-09","554.89"
"SG-003","2009-10","499.33"
"SG-003","2009-11","492.84"
"SG-003","2009-12","494.7"
"SG-003","2010-01","478.94"
"SG-003","2010-02","474.21"
"SG-003","2010-03","476.56"
"SG-003","2010-04","477.12"
"SG-003","2010-05","478.6"
"SG-003","2010-06","475.94"
"SG-003","2010-07","477.97"
"SG-003","2010-08","479.14"
"SG-003","2010-09","485.49"
"SG-003","2010-10","485.46"
"SG-003","2010-11","486.38"
"SG-003","2010-12","485.57"
"SG-003","2011-01","497.91"
"SG-003","2011-02","505.22"
"SG-003","2011-03","517.09"
"SG-003","2011-04","529.35"
"SG-003","2011-05","536.28"
"SG-003","2011-06","537.64"
"SG-003","2011-07","547.85"
"SG-003","2011-08","564.28"
"SG-003","2011-09","572.35"
"SG-003","2011-10","633.49"
"SG-003","2011-11","644.89"
"SG-003","2011-12","653.96"
"SG-003","2012-01","682.53"
"SG-003","2012-02","698.64"
"SG-003","2012-03","709.86"
"SG-003","2012-04","715.32"
"SG-003","2012-05","710.98"
"SG-003","2012-06","705.82"
"SG-003","2012-07","709.35"
"SG-003","2012-08","713.25"
"SG-003","2012-09","708.15"
"SG-003","2012-10","720.48"
"SG-003","2012-11","727.94"
"SG-003","2012-12","724.37"
"SG-003","2013-01","738.45"
"SG-003","2013-02","723.82"
"SG-003","2013-03","725.89"
"SG-003","2013-04","729.74"
"SG-003","2013-05","725"
"SG-003","2013-06","722"
"SG-003","2013-07","713"
"SG-003","2013-08","709"
"SG-003","2013-09","689"
"SG-003","2013-10","657"
"SG-003","2013-11","647"
"SG-003","2013-12","624"
"SG-003","2014-01","627"
"SG-003","2014-02","603"
"SG-003","2014-03","604"
"SG-003","2014-04","573"
"SG-003","2014-05","574"
"SG-003","2014-06","562"
"SG-003","2014-07","536"
"SG-003","2014-08","532"
"SG-003","2014-09","509"
"SG-003","2014-10","455"
"SG-003","2014-11","449"
"SG-003","2014-12","435"
"SG-003","2015-01","422"
"SG-003","2015-02","414"
"SG-003","2015-03","419"
"SG-003","2015-04","417"
"SG-003","2015-05","419"
"SG-003","2015-06","414"
"SG-003","2015-07","415"
"SG-003","2015-08","419"
"SG-003","2015-09","425"
"SG-003","2015-10","417"
"SG-003","2015-11","423"
"SG-003","2015-12","427"
"SG-003","2016-01","429"
"SG-003","2016-02","427"
"SG-003","2016-03","433"
"SG-003","2016-04","428"
"SG-003","2016-05","434"
"SG-003","2016-06","437"
"SG-003","2016-07","438"
"SG-003","2016-08","442"
"SG-003","2016-09","450"
"SG-003","2016-10","469"
"SG-003","2016-11","480"
"SG-003","2016-12","479"
"SG-003","2017-01","496"
"SG-003","2017-02","497"
"SG-003","2017-03","495"
"SG-003","2017-04","495"
"SG-003","2017-05","497"
"SG-003","2017-06","498"
"SG-003","2017-07","501"
"SG-003","2017-08","501"
"SG-003","2017-09","490"
"SG-003","2017-10","422"
"SG-003","2017-11","411"
"SG-003","2017-12","400"
"SG-003","2018-01","370.9016"
"SG-003","2018-02","371.7169"
"SG-003","2018-03","375.5504"
"SG-003","2018-04","364.9471"
"SG-003","2018-05","368.0446"
"SG-003","2018-06","361.4086"
"SG-003","2018-07","346.499"
"SG-003","2018-08","347.2946"
"SG-003","2018-09","346.9954"
"SG-003","2018-10","321.0698"
"SG-003","2018-11","319.6845"
"SG-003","2018-12","314.0362"
"SG-003","2019-01","312.2023"
"SG-003","2019-02","313.9721"
"SG-003","2019-03","313.7814"
"SG-003","2019-04","319.1103"
"SG-003","2019-05","319.6536"
"SG-003","2019-06","321.047"
"SG-003","2019-07","319.924"
"SG-003","2019-08","320.1642"
"SG-003","2019-09","327.7814"
"SG-003","2019-10","332.3175"
"SG-003","2019-11","333.8682"
"SG-003","2019-12","342.2393"
"SG-003","2020-01","360.4775"
"SG-003","2020-02","370.7757"
"SG-003","2020-03","374.5252"
"SG-003","2020-04","379.38"
"SG-003","2020-05","375.388"
"SG-003","2020-06","378.6263"
"SG-003","2020-07","378.252"
"SG-003","2020-08","378.3707"
"SG-003","2020-09","376.307"
"SG-003","2020-10","381.0587"
"SG-003","2020-11","378.998"
"SG-003","2020-12","379.3174"
"SG-003","2021-01","388.0283"
"SG-003","2021-02","390.3329"
"SG-003","2021-03","394.2263"
"SG-003","2021-04","394.8225"
"SG-003","2021-05","396.2295"
"SG-003","2021-06","396.6743"
"SG-003","2021-07","399.8782"
"SG-003","2021-08","402.416"
"SG-003","2021-09","408.0752"
"SG-003","2021-10","416.3657"
"SG-003","2021-11","413.8389"
"SG-003","2021-12","420.7764"
"SG-003","2022-01","432.6411"
"SG-003","2022-02","440.1597"
"SG-003","2022-03","442.7923"
"SG-003","2022-04","445.9537"
"SG-003","2022-05","451.473"
"SG-003","2022-06","453.4149"
"SG-003","2022-07","472.5888"
"SG-003","2022-08","484.414"
"SG-003","2022-09","512.0173"
"SG-003","2022-10","586.3083"
"SG-003","2022-11","622.4858"
"SG-003","2022-12","655.1745"
"SG-003","2023-01","773.3989"
"SG-003","2023-02","803.9624"
"SG-003","2023-03","803.7721"
"SG-003","2023-04","812.1177"
"SG-003","2023-05","813.7067"
"SG-003","2023-06","816.8974"
"SG-003","2023-07","821.1862"
"SG-003","2023-08","819.05"
"SG-003","2023-09","821.0778"
"SG-003","2023-10","843.4815"
"SG-003","2023-11","853.8394"
"SG-003","2023-12","856.4084"
"SG-003","2024-01","852.6572"
"SG-003","2024-02","836.5274"
"SG-003","2024-03","843.6439"
"SG-003","2024-04","831.445"
"SG-003","2024-05","827.1283"
"SG-003","2024-06","807.3487"
"SG-003","2024-07","774.9728"
"SG-003","2024-08","787.0033"
"SG-003","2024-09","757.6904"
"SG-003","2024-10","618.8922"
"SG-003","2024-11","598.9895"
"SG-003","2024-12","580.4718"
"SG-003","2025-01","558.889"
"SG-003","2025-02","541.1946"
"SG-003","2025-03","549.5766"
"SG-003","2025-04","540.3065"
"SG-003","2025-05","540.1505"
"SG-003","2025-06","536.3391"
"SG-003","2025-07","537.8029"
"SG-003","2025-08","535.8926"
"SG-003","2025-09","528.9824"
"SG-003","2025-10","531.6697"
"SG-003","2025-11","525.4319"
"SG-003","2025-12","518.3146"
"SG-003","2026-01","516.2968"
"SG-003","2026-02","518.904"
"SG-003","2026-03","510.1677"
"VO-001","1960-01","204"
"VO-001","1960-02","201"
"VO-001","1960-03","201"
"VO-001","1960-04","207"
"VO-001","1960-05","209"
"VO-001","1960-06","218"
"VO-001","1960-07","224"
"VO-001","1960-08","237"
"VO-001","1960-09","231"
"VO-001","1960-10","237"
"VO-001","1960-11","259"
"VO-001","1960-12","259"
"VO-001","1961-01","278"
"VO-001","1961-02","303"
"VO-001","1961-03","311"
"VO-001","1961-04","322"
"VO-001","1961-05","314"
"VO-001","1961-06","295"
"VO-001","1961-07","282"
"VO-001","1961-08","276"
"VO-001","1961-09","267"
"VO-001","1961-10","270"
"VO-001","1961-11","265"
"VO-001","1961-12","265"
"VO-001","1962-01","265"
"VO-001","1962-02","259"
"VO-001","1962-03","256"
"VO-001","1962-04","254"
"VO-001","1962-05","234"
"VO-001","1962-06","215"
"VO-001","1962-07","198"
"VO-001","1962-08","198"
"VO-001","1962-09","198"
"VO-001","1962-10","212"
"VO-001","1962-11","220"
"VO-001","1962-12","215"
"VO-001","1963-01","223"
"VO-001","1963-02","231"
"VO-001","1963-03","229"
"VO-001","1963-04","229"
"VO-001","1963-05","231"
"VO-001","1963-06","231"
"VO-001","1963-07","229"
"VO-001","1963-08","207"
"VO-001","1963-09","204"
"VO-001","1963-10","234"
"VO-001","1963-11","223"
"VO-001","1963-12","212"
"VO-001","1964-01","215"
"VO-001","1964-02","209"
"VO-001","1964-03","209"
"VO-001","1964-04","204"
"VO-001","1964-05","215"
"VO-001","1964-06","212"
"VO-001","1964-07","209"
"VO-001","1964-08","223"
"VO-001","1964-09","243"
"VO-001","1964-10","270"
"VO-001","1964-11","270"
"VO-001","1964-12","317"
"VO-001","1965-01","284"
"VO-001","1965-02","303"
"VO-001","1965-03","300"
"VO-001","1965-04","295"
"VO-001","1965-05","256"
"VO-001","1965-06","256"
"VO-001","1965-07","248"
"VO-001","1965-08","234"
"VO-001","1965-09","248"
"VO-001","1965-10","284"
"VO-001","1965-11","276"
"VO-001","1965-12","256"
"VO-001","1966-01","267"
"VO-001","1966-02","273"
"VO-001","1966-03","265"
"VO-001","1966-04","267"
"VO-001","1966-05","256"
"VO-001","1966-06","256"
"VO-001","1966-07","267"
"VO-001","1966-08","276"
"VO-001","1966-09","267"
"VO-001","1966-10","251"
"VO-001","1966-11","248"
"VO-001","1966-12","245"
"VO-001","1967-01","231"
"VO-001","1967-02","225"
"VO-001","1967-03","231"
"VO-001","1967-04","227"
"VO-001","1967-05","224"
"VO-001","1967-06","226"
"VO-001","1967-07","212"
"VO-001","1967-08","210"
"VO-001","1967-09","206"
"VO-001","1967-10","203"
"VO-001","1967-11","211"
"VO-001","1967-12","196"
"VO-001","1968-01","196"
"VO-001","1968-02","193"
"VO-001","1968-03","191"
"VO-001","1968-04","190"
"VO-001","1968-05","189"
"VO-001","1968-06","178"
"VO-001","1968-07","162"
"VO-001","1968-08","157"
"VO-001","1968-09","161"
"VO-001","1968-10","166"
"VO-001","1968-11","173"
"VO-001","1968-12","181"
"VO-001","1969-01","181"
"VO-001","1969-02","185"
"VO-001","1969-03","178"
"VO-001","1969-04","167"
"VO-001","1969-05","170"
"VO-001","1969-06","173"
"VO-001","1969-07","180"
"VO-001","1969-08","181"
"VO-001","1969-09","200"
"VO-001","1969-10","240"
"VO-001","1969-11","260"
"VO-001","1969-12","251"
"VO-001","1970-01","252"
"VO-001","1970-02","257"
"VO-001","1970-03","268"
"VO-001","1970-04","298"
"VO-001","1970-05","292"
"VO-001","1970-06","288"
"VO-001","1970-07","290"
"VO-001","1970-08","270"
"VO-001","1970-09","276"
"VO-001","1970-10","304"
"VO-001","1970-11","330"
"VO-001","1970-12","311"
"VO-001","1971-01","309"
"VO-001","1971-02","297"
"VO-001","1971-03","300"
"VO-001","1971-04","292"
"VO-001","1971-05","293"
"VO-001","1971-06","310"
"VO-001","1971-07","336"
"VO-001","1971-08","335"
"VO-001","1971-09","296"
"VO-001","1971-10","305"
"VO-001","1971-11","301"
"VO-001","1971-12","271"
"VO-001","1972-01","249"
"VO-001","1972-02","246"
"VO-001","1972-03","258"
"VO-001","1972-04","272"
"VO-001","1972-05","252"
"VO-001","1972-06","234"
"VO-001","1972-07","226"
"VO-001","1972-08","223"
"VO-001","1972-09","225"
"VO-001","1972-10","228"
"VO-001","1972-11","240"
"VO-001","1972-12","234"
"VO-001","1973-01","239"
"VO-001","1973-02","291"
"VO-001","1973-03","311"
"VO-001","1973-04","333"
"VO-001","1973-05","373"
"VO-001","1973-06","455"
"VO-001","1973-07","550"
"VO-001","1973-08","548"
"VO-001","1973-09","508"
"VO-001","1973-10","531"
"VO-001","1973-11","490"
"VO-001","1973-12","603"
"VO-001","1974-01","665"
"VO-001","1974-02","780"
"VO-001","1974-03","711"
"VO-001","1974-04","660"
"VO-001","1974-05","775"
"VO-001","1974-06","788"
"VO-001","1974-07","872"
"VO-001","1974-08","922"
"VO-001","1974-09","933"
"VO-001","1974-10","1045"
"VO-001","1974-11","943"
"VO-001","1974-12","892"
"VO-001","1975-01","775"
"VO-001","1975-02","661"
"VO-001","1975-03","622"
"VO-001","1975-04","624"
"VO-001","1975-05","516"
"VO-001","1975-06","525"
"VO-001","1975-07","578"
"VO-001","1975-08","599"
"VO-001","1975-09","551"
"VO-001","1975-10","495"
"VO-001","1975-11","423"
"VO-001","1975-12","391"
"VO-001","1976-01","385"
"VO-001","1976-02","390"
"VO-001","1976-03","399"
"VO-001","1976-04","384"
"VO-001","1976-05","370"
"VO-001","1976-06","408"
"VO-001","1976-07","457"
"VO-001","1976-08","456"
"VO-001","1976-09","505"
"VO-001","1976-10","495"
"VO-001","1976-11","506"
"VO-001","1976-12","505"
"VO-001","1977-01","502"
"VO-001","1977-02","553"
"VO-001","1977-03","630"
"VO-001","1977-04","782"
"VO-001","1977-05","741"
"VO-001","1977-06","666"
"VO-001","1977-07","548"
"VO-001","1977-08","498"
"VO-001","1977-09","512"
"VO-001","1977-10","490"
"VO-001","1977-11","500"
"VO-001","1977-12","541"
"VO-001","1978-01","522"
"VO-001","1978-02","534"
"VO-001","1978-03","629"
"VO-001","1978-04","624"
"VO-001","1978-05","657"
"VO-001","1978-06","631"
"VO-001","1978-07","586"
"VO-001","1978-08","587"
"VO-001","1978-09","630"
"VO-001","1978-10","637"
"VO-001","1978-11","620"
"VO-001","1978-12","627"
"VO-001","1979-01","616"
"VO-001","1979-02","653"
"VO-001","1979-03","669"
"VO-001","1979-04","648"
"VO-001","1979-05","636"
"VO-001","1979-06","673"
"VO-001","1979-07","690"
"VO-001","1979-08","682"
"VO-001","1979-09","691"
"VO-001","1979-10","671"
"VO-001","1979-11","670"
"VO-001","1979-12","647"
"VO-001","1980-01","609"
"VO-001","1980-02","610"
"VO-001","1980-03","580"
"VO-001","1980-04","552"
"VO-001","1980-05","562"
"VO-001","1980-06","570"
"VO-001","1980-07","635"
"VO-001","1980-08","636"
"VO-001","1980-09","615"
"VO-001","1980-10","592"
"VO-001","1980-11","639"
"VO-001","1980-12","571"
"VO-001","1981-01","545"
"VO-001","1981-02","516"
"VO-001","1981-03","535"
"VO-001","1981-04","531"
"VO-001","1981-05","511"
"VO-001","1981-06","512"
"VO-001","1981-07","530"
"VO-001","1981-08","506"
"VO-001","1981-09","485"
"VO-001","1981-10","486"
"VO-001","1981-11","470"
"VO-001","1981-12","455"
"VO-001","1982-01","455"
"VO-001","1982-02","454"
"VO-001","1982-03","452"
"VO-001","1982-04","482"
"VO-001","1982-05","509"
"VO-001","1982-06","475"
"VO-001","1982-07","464"
"VO-001","1982-08","432"
"VO-001","1982-09","426"
"VO-001","1982-10","416"
"VO-001","1982-11","403"
"VO-001","1982-12","399"
"VO-001","1983-01","397"
"VO-001","1983-02","395"
"VO-001","1983-03","394"
"VO-001","1983-04","434"
"VO-001","1983-05","434"
"VO-001","1983-06","425"
"VO-001","1983-07","477"
"VO-001","1983-08","651"
"VO-001","1983-09","733"
"VO-001","1983-10","687"
"VO-001","1983-11","652"
"VO-001","1983-12","644"
"VO-001","1984-01","692"
"VO-001","1984-02","669"
"VO-001","1984-03","720"
"VO-001","1984-04","772"
"VO-001","1984-05","914"
"VO-001","1984-06","844"
"VO-001","1984-07","697"
"VO-001","1984-08","679"
"VO-001","1984-09","694"
"VO-001","1984-10","679"
"VO-001","1984-11","698"
"VO-001","1984-12","630"
"VO-001","1985-01","630"
"VO-001","1985-02","664"
"VO-001","1985-03","667"
"VO-001","1985-04","693"
"VO-001","1985-05","652"
"VO-001","1985-06","630"
"VO-001","1985-07","568"
"VO-001","1985-08","518"
"VO-001","1985-09","469"
"VO-001","1985-10","448"
"VO-001","1985-11","455"
"VO-001","1985-12","470"
"VO-001","1986-01","457"
"VO-001","1986-02","394"
"VO-001","1986-03","369"
"VO-001","1986-04","349"
"VO-001","1986-05","345"
"VO-001","1986-06","351"
"VO-001","1986-07","336"
"VO-001","1986-08","271"
"VO-001","1986-09","276"
"VO-001","1986-10","319"
"VO-001","1986-11","322"
"VO-001","1986-12","320"
"VO-001","1987-01","315"
"VO-001","1987-02","307"
"VO-001","1987-03","305"
"VO-001","1987-04","333"
"VO-001","1987-05","351"
"VO-001","1987-06","351"
"VO-001","1987-07","318"
"VO-001","1987-08","322"
"VO-001","1987-09","330"
"VO-001","1987-10","348"
"VO-001","1987-11","338"
"VO-001","1987-12","393"
"VO-001","1988-01","433"
"VO-001","1988-02","406"
"VO-001","1988-03","396"
"VO-001","1988-04","409"
"VO-001","1988-05","437"
"VO-001","1988-06","544"
"VO-001","1988-07","600"
"VO-001","1988-08","534"
"VO-001","1988-09","478"
"VO-001","1988-10","449"
"VO-001","1988-11","431"
"VO-001","1988-12","444"
"VO-001","1989-01","423"
"VO-001","1989-02","412"
"VO-001","1989-03","437"
"VO-001","1989-04","440"
"VO-001","1989-05","460"
"VO-001","1989-06","464"
"VO-001","1989-07","447"
"VO-001","1989-08","404"
"VO-001","1989-09","410"
"VO-001","1989-10","419"
"VO-001","1989-11","433"
"VO-001","1989-12","429"
"VO-001","1990-01","417"
"VO-001","1990-02","428"
"VO-001","1990-03","442"
"VO-001","1990-04","440"
"VO-001","1990-05","449"
"VO-001","1990-06","435"
"VO-001","1990-07","437"
"VO-001","1990-08","460"
"VO-001","1990-09","461"
"VO-001","1990-10","468"
"VO-001","1990-11","455"
"VO-001","1990-12","476"
"VO-001","1991-01","455"
"VO-001","1991-02","445"
"VO-001","1991-03","453"
"VO-001","1991-04","460"
"VO-001","1991-05","444"
"VO-001","1991-06","440"
"VO-001","1991-07","431"
"VO-001","1991-08","457"
"VO-001","1991-09","468"
"VO-001","1991-10","485"
"VO-001","1991-11","466"
"VO-001","1991-12","442"
"VO-001","1992-01","429"
"VO-001","1992-02","414"
"VO-001","1992-03","434"
"VO-001","1992-04","425"
"VO-001","1992-05","439"
"VO-001","1992-06","456"
"VO-001","1992-07","429"
"VO-001","1992-08","409"
"VO-001","1992-09","421"
"VO-001","1992-10","418"
"VO-001","1992-11","437"
"VO-001","1992-12","436"
"VO-001","1993-01","444"
"VO-001","1993-02","433"
"VO-001","1993-03","438"
"VO-001","1993-04","448"
"VO-001","1993-05","448"
"VO-001","1993-06","461"
"VO-001","1993-07","505"
"VO-001","1993-08","483"
"VO-001","1993-09","489"
"VO-001","1993-10","491"
"VO-001","1993-11","536"
"VO-001","1993-12","589"
"VO-001","1994-01","602"
"VO-001","1994-02","577"
"VO-001","1994-03","586"
"VO-001","1994-04","584"
"VO-001","1994-05","594"
"VO-001","1994-06","571"
"VO-001","1994-07","560"
"VO-001","1994-08","600"
"VO-001","1994-09","672"
"VO-001","1994-10","642"
"VO-001","1994-11","706"
"VO-001","1994-12","693"
"VO-001","1995-01","674"
"VO-001","1995-02","663"
"VO-001","1995-03","652"
"VO-001","1995-04","610"
"VO-001","1995-05","595"
"VO-001","1995-06","611"
"VO-001","1995-07","626"
"VO-001","1995-08","616"
"VO-001","1995-09","614"
"VO-001","1995-10","638"
"VO-001","1995-11","623"
"VO-001","1995-12","579"
"VO-001","1996-01","554"
"VO-001","1996-02","548"
"VO-001","1996-03","538"
"VO-001","1996-04","582"
"VO-001","1996-05","591"
"VO-001","1996-06","563"
"VO-001","1996-07","549"
"VO-001","1996-08","565"
"VO-001","1996-09","569"
"VO-001","1996-10","528"
"VO-001","1996-11","517"
"VO-001","1996-12","514"
"VO-001","1997-01","534"
"VO-001","1997-02","527"
"VO-001","1997-03","541"
"VO-001","1997-04","541"
"VO-001","1997-05","541"
"VO-001","1997-06","550"
"VO-001","1997-07","535"
"VO-001","1997-08","544"
"VO-001","1997-09","555"
"VO-001","1997-10","611"
"VO-001","1997-11","676"
"VO-001","1997-12","622"
"VO-001","1998-01","625"
"VO-001","1998-02","634"
"VO-001","1998-03","652"
"VO-001","1998-04","662"
"VO-001","1998-05","671"
"VO-001","1998-06","629"
"VO-001","1998-07","612"
"VO-001","1998-08","592"
"VO-001","1998-09","615"
"VO-001","1998-10","614"
"VO-001","1998-11","614"
"VO-001","1998-12","591"
"VO-001","1999-01","542"
"VO-001","1999-02","482"
"VO-001","1999-03","444"
"VO-001","1999-04","443"
"VO-001","1999-05","422"
"VO-001","1999-06","406"
"VO-001","1999-07","391"
"VO-001","1999-08","412"
"VO-001","1999-09","414"
"VO-001","1999-10","400"
"VO-001","1999-11","387"
"VO-001","1999-12","375"
"VO-001","2000-01","370"
"VO-001","2000-02","358"
"VO-001","2000-03","363"
"VO-001","2000-04","366"
"VO-001","2000-05","338"
"VO-001","2000-06","330"
"VO-001","2000-07","339"
"VO-001","2000-08","329"
"VO-001","2000-09","312"
"VO-001","2000-10","314"
"VO-001","2000-11","317"
"VO-001","2000-12","321"
"VO-001","2001-01","305"
"VO-001","2001-02","304"
"VO-001","2001-03","328"
"VO-001","2001-04","326"
"VO-001","2001-05","295"
"VO-001","2001-06","287"
"VO-001","2001-07","421"
"VO-001","2001-08","427"
"VO-001","2001-09","385"
"VO-001","2001-10","373"
"VO-001","2001-11","391"
"VO-001","2001-12","397"
"VO-001","2002-01","389"
"VO-001","2002-02","365"
"VO-001","2002-03","359"
"VO-001","2002-04","371"
"VO-001","2002-05","400"
"VO-001","2002-06","457"
"VO-001","2002-07","490"
"VO-001","2002-08","503"
"VO-001","2002-09","506"
"VO-001","2002-10","529"
"VO-001","2002-11","582"
"VO-001","2002-12","591"
"VO-001","2003-01","541"
"VO-001","2003-02","522"
"VO-001","2003-03","523"
"VO-001","2003-04","541"
"VO-001","2003-05","549"
"VO-001","2003-06","546"
"VO-001","2003-07","531"
"VO-001","2003-08","516"
"VO-001","2003-09","558"
"VO-001","2003-10","608"
"VO-001","2003-11","631"
"VO-001","2003-12","637"
"VO-001","2004-01","657"
"VO-001","2004-02","682"
"VO-001","2004-03","689"
"VO-001","2004-04","672"
"VO-001","2004-05","628"
"VO-001","2004-06","582"
"VO-001","2004-07","605"
"VO-001","2004-08","605"
"VO-001","2004-09","602"
"VO-001","2004-10","583"
"VO-001","2004-11","561"
"VO-001","2004-12","552"
"VO-001","2005-01","520"
"VO-001","2005-02","496"
"VO-001","2005-03","544"
"VO-001","2005-04","546"
"VO-001","2005-05","538"
"VO-001","2005-06","560"
"VO-001","2005-07","561"
"VO-001","2005-08","550"
"VO-001","2005-09","545"
"VO-001","2005-10","579"
"VO-001","2005-11","559"
"VO-001","2005-12","538"
"VO-001","2006-01","536"
"VO-001","2006-02","533"
"VO-001","2006-03","541"
"VO-001","2006-04","540"
"VO-001","2006-05","588"
"VO-001","2006-06","601"
"VO-001","2006-07","630"
"VO-001","2006-08","632"
"VO-001","2006-09","602"
"VO-001","2006-10","615"
"VO-001","2006-11","676"
"VO-001","2006-12","698"
"VO-001","2007-01","697"
"VO-001","2007-02","715"
"VO-001","2007-03","719"
"VO-001","2007-04","754"
"VO-001","2007-05","789"
"VO-001","2007-06","836"
"VO-001","2007-07","887"
"VO-001","2007-08","922"
"VO-001","2007-09","977"
"VO-001","2007-10","1008"
"VO-001","2007-11","1142"
"VO-001","2007-12","1188"
"VO-001","2008-01","1280"
"VO-001","2008-02","1414"
"VO-001","2008-03","1489"
"VO-001","2008-04","1422"
"VO-001","2008-05","1438"
"VO-001","2008-06","1535"
"VO-001","2008-07","1507"
"VO-001","2008-08","1330"
"VO-001","2008-09","1201"
"VO-001","2008-10","943"
"VO-001","2008-11","826"
"VO-001","2008-12","746"
"VO-001","2009-01","790"
"VO-001","2009-02","748"
"VO-001","2009-03","731"
"VO-001","2009-04","809"
"VO-001","2009-05","890"
"VO-001","2009-06","893"
"VO-001","2009-07","846"
"VO-001","2009-08","903"
"VO-001","2009-09","858"
"VO-001","2009-10","897"
"VO-001","2009-11","932"
"VO-001","2009-12","940"
"VO-001","2010-01","921"
"VO-001","2010-02","909"
"VO-001","2010-03","911"
"VO-001","2010-04","903"
"VO-001","2010-05","859"
"VO-001","2010-06","860"
"VO-001","2010-07","911"
"VO-001","2010-08","998"
"VO-001","2010-09","1035"
"VO-001","2010-10","1147"
"VO-001","2010-11","1232"
"VO-001","2010-12","1325"
"VO-001","2011-01","1366"
"VO-001","2011-02","1360"
"VO-001","2011-03","1307"
"VO-001","2011-04","1310"
"VO-001","2011-05","1296"
"VO-001","2011-06","1319"
"VO-001","2011-07","1337"
"VO-001","2011-08","1328"
"VO-001","2011-09","1308"
"VO-001","2011-10","1223"
"VO-001","2011-11","1214"
"VO-001","2011-12","1203"
"VO-001","2012-01","1216"
"VO-001","2012-02","1249"
"VO-001","2012-03","1285"
"VO-001","2012-04","1309"
"VO-001","2012-05","1221"
"VO-001","2012-06","1182"
"VO-001","2012-07","1239"
"VO-001","2012-08","1250"
"VO-001","2012-09","1281"
"VO-001","2012-10","1178"
"VO-001","2012-11","1138"
"VO-001","2012-12","1159"
"VO-001","2013-01","1192"
"VO-001","2013-02","1173"
"VO-001","2013-03","1117"
"VO-001","2013-04","1095"
"VO-001","2013-05","1073"
"VO-001","2013-06","1038"
"VO-001","2013-07","990"
"VO-001","2013-08","995"
"VO-001","2013-09","1020"
"VO-001","2013-10","991"
"VO-001","2013-11","990"
"VO-001","2013-12","991"
"VO-001","2014-01","942"
"VO-001","2014-02","971"
"VO-001","2014-03","997"
"VO-001","2014-04","1002"
"VO-001","2014-05","962"
"VO-001","2014-06","926"
"VO-001","2014-07","897"
"VO-001","2014-08","862"
"VO-001","2014-09","840"
"VO-001","2014-10","833"
"VO-001","2014-11","826"
"VO-001","2014-12","815"
"VO-001","2015-01","797"
"VO-001","2015-02","763"
"VO-001","2015-03","750"
"VO-001","2015-04","748"
"VO-001","2015-05","785"
"VO-001","2015-06","788"
"VO-001","2015-07","752"
"VO-001","2015-08","728"
"VO-001","2015-09","720"
"VO-001","2015-10","743"
"VO-001","2015-11","727"
"VO-001","2015-12","766"
"VO-001","2016-01","736"
"VO-001","2016-02","767"
"VO-001","2016-03","766"
"VO-001","2016-04","794"
"VO-001","2016-05","796"
"VO-001","2016-06","800"
"VO-001","2016-07","797"
"VO-001","2016-08","824"
"VO-001","2016-09","837"
"VO-001","2016-10","861"
"VO-001","2016-11","885"
"VO-001","2016-12","917"
"VO-001","2017-01","877"
"VO-001","2017-02","840"
"VO-001","2017-03","815"
"VO-001","2017-04","794"
"VO-001","2017-05","825"
"VO-001","2017-06","833"
"VO-001","2017-07","836"
"VO-001","2017-08","862"
"VO-001","2017-09","889"
"VO-001","2017-10","881"
"VO-001","2017-11","887"
"VO-001","2017-12","867"
"VO-001","2018-01","871"
"VO-001","2018-02","844"
"VO-001","2018-03","837"
"VO-001","2018-04","832"
"VO-001","2018-05","793"
"VO-001","2018-06","789"
"VO-001","2018-07","780"
"VO-001","2018-08","762"
"VO-001","2018-09","754"
"VO-001","2018-10","752"
"VO-001","2018-11","729"
"VO-001","2018-12","728"
"VO-001","2019-01","748"
"VO-001","2019-02","773"
"VO-001","2019-03","750"
"VO-001","2019-04","734"
"VO-001","2019-05","743"
"VO-001","2019-06","743"
"VO-001","2019-07","748"
"VO-001","2019-08","793"
"VO-001","2019-09","779"
"VO-001","2019-10","771"
"VO-001","2019-11","770"
"VO-001","2019-12","834"
"VO-001","2020-01","876"
"VO-001","2020-02","800"
"VO-001","2020-03","748"
"VO-001","2020-04","680"
"VO-001","2020-05","685"
"VO-001","2020-06","756"
"VO-001","2020-07","821"
"VO-001","2020-08","867"
"VO-001","2020-09","906"
"VO-001","2020-10","915"
"VO-001","2020-11","974"
"VO-001","2020-12","1026"
"VO-001","2021-01","1099"
"VO-001","2021-02","1124"
"VO-001","2021-03","1285"
"VO-001","2021-04","1386"
"VO-001","2021-05","1575"
"VO-001","2021-06","1518"
"VO-001","2021-07","1468"
"VO-001","2021-08","1434"
"VO-001","2021-09","1399"
"VO-001","2021-10","1484"
"VO-001","2021-11","1443"
"VO-001","2021-12","1411"
"VO-001","2022-01","1470"
"VO-001","2022-02","1596"
"VO-001","2022-03","1957"
"VO-001","2022-04","1948"
"VO-001","2022-05","1963"
"VO-001","2022-06","1752"
"VO-001","2022-07","1533"
"VO-001","2022-08","1599"
"VO-001","2022-09","1548"
"VO-001","2022-10","1576"
"VO-001","2022-11","1652"
"VO-001","2022-12","1409"
"VO-001","2023-01","1352"
"VO-001","2023-02","1243"
"VO-001","2023-03","1113"
"VO-001","2023-04","1030"
"VO-001","2023-05","988"
"VO-001","2023-06","1007"
"VO-001","2023-07","1136"
"VO-001","2023-08","1127"
"VO-001","2023-09","1112"
"VO-001","2023-10","1134"
"VO-001","2023-11","1118"
"VO-001","2023-12","1062"
"VO-001","2024-01","971"
"VO-001","2024-02","912"
"VO-001","2024-03","965"
"VO-001","2024-04","959"
"VO-001","2024-05","988"
"VO-001","2024-06","1011"
"VO-001","2024-07","1079"
"VO-001","2024-08","1031"
"VO-001","2024-09","1044"
"VO-001","2024-10","1095"
"VO-001","2024-11","1145"
"VO-001","2024-12","1064"
"VO-001","2025-01","1048"
"VO-001","2025-02","1069"
"VO-001","2025-03","1011"
"VO-001","2025-04","1120"
"VO-001","2025-05","1163"
"VO-001","2025-06","1178"
"VO-001","2025-07","1307"
"VO-001","2025-08","1245"
"VO-001","2025-09","1159"
"VO-001","2025-10","1132"
"VO-001","2025-11","1128"
"VO-001","2025-12","1116"
"VO-001","2026-01","1154"
"VO-001","2026-02","1282"
"VO-001","2026-03","1493"
"VO-001","2026-04","1643"
"VO-001","2026-05","1781"
"VO-001","2026-06","1765"
"VO-002","1960-01","233"
"VO-002","1960-02","229"
"VO-002","1960-03","225"
"VO-002","1960-04","225"
"VO-002","1960-05","225"
"VO-002","1960-06","219"
"VO-002","1960-07","221"
"VO-002","1960-08","225"
"VO-002","1960-09","224"
"VO-002","1960-10","222"
"VO-002","1960-11","222"
"VO-002","1960-12","223"
"VO-002","1961-01","223"
"VO-002","1961-02","228"
"VO-002","1961-03","231"
"VO-002","1961-04","233"
"VO-002","1961-05","234"
"VO-002","1961-06","233"
"VO-002","1961-07","229"
"VO-002","1961-08","226"
"VO-002","1961-09","226"
"VO-002","1961-10","226"
"VO-002","1961-11","226"
"VO-002","1961-12","226"
"VO-002","1962-01","236"
"VO-002","1962-02","237"
"VO-002","1962-03","223"
"VO-002","1962-04","220"
"VO-002","1962-05","219"
"VO-002","1962-06","216"
"VO-002","1962-07","213"
"VO-002","1962-08","209"
"VO-002","1962-09","205"
"VO-002","1962-10","197"
"VO-002","1962-11","208"
"VO-002","1962-12","211"
"VO-002","1963-01","218"
"VO-002","1963-02","218"
"VO-002","1963-03","218"
"VO-002","1963-04","218"
"VO-002","1963-05","218"
"VO-002","1963-06","220"
"VO-002","1963-07","222"
"VO-002","1963-08","225"
"VO-002","1963-09","225"
"VO-002","1963-10","227"
"VO-002","1963-11","230"
"VO-002","1963-12","232"
"VO-002","1964-01","233"
"VO-002","1964-02","233"
"VO-002","1964-03","233"
"VO-002","1964-04","233"
"VO-002","1964-05","233"
"VO-002","1964-06","234"
"VO-002","1964-07","235"
"VO-002","1964-08","236"
"VO-002","1964-09","238"
"VO-002","1964-10","251"
"VO-002","1964-11","255"
"VO-002","1964-12","261"
"VO-002","1965-01","266"
"VO-002","1965-02","283"
"VO-002","1965-03","292"
"VO-002","1965-04","298"
"VO-002","1965-05","303"
"VO-002","1965-06","295"
"VO-002","1965-07","280"
"VO-002","1965-08","258"
"VO-002","1965-09","247"
"VO-002","1965-10","250"
"VO-002","1965-11","250"
"VO-002","1965-12","249"
"VO-002","1966-01","247"
"VO-002","1966-02","248"
"VO-002","1966-03","245"
"VO-002","1966-04","234"
"VO-002","1966-05","226"
"VO-002","1966-06","225"
"VO-002","1966-07","235"
"VO-002","1966-08","240"
"VO-002","1966-09","240"
"VO-002","1966-10","231"
"VO-002","1966-11","226"
"VO-002","1966-12","231"
"VO-002","1967-01","234"
"VO-002","1967-02","231"
"VO-002","1967-03","223"
"VO-002","1967-04","223"
"VO-002","1967-05","224"
"VO-002","1967-06","229"
"VO-002","1967-07","229"
"VO-002","1967-08","229"
"VO-002","1967-09","225"
"VO-002","1967-10","222"
"VO-002","1967-11","218"
"VO-002","1967-12","195"
"VO-002","1968-01","191"
"VO-002","1968-02","191"
"VO-002","1968-03","191"
"VO-002","1968-04","189"
"VO-002","1968-05","186"
"VO-002","1968-06","175"
"VO-002","1968-07","172"
"VO-002","1968-08","150"
"VO-002","1968-09","142"
"VO-002","1968-10","142"
"VO-002","1968-11","143"
"VO-002","1968-12","153"
"VO-002","1969-01","158"
"VO-002","1969-02","158"
"VO-002","1969-03","180"
"VO-002","1969-04","170"
"VO-002","1969-05","166"
"VO-002","1969-06","165"
"VO-002","1969-07","162"
"VO-002","1969-08","171"
"VO-002","1969-09","181"
"VO-002","1969-10","203"
"VO-002","1969-11","203"
"VO-002","1969-12","255"
"VO-002","1970-01","255"
"VO-002","1970-02","256"
"VO-002","1970-03","259"
"VO-002","1970-04","268"
"VO-002","1970-05","279"
"VO-002","1970-06","277"
"VO-002","1970-07","261"
"VO-002","1970-08","240"
"VO-002","1970-09","226"
"VO-002","1970-10","257"
"VO-002","1970-11","270"
"VO-002","1970-12","272"
"VO-002","1971-01","273"
"VO-002","1971-02","273"
"VO-002","1971-03","278"
"VO-002","1971-04","269"
"VO-002","1971-05","243"
"VO-002","1971-06","241"
"VO-002","1971-07","263"
"VO-002","1971-08","283"
"VO-002","1971-09","272"
"VO-002","1971-10","254"
"VO-002","1971-11","248"
"VO-002","1971-12","234"
"VO-002","1972-01","218"
"VO-002","1972-02","185"
"VO-002","1972-03","217"
"VO-002","1972-04","227"
"VO-002","1972-05","228"
"VO-002","1972-06","216"
"VO-002","1972-07","215"
"VO-002","1972-08","221"
"VO-002","1972-09","225"
"VO-002","1972-10","224"
"VO-002","1972-11","219"
"VO-002","1972-12","213"
"VO-002","1973-01","212"
"VO-002","1973-02","259"
"VO-002","1973-03","280"
"VO-002","1973-04","290"
"VO-002","1973-05","324"
"VO-002","1973-06","371"
"VO-002","1973-07","473"
"VO-002","1973-08","536"
"VO-002","1973-09","424"
"VO-002","1973-10","435"
"VO-002","1973-11","429"
"VO-002","1973-12","497"
"VO-002","1974-01","579"
"VO-002","1974-02","667"
"VO-002","1974-03","633"
"VO-002","1974-04","614"
"VO-002","1974-05","592"
"VO-002","1974-06","603"
"VO-002","1974-07","610"
"VO-002","1974-08","728"
"VO-002","1974-09","707"
"VO-002","1974-10","840"
"VO-002","1974-11","768"
"VO-002","1974-12","689"
"VO-002","1975-01","589"
"VO-002","1975-02","498"
"VO-002","1975-03","478"
"VO-002","1975-04","451"
"VO-002","1975-05","392"
"VO-002","1975-06","356"
"VO-002","1975-07","402"
"VO-002","1975-08","473"
"VO-002","1975-09","412"
"VO-002","1975-10","412"
"VO-002","1975-11","379"
"VO-002","1975-12","368"
"VO-002","1976-01","354"
"VO-002","1976-02","366"
"VO-002","1976-03","376"
"VO-002","1976-04","348"
"VO-002","1976-05","345"
"VO-002","1976-06","395"
"VO-002","1976-07","451"
"VO-002","1976-08","431"
"VO-002","1976-09","457"
"VO-002","1976-10","444"
"VO-002","1976-11","457"
"VO-002","1976-12","457"
"VO-002","1977-01","462"
"VO-002","1977-02","507"
"VO-002","1977-03","598"
"VO-002","1977-04","647"
"VO-002","1977-05","659"
"VO-002","1977-06","619"
"VO-002","1977-07","520"
"VO-002","1977-08","493"
"VO-002","1977-09","460"
"VO-002","1977-10","450"
"VO-002","1977-11","445"
"VO-002","1977-12","501"
"VO-002","1978-01","514"
"VO-002","1978-02","558"
"VO-002","1978-03","598"
"VO-002","1978-04","603"
"VO-002","1978-05","624"
"VO-002","1978-06","654"
"VO-002","1978-07","622"
"VO-002","1978-08","585"
"VO-002","1978-09","615"
"VO-002","1978-10","623"
"VO-002","1978-11","604"
"VO-002","1978-12","604"
"VO-002","1979-01","636"
"VO-002","1979-02","694"
"VO-002","1979-03","688"
"VO-002","1979-04","666"
"VO-002","1979-05","665"
"VO-002","1979-06","675"
"VO-002","1979-07","678"
"VO-002","1979-08","652"
"VO-002","1979-09","640"
"VO-002","1979-10","602"
"VO-002","1979-11","620"
"VO-002","1979-12","630"
"VO-002","1980-01","662"
"VO-002","1980-02","672"
"VO-002","1980-03","637"
"VO-002","1980-04","611"
"VO-002","1980-05","584"
"VO-002","1980-06","555"
"VO-002","1980-07","545"
"VO-002","1980-08","518"
"VO-002","1980-09","509"
"VO-002","1980-10","507"
"VO-002","1980-11","585"
"VO-002","1980-12","619"
"VO-002","1981-01","625"
"VO-002","1981-02","640"
"VO-002","1981-03","620"
"VO-002","1981-04","588"
"VO-002","1981-05","599"
"VO-002","1981-06","640"
"VO-002","1981-07","600"
"VO-002","1981-08","531"
"VO-002","1981-09","509"
"VO-002","1981-10","513"
"VO-002","1981-11","500"
"VO-002","1981-12","483"
"VO-002","1982-01","502"
"VO-002","1982-02","528"
"VO-002","1982-03","507"
"VO-002","1982-04","509"
"VO-002","1982-05","511"
"VO-002","1982-06","494"
"VO-002","1982-07","421"
"VO-002","1982-08","396"
"VO-002","1982-09","380"
"VO-002","1982-10","355"
"VO-002","1982-11","362"
"VO-002","1982-12","376"
"VO-002","1983-01","372"
"VO-002","1983-02","367"
"VO-002","1983-03","378"
"VO-002","1983-04","419"
"VO-002","1983-05","432"
"VO-002","1983-06","394"
"VO-002","1983-07","425"
"VO-002","1983-08","559"
"VO-002","1983-09","645"
"VO-002","1983-10","671"
"VO-002","1983-11","661"
"VO-002","1983-12","695"
"VO-002","1984-01","875"
"VO-002","1984-02","875"
"VO-002","1984-03","845"
"VO-002","1984-04","841"
"VO-002","1984-05","951"
"VO-002","1984-06","783"
"VO-002","1984-07","580"
"VO-002","1984-08","562"
"VO-002","1984-09","611"
"VO-002","1984-10","615"
"VO-002","1984-11","616"
"VO-002","1984-12","592"
"VO-002","1985-01","583"
"VO-002","1985-02","595"
"VO-002","1985-03","651"
"VO-002","1985-04","653"
"VO-002","1985-05","610"
"VO-002","1985-06","556"
"VO-002","1985-07","487"
"VO-002","1985-08","404"
"VO-002","1985-09","360"
"VO-002","1985-10","356"
"VO-002","1985-11","362"
"VO-002","1985-12","390"
"VO-002","1986-01","342"
"VO-002","1986-02","283"
"VO-002","1986-03","243"
"VO-002","1986-04","242"
"VO-002","1986-05","238"
"VO-002","1986-06","243"
"VO-002","1986-07","221"
"VO-002","1986-08","197"
"VO-002","1986-09","207"
"VO-002","1986-10","272"
"VO-002","1986-11","303"
"VO-002","1986-12","293"
"VO-002","1987-01","350"
"VO-002","1987-02","330"
"VO-002","1987-03","313"
"VO-002","1987-04","339"
"VO-002","1987-05","341"
"VO-002","1987-06","342"
"VO-002","1987-07","300"
"VO-002","1987-08","308"
"VO-002","1987-09","335"
"VO-002","1987-10","353"
"VO-002","1987-11","368"
"VO-002","1987-12","432"
"VO-002","1988-01","486"
"VO-002","1988-02","403"
"VO-002","1988-03","381"
"VO-002","1988-04","403"
"VO-002","1988-05","422"
"VO-002","1988-06","496"
"VO-002","1988-07","517"
"VO-002","1988-08","450"
"VO-002","1988-09","428"
"VO-002","1988-10","431"
"VO-002","1988-11","418"
"VO-002","1988-12","411"
"VO-002","1989-01","383"
"VO-002","1989-02","401"
"VO-002","1989-03","399"
"VO-002","1989-04","391"
"VO-002","1989-05","406"
"VO-002","1989-06","373"
"VO-002","1989-07","331"
"VO-002","1989-08","309"
"VO-002","1989-09","323"
"VO-002","1989-10","321"
"VO-002","1989-11","301"
"VO-002","1989-12","267"
"VO-002","1990-01","279"
"VO-002","1990-02","271"
"VO-002","1990-03","286"
"VO-002","1990-04","267"
"VO-002","1990-05","281"
"VO-002","1990-06","272"
"VO-002","1990-07","279"
"VO-002","1990-08","291"
"VO-002","1990-09","284"
"VO-002","1990-10","290"
"VO-002","1990-11","331"
"VO-002","1990-12","346"
"VO-002","1991-01","349"
"VO-002","1991-02","338"
"VO-002","1991-03","348"
"VO-002","1991-04","319"
"VO-002","1991-05","318"
"VO-002","1991-06","311"
"VO-002","1991-07","341"
"VO-002","1991-08","338"
"VO-002","1991-09","323"
"VO-002","1991-10","345"
"VO-002","1991-11","362"
"VO-002","1991-12","376"
"VO-002","1992-01","383"
"VO-002","1992-02","382"
"VO-002","1992-03","396"
"VO-002","1992-04","402"
"VO-002","1992-05","390"
"VO-002","1992-06","404"
"VO-002","1992-07","382"
"VO-002","1992-08","382"
"VO-002","1992-09","391"
"VO-002","1992-10","396"
"VO-002","1992-11","413"
"VO-002","1992-12","401"
"VO-002","1993-01","410"
"VO-002","1993-02","425"
"VO-002","1993-03","408"
"VO-002","1993-04","392"
"VO-002","1993-05","371"
"VO-002","1993-06","356"
"VO-002","1993-07","362"
"VO-002","1993-08","356"
"VO-002","1993-09","352"
"VO-002","1993-10","333"
"VO-002","1993-11","357"
"VO-002","1993-12","411"
"VO-002","1994-01","404"
"VO-002","1994-02","387"
"VO-002","1994-03","395"
"VO-002","1994-04","434"
"VO-002","1994-05","488"
"VO-002","1994-06","508"
"VO-002","1994-07","494"
"VO-002","1994-08","575"
"VO-002","1994-09","614"
"VO-002","1994-10","616"
"VO-002","1994-11","707"
"VO-002","1994-12","719"
"VO-002","1995-01","655"
"VO-002","1995-02","661"
"VO-002","1995-03","687"
"VO-002","1995-04","625"
"VO-002","1995-05","611"
"VO-002","1995-06","631"
"VO-002","1995-07","655"
"VO-002","1995-08","616"
"VO-002","1995-09","586"
"VO-002","1995-10","615"
"VO-002","1995-11","607"
"VO-002","1995-12","590"
"VO-002","1996-01","535"
"VO-002","1996-02","518"
"VO-002","1996-03","519"
"VO-002","1996-04","562"
"VO-002","1996-05","552"
"VO-002","1996-06","508"
"VO-002","1996-07","476"
"VO-002","1996-08","513"
"VO-002","1996-09","545"
"VO-002","1996-10","532"
"VO-002","1996-11","550"
"VO-002","1996-12","561"
"VO-002","1997-01","567"
"VO-002","1997-02","580"
"VO-002","1997-03","559"
"VO-002","1997-04","562"
"VO-002","1997-05","553"
"VO-002","1997-06","533"
"VO-002","1997-07","498"
"VO-002","1997-08","504"
"VO-002","1997-09","525"
"VO-002","1997-10","547"
"VO-002","1997-11","556"
"VO-002","1997-12","566"
"VO-002","1998-01","621"
"VO-002","1998-02","659"
"VO-002","1998-03","671"
"VO-002","1998-04","688"
"VO-002","1998-05","705"
"VO-002","1998-06","633"
"VO-002","1998-07","661"
"VO-002","1998-08","674"
"VO-002","1998-09","703"
"VO-002","1998-10","694"
"VO-002","1998-11","681"
"VO-002","1998-12","663"
"VO-002","1999-01","632"
"VO-002","1999-02","561"
"VO-002","1999-03","497"
"VO-002","1999-04","509"
"VO-002","1999-05","475"
"VO-002","1999-06","392"
"VO-002","1999-07","319"
"VO-002","1999-08","354"
"VO-002","1999-09","388"
"VO-002","1999-10","381"
"VO-002","1999-11","370"
"VO-002","1999-12","354"
"VO-002","2000-01","348"
"VO-002","2000-02","332"
"VO-002","2000-03","349"
"VO-002","2000-04","372"
"VO-002","2000-05","324"
"VO-002","2000-06","315"
"VO-002","2000-07","312"
"VO-002","2000-08","306"
"VO-002","2000-09","288"
"VO-002","2000-10","255"
"VO-002","2000-11","257"
"VO-002","2000-12","265"
"VO-002","2001-01","254"
"VO-002","2001-02","240"
"VO-002","2001-03","254"
"VO-002","2001-04","251"
"VO-002","2001-05","234"
"VO-002","2001-06","255"
"VO-002","2001-07","330"
"VO-002","2001-08","362"
"VO-002","2001-09","310"
"VO-002","2001-10","277"
"VO-002","2001-11","323"
"VO-002","2001-12","360"
"VO-002","2002-01","374"
"VO-002","2002-02","353"
"VO-002","2002-03","359"
"VO-002","2002-04","360"
"VO-002","2002-05","385"
"VO-002","2002-06","426"
"VO-002","2002-07","422"
"VO-002","2002-08","446"
"VO-002","2002-09","425"
"VO-002","2002-10","427"
"VO-002","2002-11","465"
"VO-002","2002-12","489"
"VO-002","2003-01","486"
"VO-002","2003-02","477"
"VO-002","2003-03","454"
"VO-002","2003-04","443"
"VO-002","2003-05","454"
"VO-002","2003-06","466"
"VO-002","2003-07","458"
"VO-002","2003-08","439"
"VO-002","2003-09","441"
"VO-002","2003-10","515"
"VO-002","2003-11","548"
"VO-002","2003-12","540"
"VO-002","2004-01","527"
"VO-002","2004-02","564"
"VO-002","2004-03","584"
"VO-002","2004-04","575"
"VO-002","2004-05","537"
"VO-002","2004-06","471"
"VO-002","2004-07","455"
"VO-002","2004-08","458"
"VO-002","2004-09","468"
"VO-002","2004-10","451"
"VO-002","2004-11","455"
"VO-002","2004-12","446"
"VO-002","2005-01","419"
"VO-002","2005-02","423"
"VO-002","2005-03","458"
"VO-002","2005-04","458"
"VO-002","2005-05","450"
"VO-002","2005-06","452"
"VO-002","2005-07","455"
"VO-002","2005-08","448"
"VO-002","2005-09","454"
"VO-002","2005-10","468"
"VO-002","2005-11","467"
"VO-002","2005-12","457"
"VO-002","2006-01","459"
"VO-002","2006-02","474"
"VO-002","2006-03","473"
"VO-002","2006-04","476"
"VO-002","2006-05","484"
"VO-002","2006-06","478"
"VO-002","2006-07","499"
"VO-002","2006-08","534"
"VO-002","2006-09","511"
"VO-002","2006-10","514"
"VO-002","2006-11","572"
"VO-002","2006-12","626"
"VO-002","2007-01","638"
"VO-002","2007-02","645"
"VO-002","2007-03","661"
"VO-002","2007-04","743"
"VO-002","2007-05","816"
"VO-002","2007-06","833"
"VO-002","2007-07","855"
"VO-002","2007-08","831"
"VO-002","2007-09","852"
"VO-002","2007-10","926"
"VO-002","2007-11","999"
"VO-002","2007-12","1002"
"VO-002","2008-01","1122"
"VO-002","2008-02","1269"
"VO-002","2008-03","1377"
"VO-002","2008-04","1320"
"VO-002","2008-05","1326"
"VO-002","2008-06","1293"
"VO-002","2008-07","1213"
"VO-002","2008-08","964"
"VO-002","2008-09","826"
"VO-002","2008-10","636"
"VO-002","2008-11","581"
"VO-002","2008-12","587"
"VO-002","2009-01","659"
"VO-002","2009-02","656"
"VO-002","2009-03","660"
"VO-002","2009-04","800"
"VO-002","2009-05","873"
"VO-002","2009-06","789"
"VO-002","2009-07","698"
"VO-002","2009-08","746"
"VO-002","2009-09","704"
"VO-002","2009-10","725"
"VO-002","2009-11","763"
"VO-002","2009-12","822"
"VO-002","2010-01","831"
"VO-002","2010-02","830"
"VO-002","2010-03","863"
"VO-002","2010-04","863"
"VO-002","2010-05","855"
"VO-002","2010-06","826"
"VO-002","2010-07","844"
"VO-002","2010-08","944"
"VO-002","2010-09","949"
"VO-002","2010-10","1026"
"VO-002","2010-11","1131"
"VO-002","2010-12","1235"
"VO-002","2011-01","1304"
"VO-002","2011-02","1327"
"VO-002","2011-03","1242"
"VO-002","2011-04","1220"
"VO-002","2011-05","1230"
"VO-002","2011-06","1192"
"VO-002","2011-07","1183"
"VO-002","2011-08","1205"
"VO-002","2011-09","1137"
"VO-002","2011-10","1045"
"VO-002","2011-11","1113"
"VO-002","2011-12","1122"
"VO-002","2012-01","1124"
"VO-002","2012-02","1146"
"VO-002","2012-03","1195"
"VO-002","2012-04","1234"
"VO-002","2012-05","1125"
"VO-002","2012-06","1028"
"VO-002","2012-07","1053"
"VO-002","2012-08","1022"
"VO-002","2012-09","1001"
"VO-002","2012-10","886"
"VO-002","2012-11","863"
"VO-002","2012-12","844"
"VO-002","2013-01","885"
"VO-002","2013-02","920"
"VO-002","2013-03","892"
"VO-002","2013-04","874"
"VO-002","2013-05","879"
"VO-002","2013-06","877"
"VO-002","2013-07","827"
"VO-002","2013-08","819"
"VO-002","2013-09","826"
"VO-002","2013-10","860"
"VO-002","2013-11","904"
"VO-002","2013-12","886"
"VO-002","2014-01","863"
"VO-002","2014-02","904"
"VO-002","2014-03","954"
"VO-002","2014-04","927"
"VO-002","2014-05","898"
"VO-002","2014-06","862"
"VO-002","2014-07","854"
"VO-002","2014-08","779"
"VO-002","2014-09","761"
"VO-002","2014-10","764"
"VO-002","2014-11","765"
"VO-002","2014-12","720"
"VO-002","2015-01","720"
"VO-002","2015-02","723"
"VO-002","2015-03","699"
"VO-002","2015-04","683"
"VO-002","2015-05","697"
"VO-002","2015-06","706"
"VO-002","2015-07","680"
"VO-002","2015-08","601"
"VO-002","2015-09","600"
"VO-002","2015-10","637"
"VO-002","2015-11","608"
"VO-002","2015-12","607"
"VO-002","2016-01","612"
"VO-002","2016-02","679"
"VO-002","2016-03","716"
"VO-002","2016-04","775"
"VO-002","2016-05","753"
"VO-002","2016-06","718"
"VO-002","2016-07","678"
"VO-002","2016-08","771"
"VO-002","2016-09","798"
"VO-002","2016-10","750"
"VO-002","2016-11","767"
"VO-002","2016-12","811"
"VO-002","2017-01","825"
"VO-002","2017-02","809"
"VO-002","2017-03","779"
"VO-002","2017-04","752"
"VO-002","2017-05","763"
"VO-002","2017-06","735"
"VO-002","2017-07","720"
"VO-002","2017-08","718"
"VO-002","2017-09","754"
"VO-002","2017-10","747"
"VO-002","2017-11","729"
"VO-002","2017-12","679"
"VO-002","2018-01","703"
"VO-002","2018-02","709"
"VO-002","2018-03","706"
"VO-002","2018-04","701"
"VO-002","2018-05","687"
"VO-002","2018-06","657"
"VO-002","2018-07","616"
"VO-002","2018-08","615"
"VO-002","2018-09","605"
"VO-002","2018-10","590"
"VO-002","2018-11","539"
"VO-002","2018-12","535"
"VO-002","2019-01","585"
"VO-002","2019-02","603"
"VO-002","2019-03","573"
"VO-002","2019-04","588"
"VO-002","2019-05","564"
"VO-002","2019-06","552"
"VO-002","2019-07","544"
"VO-002","2019-08","586"
"VO-002","2019-09","580"
"VO-002","2019-10","591"
"VO-002","2019-11","685"
"VO-002","2019-12","764"
"VO-002","2020-01","810"
"VO-002","2020-02","729"
"VO-002","2020-03","636"
"VO-002","2020-04","609"
"VO-002","2020-05","577"
"VO-002","2020-06","656"
"VO-002","2020-07","694"
"VO-002","2020-08","760"
"VO-002","2020-09","796"
"VO-002","2020-10","819"
"VO-002","2020-11","918"
"VO-002","2020-12","1016"
"VO-002","2021-01","990"
"VO-002","2021-02","1020"
"VO-002","2021-03","1030"
"VO-002","2021-04","1078"
"VO-002","2021-05","1136"
"VO-002","2021-06","1004"
"VO-002","2021-07","1063"
"VO-002","2021-08","1142"
"VO-002","2021-09","1181"
"VO-002","2021-10","1310"
"VO-002","2021-11","1341"
"VO-002","2021-12","1270"
"VO-002","2022-01","1345"
"VO-002","2022-02","1522"
"VO-002","2022-03","1777"
"VO-002","2022-04","1683"
"VO-002","2022-05","1717"
"VO-002","2022-06","1501"
"VO-002","2022-07","1057"
"VO-002","2022-08","1026"
"VO-002","2022-09","909"
"VO-002","2022-10","889"
"VO-002","2022-11","946"
"VO-002","2022-12","940"
"VO-002","2023-01","942"
"VO-002","2023-02","950"
"VO-002","2023-03","972"
"VO-002","2023-04","1005"
"VO-002","2023-05","934"
"VO-002","2023-06","817"
"VO-002","2023-07","879"
"VO-002","2023-08","861"
"VO-002","2023-09","830"
"VO-002","2023-10","804"
"VO-002","2023-11","830"
"VO-002","2023-12","814"
"VO-002","2024-01","845"
"VO-002","2024-02","857"
"VO-002","2024-03","943"
"VO-002","2024-04","936"
"VO-002","2024-05","859"
"VO-002","2024-06","874"
"VO-002","2024-07","896"
"VO-002","2024-08","933"
"VO-002","2024-09","983"
"VO-002","2024-10","1077"
"VO-002","2024-11","1169"
"VO-002","2024-12","1190"
"VO-002","2025-01","1070"
"VO-002","2025-02","1067"
"VO-002","2025-03","1068"
"VO-002","2025-04","994"
"VO-002","2025-05","908"
"VO-002","2025-06","935"
"VO-002","2025-07","976"
"VO-002","2025-08","1026"
"VO-002","2025-09","1037"
"VO-002","2025-10","1038"
"VO-002","2025-11","983"
"VO-002","2025-12","980"
"VO-002","2026-01","1005"
"VO-002","2026-02","1039"
"VO-002","2026-03","1109"
"VO-002","2026-04","1146"
"VO-002","2026-05","1136"
"VO-002","2026-06","1105"
"VO-003","2002-02","578"
"VO-003","2002-03","557"
"VO-003","2002-04","552"
"VO-003","2002-05","574"
"VO-003","2002-06","595"
"VO-003","2002-08","610"
"VO-003","2003-01","612"
"VO-003","2003-02","595"
"VO-003","2003-03","565"
"VO-003","2003-04","578"
"VO-003","2003-05","595"
"VO-003","2003-06","609"
"VO-003","2003-07","575"
"VO-003","2003-08","543"
"VO-003","2003-09","545"
"VO-003","2003-10","615"
"VO-003","2003-11","628"
"VO-003","2003-12","660"
"VO-003","2004-01","689"
"VO-003","2004-02","731"
"VO-003","2004-03","712"
"VO-003","2004-04","696"
"VO-003","2004-05","684"
"VO-003","2004-06","632"
"VO-003","2004-07","624"
"VO-003","2004-08","632"
"VO-003","2004-09","657"
"VO-003","2004-10","701"
"VO-003","2004-11","727"
"VO-003","2004-12","724"
"VO-003","2005-01","699"
"VO-003","2005-02","695"
"VO-003","2005-03","714"
"VO-003","2005-04","695"
"VO-003","2005-05","700"
"VO-003","2005-06","706"
"VO-003","2005-07","708"
"VO-003","2005-08","682"
"VO-003","2005-09","683"
"VO-003","2005-10","646"
"VO-003","2005-11","598"
"VO-003","2005-12","602"
"VO-003","2006-01","591"
"VO-003","2006-02","595"
"VO-003","2006-03","606"
"VO-003","2006-04","659"
"VO-003","2006-05","679"
"VO-003","2006-06","666"
"VO-003","2006-07","647"
"VO-003","2006-08","666"
"VO-003","2006-09","669"
"VO-003","2006-10","666"
"VO-003","2006-11","722"
"VO-003","2006-12","730"
"VO-003","2007-01","719"
"VO-003","2007-02","709"
"VO-003","2007-03","713"
"VO-003","2007-04","755"
"VO-003","2007-05","831"
"VO-003","2007-06","916"
"VO-003","2007-07","999"
"VO-003","2007-08","1114"
"VO-003","2007-09","1279"
"VO-003","2007-10","1358"
"VO-003","2007-11","1401"
"VO-003","2007-12","1469"
"VO-003","2008-01","1709"
"VO-003","2008-02","1839"
"VO-003","2008-03","1863"
"VO-003","2008-04","1838"
"VO-003","2008-05","1962"
"VO-003","2008-06","2045"
"VO-003","2008-07","1692"
"VO-003","2008-08","1319"
"VO-003","2008-09","1176"
"VO-003","2008-10","950"
"VO-003","2008-11","835"
"VO-003","2008-12","759"
"VO-003","2009-01","817"
"VO-003","2009-02","805"
"VO-003","2009-03","757"
"VO-003","2009-04","843"
"VO-003","2009-05","941"
"VO-003","2009-06","907"
"VO-003","2009-07","804"
"VO-003","2009-08","820"
"VO-003","2009-09","809"
"VO-003","2009-10","846"
"VO-003","2009-11","921"
"VO-003","2009-12","986"
"VO-003","2010-01","968"
"VO-003","2010-02","948"
"VO-003","2010-03","949"
"VO-003","2010-04","924"
"VO-003","2010-05","910"
"VO-003","2010-06","889"
"VO-003","2010-07","937"
"VO-003","2010-08","1074"
"VO-003","2010-09","1114"
"VO-003","2010-10","1284"
"VO-003","2010-11","1441"
"VO-003","2010-12","1454"
"VO-003","2011-01","1492"
"VO-003","2011-02","1705"
"VO-003","2011-03","1637"
"VO-003","2011-04","1634"
"VO-003","2011-05","1644"
"VO-003","2011-06","1699"
"VO-003","2011-07","1672"
"VO-003","2011-08","1671"
"VO-003","2011-09","1592"
"VO-003","2011-10","1484"
"VO-003","2011-11","1503"
"VO-003","2011-12","1440"
"VO-003","2012-01","1452"
"VO-003","2012-02","1485"
"VO-003","2012-03","1501"
"VO-003","2012-04","1552"
"VO-003","2012-05","1522"
"VO-003","2012-06","1430"
"VO-003","2012-07","1472"
"VO-003","2012-08","1525"
"VO-003","2012-09","1572"
"VO-003","2012-10","1303"
"VO-003","2012-11","1285"
"VO-003","2012-12","1272"
"VO-003","2013-01","1298"
"VO-003","2013-02","1286"
"VO-003","2013-03","1250"
"VO-003","2013-04","1221"
"VO-003","2013-05","1228"
"VO-003","2013-06","1245"
"VO-003","2013-07","1211"
"VO-003","2013-08","1112"
"VO-003","2013-09","1006"
"VO-003","2013-10","1008"
"VO-003","2013-11","1004"
"VO-003","2013-12","996"
"VO-003","2014-01","952"
"VO-003","2014-02","953"
"VO-003","2014-03","985"
"VO-003","2014-04","952"
"VO-003","2014-05","952"
"VO-003","2014-06","942"
"VO-003","2014-07","908"
"VO-003","2014-08","854"
"VO-003","2014-09","834"
"VO-003","2014-10","888"
"VO-003","2014-11","923"
"VO-003","2014-12","901"
"VO-003","2015-01","871"
"VO-003","2015-02","825"
"VO-003","2015-03","805"
"VO-003","2015-04","834"
"VO-003","2015-05","916"
"VO-003","2015-06","928"
"VO-003","2015-07","917"
"VO-003","2015-08","895"
"VO-003","2015-09","897"
"VO-003","2015-10","962"
"VO-003","2015-11","915"
"VO-003","2015-12","898"
"VO-003","2016-01","885"
"VO-003","2016-02","898"
"VO-003","2016-03","859"
"VO-003","2016-04","876"
"VO-003","2016-05","881"
"VO-003","2016-06","860"
"VO-003","2016-07","833"
"VO-003","2016-08","830"
"VO-003","2016-09","866"
"VO-003","2016-10","873"
"VO-003","2016-11","873"
"VO-003","2016-12","873"
"VO-003","2017-01","873"
"VO-003","2017-02","873"
"VO-003","2017-03","835"
"VO-003","2017-04","798"
"VO-003","2017-05","795"
"VO-003","2017-06","794"
"VO-003","2017-07","793"
"VO-003","2017-08","816"
"VO-003","2017-09","822"
"VO-003","2017-10","805"
"VO-003","2017-11","810"
"VO-003","2017-12","801"
"VO-003","2018-01","799"
"VO-003","2018-02","806"
"VO-003","2018-03","801"
"VO-003","2018-04","799"
"VO-003","2018-05","801"
"VO-003","2018-06","775"
"VO-003","2018-07","780"
"VO-003","2018-08","763"
"VO-003","2018-09","734"
"VO-003","2018-10","718"
"VO-003","2018-11","706"
"VO-003","2018-12","703"
"VO-003","2019-01","688"
"VO-003","2019-02","700"
"VO-003","2019-03","712"
"VO-003","2019-04","713"
"VO-003","2019-05","722"
"VO-003","2019-06","725"
"VO-003","2019-07","754"
"VO-003","2019-08","776"
"VO-003","2019-09","776"
"VO-003","2019-10","776"
"VO-003","2019-11","776"
"VO-003","2019-12","776"
"VO-003","2020-01","807"
"VO-003","2020-02","823"
"VO-003","2020-03","730"
"VO-003","2020-04","732"
"VO-003","2020-05","738"
"VO-003","2020-06","788"
"VO-003","2020-07","833"
"VO-003","2020-08","877"
"VO-003","2020-09","982"
"VO-003","2020-10","981"
"VO-003","2020-11","1109"
"VO-003","2020-12","1170"
"VO-003","2021-01","1276"
"VO-003","2021-02","1363"
"VO-003","2021-03","1611"
"VO-003","2021-04","1573"
"VO-003","2021-05","1585"
"VO-003","2021-06","1297"
"VO-003","2021-07","1282"
"VO-003","2021-08","1356"
"VO-003","2021-09","1310"
"VO-003","2021-10","1421"
"VO-003","2021-11","1416"
"VO-003","2021-12","1362"
"VO-003","2022-01","1412"
"VO-003","2022-02","1499"
"VO-003","2022-03","2361"
"VO-003","2022-04","2276"
"VO-003","2022-05","2079"
"VO-003","2022-06","1885"
"VO-003","2022-07","1557"
"VO-003","2022-08","1496"
"VO-003","2022-09","1305"
"VO-003","2022-10","1359"
"VO-003","2022-11","1347"
"VO-003","2022-12","1234"
"VO-003","2023-01","1218"
"VO-003","2023-02","1159"
"VO-003","2023-03","1075"
"VO-003","2023-04","1035"
"VO-003","2023-05","962"
"VO-003","2023-06","911"
"VO-003","2023-07","1039"
"VO-003","2023-08","989"
"VO-003","2023-09","895"
"VO-003","2023-10","910"
"VO-003","2023-11","944"
"VO-003","2023-12","944"
"VO-003","2024-01","943"
"VO-003","2024-02","925"
"VO-003","2024-03","951"
"VO-003","2024-04","971"
"VO-003","2024-05","1006"
"VO-003","2024-06","1043"
"VO-003","2024-07","1069"
"VO-003","2024-08","1049"
"VO-003","2024-09","1068"
"VO-003","2024-10","1206"
"VO-003","2024-11","1267"
"VO-003","2024-12","1223"
"VO-003","2025-01","1207"
"VO-003","2025-02","1220"
"VO-003","2025-03","1233"
"VO-003","2025-04","1225"
"VO-003","2025-05","1208"
"VO-003","2025-06","1196"
"VO-003","2025-07","1214"
"VO-003","2025-08","1274"
"VO-003","2025-09","1312"
"VO-003","2025-10","1363"
"VO-003","2025-11","1360"
"VO-003","2025-12","1352"
"VO-003","2026-01","1441"
"VO-003","2026-02","1445"
"VO-003","2026-03","1465"
"VO-003","2026-04","1485"
"VO-003","2026-05","1503"
"VO-003","2026-06","1510"
"VO-004","2002-02","423"
"VO-004","2002-03","416"
"VO-004","2002-04","411"
"VO-004","2002-05","415"
"VO-004","2002-06","451"
"VO-004","2002-07","477"
"VO-004","2002-08","521"
"VO-004","2002-09","525"
"VO-004","2002-10","539"
"VO-004","2002-11","593"
"VO-004","2002-12","616"
"VO-004","2003-01","624"
"VO-004","2003-02","586"
"VO-004","2003-03","552"
"VO-004","2003-04","557"
"VO-004","2003-05","607"
"VO-004","2003-06","612"
"VO-004","2003-07","583"
"VO-004","2003-08","553"
"VO-004","2003-09","564"
"VO-004","2003-10","616"
"VO-004","2003-11","620"
"VO-004","2003-12","649"
"VO-004","2004-01","675"
"VO-004","2004-02","705"
"VO-004","2004-03","688"
"VO-004","2004-04","645"
"VO-004","2004-05","701"
"VO-004","2004-06","700"
"VO-004","2004-07","651"
"VO-004","2004-08","668"
"VO-004","2004-09","658"
"VO-004","2004-10","669"
"VO-004","2004-11","685"
"VO-004","2004-12","710"
"VO-004","2005-01","684"
"VO-004","2005-02","647"
"VO-004","2005-03","664"
"VO-004","2005-04","652"
"VO-004","2005-05","653"
"VO-004","2005-06","642"
"VO-004","2005-07","645"
"VO-004","2005-08","654"
"VO-004","2005-09","688"
"VO-004","2005-10","734"
"VO-004","2005-11","727"
"VO-004","2005-12","712"
"VO-004","2006-01","729"
"VO-004","2006-02","716"
"VO-004","2006-03","739"
"VO-004","2006-04","774"
"VO-004","2006-05","828"
"VO-004","2006-06","830"
"VO-004","2006-07","821"
"VO-004","2006-08","809"
"VO-004","2006-09","786"
"VO-004","2006-10","784"
"VO-004","2006-11","822"
"VO-004","2006-12","854"
"VO-004","2007-01","823"
"VO-004","2007-02","790"
"VO-004","2007-03","772"
"VO-004","2007-04","808"
"VO-004","2007-05","845"
"VO-004","2007-06","868"
"VO-004","2007-07","926"
"VO-004","2007-08","958"
"VO-004","2007-09","1045"
"VO-004","2007-10","1147"
"VO-004","2007-11","1252"
"VO-004","2007-12","1337"
"VO-004","2008-01","1390"
"VO-004","2008-02","1430"
"VO-004","2008-03","1510"
"VO-004","2008-04","1471"
"VO-004","2008-05","1525"
"VO-004","2008-06","1592"
"VO-004","2008-07","1549"
"VO-004","2008-08","1353"
"VO-004","2008-09","1238"
"VO-004","2008-10","1041"
"VO-004","2008-11","975"
"VO-004","2008-12","838"
"VO-004","2009-01","832"
"VO-004","2009-02","802"
"VO-004","2009-03","777"
"VO-004","2009-04","830"
"VO-004","2009-05","947"
"VO-004","2009-06","917"
"VO-004","2009-07","852"
"VO-004","2009-08","884"
"VO-004","2009-09","855"
"VO-004","2009-10","894"
"VO-004","2009-11","934"
"VO-004","2009-12","938"
"VO-004","2010-01","914"
"VO-004","2010-02","901"
"VO-004","2010-03","910"
"VO-004","2010-04","909"
"VO-004","2010-05","862"
"VO-004","2010-06","876"
"VO-004","2010-07","947"
"VO-004","2010-08","1013"
"VO-004","2010-09","1033"
"VO-004","2010-10","1150"
"VO-004","2010-11","1242"
"VO-004","2010-12","1383"
"VO-004","2011-01","1441"
"VO-004","2011-02","1403"
"VO-004","2011-03","1412"
"VO-004","2011-04","1447"
"VO-004","2011-05","1407"
"VO-004","2011-06","1402"
"VO-004","2011-07","1393"
"VO-004","2011-08","1351"
"VO-004","2011-09","1310"
"VO-004","2011-10","1271"
"VO-004","2011-11","1274"
"VO-004","2011-12","1245"
"VO-004","2012-01","1253"
"VO-004","2012-02","1288"
"VO-004","2012-03","1289"
"VO-004","2012-04","1304"
"VO-004","2012-05","1235"
"VO-004","2012-06","1183"
"VO-004","2012-07","1215"
"VO-004","2012-08","1231"
"VO-004","2012-09","1269"
"VO-004","2012-10","1214"
"VO-004","2012-11","1185"
"VO-004","2012-12","1188"
"VO-004","2013-01","1211"
"VO-004","2013-02","1217"
"VO-004","2013-03","1162"
"VO-004","2013-04","1132"
"VO-004","2013-05","1117"
"VO-004","2013-06","1147"
"VO-004","2013-07","1009"
"VO-004","2013-08","994"
"VO-004","2013-09","984"
"VO-004","2013-10","1011"
"VO-004","2013-11","1022"
"VO-004","2013-12","1007"
"VO-004","2014-01","948"
"VO-004","2014-02","972"
"VO-004","2014-03","1010"
"VO-004","2014-04","1011"
"VO-004","2014-05","955"
"VO-004","2014-06","948"
"VO-004","2014-07","892"
"VO-004","2014-08","852"
"VO-004","2014-09","836"
"VO-004","2014-10","859"
"VO-004","2014-11","841"
"VO-004","2014-12","815"
"VO-004","2015-01","778"
"VO-004","2015-02","763"
"VO-004","2015-03","751"
"VO-004","2015-04","748"
"VO-004","2015-05","770"
"VO-004","2015-06","842"
"VO-004","2015-07","810"
"VO-004","2015-08","754"
"VO-004","2015-09","772"
"VO-004","2015-10","809"
"VO-004","2015-11","800"
"VO-004","2015-12","821"
"VO-004","2016-01","781"
"VO-004","2016-02","780"
"VO-004","2016-03","766"
"VO-004","2016-04","809"
"VO-004","2016-05","806"
"VO-004","2016-06","793"
"VO-004","2016-07","768"
"VO-004","2016-08","818"
"VO-004","2016-09","850"
"VO-004","2016-10","914"
"VO-004","2016-11","918"
"VO-004","2016-12","930"
"VO-004","2017-01","891"
"VO-004","2017-02","874"
"VO-004","2017-03","847"
"VO-004","2017-04","839"
"VO-004","2017-05","842"
"VO-004","2017-06","847"
"VO-004","2017-07","906"
"VO-004","2017-08","875"
"VO-004","2017-09","873"
"VO-004","2017-10","897"
"VO-004","2017-11","963"
"VO-004","2017-12","902"
"VO-004","2018-01","848"
"VO-004","2018-02","827"
"VO-004","2018-03","800"
"VO-004","2018-04","793"
"VO-004","2018-05","811"
"VO-004","2018-06","838"
"VO-004","2018-07","849"
"VO-004","2018-08","854"
"VO-004","2018-09","821"
"VO-004","2018-10","850"
"VO-004","2018-11","840"
"VO-004","2018-12","827"
"VO-004","2019-01","860"
"VO-004","2019-02","830"
"VO-004","2019-03","809"
"VO-004","2019-04","806"
"VO-004","2019-05","816"
"VO-004","2019-06","840"
"VO-004","2019-07","845"
"VO-004","2019-08","877"
"VO-004","2019-09","903"
"VO-004","2019-10","909"
"VO-004","2019-11","891"
"VO-004","2019-12","901"
"VO-004","2020-01","945"
"VO-004","2020-02","902"
"VO-004","2020-03","797"
"VO-004","2020-04","759"
"VO-004","2020-05","800"
"VO-004","2020-06","851"
"VO-004","2020-07","890"
"VO-004","2020-08","922"
"VO-004","2020-09","938"
"VO-004","2020-10","928"
"VO-004","2020-11","1048"
"VO-004","2020-12","1098"
"VO-004","2021-01","1141"
"VO-004","2021-02","1272"
"VO-004","2021-03","1322"
"VO-004","2021-04","1312"
"VO-004","2021-05","1531"
"VO-004","2021-06","1528"
"VO-004","2021-07","1410"
"VO-004","2021-08","1519"
"VO-004","2021-09","1629"
"VO-004","2021-10","1795"
"VO-004","2021-11","1825"
"VO-004","2021-12","1743"
"VO-004","2022-01","1865"
"VO-004","2022-02","1744"
"VO-004","2022-03","2162"
"VO-004","2022-04","2266"
"VO-004","2022-05","2218"
"VO-004","2022-06","2001"
"VO-004","2022-07","1737"
"VO-004","2022-08","1639"
"VO-004","2022-09","1402"
"VO-004","2022-10","1408"
"VO-004","2022-11","1378"
"VO-004","2022-12","1260"
"VO-004","2023-01","1224"
"VO-004","2023-02","1189"
"VO-004","2023-03","1054"
"VO-004","2023-04","1026"
"VO-004","2023-05","967"
"VO-004","2023-06","991"
"VO-004","2023-07","1108"
"VO-004","2023-08","1067"
"VO-004","2023-09","1047"
"VO-004","2023-10","1060"
"VO-004","2023-11","1039"
"VO-004","2023-12","1010"
"VO-004","2024-01","972"
"VO-004","2024-02","963"
"VO-004","2024-03","1029"
"VO-004","2024-04","1059"
"VO-004","2024-05","1104"
"VO-004","2024-06","1099"
"VO-004","2024-07","1118"
"VO-004","2024-08","1080"
"VO-004","2024-09","1083"
"VO-004","2024-10","1142"
"VO-004","2024-11","1243"
"VO-004","2024-12","1181"
"VO-004","2025-01","1149"
"VO-004","2025-02","1159"
"VO-004","2025-03","1193"
"VO-004","2025-04","1256"
"VO-004","2025-05","1241"
"VO-004","2025-06","1252"
"VO-004","2025-07","1202"
"VO-004","2025-08","1213"
"VO-004","2025-09","1268"
"VO-004","2025-10","1264"
"VO-004","2025-11","1259"
"VO-004","2025-12","1258"
"VO-004","2026-01","1223"
"VO-004","2026-02","1275"
"VO-004","2026-03","1304"
"VO-004","2026-04","1345"
"VO-004","2026-05","1488"
"VO-004","2026-06","1498"
"VO-005","2021-10-24","1361.31"
"VO-005","2021-10-31","1361.09"
"VO-005","2021-11-07","1360.68"
"VO-005","2021-11-14","1360.9"
"VO-005","2021-11-21","1360.71"
"VO-005","2021-12-05","1360.75"
"VO-005","2021-12-12","1360.89"
"VO-005","2021-12-19","1254.04"
"VO-005","2021-12-26","1253.93"
"VO-005","2022-01-02","1253.97"
"VO-005","2022-01-09","1230.03"
"VO-005","2022-01-16","1233.09"
"VO-005","2022-01-23","1270.71"
"VO-005","2022-01-30","1287.9"
"VO-005","2022-02-06","1331.92"
"VO-005","2022-02-13","1357.7"
"VO-005","2022-02-20","1334.92"
"VO-005","2022-02-27","1334.17"
"VO-005","2022-03-06","1306.52"
"VO-005","2022-03-13","1467.49"
"VO-005","2022-03-20","1468.76"
"VO-005","2022-03-27","1198.37"
"VO-005","2022-04-03","1198.54"
"VO-005","2022-04-10","1537.37"
"VO-005","2022-04-17","1698.05"
"VO-005","2022-04-24","1587.71"
"VO-005","2022-05-01","1705.7"
"VO-005","2022-05-08","1515.4"
"VO-005","2022-05-15","1515.84"
"VO-005","2022-05-22","1705.61"
"VO-005","2022-05-29","1706.68"
"VO-005","2022-06-05","1707.33"
"VO-005","2022-06-12","1706.8"
"VO-005","2022-06-19","1584.23"
"VO-005","2022-06-26","1761.51"
"VO-005","2022-07-03","1762.03"
"VO-005","2022-07-10","1675.06"
"VO-005","2022-07-17","1667.67"
"VO-005","2022-07-24","1532.26"
"VO-005","2022-07-31","1651.06"
"VO-005","2022-08-07","1688.45"
"VO-005","2022-08-14","1355.24"
"VO-005","2022-08-21","1604.91"
"VO-005","2022-08-28","1668.41"
"VO-005","2022-09-04","1676.74"
"VO-005","2022-09-11","1802.86"
"VO-005","2022-09-18","1765.03"
"VO-005","2022-09-25","1892.26"
"VO-005","2022-10-02","1755.47"
"VO-005","2022-10-09","1641.38"
"VO-005","2022-10-16","1642.95"
"VO-005","2022-10-23","1647.14"
"VO-005","2022-10-30","1769.89"
"VO-005","2022-11-06","2002.34"
"VO-005","2022-11-13","1741.56"
"VO-005","2022-11-20","1732.36"
"VO-005","2022-11-27","1728.37"
"VO-005","2022-12-04","1730.08"
"VO-005","2022-12-11","1730.13"
"VO-005","2022-12-18","1728.46"
"VO-005","2023-01-01","1725.51"
"VO-005","2023-01-08","1705.1"
"VO-005","2023-01-15","1704.05"
"VO-005","2023-01-22","1981.35"
"VO-005","2023-01-29","1698.07"
"VO-005","2023-02-05","1569.61"
"VO-005","2023-02-12","1498.63"
"VO-005","2023-02-19","1592.61"
"VO-005","2023-02-26","1811.14"
"VO-005","2023-03-05","1808.91"
"VO-005","2023-03-12","1967.3"
"VO-005","2023-03-19","1598.3"
"VO-005","2023-03-26","1959.08"
"VO-005","2023-04-02","1672.61"
"VO-005","2023-04-09","1614.21"
"VO-005","2023-04-16","1360.36"
"VO-005","2023-04-23","1222.94"
"VO-005","2023-04-30","1293.12"
"VO-005","2023-05-07","1321.7"
"VO-005","2023-05-14","1499.09"
"VO-005","2023-05-21","1311.16"
"VO-005","2023-05-28","1310.02"
"VO-005","2023-06-04","1408.04"
"VO-005","2023-06-11","1346.51"
"VO-005","2023-06-18","1313.83"
"VO-005","2023-06-25","1491.87"
"VO-005","2023-07-02","1441.44"
"VO-005","2023-07-09","1075.93"
"VO-005","2023-07-16","1077.3"
"VO-005","2023-07-23","1272.64"
"VO-005","2023-07-30","1275.42"
"VO-005","2023-08-06","1240.55"
"VO-005","2023-08-13","1272.48"
"VO-005","2023-08-20","1366.74"
"VO-005","2023-08-27","1374.26"
"VO-005","2023-09-03","1241.66"
"VO-005","2023-09-10","1153.86"
"VO-005","2023-09-17","1150.97"
"VO-005","2023-09-24","1164.69"
"VO-005","2023-10-01","1236.43"
"VO-005","2023-10-08","1171.43"
"VO-005","2023-10-15","1245.24"
"VO-005","2023-10-22","1091.15"
"VO-005","2023-10-29","1013.17"
"VO-005","2023-11-05","1011.65"
"VO-005","2023-11-12","1186.93"
"VO-005","2023-11-19","1208.06"
"VO-005","2023-11-26","1024.26"
"VO-005","2023-12-03","1223.2"
"VO-005","2023-12-10","971.47"
"VO-005","2023-12-17","969.17"
"VO-005","2023-12-24","1025.62"
"VO-005","2023-12-31","1035.85"
"VO-005","2024-01-07","1142.59"
"VO-005","2024-01-14","963.71"
"VO-005","2024-01-21","1101.51"
"VO-005","2024-01-28","908.95"
"VO-005","2024-02-04","1288.46"
"VO-005","2024-02-11","1045.95"
"VO-005","2024-02-18","1206.25"
"VO-005","2024-02-25","1211.07"
"VO-005","2024-03-03","1214.18"
"VO-005","2024-03-10","1218.88"
"VO-005","2024-03-17","1201.36"
"VO-005","2024-03-24","1222.32"
"VO-005","2024-03-31","1224.71"
"VO-005","2024-04-07","1043.5"
"VO-005","2024-04-14","1207.35"
"VO-005","2024-04-21","1210.13"
"VO-005","2024-04-28","1211.97"
"VO-005","2024-05-05","1214.54"
"VO-005","2024-05-12","1218.08"
"VO-005","2024-05-19","1214.65"
"VO-005","2024-05-26","1216.21"
"VO-005","2024-06-02","1220.35"
"VO-005","2024-06-09","1366.48"
"VO-005","2024-06-16","1322"
"VO-005","2024-06-23","1242.79"
"VO-005","2024-06-30","1434.31"
"VO-005","2024-07-07","1142.38"
"VO-005","2024-07-14","1086.43"
"VO-005","2024-07-21","1088.3"
"VO-005","2024-07-28","1086.82"
"VO-005","2024-08-04","1092.67"
"VO-005","2024-08-11","942.37"
"VO-005","2024-08-18","943.88"
"VO-005","2024-08-25","1091.17"
"VO-005","2024-09-01","786.71"
"VO-005","2024-09-08","1244.59"
"VO-005","2024-09-15","979.38"
"VO-005","2024-09-22","956.47"
"VO-005","2024-09-29","957.52"
"VO-005","2024-10-06","971.75"
"VO-005","2024-10-13","1408.97"
"VO-005","2024-10-20","969.51"
"VO-005","2024-10-27","971.01"
"VO-005","2024-11-03","969.83"
"VO-005","2024-11-10","1009.11"
"VO-005","2024-11-17","1007.94"
"VO-005","2024-11-24","980.65"
"VO-005","2024-12-01","979.49"
"VO-005","2024-12-08","1006.8"
"VO-005","2024-12-15","1004.55"
"VO-005","2025-01-05","1060.79"
"VO-005","2025-01-12","1123.83"
"VO-005","2025-01-19","1106.44"
"VO-005","2025-01-26","1123.16"
"VO-005","2025-02-02","1072.31"
"VO-005","2025-02-09","1042.83"
"VO-005","2025-02-16","1090.47"
"VO-005","2025-02-23","1090.37"
"VO-005","2025-03-02","1106.82"
"VO-005","2025-03-09","1183.05"
"VO-005","2025-03-16","1102.75"
"VO-005","2025-03-23","1106.05"
"VO-005","2025-03-30","1109.24"
"VO-005","2025-04-06","1107.59"
"VO-005","2025-04-13","1107.55"
"VO-005","2025-04-20","1192.22"
"VO-005","2025-04-27","964.03"
"VO-005","2025-05-04","1107.45"
"VO-005","2025-05-11","1167.64"
"VO-005","2025-05-18","1162.78"
"VO-005","2025-05-25","1082.71"
"VO-005","2025-06-01","1173.04"
"VO-005","2025-06-08","1174.58"
"VO-005","2025-06-15","1179.16"
"VO-005","2025-06-22","1130.98"
"VO-005","2025-06-29","1081.19"
"VO-005","2025-07-06","1066.58"
"VO-005","2025-07-13","1065.26"
"VO-005","2025-07-20","1104.26"
"VO-005","2025-07-27","1065.93"
"VO-005","2025-08-03","1065.07"
"VO-005","2025-08-10","1120.91"
"VO-005","2025-08-17","1046.47"
"VO-005","2025-08-24","1075.47"
"VO-005","2025-08-31","1063.5"
"VO-005","2025-09-07","1104.26"
"VO-005","2025-09-14","1012.68"
"VO-005","2025-09-21","1013.69"
"VO-005","2025-09-28","1119.26"
"VO-005","2025-10-05","1081.84"
"VO-005","2025-10-12","1045.06"
"VO-005","2025-10-19","1045.85"
"VO-005","2025-10-26","1026.7"
"VO-005","2025-11-02","1067.62"
"VO-005","2025-11-09","1077.83"
"VO-005","2025-11-16","1078.12"
"VO-005","2025-11-23","1077.63"
"VO-005","2025-11-30","1131.41"
"VO-005","2025-12-07","1088"
"VO-005","2025-12-14","1131.48"
"VO-005","2025-12-28","1088.52"
"VO-005","2026-01-04","1130.34"
"VO-005","2026-01-11","1131.66"
"VO-005","2026-01-18","1131.41"
"VO-005","2026-01-25","1101.04"
"VO-005","2026-02-01","1100.32"
"VO-005","2026-02-08","1076.22"
"VO-005","2026-02-15","1076.62"
"VO-005","2026-02-22","1075.87"
"VO-005","2026-03-01","1065.59"
"VO-005","2026-03-08","1063.91"
"VO-005","2026-03-15","1064.17"
"VO-005","2026-03-22","1138.53"
"VO-005","2026-03-29","1074.8"
"VO-005","2026-04-05","1024.3"
"VO-005","2026-04-12","1018.09"
"VO-005","2026-04-19","1018.22"
"VO-005","2026-04-26","1047.67"
"VO-005","2026-05-03","1043.1"
"VO-005","2026-05-10","1024.45"
"VO-005","2026-05-17","1029.24"
"VO-005","2026-05-24","1090.37"
"VO-005","2026-05-31","1087.89"
"VO-005","2026-06-07","1085.91"
"VO-005","2026-06-14","1089.06"
"VO-005","2026-06-21","1099.18"
"VO-005","2026-06-28","1062.8"
"WH-001","1960-01","59.9"
"WH-001","1960-02","61"
"WH-001","1960-03","61.7"
"WH-001","1960-04","61"
"WH-001","1960-05","57.7"
"WH-001","1960-06","55.5"
"WH-001","1960-07","54.8"
"WH-001","1960-08","55.1"
"WH-001","1960-09","56.6"
"WH-001","1960-10","57"
"WH-001","1960-11","57.7"
"WH-001","1960-12","58.1"
"WH-001","1961-01","58.8"
"WH-001","1961-02","59.2"
"WH-001","1961-03","58.1"
"WH-001","1961-04","57.3"
"WH-001","1961-05","55.9"
"WH-001","1961-06","54.4"
"WH-001","1961-07","56.6"
"WH-001","1961-08","58.8"
"WH-001","1961-09","59.9"
"WH-001","1961-10","60.3"
"WH-001","1961-11","61.7"
"WH-001","1961-12","62.5"
"WH-001","1962-01","60.6"
"WH-001","1962-02","61.4"
"WH-001","1962-03","61.7"
"WH-001","1962-04","62.1"
"WH-001","1962-05","63.6"
"WH-001","1962-06","64.3"
"WH-001","1962-07","65.4"
"WH-001","1962-08","66.5"
"WH-001","1962-09","65.8"
"WH-001","1962-10","64.3"
"WH-001","1962-11","68.7"
"WH-001","1962-12","67.6"
"WH-001","1963-01","67.2"
"WH-001","1963-02","68.3"
"WH-001","1963-03","69.5"
"WH-001","1963-04","70.9"
"WH-001","1963-05","67.6"
"WH-001","1963-06","58.4"
"WH-001","1963-07","57.7"
"WH-001","1963-08","58.4"
"WH-001","1963-09","60.6"
"WH-001","1963-10","65"
"WH-001","1963-11","65"
"WH-001","1963-12","65"
"WH-001","1964-01","64"
"WH-001","1964-02","66.1"
"WH-001","1964-03","66.9"
"WH-001","1964-04","67.6"
"WH-001","1964-05","69.5"
"WH-001","1964-06","65"
"WH-001","1964-07","68.7"
"WH-001","1964-08","68.7"
"WH-001","1964-09","69.1"
"WH-001","1964-10","68.7"
"WH-001","1964-11","68"
"WH-001","1964-12","68"
"WH-001","1965-01","66.1"
"WH-001","1965-02","61.4"
"WH-001","1965-03","61"
"WH-001","1965-04","59.9"
"WH-001","1965-05","59.2"
"WH-001","1965-06","58.1"
"WH-001","1965-07","57.3"
"WH-001","1965-08","57.7"
"WH-001","1965-09","58.4"
"WH-001","1965-10","58.1"
"WH-001","1965-11","58.1"
"WH-001","1965-12","58.4"
"WH-001","1966-01","58.4"
"WH-001","1966-02","58.8"
"WH-001","1966-03","58.8"
"WH-001","1966-04","58.8"
"WH-001","1966-05","58.8"
"WH-001","1966-06","62.1"
"WH-001","1966-07","65.4"
"WH-001","1966-08","67.6"
"WH-001","1966-09","67.2"
"WH-001","1966-10","66.1"
"WH-001","1966-11","65.8"
"WH-001","1966-12","67.6"
"WH-001","1967-01","67.2"
"WH-001","1967-02","68"
"WH-001","1967-03","69.8"
"WH-001","1967-04","68.3"
"WH-001","1967-05","68.3"
"WH-001","1967-06","66.5"
"WH-001","1967-07","64.7"
"WH-001","1967-08","63.9"
"WH-001","1967-09","63.2"
"WH-001","1967-10","63.6"
"WH-001","1967-11","62.8"
"WH-001","1967-12","62.1"
"WH-001","1968-01","62.1"
"WH-001","1968-02","62.8"
"WH-001","1968-03","63.6"
"WH-001","1968-04","61.7"
"WH-001","1968-05","60.3"
"WH-001","1968-06","61.7"
"WH-001","1968-07","63.6"
"WH-001","1968-08","63.9"
"WH-001","1968-09","63.6"
"WH-001","1968-10","63.6"
"WH-001","1968-11","63.2"
"WH-001","1968-12","63.2"
"WH-001","1969-01","63.2"
"WH-001","1969-02","62.8"
"WH-001","1969-03","62.1"
"WH-001","1969-04","62.1"
"WH-001","1969-05","62.1"
"WH-001","1969-06","61.7"
"WH-001","1969-07","60.3"
"WH-001","1969-08","56.2"
"WH-001","1969-09","53.7"
"WH-001","1969-10","52.2"
"WH-001","1969-11","52.2"
"WH-001","1969-12","52.2"
"WH-001","1970-01","52.2"
"WH-001","1970-02","52.2"
"WH-001","1970-03","52.2"
"WH-001","1970-04","52.2"
"WH-001","1970-05","52.2"
"WH-001","1970-06","52.2"
"WH-001","1970-07","52.5"
"WH-001","1970-08","54"
"WH-001","1970-09","56.2"
"WH-001","1970-10","58.8"
"WH-001","1970-11","61"
"WH-001","1970-12","63.2"
"WH-001","1971-01","63.6"
"WH-001","1971-02","63.6"
"WH-001","1971-03","62.8"
"WH-001","1971-04","62.5"
"WH-001","1971-05","63.2"
"WH-001","1971-06","61.4"
"WH-001","1971-07","61.4"
"WH-001","1971-08","61"
"WH-001","1971-09","61"
"WH-001","1971-10","60.3"
"WH-001","1971-11","60.3"
"WH-001","1971-12","59.9"
"WH-001","1972-01","59.9"
"WH-001","1972-02","59.9"
"WH-001","1972-03","59.9"
"WH-001","1972-04","60.3"
"WH-001","1972-05","60.3"
"WH-001","1972-06","59.9"
"WH-001","1972-07","60.3"
"WH-001","1972-08","62.1"
"WH-001","1972-09","76.1"
"WH-001","1972-10","87.5"
"WH-001","1972-11","88.9"
"WH-001","1972-12","102.9"
"WH-001","1973-01","108.4"
"WH-001","1973-02","98.8"
"WH-001","1973-03","98.5"
"WH-001","1973-04","101.1"
"WH-001","1973-05","102.2"
"WH-001","1973-06","108.4"
"WH-001","1973-07","114.6"
"WH-001","1973-08","192.5"
"WH-001","1973-09","189.6"
"WH-001","1973-10","182.3"
"WH-001","1973-11","181.9"
"WH-001","1973-12","199.5"
"WH-001","1974-01","213.5"
"WH-001","1974-02","220.5"
"WH-001","1974-03","190.7"
"WH-001","1974-04","162"
"WH-001","1974-05","141.5"
"WH-001","1974-06","155.8"
"WH-001","1974-07","169"
"WH-001","1974-08","167.6"
"WH-001","1974-09","170.5"
"WH-001","1974-10","192.2"
"WH-001","1974-11","187.4"
"WH-001","1974-12","185.9"
"WH-001","1975-01","164.2"
"WH-001","1975-02","153.2"
"WH-001","1975-03","147.3"
"WH-001","1975-04","140.4"
"WH-001","1975-05","131.5"
"WH-001","1975-06","127.1"
"WH-001","1975-07","145.1"
"WH-001","1975-08","162.8"
"WH-001","1975-09","165.7"
"WH-001","1975-10","161.7"
"WH-001","1975-11","147"
"WH-001","1975-12","142.6"
"WH-001","1976-01","143.7"
"WH-001","1976-02","152.9"
"WH-001","1976-03","152.5"
"WH-001","1976-04","145.5"
"WH-001","1976-05","141.8"
"WH-001","1976-06","146.2"
"WH-001","1976-07","142.2"
"WH-001","1976-08","126.4"
"WH-001","1976-09","119.8"
"WH-001","1976-10","111.3"
"WH-001","1976-11","106.6"
"WH-001","1976-12","106.2"
"WH-001","1977-01","108.8"
"WH-001","1977-02","110.6"
"WH-001","1977-03","106.9"
"WH-001","1977-04","102.2"
"WH-001","1977-05","94.8"
"WH-001","1977-06","93"
"WH-001","1977-07","96.6"
"WH-001","1977-08","95.5"
"WH-001","1977-09","99.9"
"WH-001","1977-10","104"
"WH-001","1977-11","111.7"
"WH-001","1977-12","114.6"
"WH-001","1978-01","114.3"
"WH-001","1978-02","115.7"
"WH-001","1978-03","124.2"
"WH-001","1978-04","130.8"
"WH-001","1978-05","124.6"
"WH-001","1978-06","126.4"
"WH-001","1978-07","127.1"
"WH-001","1978-08","127.5"
"WH-001","1978-09","130.8"
"WH-001","1978-10","137.4"
"WH-001","1978-11","137.8"
"WH-001","1978-12","136.3"
"WH-001","1979-01","137.8"
"WH-001","1979-02","140.4"
"WH-001","1979-03","140"
"WH-001","1979-04","140"
"WH-001","1979-05","143.3"
"WH-001","1979-06","167.9"
"WH-001","1979-07","174.5"
"WH-001","1979-08","169"
"WH-001","1979-09","174.2"
"WH-001","1979-10","178.2"
"WH-001","1979-11","178.2"
"WH-001","1979-12","180"
"WH-001","1980-01","175.6"
"WH-001","1980-02","172.7"
"WH-001","1980-03","163.5"
"WH-001","1980-04","156.5"
"WH-001","1980-05","161.3"
"WH-001","1980-06","157.6"
"WH-001","1980-07","168.7"
"WH-001","1980-08","171.2"
"WH-001","1980-09","179.7"
"WH-001","1980-10","188.1"
"WH-001","1980-11","195.1"
"WH-001","1980-12","182.6"
"WH-001","1981-01","189.6"
"WH-001","1981-02","181.5"
"WH-001","1981-03","175.3"
"WH-001","1981-04","180.4"
"WH-001","1981-05","171.6"
"WH-001","1981-06","168.7"
"WH-001","1981-07","167.9"
"WH-001","1981-08","170.1"
"WH-001","1981-09","171.2"
"WH-001","1981-10","168.7"
"WH-001","1981-11","178.6"
"WH-001","1981-12","176"
"WH-001","1982-01","173.1"
"WH-001","1982-02","170.9"
"WH-001","1982-03","168.7"
"WH-001","1982-04","169.8"
"WH-001","1982-05","167.6"
"WH-001","1982-06","155.8"
"WH-001","1982-07","151.8"
"WH-001","1982-08","152.5"
"WH-001","1982-09","152.9"
"WH-001","1982-10","146.6"
"WH-001","1982-11","155.1"
"WH-001","1982-12","159.8"
"WH-001","1983-01","165"
"WH-001","1983-02","164.2"
"WH-001","1983-03","166.1"
"WH-001","1983-04","167.2"
"WH-001","1983-05","160.2"
"WH-001","1983-06","151.8"
"WH-001","1983-07","147.3"
"WH-001","1983-08","152.5"
"WH-001","1983-09","156.5"
"WH-001","1983-10","152.9"
"WH-001","1983-11","151.8"
"WH-001","1983-12","153.6"
"WH-001","1984-01","152.9"
"WH-001","1984-02","150.7"
"WH-001","1984-03","154"
"WH-001","1984-04","157.3"
"WH-001","1984-05","154"
"WH-001","1984-06","149.9"
"WH-001","1984-07","147"
"WH-001","1984-08","152.5"
"WH-001","1984-09","155.1"
"WH-001","1984-10","152.9"
"WH-001","1984-11","152.5"
"WH-001","1984-12","149.6"
"WH-001","1985-01","149.2"
"WH-001","1985-02","147.3"
"WH-001","1985-03","145.1"
"WH-001","1985-04","143.7"
"WH-001","1985-05","136.3"
"WH-001","1985-06","134.1"
"WH-001","1985-07","128.6"
"WH-001","1985-08","123.1"
"WH-001","1985-09","125.3"
"WH-001","1985-10","127.5"
"WH-001","1985-11","132.6"
"WH-001","1985-12","137.1"
"WH-001","1986-01","132.3"
"WH-001","1986-02","129.7"
"WH-001","1986-03","134.5"
"WH-001","1986-04","132.6"
"WH-001","1986-05","119.4"
"WH-001","1986-06","105.8"
"WH-001","1986-07","101.8"
"WH-001","1986-08","102.2"
"WH-001","1986-09","103.6"
"WH-001","1986-10","104.7"
"WH-001","1986-11","105.1"
"WH-001","1986-12","107.3"
"WH-001","1987-01","109.1"
"WH-001","1987-02","112.1"
"WH-001","1987-03","115.4"
"WH-001","1987-04","113.2"
"WH-001","1987-05","119.1"
"WH-001","1987-06","108.8"
"WH-001","1987-07","104.7"
"WH-001","1987-08","106.9"
"WH-001","1987-09","112.1"
"WH-001","1987-10","113.9"
"WH-001","1987-11","115"
"WH-001","1987-12","124.6"
"WH-001","1988-01","128.6"
"WH-001","1988-02","131.5"
"WH-001","1988-03","124.9"
"WH-001","1988-04","126.8"
"WH-001","1988-05","129"
"WH-001","1988-06","149.9"
"WH-001","1988-07","149.6"
"WH-001","1988-08","149.9"
"WH-001","1988-09","159.5"
"WH-001","1988-10","162"
"WH-001","1988-11","163.9"
"WH-001","1988-12","166.8"
"WH-001","1989-01","173.8"
"WH-001","1989-02","172"
"WH-001","1989-03","178.2"
"WH-001","1989-04","174.5"
"WH-001","1989-05","176.4"
"WH-001","1989-06","168.7"
"WH-001","1989-07","166.8"
"WH-001","1989-08","164.2"
"WH-001","1989-09","163.5"
"WH-001","1989-10","164.6"
"WH-001","1989-11","163.5"
"WH-001","1989-12","164.6"
"WH-001","1990-01","167.9"
"WH-001","1990-02","160.9"
"WH-001","1990-03","156.5"
"WH-001","1990-04","159.5"
"WH-001","1990-05","149.2"
"WH-001","1990-06","135.6"
"WH-001","1990-07","124.9"
"WH-001","1990-08","116.8"
"WH-001","1990-09","114.3"
"WH-001","1990-10","114.6"
"WH-001","1990-11","112.8"
"WH-001","1990-12","113.2"
"WH-001","1991-01","111.3"
"WH-001","1991-02","113.9"
"WH-001","1991-03","119.4"
"WH-001","1991-04","120.9"
"WH-001","1991-05","122"
"WH-001","1991-06","120.2"
"WH-001","1991-07","118.3"
"WH-001","1991-08","125.3"
"WH-001","1991-09","135.2"
"WH-001","1991-10","147"
"WH-001","1991-11","149.6"
"WH-001","1991-12","160.9"
"WH-001","1992-01","170.1"
"WH-001","1992-02","177.1"
"WH-001","1992-03","169.4"
"WH-001","1992-04","159.8"
"WH-001","1992-05","149.6"
"WH-001","1992-06","148.8"
"WH-001","1992-07","136.3"
"WH-001","1992-08","128.2"
"WH-001","1992-09","138.9"
"WH-001","1992-10","140.7"
"WH-001","1992-11","147.7"
"WH-001","1992-12","147.7"
"WH-001","1993-01","155.8"
"WH-001","1993-02","148.8"
"WH-001","1993-03","148.1"
"WH-001","1993-04","141.8"
"WH-001","1993-05","136.7"
"WH-001","1993-06","122"
"WH-001","1993-07","127.5"
"WH-001","1993-08","129.7"
"WH-001","1993-09","131.2"
"WH-001","1993-10","136"
"WH-001","1993-11","146.6"
"WH-001","1993-12","158.7"
"WH-001","1994-01","153.2"
"WH-001","1994-02","147"
"WH-001","1994-03","141.1"
"WH-001","1994-04","140.4"
"WH-001","1994-05","140"
"WH-001","1994-06","139.3"
"WH-001","1994-07","137.4"
"WH-001","1994-08","145.9"
"WH-001","1994-09","158.7"
"WH-001","1994-10","167.2"
"WH-001","1994-11","162"
"WH-001","1994-12","164.6"
"WH-001","1995-01","156.2"
"WH-001","1995-02","154.3"
"WH-001","1995-03","150.3"
"WH-001","1995-04","148.8"
"WH-001","1995-05","158.7"
"WH-001","1995-06","170.1"
"WH-001","1995-07","190.7"
"WH-001","1995-08","184.5"
"WH-001","1995-09","193.6"
"WH-001","1995-10","203.7"
"WH-001","1995-11","203.9"
"WH-001","1995-12","208.9"
"WH-001","1996-01","206.9"
"WH-001","1996-02","218.9"
"WH-001","1996-03","215.3"
"WH-001","1996-04","257.6"
"WH-001","1996-05","262.1"
"WH-001","1996-06","227.3"
"WH-001","1996-07","202.6"
"WH-001","1996-08","191.6"
"WH-001","1996-09","178.7"
"WH-001","1996-10","178"
"WH-001","1996-11","176.4"
"WH-001","1996-12","175.7"
"WH-001","1997-01","175.7"
"WH-001","1997-02","172.4"
"WH-001","1997-03","176.6"
"WH-001","1997-04","183.5"
"WH-001","1997-05","172.6"
"WH-001","1997-06","148.4"
"WH-001","1997-07","136.2"
"WH-001","1997-08","150.6"
"WH-001","1997-09","151.7"
"WH-001","1997-10","151.6"
"WH-001","1997-11","149.9"
"WH-001","1997-12","144.6"
"WH-001","1998-01","137.1"
"WH-001","1998-02","140.1"
"WH-001","1998-03","138.9"
"WH-001","1998-04","130.2"
"WH-001","1998-05","128.9"
"WH-001","1998-06","120.6"
"WH-001","1998-07","118.9"
"WH-001","1998-08","108"
"WH-001","1998-09","107.9"
"WH-001","1998-10","126.5"
"WH-001","1998-11","130.2"
"WH-001","1998-12","126.2"
"WH-001","1999-01","125.3"
"WH-001","1999-02","117"
"WH-001","1999-03","117.3"
"WH-001","1999-04","113.9"
"WH-001","1999-05","113"
"WH-001","1999-06","111.4"
"WH-001","1999-07","103"
"WH-001","1999-08","111.3"
"WH-001","1999-09","113.2"
"WH-001","1999-10","108.1"
"WH-001","1999-11","108.8"
"WH-001","1999-12","102.2"
"WH-001","2000-01","105.8"
"WH-001","2000-02","107.9"
"WH-001","2000-03","105.7"
"WH-001","2000-04","105.1"
"WH-001","2000-05","112.1"
"WH-001","2000-06","113.5"
"WH-001","2000-07","109"
"WH-001","2000-08","108.4"
"WH-001","2000-09","117.5"
"WH-001","2000-10","128.2"
"WH-001","2000-11","127.7"
"WH-001","2000-12","128.1"
"WH-001","2001-01","132.8"
"WH-001","2001-02","128.1"
"WH-001","2001-03","130.2"
"WH-001","2001-04","129.7"
"WH-001","2001-05","134.9"
"WH-001","2001-06","127.2"
"WH-001","2001-07","123.8"
"WH-001","2001-08","121.9"
"WH-001","2001-09","122"
"WH-001","2001-10","123.3"
"WH-001","2001-11","125.3"
"WH-001","2001-12","122.4"
"WH-001","2002-01","125.3"
"WH-001","2002-02","123.3"
"WH-001","2002-03","122.5"
"WH-001","2002-04","123.7"
"WH-001","2002-05","121.5"
"WH-001","2002-06","132"
"WH-001","2002-07","149.3"
"WH-001","2002-08","161.3"
"WH-001","2002-09","187.8"
"WH-001","2002-10","190.3"
"WH-001","2002-11","177.4"
"WH-001","2002-12","162.5"
"WH-001","2003-01","149.6"
"WH-001","2003-02","150.8"
"WH-001","2003-03","141.8"
"WH-001","2003-04","138.6"
"WH-001","2003-05","142"
"WH-001","2003-06","131.4"
"WH-001","2003-07","131.6"
"WH-001","2003-08","148.7"
"WH-001","2003-09","145.6"
"WH-001","2003-10","147.5"
"WH-001","2003-11","160.5"
"WH-001","2003-12","165.6"
"WH-001","2004-01","166.3"
"WH-001","2004-02","161.4"
"WH-001","2004-03","166.3"
"WH-001","2004-04","166.6"
"WH-001","2004-05","163.7"
"WH-001","2004-06","154.7"
"WH-001","2004-07","150.6"
"WH-001","2004-08","141.3"
"WH-001","2004-09","151"
"WH-001","2004-10","150.1"
"WH-001","2004-11","156.6"
"WH-001","2004-12","153.9"
"WH-001","2005-01","153.6"
"WH-001","2005-02","151.2"
"WH-001","2005-03","151"
"WH-001","2005-04","140.9"
"WH-001","2005-05","143.3"
"WH-001","2005-06","141.9"
"WH-001","2005-07","143.9"
"WH-001","2005-08","149.4"
"WH-001","2005-09","159.7"
"WH-001","2005-10","167.8"
"WH-001","2005-11","161.1"
"WH-001","2005-12","164.4"
"WH-001","2006-01","167.2"
"WH-001","2006-02","179.8"
"WH-001","2006-03","174.4"
"WH-001","2006-04","180.3"
"WH-001","2006-05","193.2"
"WH-001","2006-06","195.2"
"WH-001","2006-07","202.4"
"WH-001","2006-08","189.9"
"WH-001","2006-09","196"
"WH-001","2006-10","212.1"
"WH-001","2006-11","209.7"
"WH-001","2006-12","204.3"
"WH-001","2007-01","196.1"
"WH-001","2007-02","200"
"WH-001","2007-03","199.1"
"WH-001","2007-04","198.3"
"WH-001","2007-05","195.7"
"WH-001","2007-06","223"
"WH-001","2007-07","238.4"
"WH-001","2007-08","259.7"
"WH-001","2007-09","326.5"
"WH-001","2007-10","335.1"
"WH-001","2007-11","321.8"
"WH-001","2007-12","368.6"
"WH-001","2008-01","370.7"
"WH-001","2008-02","425"
"WH-001","2008-03","439.7"
"WH-001","2008-04","362.2"
"WH-001","2008-05","328.8"
"WH-001","2008-06","348.6"
"WH-001","2008-07","328.2"
"WH-001","2008-08","329.3"
"WH-001","2008-09","295.6"
"WH-001","2008-10","237.4"
"WH-001","2008-11","226.8"
"WH-001","2008-12","220.1"
"WH-001","2009-01","239.1"
"WH-001","2009-02","224.7"
"WH-001","2009-03","231"
"WH-001","2009-04","233.5"
"WH-001","2009-05","261.5"
"WH-001","2009-06","256.6"
"WH-001","2009-07","224.9"
"WH-001","2009-08","210.4"
"WH-001","2009-09","191.1"
"WH-001","2009-10","198.8"
"WH-001","2009-11","211"
"WH-001","2009-12","206.3"
"WH-001","2010-01","201.2"
"WH-001","2010-02","194"
"WH-001","2010-03","191.1"
"WH-001","2010-04","192.9"
"WH-001","2010-05","181.6"
"WH-001","2010-06","157.7"
"WH-001","2010-07","195.8"
"WH-001","2010-08","246.2"
"WH-001","2010-09","271.7"
"WH-001","2010-10","270.2"
"WH-001","2010-11","274.1"
"WH-001","2010-12","306.5"
"WH-001","2011-01","326.6"
"WH-001","2011-02","348.1"
"WH-001","2011-03","316.7"
"WH-001","2011-04","336.1"
"WH-001","2011-05","355.3"
"WH-001","2011-06","326.4"
"WH-001","2011-07","303.9"
"WH-001","2011-08","327.1"
"WH-001","2011-09","315.9"
"WH-001","2011-10","289"
"WH-001","2011-11","281"
"WH-001","2011-12","269"
"WH-001","2012-01","274.9"
"WH-001","2012-02","277.8"
"WH-001","2012-03","283.9"
"WH-001","2012-04","266.3"
"WH-001","2012-05","264.4"
"WH-001","2012-06","276.2"
"WH-001","2012-07","345.7"
"WH-001","2012-08","349.4"
"WH-001","2012-09","353.4"
"WH-001","2012-10","358.2"
"WH-001","2012-11","360.8"
"WH-001","2012-12","348"
"WH-001","2013-01","335.5"
"WH-001","2013-02","318.9"
"WH-001","2013-03","309.7"
"WH-001","2013-04","308.3"
"WH-001","2013-05","319.7"
"WH-001","2013-06","313.4"
"WH-001","2013-07","304.6"
"WH-001","2013-08","305.3"
"WH-001","2013-09","307.5"
"WH-001","2013-10","325.7"
"WH-001","2013-11","306.8"
"WH-001","2013-12","291.6"
"WH-001","2014-01","275.6"
"WH-001","2014-02","292.1"
"WH-001","2014-03","323.7"
"WH-001","2014-04","324.8"
"WH-001","2014-05","334.7"
"WH-001","2014-06","306.4"
"WH-001","2014-07","280.4"
"WH-001","2014-08","263.5"
"WH-001","2014-09","243.6"
"WH-001","2014-10","245.4"
"WH-001","2014-11","258.7"
"WH-001","2014-12","269.7"
"WH-001","2015-01","248.4"
"WH-001","2015-02","237"
"WH-001","2015-03","230.8"
"WH-001","2015-04","223.4"
"WH-001","2015-05","215.3"
"WH-001","2015-06","209.8"
"WH-001","2015-07","197.3"
"WH-001","2015-08","179.7"
"WH-001","2015-09","172.7"
"WH-001","2015-10","172.7"
"WH-001","2015-11","177.1"
"WH-001","2015-12","189.2"
"WH-001","2016-01","193.3"
"WH-001","2016-02","187"
"WH-001","2016-03","191.1"
"WH-001","2016-04","187.4"
"WH-001","2016-05","172"
"WH-001","2016-06","173.1"
"WH-001","2016-07","151.8"
"WH-001","2016-08","149.2"
"WH-001","2016-09","150.6"
"WH-001","2016-10","151.8"
"WH-001","2016-11","150.6"
"WH-001","2016-12","141.8"
"WH-001","2017-01","153.2"
"WH-001","2017-02","155.1"
"WH-001","2017-03","154.3"
"WH-001","2017-04","166.1"
"WH-001","2017-05","180.4"
"WH-001","2017-06","189.6"
"WH-001","2017-07","202.5"
"WH-001","2017-08","171.2"
"WH-001","2017-09","178.6"
"WH-001","2017-10","175.6"
"WH-001","2017-11","179.7"
"WH-001","2017-12","184.1"
"WH-001","2018-01","192.2"
"WH-001","2018-02","192.2"
"WH-001","2018-03","192.2"
"WH-001","2018-04","213.8"
"WH-001","2018-05","213.8"
"WH-001","2018-06","219.4"
"WH-001","2018-07","218.3"
"WH-001","2018-08","236.6"
"WH-001","2018-09","212.4"
"WH-001","2018-10","213.5"
"WH-001","2018-11","203.6"
"WH-001","2018-12","211.3"
"WH-001","2019-01","209.8"
"WH-001","2019-02","219"
"WH-001","2019-03","205.8"
"WH-001","2019-04","199.5"
"WH-001","2019-05","199.5"
"WH-001","2019-06","206.1"
"WH-001","2019-07","196.2"
"WH-001","2019-08","181.1"
"WH-001","2019-09","189.6"
"WH-001","2019-10","199.5"
"WH-001","2019-11","203.2"
"WH-001","2019-12","210.9"
"WH-001","2020-01","224.5"
"WH-001","2020-02","215.3"
"WH-001","2020-03","209.1"
"WH-001","2020-04","219"
"WH-001","2020-05","205.8"
"WH-001","2020-06","198.4"
"WH-001","2020-07","222.1"
"WH-001","2020-08","223"
"WH-001","2020-09","247.7"
"WH-001","2020-10","272.4"
"WH-001","2020-11","273"
"WH-001","2020-12","268.6"
"WH-001","2021-01","289.3"
"WH-001","2021-02","289.4"
"WH-001","2021-03","273.1"
"WH-001","2021-04","281"
"WH-001","2021-05","297.3"
"WH-001","2021-06","285.6"
"WH-001","2021-07","294.3"
"WH-001","2021-08","324.5"
"WH-001","2021-09","337.6"
"WH-001","2021-10","354.7"
"WH-001","2021-11","379.5"
"WH-001","2021-12","376.8"
"WH-001","2022-01","374.2"
"WH-001","2022-02","390.5"
"WH-001","2022-03","486.3"
"WH-001","2022-04","495.3"
"WH-001","2022-05","522.3"
"WH-001","2022-06","459.6"
"WH-001","2022-07","382.5"
"WH-001","2022-08","382.9"
"WH-001","2022-09","419.1"
"WH-001","2022-10","438"
"WH-001","2022-11","422.7"
"WH-001","2022-12","386.3"
"WH-001","2023-01","380.4"
"WH-001","2023-02","394.8"
"WH-001","2023-03","369.9"
"WH-001","2023-04","378.2"
"WH-001","2023-05","367.7"
"WH-001","2023-06","345.5"
"WH-001","2023-07","345.5"
"WH-001","2023-08","315.8"
"WH-001","2023-09","314.7"
"WH-001","2023-10","298.1"
"WH-001","2023-11","283.6"
"WH-001","2023-12","291.1"
"WH-001","2024-01","283.9"
"WH-001","2024-02","278.5"
"WH-001","2024-03","274.8"
"WH-001","2024-04","272.3"
"WH-001","2024-05","289.4"
"WH-001","2024-06","265.6"
"WH-001","2024-07","260.3"
"WH-001","2024-08","250.9"
"WH-001","2024-09","269.7"
"WH-001","2024-10","272.9"
"WH-001","2024-11","253.8"
"WH-001","2024-12","252.2"
"WH-001","2025-01","254.1"
"WH-001","2025-02","264.6"
"WH-001","2025-03","255.4"
"WH-001","2025-04","249.6"
"WH-001","2025-05","237"
"WH-001","2025-06","240.1"
"WH-001","2025-07","235"
"WH-001","2025-08","231.1"
"WH-001","2025-09","233.8"
"WH-001","2025-10","230.8"
"WH-001","2025-11","245.9"
"WH-001","2025-12","242.8"
"WH-001","2026-01","249.9"
"WH-001","2026-02","257.6"
"WH-001","2026-03","276"
"WH-001","2026-04","282"
"WH-001","2026-05","303"
"WH-001","2026-06","286"
"WH-002","1979-01","140.4"
"WH-002","1979-02","144.8"
"WH-002","1979-03","144"
"WH-002","1979-04","142.2"
"WH-002","1979-05","141.4"
"WH-002","1979-06","163.9"
"WH-002","1979-07","168.3"
"WH-002","1979-08","162.8"
"WH-002","1979-09","165"
"WH-002","1979-10","163.1"
"WH-002","1979-11","166.8"
"WH-002","1979-12","173.1"
"WH-002","1980-01","169.7"
"WH-002","1980-02","170.5"
"WH-002","1980-03","162.4"
"WH-002","1980-04","155.8"
"WH-002","1980-05","156.2"
"WH-002","1980-06","146.2"
"WH-002","1980-07","160.5"
"WH-002","1980-08","165.3"
"WH-002","1980-09","175.6"
"WH-002","1980-10","187"
"WH-002","1980-11","193.3"
"WH-002","1980-12","177.1"
"WH-002","1981-01","177.5"
"WH-002","1981-02","176.4"
"WH-002","1981-03","167.9"
"WH-002","1981-04","172.1"
"WH-002","1981-05","142.9"
"WH-002","1981-06","132.8"
"WH-002","1981-07","138.6"
"WH-002","1981-08","140.3"
"WH-002","1981-09","147.1"
"WH-002","1981-10","149.7"
"WH-002","1981-11","156.8"
"WH-002","1981-12","153"
"WH-002","1982-01","148.4"
"WH-002","1982-02","153.7"
"WH-002","1982-03","141.8"
"WH-002","1982-04","148.6"
"WH-002","1982-05","128.3"
"WH-002","1982-06","125.7"
"WH-002","1982-07","127.5"
"WH-002","1982-08","123.8"
"WH-002","1982-09","120.5"
"WH-002","1982-10","112.9"
"WH-002","1982-11","131.6"
"WH-002","1982-12","127.9"
"WH-002","1983-01","131.2"
"WH-002","1983-02","133.4"
"WH-002","1983-03","133"
"WH-002","1983-04","137.1"
"WH-002","1983-05","135.7"
"WH-002","1983-06","132.3"
"WH-002","1983-07","135.3"
"WH-002","1983-08","145.1"
"WH-002","1983-09","141.8"
"WH-002","1983-10","141.5"
"WH-002","1983-11","139.6"
"WH-002","1983-12","141.7"
"WH-002","1984-01","140"
"WH-002","1984-02","133.3"
"WH-002","1984-03","142.7"
"WH-002","1984-04","148.1"
"WH-002","1984-05","144.3"
"WH-002","1984-06","136.3"
"WH-002","1984-07","133.7"
"WH-002","1984-08","137.5"
"WH-002","1984-09","140.8"
"WH-002","1984-10","141.3"
"WH-002","1984-11","143.5"
"WH-002","1984-12","141.4"
"WH-002","1985-01","147.6"
"WH-002","1985-02","140.5"
"WH-002","1985-03","140.9"
"WH-002","1985-04","139.1"
"WH-002","1985-05","122.7"
"WH-002","1985-06","123.2"
"WH-002","1985-07","117.8"
"WH-002","1985-08","111.8"
"WH-002","1985-09","111.2"
"WH-002","1985-10","121"
"WH-002","1985-11","131.7"
"WH-002","1985-12","136.6"
"WH-002","1986-01","135.4"
"WH-002","1986-02","136.1"
"WH-002","1986-03","139.5"
"WH-002","1986-04","139.7"
"WH-002","1986-05","119.2"
"WH-002","1986-06","99.6"
"WH-002","1986-07","100.1"
"WH-002","1986-08","100.3"
"WH-002","1986-09","102.3"
"WH-002","1986-10","114.8"
"WH-002","1986-11","118.1"
"WH-002","1986-12","115.7"
"WH-002","1987-01","117.4"
"WH-002","1987-02","115.7"
"WH-002","1987-03","116.5"
"WH-002","1987-04","113.1"
"WH-002","1987-05","115.8"
"WH-002","1987-06","102.2"
"WH-002","1987-07","100.6"
"WH-002","1987-08","101.7"
"WH-002","1987-09","110.1"
"WH-002","1987-10","113.5"
"WH-002","1987-11","113.7"
"WH-002","1987-12","124.9"
"WH-002","1988-01","126.2"
"WH-002","1988-02","125.3"
"WH-002","1988-03","118.2"
"WH-002","1988-04","122.9"
"WH-002","1988-05","124.4"
"WH-002","1988-06","139.6"
"WH-002","1988-07","138.9"
"WH-002","1988-08","145.9"
"WH-002","1988-09","153.3"
"WH-002","1988-10","162.9"
"WH-002","1988-11","162.3"
"WH-002","1988-12","168.9"
"WH-002","1989-01","172.6"
"WH-002","1989-02","164.2"
"WH-002","1989-03","168.6"
"WH-002","1989-04","161.4"
"WH-002","1989-05","162.6"
"WH-002","1989-06","151.9"
"WH-002","1989-07","152.4"
"WH-002","1989-08","153.4"
"WH-002","1989-09","157.3"
"WH-002","1989-10","160.5"
"WH-002","1989-11","163.9"
"WH-002","1989-12","166.5"
"WH-002","1990-01","163"
"WH-002","1990-02","155.5"
"WH-002","1990-03","153.3"
"WH-002","1990-04","150.7"
"WH-002","1990-05","133.5"
"WH-002","1990-06","130.5"
"WH-002","1990-07","119.6"
"WH-002","1990-08","115.1"
"WH-002","1990-09","108.5"
"WH-002","1990-10","104.8"
"WH-002","1990-11","106.4"
"WH-002","1990-12","108.4"
"WH-002","1991-01","107.1"
"WH-002","1991-02","106.4"
"WH-002","1991-03","116.2"
"WH-002","1991-04","117.1"
"WH-002","1991-05","115.6"
"WH-002","1991-06","118.2"
"WH-002","1991-07","116.2"
"WH-002","1991-08","127.1"
"WH-002","1991-09","137.6"
"WH-002","1991-10","147.2"
"WH-002","1991-11","147"
"WH-002","1991-12","157.8"
"WH-002","1992-01","167.3"
"WH-002","1992-02","170.1"
"WH-002","1992-03","161.4"
"WH-002","1992-04","153.1"
"WH-002","1992-05","139.7"
"WH-002","1992-06","140.4"
"WH-002","1992-07","129.9"
"WH-002","1992-08","118.8"
"WH-002","1992-09","131.5"
"WH-002","1992-10","137.4"
"WH-002","1992-11","145.8"
"WH-002","1992-12","146.3"
"WH-002","1993-01","156.9"
"WH-002","1993-02","149.4"
"WH-002","1993-03","145.5"
"WH-002","1993-04","156.3"
"WH-002","1993-05","140.1"
"WH-002","1993-06","112.3"
"WH-002","1993-07","116.8"
"WH-002","1993-08","119.6"
"WH-002","1993-09","115.7"
"WH-002","1993-10","127.9"
"WH-002","1993-11","136.4"
"WH-002","1993-12","140.5"
"WH-002","1994-01","152.7"
"WH-002","1994-02","144.2"
"WH-002","1994-03","133.5"
"WH-002","1994-04","130"
"WH-002","1994-05","125.3"
"WH-002","1994-06","120.2"
"WH-002","1994-07","119.5"
"WH-002","1994-08","128.2"
"WH-002","1994-09","142.1"
"WH-002","1994-10","157.4"
"WH-002","1994-11","152.4"
"WH-002","1994-12","157.3"
"WH-002","1995-01","153"
"WH-002","1995-02","149.7"
"WH-002","1995-03","143.1"
"WH-002","1995-04","140.7"
"WH-002","1995-05","143.3"
"WH-002","1995-06","153.5"
"WH-002","1995-07","173.4"
"WH-002","1995-08","168.5"
"WH-002","1995-09","185.6"
"WH-002","1995-10","194"
"WH-002","1995-11","198.3"
"WH-002","1995-12","205.3"
"WH-002","1996-01","197"
"WH-002","1996-02","204"
"WH-002","1996-03","205.5"
"WH-002","1996-04","247.5"
"WH-002","1996-05","213.4"
"WH-002","1996-06","180.6"
"WH-002","1996-07","181.1"
"WH-002","1996-08","175"
"WH-002","1996-09","169.7"
"WH-002","1996-10","158.4"
"WH-002","1996-11","158.2"
"WH-002","1996-12","158.6"
"WH-002","1997-01","154"
"WH-002","1997-02","143.6"
"WH-002","1997-03","153.8"
"WH-002","1997-04","158.6"
"WH-002","1997-05","152.7"
"WH-002","1997-06","131.6"
"WH-002","1997-07","127.8"
"WH-002","1997-08","140.9"
"WH-002","1997-09","143.2"
"WH-002","1997-10","143.7"
"WH-002","1997-11","138.2"
"WH-002","1997-12","135.7"
"WH-002","1998-01","130.2"
"WH-002","1998-02","127.3"
"WH-002","1998-03","129.9"
"WH-002","1998-04","118.3"
"WH-002","1998-05","112.3"
"WH-002","1998-06","107.2"
"WH-002","1998-07","96.8"
"WH-002","1998-08","92.9"
"WH-002","1998-09","96.3"
"WH-002","1998-10","107.6"
"WH-002","1998-11","115.3"
"WH-002","1998-12","104.1"
"WH-002","1999-01","103.2"
"WH-002","1999-02","95"
"WH-002","1999-03","100.2"
"WH-002","1999-04","99.7"
"WH-002","1999-05","96.6"
"WH-002","1999-06","92.9"
"WH-002","1999-07","85.3"
"WH-002","1999-08","92.8"
"WH-002","1999-09","102.1"
"WH-002","1999-10","98.7"
"WH-002","1999-11","96.9"
"WH-002","1999-12","92.1"
"WH-002","2000-01","98.6"
"WH-002","2000-02","100.1"
"WH-002","2000-03","97.2"
"WH-002","2000-04","95.2"
"WH-002","2000-05","104.3"
"WH-002","2000-06","99.3"
"WH-002","2000-07","91.2"
"WH-002","2000-08","90.9"
"WH-002","2000-09","97.9"
"WH-002","2000-10","104.3"
"WH-002","2000-11","103.2"
"WH-002","2000-12","105"
"WH-002","2001-01","110.4"
"WH-002","2001-02","106.7"
"WH-002","2001-03","103.5"
"WH-002","2001-04","101.1"
"WH-002","2001-05","102.6"
"WH-002","2001-06","97.4"
"WH-002","2001-07","108"
"WH-002","2001-08","105.9"
"WH-002","2001-09","107.6"
"WH-002","2001-10","115"
"WH-002","2001-11","116.4"
"WH-002","2001-12","118.2"
"WH-002","2002-01","121.7"
"WH-002","2002-02","113.4"
"WH-002","2002-03","116.6"
"WH-002","2002-04","113"
"WH-002","2002-05","110.9"
"WH-002","2002-06","115.4"
"WH-002","2002-07","123.5"
"WH-002","2002-08","130.1"
"WH-002","2002-09","151.8"
"WH-002","2002-10","156.8"
"WH-002","2002-11","160"
"WH-002","2002-12","146.2"
"WH-002","2003-01","137.5"
"WH-002","2003-02","140.8"
"WH-002","2003-03","129.4"
"WH-002","2003-04","125.8"
"WH-002","2003-05","129.2"
"WH-002","2003-06","126.3"
"WH-002","2003-07","129"
"WH-002","2003-08","144.2"
"WH-002","2003-09","138.4"
"WH-002","2003-10","142.8"
"WH-002","2003-11","160.9"
"WH-002","2003-12","158.8"
"WH-002","2004-01","155.9"
"WH-002","2004-02","157.5"
"WH-002","2004-03","156.5"
"WH-002","2004-04","157.2"
"WH-002","2004-05","148.3"
"WH-002","2004-06","137.2"
"WH-002","2004-07","131.6"
"WH-002","2004-08","129.1"
"WH-002","2004-09","138.2"
"WH-002","2004-10","141.4"
"WH-002","2004-11","140.8"
"WH-002","2004-12","139.5"
"WH-002","2005-01","142.5"
"WH-002","2005-02","141.6"
"WH-002","2005-03","152.2"
"WH-002","2005-04","132.1"
"WH-002","2005-05","133.1"
"WH-002","2005-06","131.1"
"WH-002","2005-07","130.9"
"WH-002","2005-08","131.8"
"WH-002","2005-09","128.2"
"WH-002","2005-10","135.3"
"WH-002","2005-11","132.3"
"WH-002","2005-12","137.6"
"WH-002","2006-01","144.2"
"WH-002","2006-02","149.2"
"WH-002","2006-03","142.7"
"WH-002","2006-04","140.8"
"WH-002","2006-05","150.9"
"WH-002","2006-06","140.1"
"WH-002","2006-07","143.9"
"WH-002","2006-08","148.4"
"WH-002","2006-09","166.9"
"WH-002","2006-10","197.8"
"WH-002","2006-11","192.9"
"WH-002","2006-12","189.8"
"WH-002","2007-01","176"
"WH-002","2007-02","176.5"
"WH-002","2007-03","168.5"
"WH-002","2007-04","175.3"
"WH-002","2007-05","180.8"
"WH-002","2007-06","205"
"WH-002","2007-07","225.6"
"WH-002","2007-08","253.9"
"WH-002","2007-09","323"
"WH-002","2007-10","325.5"
"WH-002","2007-11","307.7"
"WH-002","2007-12","345.3"
"WH-002","2008-01","343.8"
"WH-002","2008-02","388.7"
"WH-002","2008-03","419.6"
"WH-002","2008-04","323.4"
"WH-002","2008-05","255.1"
"WH-002","2008-06","254.7"
"WH-002","2008-07","245.4"
"WH-002","2008-08","255.4"
"WH-002","2008-09","223.8"
"WH-002","2008-10","185.9"
"WH-002","2008-11","183"
"WH-002","2008-12","179.3"
"WH-002","2009-01","195.1"
"WH-002","2009-02","183.4"
"WH-002","2009-03","183.7"
"WH-002","2009-04","182.6"
"WH-002","2009-05","202.5"
"WH-002","2009-06","201.7"
"WH-002","2009-07","175.6"
"WH-002","2009-08","161.7"
"WH-002","2009-09","158.4"
"WH-002","2009-10","175.6"
"WH-002","2009-11","204.7"
"WH-002","2009-12","206.5"
"WH-002","2010-01","198.8"
"WH-002","2010-02","191.8"
"WH-002","2010-03","190"
"WH-002","2010-04","187.8"
"WH-002","2010-05","190.3"
"WH-002","2010-06","182.6"
"WH-002","2010-07","222.3"
"WH-002","2010-08","261.6"
"WH-002","2010-09","276.3"
"WH-002","2010-10","267.5"
"WH-002","2010-11","278.5"
"WH-002","2010-12","308.6"
"WH-002","2011-01","320.4"
"WH-002","2011-02","338.8"
"WH-002","2011-03","303.1"
"WH-002","2011-04","314.9"
"WH-002","2011-05","308.6"
"WH-002","2011-06","282.2"
"WH-002","2011-07","266.4"
"WH-002","2011-08","277.6"
"WH-002","2011-09","267.5"
"WH-002","2011-10","253.5"
"WH-002","2011-11","253.2"
"WH-002","2011-12","244.7"
"WH-002","2012-01","253.9"
"WH-002","2012-02","263.1"
"WH-002","2012-03","259.8"
"WH-002","2012-04","254.6"
"WH-002","2012-05","251.3"
"WH-002","2012-06","249.5"
"WH-002","2012-07","323"
"WH-002","2012-08","333.7"
"WH-002","2012-09","343.6"
"WH-002","2012-10","340.2"
"WH-002","2012-11","346.5"
"WH-002","2012-12","325.2"
"WH-002","2013-01","309"
"WH-002","2013-02","298"
"WH-002","2013-03","285.9"
"WH-002","2013-04","278.1"
"WH-002","2013-05","279.3"
"WH-002","2013-06","268.2"
"WH-002","2013-07","260.9"
"WH-002","2013-08","252.4"
"WH-002","2013-09","259.8"
"WH-002","2013-10","287.7"
"WH-002","2013-11","274.4"
"WH-002","2013-12","267"
"WH-002","2014-01","246.5"
"WH-002","2014-02","258.7"
"WH-002","2014-03","286.9"
"WH-002","2014-04","277.1"
"WH-002","2014-05","277.2"
"WH-002","2014-06","236.6"
"WH-002","2014-07","218.3"
"WH-002","2014-08","220.4"
"WH-002","2014-09","202.8"
"WH-002","2014-10","220.1"
"WH-002","2014-11","236"
"WH-002","2014-12","261.8"
"WH-002","2015-01","231.5"
"WH-002","2015-02","219.8"
"WH-002","2015-03","218.8"
"WH-002","2015-04","209.7"
"WH-002","2015-05","200.8"
"WH-002","2015-06","205"
"WH-002","2015-07","207.4"
"WH-002","2015-08","187.9"
"WH-002","2015-09","194"
"WH-002","2015-10","206.3"
"WH-002","2015-11","203.4"
"WH-002","2015-12","192"
"WH-002","2016-01","191.7"
"WH-002","2016-02","188.4"
"WH-002","2016-03","189.7"
"WH-002","2016-04","192.8"
"WH-002","2016-05","189.9"
"WH-002","2016-06","187"
"WH-002","2016-07","166.5"
"WH-002","2016-08","159.3"
"WH-002","2016-09","157.6"
"WH-002","2016-10","164.4"
"WH-002","2016-11","167.3"
"WH-002","2016-12","161.2"
"WH-002","2017-01","173.6"
"WH-002","2017-02","181"
"WH-002","2017-03","176.5"
"WH-002","2017-04","172.2"
"WH-002","2017-05","175"
"WH-002","2017-06","183.4"
"WH-002","2017-07","201.8"
"WH-002","2017-08","172.7"
"WH-002","2017-09","176.9"
"WH-002","2017-10","177"
"WH-002","2017-11","175.7"
"WH-002","2017-12","172.5"
"WH-002","2018-01","178.3"
"WH-002","2018-02","190.6"
"WH-002","2018-03","198.9"
"WH-002","2018-04","198.8"
"WH-002","2018-05","209.9"
"WH-002","2018-06","206"
"WH-002","2018-07","206.9"
"WH-002","2018-08","217.4"
"WH-002","2018-09","202"
"WH-002","2018-10","209.1"
"WH-002","2018-11","210.8"
"WH-002","2018-12","217.8"
"WH-002","2019-01","220.2"
"WH-002","2019-02","217.2"
"WH-002","2019-03","200.4"
"WH-002","2019-04","197.3"
"WH-002","2019-05","200.3"
"WH-002","2019-06","222.4"
"WH-002","2019-07","204"
"WH-002","2019-08","197.5"
"WH-002","2019-09","201.9"
"WH-002","2019-10","212.8"
"WH-002","2019-11","223.5"
"WH-002","2019-12","237.7"
"WH-002","2020-01","248"
"WH-002","2020-02","239"
"WH-002","2020-03","228.1"
"WH-002","2020-04","221.7"
"WH-002","2020-05","209.9"
"WH-002","2020-06","200.5"
"WH-002","2020-07","212.7"
"WH-002","2020-08","208.9"
"WH-002","2020-09","219.7"
"WH-002","2020-10","245.2"
"WH-002","2020-11","247.9"
"WH-002","2020-12","251.2"
"WH-002","2021-01","276.4"
"WH-002","2021-02","276.6"
"WH-002","2021-03","272.6"
"WH-002","2021-04","281.4"
"WH-002","2021-05","271"
"WH-002","2021-06","263.5"
"WH-002","2021-07","254.7"
"WH-002","2021-08","276.2"
"WH-002","2021-09","263.6"
"WH-002","2021-11","334.5"
"WH-002","2021-12","327.8"
"WH-002","2022-01","325.2"
"WH-002","2022-02","339.3"
"WH-002","2022-03","446.7"
"WH-002","2022-04","427.3"
"WH-002","2022-05","438.4"
"WH-002","2022-06","379.9"
"WH-002","2022-07","316.7"
"WH-002","2023-02","311.9"
"WH-002","2023-03","284.7"
"WH-002","2023-04","277.2"
"WH-002","2023-05","260.5"
"WH-002","2023-06","257"
"WH-002","2023-07","249.9"
"WH-002","2023-08","230.8"
"WH-002","2023-09","230.6"
"WH-002","2023-10","236.6"
"WH-002","2023-11","241"
"WH-002","2023-12","255"
"WH-002","2024-01","247.9"
"WH-002","2024-02","246.2"
"WH-002","2024-03","228.5"
"WH-002","2024-04","227.8"
"WH-002","2024-05","253.2"
"WH-002","2024-06","230.6"
"WH-002","2024-07","218.8"
"WH-002","2024-08","205.8"
"WH-002","2024-09","219.2"
"WH-002","2024-10","233.3"
"WH-002","2024-11","229"
"WH-002","2024-12","230.3"
"WH-002","2025-01","230.6"
"WH-002","2025-02","243.5"
"WH-002","2025-03","227.5"
"WH-002","2025-04","219.6"
"WH-002","2025-05","221.3"
"WH-002","2025-06","217.3"
"WH-002","2025-07","210.6"
"WH-002","2025-08","200.3"
"WH-002","2025-09","207"
"WH-002","2025-10","209.3"
"WH-002","2025-11","225.2"
"WH-002","2025-12","223.2"
"WH-002","2026-01","217.7"
"WH-002","2026-02","232.4"
"WH-002","2026-03","247.4"
"WH-002","2026-04","246.5"
"WH-002","2026-05","259.5"
"WH-002","2026-06","237.5"
"WH-003","2020-01-12","190.08"
"WH-003","2020-01-19","196.08"
"WH-003","2020-01-26","198.08"
"WH-003","2020-02-02","195.76"
"WH-003","2020-02-09","192.01"
"WH-003","2020-02-16","195.01"
"WH-003","2020-02-23","196.26"
"WH-003","2020-03-01","192.51"
"WH-003","2020-03-08","187.19"
"WH-003","2020-03-15","179.15"
"WH-003","2020-03-22","179.69"
"WH-003","2020-03-29","198.94"
"WH-003","2020-04-05","200.44"
"WH-003","2020-04-12","198.37"
"WH-003","2020-04-19","198.37"
"WH-003","2020-04-26","202.37"
"WH-003","2020-05-03","197.37"
"WH-003","2020-05-10","197.8"
"WH-003","2020-05-17","197.55"
"WH-003","2020-05-24","196.93"
"WH-003","2020-05-31","194.3"
"WH-003","2020-06-07","193.23"
"WH-003","2020-06-14","187.4"
"WH-003","2020-06-21","182.98"
"WH-003","2020-06-28","178.23"
"WH-003","2020-07-05","178.63"
"WH-003","2020-07-12","178.63"
"WH-003","2020-07-26","184"
"WH-003","2020-08-02","183"
"WH-003","2020-08-09","183.01"
"WH-003","2020-08-16","182.08"
"WH-003","2020-08-23","182.93"
"WH-003","2020-08-30","185.43"
"WH-003","2020-09-06","186.36"
"WH-003","2020-09-13","187.74"
"WH-003","2020-09-20","188.86"
"WH-003","2020-09-27","194.76"
"WH-003","2020-10-04","194.79"
"WH-003","2020-10-11","199.54"
"WH-003","2020-10-18","203.02"
"WH-003","2020-10-25","212.42"
"WH-003","2020-11-01","208.04"
"WH-003","2020-11-08","207.22"
"WH-003","2020-11-15","211.72"
"WH-003","2020-11-22","212.69"
"WH-003","2020-11-29","213.41"
"WH-003","2020-12-06","206.9"
"WH-003","2020-12-13","206.9"
"WH-003","2021-01-10","222.41"
"WH-003","2021-01-17","226.58"
"WH-003","2021-01-24","243.58"
"WH-003","2021-01-31","227.36"
"WH-003","2021-02-07","227.36"
"WH-003","2021-02-14","230.39"
"WH-003","2021-02-21","234.94"
"WH-003","2021-02-28","239.26"
"WH-003","2021-03-07","240.44"
"WH-003","2021-03-14","240.44"
"WH-003","2021-03-21","239.39"
"WH-003","2021-03-28","223.77"
"WH-003","2021-04-04","214.44"
"WH-003","2021-04-11","213.04"
"WH-003","2021-04-18","215.2"
"WH-003","2021-04-25","220.12"
"WH-003","2021-05-02","244.62"
"WH-003","2021-05-09","239.8"
"WH-003","2021-05-16","240.63"
"WH-003","2021-05-23","246.93"
"WH-003","2021-05-30","206.5"
"WH-003","2021-06-06","217.17"
"WH-003","2021-06-13","218.78"
"WH-003","2021-06-20","205.83"
"WH-003","2021-06-27","206"
"WH-003","2021-07-04","201.83"
"WH-003","2021-07-11","198.33"
"WH-003","2021-07-18","198.83"
"WH-003","2021-07-25","217.28"
"WH-003","2021-08-01","214.93"
"WH-003","2021-08-08","231.68"
"WH-003","2021-08-15","235.68"
"WH-003","2021-08-22","253.18"
"WH-003","2021-08-29","247.51"
"WH-003","2021-09-05","253.19"
"WH-003","2021-09-12","245.69"
"WH-003","2021-09-19","247.13"
"WH-003","2021-09-26","251.53"
"WH-003","2021-10-03","261.28"
"WH-003","2021-10-10","265.04"
"WH-003","2021-10-17","266.29"
"WH-003","2021-10-24","274.29"
"WH-003","2021-10-31","279.79"
"WH-003","2021-11-07","282.72"
"WH-003","2021-11-14","282.72"
"WH-003","2021-11-21","293.72"
"WH-003","2021-11-28","305.72"
"WH-003","2021-12-05","289.35"
"WH-003","2021-12-12","291.48"
"WH-003","2021-12-19","282.32"
"WH-003","2022-01-09","278.14"
"WH-003","2022-01-16","279.28"
"WH-003","2022-01-23","270.02"
"WH-003","2022-01-30","291.33"
"WH-003","2022-02-06","273.46"
"WH-003","2022-02-13","266.32"
"WH-003","2022-02-20","271.43"
"WH-003","2022-02-27","281.89"
"WH-003","2022-03-06","343.44"
"WH-003","2022-03-13","412.99"
"WH-003","2022-03-20","397.67"
"WH-003","2022-03-27","396.61"
"WH-003","2022-04-03","362.07"
"WH-003","2022-04-10","376.7"
"WH-003","2022-04-17","395.44"
"WH-003","2022-04-24","410.37"
"WH-003","2022-05-01","407.54"
"WH-003","2022-05-08","392.3"
"WH-003","2022-05-15","394.8"
"WH-003","2022-05-22","439.18"
"WH-003","2022-05-29","426.63"
"WH-003","2022-06-05","403.1"
"WH-003","2022-06-12","394.35"
"WH-003","2022-06-19","392"
"WH-003","2022-06-26","388.25"
"WH-003","2022-07-03","363.95"
"WH-003","2022-07-10","346.84"
"WH-003","2022-07-17","353.36"
"WH-003","2022-07-24","339.33"
"WH-003","2022-07-31","344.92"
"WH-003","2022-08-07","335.76"
"WH-003","2022-08-14","342.43"
"WH-003","2022-08-21","336.18"
"WH-003","2022-08-28","328.43"
"WH-003","2022-09-04","334.35"
"WH-003","2022-09-11","327.03"
"WH-003","2022-09-18","327.03"
"WH-003","2022-09-25","331.96"
"WH-003","2022-10-02","348"
"WH-003","2022-10-09","354.72"
"WH-003","2022-10-16","362.74"
"WH-003","2022-10-23","343.62"
"WH-003","2022-10-30","340.04"
"WH-003","2022-11-06","352.22"
"WH-003","2022-11-13","339.01"
"WH-003","2022-11-20","325.6"
"WH-003","2022-11-27","329.9"
"WH-003","2022-12-04","324.15"
"WH-003","2022-12-11","312.9"
"WH-003","2022-12-18","316.96"
"WH-003","2022-12-25","305.08"
"WH-003","2023-01-01","322.63"
"WH-003","2023-01-08","316.78"
"WH-003","2023-01-15","296.41"
"WH-003","2023-01-22","293.92"
"WH-003","2023-01-29","293.92"
"WH-003","2023-02-05","292.84"
"WH-003","2023-02-12","292.84"
"WH-003","2023-02-19","300.68"
"WH-003","2023-02-26","292.82"
"WH-003","2023-03-05","278.77"
"WH-003","2023-03-12","271.94"
"WH-003","2023-03-19","270.31"
"WH-003","2023-03-26","263.54"
"WH-003","2023-04-02","270.57"
"WH-003","2023-04-09","259.87"
"WH-003","2023-04-16","254.87"
"WH-003","2023-04-23","258.95"
"WH-003","2023-04-30","244.8"
"WH-003","2023-05-07","232.08"
"WH-003","2023-05-14","237.13"
"WH-003","2023-05-21","235.3"
"WH-003","2023-05-28","228.8"
"WH-003","2023-06-04","221"
"WH-003","2023-06-11","228.13"
"WH-003","2023-06-18","234.67"
"WH-003","2023-06-25","231"
"WH-003","2023-07-02","230.75"
"WH-003","2023-07-09","220.55"
"WH-003","2023-07-16","225.85"
"WH-003","2023-07-23","230.5"
"WH-003","2023-07-30","255.68"
"WH-003","2023-08-06","230.76"
"WH-003","2023-08-13","232.6"
"WH-003","2023-08-20","224.43"
"WH-003","2023-08-27","224.18"
"WH-003","2023-09-03","224.93"
"WH-003","2023-09-10","216.26"
"WH-003","2023-09-17","224.26"
"WH-003","2023-09-24","233.86"
"WH-003","2023-10-01","233.17"
"WH-003","2023-10-08","231.54"
"WH-003","2023-10-15","232.76"
"WH-003","2023-10-22","232.79"
"WH-003","2023-10-29","233.29"
"WH-003","2023-11-05","228.12"
"WH-003","2023-11-12","230.72"
"WH-003","2023-11-19","230.22"
"WH-003","2023-11-26","222.39"
"WH-003","2023-12-03","216.72"
"WH-003","2023-12-10","224.72"
"WH-003","2023-12-17","226.15"
"WH-003","2023-12-24","219.65"
"WH-003","2024-01-07","222.58"
"WH-003","2024-01-14","219.08"
"WH-003","2024-01-21","219.08"
"WH-003","2024-01-28","217.58"
"WH-003","2024-02-04","217.58"
"WH-003","2024-02-11","218.51"
"WH-003","2024-02-18","207.76"
"WH-003","2024-02-25","199.69"
"WH-003","2024-03-03","194.29"
"WH-003","2024-03-10","186.94"
"WH-003","2024-03-17","193.79"
"WH-003","2024-03-24","192.91"
"WH-003","2024-03-31","197.94"
"WH-003","2024-04-07","198.44"
"WH-003","2024-04-14","197.83"
"WH-003","2024-04-21","200.37"
"WH-003","2024-04-28","211.07"
"WH-003","2024-05-05","209.77"
"WH-003","2024-05-12","216.6"
"WH-003","2024-05-19","234.3"
"WH-003","2024-05-26","233.3"
"WH-003","2024-06-02","237.65"
"WH-003","2024-06-09","246"
"WH-003","2024-06-16","232"
"WH-003","2024-06-23","222.6"
"WH-003","2024-06-30","217"
"WH-003","2024-07-07","224"
"WH-003","2024-07-14","220.2"
"WH-003","2024-07-21","213.25"
"WH-003","2024-07-28","224"
"WH-003","2024-08-04","216.05"
"WH-003","2024-08-11","212.08"
"WH-003","2024-08-18","215.05"
"WH-003","2024-08-25","207.23"
"WH-003","2024-09-01","193.86"
"WH-003","2024-09-08","209.36"
"WH-003","2024-09-15","207.86"
"WH-003","2024-09-22","221.76"
"WH-003","2024-09-29","222.36"
"WH-003","2024-10-06","224.79"
"WH-003","2024-10-13","227.49"
"WH-003","2024-10-20","228.04"
"WH-003","2024-10-27","228.04"
"WH-003","2024-11-03","224.09"
"WH-003","2024-11-10","216.22"
"WH-003","2024-11-17","219.15"
"WH-003","2024-11-24","226.05"
"WH-003","2024-12-01","228.65"
"WH-003","2024-12-08","225.55"
"WH-003","2024-12-15","226.65"
"WH-003","2024-12-22","223.94"
"WH-003","2024-12-29","206.98"
"WH-003","2025-01-12","231.83"
"WH-003","2025-01-19","233.08"
"WH-003","2025-01-26","228.02"
"WH-003","2025-02-02","228.02"
"WH-003","2025-02-09","233.08"
"WH-003","2025-02-16","237.35"
"WH-003","2025-02-23","239.01"
"WH-003","2025-03-02","226.21"
"WH-003","2025-03-09","223.94"
"WH-003","2025-03-16","223.64"
"WH-003","2025-03-23","224.99"
"WH-003","2025-03-30","220.44"
"WH-003","2025-04-06","221.04"
"WH-003","2025-04-13","225.79"
"WH-003","2025-04-20","212.01"
"WH-003","2025-04-27","211.37"
"WH-003","2025-05-04","206.98"
"WH-003","2025-05-11","203.37"
"WH-003","2025-05-18","197.37"
"WH-003","2025-05-25","202.37"
"WH-003","2025-06-01","198.12"
"WH-003","2025-06-08","195.87"
"WH-003","2025-06-15","204.57"
"WH-003","2025-06-22","202.29"
"WH-003","2025-06-29","202.53"
"WH-003","2025-07-06","189.57"
"WH-003","2025-07-13","191.71"
"WH-003","2025-07-20","195.07"
"WH-003","2025-07-27","202.45"
"WH-003","2025-08-03","198.85"
"WH-003","2025-08-10","199.18"
"WH-003","2025-08-17","201.44"
"WH-003","2025-08-24","195.58"
"WH-003","2025-08-31","194.78"
"WH-003","2025-09-07","191.31"
"WH-003","2025-09-14","190.81"
"WH-003","2025-09-21","192.26"
"WH-003","2025-09-28","189.16"
"WH-003","2025-10-05","187.86"
"WH-003","2025-10-12","189.59"
"WH-003","2025-10-19","189.79"
"WH-003","2025-10-26","189.29"
"WH-003","2025-11-02","194.89"
"WH-003","2025-11-09","196.12"
"WH-003","2025-11-16","191.12"
"WH-003","2025-11-23","192.27"
"WH-003","2025-11-30","190.77"
"WH-003","2025-12-07","201.2"
"WH-003","2025-12-14","191.4"
"WH-003","2025-12-21","189.15"
"WH-003","2026-01-11","192.38"
"WH-003","2026-01-18","192.38"
"WH-003","2026-01-25","192.18"
"WH-003","2026-02-01","190.58"
"WH-003","2026-02-08","196.61"
"WH-003","2026-02-15","191.13"
"WH-003","2026-02-22","193.11"
"WH-003","2026-03-01","198.31"
"WH-003","2026-03-08","202.74"
"WH-003","2026-03-15","206.24"
"WH-003","2026-03-22","203.44"
"WH-003","2026-03-29","200.19"
"WH-003","2026-04-05","202.64"
"WH-003","2026-04-12","201.67"
"WH-003","2026-04-19","208.74"
"WH-003","2026-04-26","196.42"
"WH-003","2026-05-03","196.37"
"WH-003","2026-05-10","193.6"
"WH-003","2026-05-17","199.9"
"WH-003","2026-05-24","201.8"
"WH-003","2026-05-31","205.95"
"WH-003","2026-06-07","195.23"
"WH-003","2026-06-14","190.73"
"WH-003","2026-06-21","209.73"
"WH-003","2026-06-28","215.18"
